<?xml version="1.0" encoding="UTF-8"?>
<article id="10.2307/23394577" >
    <bigram weight="42" > ### # </bigram>
    <bigram weight="8" > ### and </bigram>
    <bigram weight="6" > henry ### </bigram>
    <bigram weight="5" > of the </bigram>
    <bigram weight="5" > ralph waldo </bigram>
    <bigram weight="5" > ### s </bigram>
    <bigram weight="5" > there was </bigram>
    <bigram weight="4" > # i </bigram>
    <bigram weight="4" > ### but </bigram>
    <bigram weight="4" > # he </bigram>
    <bigram weight="4" > tuberculosis ### </bigram>
    <bigram weight="3" > died in </bigram>
    <bigram weight="3" > thoreau ### </bigram>
    <bigram weight="3" > in the </bigram>
    <bigram weight="3" > emerson ### </bigram>
    <bigram weight="3" > the thoreau </bigram>
    <bigram weight="3" > john thoreau </bigram>
    <bigram weight="3" > ### t </bigram>
    <bigram weight="3" > ### jr </bigram>
    <bigram weight="3" > brother charles </bigram>
    <bigram weight="3" > jr ### </bigram>
    <bigram weight="3" > life ### </bigram>
    <bigram weight="3" > ### ### </bigram>
    <bigram weight="2" > waldo emerson </bigram>
    <bigram weight="2" > h ### </bigram>
    <bigram weight="2" > it ### </bigram>
    <bigram weight="2" > than henry </bigram>
    <bigram weight="2" > the younger </bigram>
    <bigram weight="2" > to a </bigram>
    <bigram weight="2" > in ## </bigram>
    <bigram weight="2" > # but </bigram>
    <bigram weight="2" > # these </bigram>
    <bigram weight="2" > # ## </bigram>
    <bigram weight="2" > might have </bigram>
    <bigram weight="2" > ### there </bigram>
    <bigram weight="2" > thoreaus ### </bigram>
    <bigram weight="2" > this was </bigram>
    <bigram weight="2" > it is </bigram>
    <bigram weight="2" > go to </bigram>
    <bigram weight="2" > he was </bigram>
    <bigram weight="2" > a bit </bigram>
    <bigram weight="2" > ### a </bigram>
    <bigram weight="2" > ### too </bigram>
    <bigram weight="2" > # ralph </bigram>
    <bigram weight="2" > less of </bigram>
    <bigram weight="2" > of it </bigram>
    <bigram weight="2" > # when </bigram>
    <bigram weight="2" > children ### </bigram>
    <bigram weight="2" > # in </bigram>
    <bigram weight="2" > the older </bigram>
    <bigram weight="2" > of tuberculosis </bigram>
    <bigram weight="2" > health ### </bigram>
    <bigram weight="2" > painful death </bigram>
    <bigram weight="2" > too ### </bigram>
    <bigram weight="2" > two years </bigram>
    <bigram weight="2" > ### while </bigram>
    <bigram weight="2" > in concord </bigram>
    <bigram weight="2" > make this </bigram>
    <bigram weight="2" > that ralph </bigram>
    <bigram weight="2" > family ### </bigram>
    <bigram weight="2" > dr ### </bigram>
    <bigram weight="2" > the ### </bigram>
    <bigram weight="2" > at age </bigram>
    <bigram weight="2" > would have </bigram>
    <bigram weight="2" > to harvard </bigram>
    <bigram weight="2" > ### it </bigram>
    <bigram weight="2" > that of </bigram>
    <bigram weight="2" > as the </bigram>
    <bigram weight="2" > when he </bigram>
    <bigram weight="2" > to make </bigram>
    <bigram weight="2" > # soon </bigram>
    <bigram weight="2" > thoreau family </bigram>
    <bigram weight="2" > and a </bigram>
    <bigram weight="2" > in life </bigram>
    <bigram weight="1" > heaths with </bigram>
    <bigram weight="1" > caricatured by </bigram>
    <bigram weight="1" > brother was </bigram>
    <bigram weight="1" > while considered </bigram>
    <bigram weight="1" > than the </bigram>
    <bigram weight="1" > his influence </bigram>
    <bigram weight="1" > s friar </bigram>
    <bigram weight="1" > his finger </bigram>
    <bigram weight="1" > waldo was </bigram>
    <bigram weight="1" > emerson died </bigram>
    <bigram weight="1" > died of </bigram>
    <bigram weight="1" > seem unusually </bigram>
    <bigram weight="1" > ## accident </bigram>
    <bigram weight="1" > tuberculosis in </bigram>
    <bigram weight="1" > might conjure </bigram>
    <bigram weight="1" > more social </bigram>
    <bigram weight="1" > # so </bigram>
    <bigram weight="1" > # again </bigram>
    <bigram weight="1" > let me </bigram>
    <bigram weight="1" > in his </bigram>
    <bigram weight="1" > that he </bigram>
    <bigram weight="1" > and sullivan </bigram>
    <bigram weight="1" > or anyone </bigram>
    <bigram weight="1" > now the </bigram>
    <bigram weight="1" > rusk had </bigram>
    <bigram weight="1" > ### lived </bigram>
    <bigram weight="1" > ### theodore </bigram>
    <bigram weight="1" > late in </bigram>
    <bigram weight="1" > with this </bigram>
    <bigram weight="1" > ### needing </bigram>
    <bigram weight="1" > ellen tucker </bigram>
    <bigram weight="1" > ### edward </bigram>
    <bigram weight="1" > be later </bigram>
    <bigram weight="1" > and henry </bigram>
    <bigram weight="1" > their twenties </bigram>
    <bigram weight="1" > world to </bigram>
    <bigram weight="1" > his lot </bigram>
    <bigram weight="1" > eight ### </bigram>
    <bigram weight="1" > and less </bigram>
    <bigram weight="1" > and there </bigram>
    <bigram weight="1" > hoars married </bigram>
    <bigram weight="1" > brother edward </bigram>
    <bigram weight="1" > more earnestness </bigram>
    <bigram weight="1" > watched frogs </bigram>
    <bigram weight="1" > some invalidism </bigram>
    <bigram weight="1" > ### here </bigram>
    <bigram weight="1" > four children </bigram>
    <bigram weight="1" > s older </bigram>
    <bigram weight="1" > no ### </bigram>
    <bigram weight="1" > gardener ### </bigram>
    <bigram weight="1" > died from </bigram>
    <bigram weight="1" > then a </bigram>
    <bigram weight="1" > was probably </bigram>
    <bigram weight="1" > a sister </bigram>
    <bigram weight="1" > had cut </bigram>
    <bigram weight="1" > did not </bigram>
    <bigram weight="1" > childhood ### </bigram>
    <bigram weight="1" > brothers had </bigram>
    <bigram weight="1" > good health </bigram>
    <bigram weight="1" > falsely believe </bigram>
    <bigram weight="1" > luxury ### </bigram>
    <bigram weight="1" > presence ### </bigram>
    <bigram weight="1" > two concord </bigram>
    <bigram weight="1" > the most </bigram>
    <bigram weight="1" > death than </bigram>
    <bigram weight="1" > and his </bigram>
    <bigram weight="1" > and swam </bigram>
    <bigram weight="1" > less and </bigram>
    <bigram weight="1" > charles had </bigram>
    <bigram weight="1" > a diatharsis </bigram>
    <bigram weight="1" > less painful </bigram>
    <bigram weight="1" > sullivan as </bigram>
    <bigram weight="1" > was a </bigram>
    <bigram weight="1" > civil war </bigram>
    <bigram weight="1" > sicknesses and </bigram>
    <bigram weight="1" > emersons than </bigram>
    <bigram weight="1" > and oldest </bigram>
    <bigram weight="1" > ### the </bigram>
    <bigram weight="1" > ### son </bigram>
    <bigram weight="1" > the fact </bigram>
    <bigram weight="1" > the concord </bigram>
    <bigram weight="1" > too sickly </bigram>
    <bigram weight="1" > were thoreaus </bigram>
    <bigram weight="1" > older brother </bigram>
    <bigram weight="1" > know how </bigram>
    <bigram weight="1" > most traumatic </bigram>
    <bigram weight="1" > henry started </bigram>
    <bigram weight="1" > lived there </bigram>
    <bigram weight="1" > well as </bigram>
    <bigram weight="1" > as for </bigram>
    <bigram weight="1" > so many </bigram>
    <bigram weight="1" > influencing henry </bigram>
    <bigram weight="1" > was engaged </bigram>
    <bigram weight="1" > guess that </bigram>
    <bigram weight="1" > it had </bigram>
    <bigram weight="1" > stiffening occurred </bigram>
    <bigram weight="1" > and brother </bigram>
    <bigram weight="1" > their batrachian </bigram>
    <bigram weight="1" > brother had </bigram>
    <bigram weight="1" > enough emersons </bigram>
    <bigram weight="1" > he had </bigram>
    <bigram weight="1" > concord ### </bigram>
    <bigram weight="1" > age ### </bigram>
    <bigram weight="1" > burly man </bigram>
    <bigram weight="1" > harvard ### </bigram>
    <bigram weight="1" > concord and </bigram>
    <bigram weight="1" > was ### </bigram>
    <bigram weight="1" > last generation </bigram>
    <bigram weight="1" > gilbert and </bigram>
    <bigram weight="1" > in this </bigram>
    <bigram weight="1" > locked in </bigram>
    <bigram weight="1" > waldo died </bigram>
    <bigram weight="1" > believe that </bigram>
    <bigram weight="1" > younger brother </bigram>
    <bigram weight="1" > but the </bigram>
    <bigram weight="1" > merrimack rivers </bigram>
    <bigram weight="1" > the turn </bigram>
    <bigram weight="1" > # john </bigram>
    <bigram weight="1" > ### hiking </bigram>
    <bigram weight="1" > ### had </bigram>
    <bigram weight="1" > in him </bigram>
    <bigram weight="1" > had become </bigram>
    <bigram weight="1" > ### this </bigram>
    <bigram weight="1" > loomed large </bigram>
    <bigram weight="1" > anyone else </bigram>
    <bigram weight="1" > ### emerson </bigram>
    <bigram weight="1" > are several </bigram>
    <bigram weight="1" > he married </bigram>
    <bigram weight="1" > s father </bigram>
    <bigram weight="1" > into their </bigram>
    <bigram weight="1" > boy in </bigram>
    <bigram weight="1" > mother was </bigram>
    <bigram weight="1" > that period </bigram>
    <bigram weight="1" > # the </bigram>
    <bigram weight="1" > # let </bigram>
    <bigram weight="1" > or gardener </bigram>
    <bigram weight="1" > he survived </bigram>
    <bigram weight="1" > miniature world </bigram>
    <bigram weight="1" > married and </bigram>
    <bigram weight="1" > ### as </bigram>
    <bigram weight="1" > younger ones </bigram>
    <bigram weight="1" > thus two </bigram>
    <bigram weight="1" > culture ### </bigram>
    <bigram weight="1" > makes this </bigram>
    <bigram weight="1" > not been </bigram>
    <bigram weight="1" > with poverty </bigram>
    <bigram weight="1" > father died </bigram>
    <bigram weight="1" > ### died </bigram>
    <bigram weight="1" > brother ### </bigram>
    <bigram weight="1" > family seem </bigram>
    <bigram weight="1" > # lastly </bigram>
    <bigram weight="1" > noted symptoms </bigram>
    <bigram weight="1" > venture to </bigram>
    <bigram weight="1" > there were </bigram>
    <bigram weight="1" > scottish heaths </bigram>
    <bigram weight="1" > had less </bigram>
    <bigram weight="1" > but likely </bigram>
    <bigram weight="1" > his subject </bigram>
    <bigram weight="1" > tuck ### </bigram>
    <bigram weight="1" > there are </bigram>
    <bigram weight="1" > emerson increasingly </bigram>
    <bigram weight="1" > and enter </bigram>
    <bigram weight="1" > had somewhere </bigram>
    <bigram weight="1" > tetanus ### </bigram>
    <bigram weight="1" > and ellen </bigram>
    <bigram weight="1" > and the </bigram>
    <bigram weight="1" > edward waldo </bigram>
    <bigram weight="1" > shorter than </bigram>
    <bigram weight="1" > son waldo </bigram>
    <bigram weight="1" > washington ### </bigram>
    <bigram weight="1" > i believe </bigram>
    <bigram weight="1" > about their </bigram>
    <bigram weight="1" > of exercising </bigram>
    <bigram weight="1" > lot in </bigram>
    <bigram weight="1" > lockjaw ### </bigram>
    <bigram weight="1" > a brother </bigram>
    <bigram weight="1" > parker ### </bigram>
    <bigram weight="1" > and had </bigram>
    <bigram weight="1" > ### my </bigram>
    <bigram weight="1" > languish up </bigram>
    <bigram weight="1" > seven untimely </bigram>
    <bigram weight="1" > activities of </bigram>
    <bigram weight="1" > physical culture </bigram>
    <bigram weight="1" > lived to </bigram>
    <bigram weight="1" > died two </bigram>
    <bigram weight="1" > of thoreaus </bigram>
    <bigram weight="1" > unusually sickly </bigram>
    <bigram weight="1" > the aesthetic </bigram>
    <bigram weight="1" > but enough </bigram>
    <bigram weight="1" > ## at </bigram>
    <bigram weight="1" > v ### </bigram>
    <bigram weight="1" > engaged to </bigram>
    <bigram weight="1" > to serve </bigram>
    <bigram weight="1" > in for </bigram>
    <bigram weight="1" > con sumption </bigram>
    <bigram weight="1" > culosis ### </bigram>
    <bigram weight="1" > older than </bigram>
    <bigram weight="1" > john would </bigram>
    <bigram weight="1" > his fatality </bigram>
    <bigram weight="1" > or con </bigram>
    <bigram weight="1" > we don </bigram>
    <bigram weight="1" > from tuberculosis </bigram>
    <bigram weight="1" > have died </bigram>
    <bigram weight="1" > greatness that </bigram>
    <bigram weight="1" > concord of </bigram>
    <bigram weight="1" > want in </bigram>
    <bigram weight="1" > when ralph </bigram>
    <bigram weight="1" > early childhood </bigram>
    <bigram weight="1" > not an </bigram>
    <bigram weight="1" > lived vigorously </bigram>
    <bigram weight="1" > asexual ### </bigram>
    <bigram weight="1" > not go </bigram>
    <bigram weight="1" > period so </bigram>
    <bigram weight="1" > their thirties </bigram>
    <bigram weight="1" > long john </bigram>
    <bigram weight="1" > fatality affecting </bigram>
    <bigram weight="1" > and one </bigram>
    <bigram weight="1" > in sympathy </bigram>
    <bigram weight="1" > for more </bigram>
    <bigram weight="1" > ### by </bigram>
    <bigram weight="1" > ferguson ### </bigram>
    <bigram weight="1" > ### henry </bigram>
    <bigram weight="1" > he ### </bigram>
    <bigram weight="1" > marrying and </bigram>
    <bigram weight="1" > as well </bigram>
    <bigram weight="1" > been languishing </bigram>
    <bigram weight="1" > lastly ### </bigram>
    <bigram weight="1" > waldo had </bigram>
    <bigram weight="1" > was able </bigram>
    <bigram weight="1" > are enigmas </bigram>
    <bigram weight="1" > # we </bigram>
    <bigram weight="1" > ## # </bigram>
    <bigram weight="1" > a ripe </bigram>
    <bigram weight="1" > of lockjaw </bigram>
    <bigram weight="1" > several scenarios </bigram>
    <bigram weight="1" > become infected </bigram>
    <bigram weight="1" > occurred ### </bigram>
    <bigram weight="1" > subject ### </bigram>
    <bigram weight="1" > the family </bigram>
    <bigram weight="1" > the convulsive </bigram>
    <bigram weight="1" > milk sick </bigram>
    <bigram weight="1" > later caricatured </bigram>
    <bigram weight="1" > have waned </bigram>
    <bigram weight="1" > affecting thus </bigram>
    <bigram weight="1" > to elizabeth </bigram>
    <bigram weight="1" > the luxury </bigram>
    <bigram weight="1" > and having </bigram>
    <bigram weight="1" > these are </bigram>
    <bigram weight="1" > death ### </bigram>
    <bigram weight="1" > a predisposition </bigram>
    <bigram weight="1" > conjure up </bigram>
    <bigram weight="1" > with carlyle </bigram>
    <bigram weight="1" > believe there </bigram>
    <bigram weight="1" > skating ### </bigram>
    <bigram weight="1" > ### climbing </bigram>
    <bigram weight="1" > his brother </bigram>
    <bigram weight="1" > ### ferguson </bigram>
    <bigram weight="1" > elizabeth hoar </bigram>
    <bigram weight="1" > john insights </bigram>
    <bigram weight="1" > # by </bigram>
    <bigram weight="1" > brother gave </bigram>
    <bigram weight="1" > teaching ### </bigram>
    <bigram weight="1" > this in </bigram>
    <bigram weight="1" > exercising their </bigram>
    <bigram weight="1" > ### his </bigram>
    <bigram weight="1" > ### none </bigram>
    <bigram weight="1" > to talk </bigram>
    <bigram weight="1" > had more </bigram>
    <bigram weight="1" > chances of </bigram>
    <bigram weight="1" > by then </bigram>
    <bigram weight="1" > was health </bigram>
    <bigram weight="1" > emersons ### </bigram>
    <bigram weight="1" > spite of </bigram>
    <bigram weight="1" > ### went </bigram>
    <bigram weight="1" > cut his </bigram>
    <bigram weight="1" > vigorously ### </bigram>
    <bigram weight="1" > older had </bigram>
    <bigram weight="1" > may venture </bigram>
    <bigram weight="1" > is possible </bigram>
    <bigram weight="1" > swimming ### </bigram>
    <bigram weight="1" > finger while </bigram>
    <bigram weight="1" > ### brother </bigram>
    <bigram weight="1" > needing it </bigram>
    <bigram weight="1" > theodore parker </bigram>
    <bigram weight="1" > of john </bigram>
    <bigram weight="1" > a more </bigram>
    <bigram weight="1" > earnestness ### </bigram>
    <bigram weight="1" > event of </bigram>
    <bigram weight="1" > ### walked </bigram>
    <bigram weight="1" > else could </bigram>
    <bigram weight="1" > about tuberculosis </bigram>
    <bigram weight="1" > than his </bigram>
    <bigram weight="1" > ### for </bigram>
    <bigram weight="1" > just as </bigram>
    <bigram weight="1" > connection to </bigram>
    <bigram weight="1" > charles and </bigram>
    <bigram weight="1" > an expert </bigram>
    <bigram weight="1" > had died </bigram>
    <bigram weight="1" > and lived </bigram>
    <bigram weight="1" > by gilbert </bigram>
    <bigram weight="1" > talk about </bigram>
    <bigram weight="1" > # as </bigram>
    <bigram weight="1" > soon the </bigram>
    <bigram weight="1" > # it </bigram>
    <bigram weight="1" > t know </bigram>
    <bigram weight="1" > could do </bigram>
    <bigram weight="1" > the ministry </bigram>
    <bigram weight="1" > one may </bigram>
    <bigram weight="1" > how long </bigram>
    <bigram weight="1" > was born </bigram>
    <bigram weight="1" > ### v </bigram>
    <bigram weight="1" > rivers ### </bigram>
    <bigram weight="1" > # and </bigram>
    <bigram weight="1" > this suffering </bigram>
    <bigram weight="1" > thou my </bigram>
    <bigram weight="1" > ideas ### </bigram>
    <bigram weight="1" > malcolm h </bigram>
    <bigram weight="1" > slower and </bigram>
    <bigram weight="1" > many other </bigram>
    <bigram weight="1" > ### with </bigram>
    <bigram weight="1" > edward bliss </bigram>
    <bigram weight="1" > as tetanus </bigram>
    <bigram weight="1" > and hoars </bigram>
    <bigram weight="1" > walden pond </bigram>
    <bigram weight="1" > again ### </bigram>
    <bigram weight="1" > for shorter </bigram>
    <bigram weight="1" > was nothing </bigram>
    <bigram weight="1" > s biographer </bigram>
    <bigram weight="1" > nothing dr </bigram>
    <bigram weight="1" > more emersons </bigram>
    <bigram weight="1" > large ### </bigram>
    <bigram weight="1" > sickly ### </bigram>
    <bigram weight="1" > had surviving </bigram>
    <bigram weight="1" > but it </bigram>
    <bigram weight="1" > while the </bigram>
    <bigram weight="1" > invalidism ### </bigram>
    <bigram weight="1" > serve in </bigram>
    <bigram weight="1" > had far </bigram>
    <bigram weight="1" > went in </bigram>
    <bigram weight="1" > for physical </bigram>
    <bigram weight="1" > so ### </bigram>
    <bigram weight="1" > not a </bigram>
    <bigram weight="1" > poverty to </bigram>
    <bigram weight="1" > tuber culosis </bigram>
    <bigram weight="1" > emersons and </bigram>
    <bigram weight="1" > nothing of </bigram>
    <bigram weight="1" > ### m </bigram>
    <bigram weight="1" > have married </bigram>
    <bigram weight="1" > the milk </bigram>
    <bigram weight="1" > had not </bigram>
    <bigram weight="1" > t ### </bigram>
    <bigram weight="1" > school ### </bigram>
    <bigram weight="1" > sickness ### </bigram>
    <bigram weight="1" > t languish </bigram>
    <bigram weight="1" > the brothers </bigram>
    <bigram weight="1" > the widowed </bigram>
    <bigram weight="1" > ### lead </bigram>
    <bigram weight="1" > # no </bigram>
    <bigram weight="1" > batrachian bachanalia </bigram>
    <bigram weight="1" > frogs about </bigram>
    <bigram weight="1" > infected ### </bigram>
    <bigram weight="1" > tucker emerson </bigram>
    <bigram weight="1" > # brother </bigram>
    <bigram weight="1" > it less </bigram>
    <bigram weight="1" > accident though </bigram>
    <bigram weight="1" > was sickness </bigram>
    <bigram weight="1" > suffering ### </bigram>
    <bigram weight="1" > carlyle ### </bigram>
    <bigram weight="1" > that recur </bigram>
    <bigram weight="1" > ### skating </bigram>
    <bigram weight="1" > thus accounted </bigram>
    <bigram weight="1" > if john </bigram>
    <bigram weight="1" > branch of </bigram>
    <bigram weight="1" > walked the </bigram>
    <bigram weight="1" > this the </bigram>
    <bigram weight="1" > m sure </bigram>
    <bigram weight="1" > affording the </bigram>
    <bigram weight="1" > don ### </bigram>
    <bigram weight="1" > brothers went </bigram>
    <bigram weight="1" > this connection </bigram>
    <bigram weight="1" > concordians didn </bigram>
    <bigram weight="1" > languishing ### </bigram>
    <bigram weight="1" > diatharsis ### </bigram>
    <bigram weight="1" > been solved </bigram>
    <bigram weight="1" > # for </bigram>
    <bigram weight="1" > ### traveled </bigram>
    <bigram weight="1" > bit to </bigram>
    <bigram weight="1" > didn ### </bigram>
    <bigram weight="1" > deaths thus </bigram>
    <bigram weight="1" > # seven </bigram>
    <bigram weight="1" > mount washington </bigram>
    <bigram weight="1" > ### swimming </bigram>
    <bigram weight="1" > waned as </bigram>
    <bigram weight="1" > had better </bigram>
    <bigram weight="1" > lead ing </bigram>
    <bigram weight="1" > he died </bigram>
    <bigram weight="1" > hiking ### </bigram>
    <bigram weight="1" > as that </bigram>
    <bigram weight="1" > ### be </bigram>
    <bigram weight="1" > mttie ### </bigram>
    <bigram weight="1" > this branch </bigram>
    <bigram weight="1" > of greatness </bigram>
    <bigram weight="1" > possible that </bigram>
    <bigram weight="1" > contributed to </bigram>
    <bigram weight="1" > biographer rusk </bigram>
    <bigram weight="1" > that a </bigram>
    <bigram weight="1" > traveled arduously </bigram>
    <bigram weight="1" > my mttie </bigram>
    <bigram weight="1" > years later </bigram>
    <bigram weight="1" > ### enjoying </bigram>
    <bigram weight="1" > old age </bigram>
    <bigram weight="1" > was some </bigram>
    <bigram weight="1" > the scottish </bigram>
    <bigram weight="1" > and while </bigram>
    <bigram weight="1" > i suspect </bigram>
    <bigram weight="1" > the four </bigram>
    <bigram weight="1" > sumption ### </bigram>
    <bigram weight="1" > s brother </bigram>
    <bigram weight="1" > # this </bigram>
    <bigram weight="1" > up the </bigram>
    <bigram weight="1" > ### asexual </bigram>
    <bigram weight="1" > the extrovert </bigram>
    <bigram weight="1" > the civil </bigram>
    <bigram weight="1" > aesthetic bunthorne </bigram>
    <bigram weight="1" > expert woodsman </bigram>
    <bigram weight="1" > far less </bigram>
    <bigram weight="1" > then and </bigram>
    <bigram weight="1" > do ### </bigram>
    <bigram weight="1" > families ### </bigram>
    <bigram weight="1" > # dr </bigram>
    <bigram weight="1" > a burly </bigram>
    <bigram weight="1" > surviving children </bigram>
    <bigram weight="1" > not affording </bigram>
    <bigram weight="1" > raise her </bigram>
    <bigram weight="1" > and thought </bigram>
    <bigram weight="1" > thoreau brothers </bigram>
    <bigram weight="1" > started their </bigram>
    <bigram weight="1" > untimely deaths </bigram>
    <bigram weight="1" > now many </bigram>
    <bigram weight="1" > thirties ### </bigram>
    <bigram weight="1" > was not </bigram>
    <bigram weight="1" > climbing mount </bigram>
    <bigram weight="1" > ripe old </bigram>
    <bigram weight="1" > it contributed </bigram>
    <bigram weight="1" > had been </bigram>
    <bigram weight="1" > was in </bigram>
    <bigram weight="1" > perhaps he </bigram>
    <bigram weight="1" > waldo ### </bigram>
    <bigram weight="1" > to go </bigram>
    <bigram weight="1" > went into </bigram>
    <bigram weight="1" > lexington ### </bigram>
    <bigram weight="1" > that these </bigram>
    <bigram weight="1" > ones ### </bigram>
    <bigram weight="1" > married men </bigram>
    <bigram weight="1" > in walden </bigram>
    <bigram weight="1" > and several </bigram>
    <bigram weight="1" > died at </bigram>
    <bigram weight="1" > none of </bigram>
    <bigram weight="1" > in good </bigram>
    <bigram weight="1" > that john </bigram>
    <bigram weight="1" > enjoying teaching </bigram>
    <bigram weight="1" > ### greatness </bigram>
    <bigram weight="1" > ## of </bigram>
    <bigram weight="1" > had settled </bigram>
    <bigram weight="1" > insights and </bigram>
    <bigram weight="1" > other ### </bigram>
    <bigram weight="1" > found in </bigram>
    <bigram weight="1" > accounted for </bigram>
    <bigram weight="1" > to raise </bigram>
    <bigram weight="1" > war ### </bigram>
    <bigram weight="1" > their options </bigram>
    <bigram weight="1" > of this </bigram>
    <bigram weight="1" > i ### </bigram>
    <bigram weight="1" > ones got </bigram>
    <bigram weight="1" > of emerson </bigram>
    <bigram weight="1" > this family </bigram>
    <bigram weight="1" > fact that </bigram>
    <bigram weight="1" > had lived </bigram>
    <bigram weight="1" > died when </bigram>
    <bigram weight="1" > built like </bigram>
    <bigram weight="1" > bsiothea h </bigram>
    <bigram weight="1" > john had </bigram>
    <bigram weight="1" > increasingly influencing </bigram>
    <bigram weight="1" > ### anemic </bigram>
    <bigram weight="1" > probably the </bigram>
    <bigram weight="1" > but struggled </bigram>
    <bigram weight="1" > able to </bigram>
    <bigram weight="1" > born in </bigram>
    <bigram weight="1" > for john </bigram>
    <bigram weight="1" > many falsely </bigram>
    <bigram weight="1" > his life </bigram>
    <bigram weight="1" > he did </bigram>
    <bigram weight="1" > in their </bigram>
    <bigram weight="1" > later of </bigram>
    <bigram weight="1" > ### or </bigram>
    <bigram weight="1" > one might </bigram>
    <bigram weight="1" > sister and </bigram>
    <bigram weight="1" > with that </bigram>
    <bigram weight="1" > influence might </bigram>
    <bigram weight="1" > # then </bigram>
    <bigram weight="1" > ### might </bigram>
    <bigram weight="1" > bachanalia ### </bigram>
    <bigram weight="1" > twenties ### </bigram>
    <bigram weight="1" > age ## </bigram>
    <bigram weight="1" > john the </bigram>
    <bigram weight="1" > have watched </bigram>
    <bigram weight="1" > settled in </bigram>
    <bigram weight="1" > better chances </bigram>
    <bigram weight="1" > bliss died </bigram>
    <bigram weight="1" > recur ### </bigram>
    <bigram weight="1" > he took </bigram>
    <bigram weight="1" > the last </bigram>
    <bigram weight="1" > enter the </bigram>
    <bigram weight="1" > ### bartlett </bigram>
    <bigram weight="1" > until late </bigram>
    <bigram weight="1" > waldo found </bigram>
    <bigram weight="1" > he would </bigram>
    <bigram weight="1" > turn of </bigram>
    <bigram weight="1" > took the </bigram>
    <bigram weight="1" > convulsive stiffening </bigram>
    <bigram weight="1" > concord families </bigram>
    <bigram weight="1" > gave john </bigram>
    <bigram weight="1" > was eight </bigram>
    <bigram weight="1" > child and </bigram>
    <bigram weight="1" > this point </bigram>
    <bigram weight="1" > while shaving </bigram>
    <bigram weight="1" > # consider </bigram>
    <bigram weight="1" > ### second </bigram>
    <bigram weight="1" > enigmas that </bigram>
    <bigram weight="1" > digress a </bigram>
    <bigram weight="1" > bartlett or </bigram>
    <bigram weight="1" > my bsiothea </bigram>
    <bigram weight="1" > pond until </bigram>
    <bigram weight="1" > options ### </bigram>
    <bigram weight="1" > point ### </bigram>
    <bigram weight="1" > for henry </bigram>
    <bigram weight="1" > likely for </bigram>
    <bigram weight="1" > in spite </bigram>
    <bigram weight="1" > consider emersons </bigram>
    <bigram weight="1" > oldest boy </bigram>
    <bigram weight="1" > to guess </bigram>
    <bigram weight="1" > anemic ### </bigram>
    <bigram weight="1" > and merrimack </bigram>
    <bigram weight="1" > six ### </bigram>
    <bigram weight="1" > him ### </bigram>
    <bigram weight="1" > than there </bigram>
    <bigram weight="1" > ## ### </bigram>
    <bigram weight="1" > ing to </bigram>
    <bigram weight="1" > is now </bigram>
    <bigram weight="1" > ### just </bigram>
    <bigram weight="1" > others loomed </bigram>
    <bigram weight="1" > sick ### </bigram>
    <bigram weight="1" > was more </bigram>
    <bigram weight="1" > married ### </bigram>
    <bigram weight="1" > symptoms of </bigram>
    <bigram weight="1" > me digress </bigram>
    <bigram weight="1" > bit more </bigram>
    <bigram weight="1" > harvard and </bigram>
    <bigram weight="1" > ### locked </bigram>
    <bigram weight="1" > shaving ### </bigram>
    <bigram weight="1" > scenarios one </bigram>
    <bigram weight="1" > several others </bigram>
    <bigram weight="1" > swam in </bigram>
    <bigram weight="1" > solved that </bigram>
    <bigram weight="1" > family there </bigram>
    <bigram weight="1" > their school </bigram>
    <bigram weight="1" > thought nothing </bigram>
    <bigram weight="1" > men had </bigram>
    <bigram weight="1" > woodsman or </bigram>
    <bigram weight="1" > bunthorne ### </bigram>
    <bigram weight="1" > i want </bigram>
    <bigram weight="1" > outgoing ### </bigram>
    <bigram weight="1" > and ideas </bigram>
    <bigram weight="1" > like lexington </bigram>
    <bigram weight="1" > undo focus </bigram>
    <bigram weight="1" > predisposition ### </bigram>
    <bigram weight="1" > widowed mother </bigram>
    <bigram weight="1" > older ones </bigram>
    <bigram weight="1" > be thou </bigram>
    <bigram weight="1" > family not </bigram>
    <bigram weight="1" > more outgoing </bigram>
    <bigram weight="1" > though this </bigram>
    <bigram weight="1" > sickly to </bigram>
    <bigram weight="1" > of that </bigram>
    <bigram weight="1" > second child </bigram>
    <bigram weight="1" > arduously ### </bigram>
    <bigram weight="1" > suspect his </bigram>
    <bigram weight="1" > while not </bigram>
    <bigram weight="1" > struggled with </bigram>
    <bigram weight="1" > ### tuberculosis </bigram>
    <bigram weight="1" > # if </bigram>
    <bigram weight="1" > somewhere noted </bigram>
    <bigram weight="1" > soon he </bigram>
    <bigram weight="1" > greatness than </bigram>
    <bigram weight="1" > these concordians </bigram>
    <bigram weight="1" > in early </bigram>
    <bigram weight="1" > the activities </bigram>
    <bigram weight="1" > friar tuck </bigram>
    <bigram weight="1" > a slower </bigram>
    <bigram weight="1" > age six </bigram>
    <bigram weight="1" > considered too </bigram>
    <bigram weight="1" > got henry </bigram>
    <bigram weight="1" > generation of </bigram>
    <bigram weight="1" > but he </bigram>
    <bigram weight="1" > for tuber </bigram>
    <bigram weight="1" > by malcolm </bigram>
    <bigram weight="1" > to be </bigram>
    <bigram weight="1" > focus makes </bigram>
    <bigram weight="1" > hoar ### </bigram>
    <bigram weight="1" > sure the </bigram>
    <bigram weight="1" > # undo </bigram>
    <bigram weight="1" > and now </bigram>
    <bigram weight="1" > man built </bigram>
    <bigram weight="1" > having children </bigram>
    <bigram weight="1" > up perhaps </bigram>
    <bigram weight="1" > more painful </bigram>
    <bigram weight="1" > traumatic event </bigram>
    <bigram weight="1" > ### two </bigram>
    <bigram weight="1" > survived ### </bigram>
    <bigram weight="1" > here was </bigram>
    <bigram weight="1" > her family </bigram>
    <bigram weight="1" > sympathy with </bigram>
    <bigram weight="1" > these sicknesses </bigram>
    <bigram weight="1" > children marrying </bigram>
    <bigram weight="1" > of his </bigram>
    <bigram weight="1" > a miniature </bigram>
    <bigram weight="1" > ministry ### </bigram>
    <bigram weight="1" > charles was </bigram>
    <bigram weight="1" > ### he </bigram>
    <bigram weight="1" > years older </bigram>
    <bigram weight="1" > extrovert had </bigram>
    <bigram weight="1" > he and </bigram>
    <bigram weight="1" > social presence </bigram>
</article>
