<?xml version="1.0" encoding="UTF-8"?>
<article id="10.2307/23393368" >
    <bigram weight="42" > ### # </bigram>
    <bigram weight="23" > ### ### </bigram>
    <bigram weight="17" > # ### </bigram>
    <bigram weight="14" > ### s </bigram>
    <bigram weight="12" > thoreau ### </bigram>
    <bigram weight="12" > ### ## </bigram>
    <bigram weight="11" > ## ### </bigram>
    <bigram weight="7" > ### and </bigram>
    <bigram weight="6" > in the </bigram>
    <bigram weight="5" > a meek </bigram>
    <bigram weight="5" > ### thoreau </bigram>
    <bigram weight="5" > ### he </bigram>
    <bigram weight="4" > in his </bigram>
    <bigram weight="4" > of a </bigram>
    <bigram weight="4" > copy of </bigram>
    <bigram weight="4" > # it </bigram>
    <bigram weight="4" > now in </bigram>
    <bigram weight="3" > ### boston </bigram>
    <bigram weight="3" > greene ### </bigram>
    <bigram weight="3" > boston ### </bigram>
    <bigram weight="3" > pp ### </bigram>
    <bigram weight="3" > ### the </bigram>
    <bigram weight="3" > ### now </bigram>
    <bigram weight="3" > from thoreau </bigram>
    <bigram weight="3" > a lock </bigram>
    <bigram weight="3" > ### new </bigram>
    <bigram weight="3" > of the </bigram>
    <bigram weight="3" > ### a </bigram>
    <bigram weight="3" > of john </bigram>
    <bigram weight="3" > the abernethy </bigram>
    <bigram weight="3" > in ## </bigram>
    <bigram weight="3" > # the </bigram>
    <bigram weight="3" > s hair </bigram>
    <bigram weight="3" > meek ### </bigram>
    <bigram weight="3" > ### but </bigram>
    <bigram weight="3" > lock of </bigram>
    <bigram weight="3" > ### pp </bigram>
    <bigram weight="3" > a week </bigram>
    <bigram weight="3" > his last </bigram>
    <bigram weight="3" > of his </bigram>
    <bigram weight="2" > untie ### </bigram>
    <bigram weight="2" > tho reau </bigram>
    <bigram weight="2" > rivers ### </bigram>
    <bigram weight="2" > library ### </bigram>
    <bigram weight="2" > p ### </bigram>
    <bigram weight="2" > # a </bigram>
    <bigram weight="2" > indian ### </bigram>
    <bigram weight="2" > the concord </bigram>
    <bigram weight="2" > peace ### </bigram>
    <bigram weight="2" > he had </bigram>
    <bigram weight="2" > concord ### </bigram>
    <bigram weight="2" > concord and </bigram>
    <bigram weight="2" > merrimack rivers </bigram>
    <bigram weight="2" > edition ### </bigram>
    <bigram weight="2" > ### greene </bigram>
    <bigram weight="2" > ## with </bigram>
    <bigram weight="2" > to him </bigram>
    <bigram weight="2" > and peace </bigram>
    <bigram weight="2" > memories of </bigram>
    <bigram weight="2" > moose ### </bigram>
    <bigram weight="2" > brown says </bigram>
    <bigram weight="2" > it is </bigram>
    <bigram weight="2" > hosmer ### </bigram>
    <bigram weight="2" > word from </bigram>
    <bigram weight="2" > the first </bigram>
    <bigram weight="2" > him ### </bigram>
    <bigram weight="2" > must have </bigram>
    <bigram weight="2" > meek on </bigram>
    <bigram weight="2" > john ### </bigram>
    <bigram weight="2" > copies of </bigram>
    <bigram weight="2" > ### his </bigram>
    <bigram weight="2" > as he </bigram>
    <bigram weight="2" > ticknor fields </bigram>
    <bigram weight="2" > last word </bigram>
    <bigram weight="2" > died of </bigram>
    <bigram weight="2" > edmund hosmer </bigram>
    <bigram weight="2" > came to </bigram>
    <bigram weight="2" > ### princeton </bigram>
    <bigram weight="2" > # in </bigram>
    <bigram weight="2" > and friends </bigram>
    <bigram weight="2" > in thoreau </bigram>
    <bigram weight="2" > to the </bigram>
    <bigram weight="2" > books ### </bigram>
    <bigram weight="2" > of concord </bigram>
    <bigram weight="2" > may ## </bigram>
    <bigram weight="2" > abernethy library </bigram>
    <bigram weight="2" > years later </bigram>
    <bigram weight="2" > is a </bigram>
    <bigram weight="2" > to concord </bigram>
    <bigram weight="2" > ### of </bigram>
    <bigram weight="2" > ### moose </bigram>
    <bigram weight="2" > that thoreau </bigram>
    <bigram weight="2" > a copy </bigram>
    <bigram weight="2" > have been </bigram>
    <bigram weight="2" > he could </bigram>
    <bigram weight="2" > ### which </bigram>
    <bigram weight="2" > thoreau died </bigram>
    <bigram weight="2" > and merrimack </bigram>
    <bigram weight="2" > ### indian </bigram>
    <bigram weight="2" > and ### </bigram>
    <bigram weight="2" > on the </bigram>
    <bigram weight="2" > and a </bigram>
    <bigram weight="2" > it was </bigram>
    <bigram weight="1" > two copies </bigram>
    <bigram weight="1" > answered ### </bigram>
    <bigram weight="1" > friend channing </bigram>
    <bigram weight="1" > s rochester </bigram>
    <bigram weight="1" > a min </bigram>
    <bigram weight="1" > ### by </bigram>
    <bigram weight="1" > a man </bigram>
    <bigram weight="1" > the wind </bigram>
    <bigram weight="1" > ### quietude </bigram>
    <bigram weight="1" > knot he </bigram>
    <bigram weight="1" > sea ### </bigram>
    <bigram weight="1" > the next </bigram>
    <bigram weight="1" > a few </bigram>
    <bigram weight="1" > same note </bigram>
    <bigram weight="1" > ### taylor </bigram>
    <bigram weight="1" > made in </bigram>
    <bigram weight="1" > were about </bigram>
    <bigram weight="1" > manuscript ### </bigram>
    <bigram weight="1" > fields ### </bigram>
    <bigram weight="1" > it ### </bigram>
    <bigram weight="1" > when published </bigram>
    <bigram weight="1" > last words </bigram>
    <bigram weight="1" > glided past </bigram>
    <bigram weight="1" > glean from </bigram>
    <bigram weight="1" > by thoreau </bigram>
    <bigram weight="1" > text is </bigram>
    <bigram weight="1" > turned to </bigram>
    <bigram weight="1" > except channing </bigram>
    <bigram weight="1" > that he </bigram>
    <bigram weight="1" > private business </bigram>
    <bigram weight="1" > the merrimac </bigram>
    <bigram weight="1" > university ### </bigram>
    <bigram weight="1" > confirm the </bigram>
    <bigram weight="1" > we glided </bigram>
    <bigram weight="1" > # brown </bigram>
    <bigram weight="1" > quarrelled ### </bigram>
    <bigram weight="1" > now that </bigram>
    <bigram weight="1" > ### it </bigram>
    <bigram weight="1" > river ### </bigram>
    <bigram weight="1" > ### return </bigram>
    <bigram weight="1" > these libraries </bigram>
    <bigram weight="1" > correspondents that </bigram>
    <bigram weight="1" > min ister </bigram>
    <bigram weight="1" > win a </bigram>
    <bigram weight="1" > reminiscences he </bigram>
    <bigram weight="1" > one such </bigram>
    <bigram weight="1" > pen cil </bigram>
    <bigram weight="1" > these words </bigram>
    <bigram weight="1" > the brink </bigram>
    <bigram weight="1" > says that </bigram>
    <bigram weight="1" > the firestone </bigram>
    <bigram weight="1" > looked now </bigram>
    <bigram weight="1" > wrote the </bigram>
    <bigram weight="1" > knot i </bigram>
    <bigram weight="1" > ## that </bigram>
    <bigram weight="1" > he found </bigram>
    <bigram weight="1" > seemed so </bigram>
    <bigram weight="1" > pleasure and </bigram>
    <bigram weight="1" > perfect probity </bigram>
    <bigram weight="1" > he told </bigram>
    <bigram weight="1" > pond to </bigram>
    <bigram weight="1" > without more </bigram>
    <bigram weight="1" > incident which </bigram>
    <bigram weight="1" > at a </bigram>
    <bigram weight="1" > # as </bigram>
    <bigram weight="1" > than the </bigram>
    <bigram weight="1" > her possession </bigram>
    <bigram weight="1" > brother john </bigram>
    <bigram weight="1" > entries are </bigram>
    <bigram weight="1" > we had </bigram>
    <bigram weight="1" > ### without </bigram>
    <bigram weight="1" > remained in </bigram>
    <bigram weight="1" > its beginning </bigram>
    <bigram weight="1" > did not </bigram>
    <bigram weight="1" > as channing </bigram>
    <bigram weight="1" > book failed </bigram>
    <bigram weight="1" > his sister </bigram>
    <bigram weight="1" > is written </bigram>
    <bigram weight="1" > dark river </bigram>
    <bigram weight="1" > asked his </bigram>
    <bigram weight="1" > personal copy </bigram>
    <bigram weight="1" > which once </bigram>
    <bigram weight="1" > but i </bigram>
    <bigram weight="1" > and in </bigram>
    <bigram weight="1" > quoted here </bigram>
    <bigram weight="1" > fitting that </bigram>
    <bigram weight="1" > to read </bigram>
    <bigram weight="1" > only knot </bigram>
    <bigram weight="1" > who came </bigram>
    <bigram weight="1" > of maiden </bigram>
    <bigram weight="1" > to report </bigram>
    <bigram weight="1" > barely articulated </bigram>
    <bigram weight="1" > margins of </bigram>
    <bigram weight="1" > sophia to </bigram>
    <bigram weight="1" > about his </bigram>
    <bigram weight="1" > was a </bigram>
    <bigram weight="1" > of an </bigram>
    <bigram weight="1" > a long </bigram>
    <bigram weight="1" > ## and </bigram>
    <bigram weight="1" > know we </bigram>
    <bigram weight="1" > his first </bigram>
    <bigram weight="1" > s former </bigram>
    <bigram weight="1" > the wise </bigram>
    <bigram weight="1" > good sailing </bigram>
    <bigram weight="1" > greene long </bigram>
    <bigram weight="1" > ### probably </bigram>
    <bigram weight="1" > pilgrimage to </bigram>
    <bigram weight="1" > told emerson </bigram>
    <bigram weight="1" > taped into </bigram>
    <bigram weight="1" > robert h </bigram>
    <bigram weight="1" > about to </bigram>
    <bigram weight="1" > libraries ### </bigram>
    <bigram weight="1" > h ### </bigram>
    <bigram weight="1" > beginning when </bigram>
    <bigram weight="1" > rochester ### </bigram>
    <bigram weight="1" > few years </bigram>
    <bigram weight="1" > asked how </bigram>
    <bigram weight="1" > it had </bigram>
    <bigram weight="1" > a pilgrimage </bigram>
    <bigram weight="1" > up the </bigram>
    <bigram weight="1" > jotting may </bigram>
    <bigram weight="1" > college ### </bigram>
    <bigram weight="1" > according to </bigram>
    <bigram weight="1" > thoughts as </bigram>
    <bigram weight="1" > library of </bigram>
    <bigram weight="1" > greene recorded </bigram>
    <bigram weight="1" > be our </bigram>
    <bigram weight="1" > says only </bigram>
    <bigram weight="1" > his friend </bigram>
    <bigram weight="1" > the hosmer </bigram>
    <bigram weight="1" > of lockjaw </bigram>
    <bigram weight="1" > written ### </bigram>
    <bigram weight="1" > an excursion </bigram>
    <bigram weight="1" > ### p </bigram>
    <bigram weight="1" > fourteen years </bigram>
    <bigram weight="1" > ### came </bigram>
    <bigram weight="1" > henry moved </bigram>
    <bigram weight="1" > breathed his </bigram>
    <bigram weight="1" > # john </bigram>
    <bigram weight="1" > he care </bigram>
    <bigram weight="1" > not untie </bigram>
    <bigram weight="1" > the town </bigram>
    <bigram weight="1" > with perfect </bigram>
    <bigram weight="1" > ### ticknor </bigram>
    <bigram weight="1" > ### this </bigram>
    <bigram weight="1" > gave to </bigram>
    <bigram weight="1" > over an </bigram>
    <bigram weight="1" > by thomas </bigram>
    <bigram weight="1" > re membered </bigram>
    <bigram weight="1" > so much </bigram>
    <bigram weight="1" > died ### </bigram>
    <bigram weight="1" > are quoted </bigram>
    <bigram weight="1" > more pause </bigram>
    <bigram weight="1" > of consumption </bigram>
    <bigram weight="1" > walden ### </bigram>
    <bigram weight="1" > deathbed incident </bigram>
    <bigram weight="1" > which posterity </bigram>
    <bigram weight="1" > with tho </bigram>
    <bigram weight="1" > brown ### </bigram>
    <bigram weight="1" > probity and </bigram>
    <bigram weight="1" > revised the </bigram>
    <bigram weight="1" > sat up </bigram>
    <bigram weight="1" > ### sat </bigram>
    <bigram weight="1" > request ### </bigram>
    <bigram weight="1" > some barely </bigram>
    <bigram weight="1" > an unrecovered </bigram>
    <bigram weight="1" > failed to </bigram>
    <bigram weight="1" > s thoughts </bigram>
    <bigram weight="1" > permission of </bigram>
    <bigram weight="1" > hair taped </bigram>
    <bigram weight="1" > gave her </bigram>
    <bigram weight="1" > at thoreau </bigram>
    <bigram weight="1" > bark sank </bigram>
    <bigram weight="1" > excursion he </bigram>
    <bigram weight="1" > family and </bigram>
    <bigram weight="1" > had written </bigram>
    <bigram weight="1" > no longer </bigram>
    <bigram weight="1" > henry asked </bigram>
    <bigram weight="1" > morning henry </bigram>
    <bigram weight="1" > the margins </bigram>
    <bigram weight="1" > wise counsel </bigram>
    <bigram weight="1" > the entries </bigram>
    <bigram weight="1" > mary hosmer </bigram>
    <bigram weight="1" > much pleasure </bigram>
    <bigram weight="1" > brief pen </bigram>
    <bigram weight="1" > mouth of </bigram>
    <bigram weight="1" > thoreau books </bigram>
    <bigram weight="1" > cil jotting </bigram>
    <bigram weight="1" > had purchased </bigram>
    <bigram weight="1" > ### sam </bigram>
    <bigram weight="1" > orthodox aunt </bigram>
    <bigram weight="1" > # sophia </bigram>
    <bigram weight="1" > moreover ### </bigram>
    <bigram weight="1" > this story </bigram>
    <bigram weight="1" > ### at </bigram>
    <bigram weight="1" > of these </bigram>
    <bigram weight="1" > been uppermost </bigram>
    <bigram weight="1" > collection ### </bigram>
    <bigram weight="1" > man dying </bigram>
    <bigram weight="1" > he breathed </bigram>
    <bigram weight="1" > # endnotes </bigram>
    <bigram weight="1" > the days </bigram>
    <bigram weight="1" > emerson ### </bigram>
    <bigram weight="1" > a fairer </bigram>
    <bigram weight="1" > station awed </bigram>
    <bigram weight="1" > a beautiful </bigram>
    <bigram weight="1" > may be </bigram>
    <bigram weight="1" > first edition </bigram>
    <bigram weight="1" > channing in </bigram>
    <bigram weight="1" > died with </bigram>
    <bigram weight="1" > was writing </bigram>
    <bigram weight="1" > s courage </bigram>
    <bigram weight="1" > contains thoreau </bigram>
    <bigram weight="1" > maiden were </bigram>
    <bigram weight="1" > he whispered </bigram>
    <bigram weight="1" > spring sparrow </bigram>
    <bigram weight="1" > wrote ### </bigram>
    <bigram weight="1" > miss cole </bigram>
    <bigram weight="1" > think of </bigram>
    <bigram weight="1" > posterity has </bigram>
    <bigram weight="1" > parker pillsbury </bigram>
    <bigram weight="1" > after thoreau </bigram>
    <bigram weight="1" > whatever reminiscences </bigram>
    <bigram weight="1" > doubtless the </bigram>
    <bigram weight="1" > publication ### </bigram>
    <bigram weight="1" > ### as </bigram>
    <bigram weight="1" > ## calvin </bigram>
    <bigram weight="1" > to issue </bigram>
    <bigram weight="1" > john thoreau </bigram>
    <bigram weight="1" > report the </bigram>
    <bigram weight="1" > night of </bigram>
    <bigram weight="1" > was leaving </bigram>
    <bigram weight="1" > september ## </bigram>
    <bigram weight="1" > how the </bigram>
    <bigram weight="1" > ### just </bigram>
    <bigram weight="1" > long after </bigram>
    <bigram weight="1" > own request </bigram>
    <bigram weight="1" > ### correspondent </bigram>
    <bigram weight="1" > grandfather a </bigram>
    <bigram weight="1" > ever quarrelled </bigram>
    <bigram weight="1" > read aloud </bigram>
    <bigram weight="1" > his ### </bigram>
    <bigram weight="1" > saw a </bigram>
    <bigram weight="1" > of american </bigram>
    <bigram weight="1" > thought about </bigram>
    <bigram weight="1" > s ### </bigram>
    <bigram weight="1" > words and </bigram>
    <bigram weight="1" > which thoreau </bigram>
    <bigram weight="1" > the mouth </bigram>
    <bigram weight="1" > recorded a </bigram>
    <bigram weight="1" > books whatever </bigram>
    <bigram weight="1" > to parker </bigram>
    <bigram weight="1" > ripest memories </bigram>
    <bigram weight="1" > if he </bigram>
    <bigram weight="1" > here with </bigram>
    <bigram weight="1" > year ### </bigram>
    <bigram weight="1" > thoreau should </bigram>
    <bigram weight="1" > friends ### </bigram>
    <bigram weight="1" > hampshire ### </bigram>
    <bigram weight="1" > awed by </bigram>
    <bigram weight="1" > ### never </bigram>
    <bigram weight="1" > that station </bigram>
    <bigram weight="1" > days as </bigram>
    <bigram weight="1" > and more </bigram>
    <bigram weight="1" > pause than </bigram>
    <bigram weight="1" > sister to </bigram>
    <bigram weight="1" > months after </bigram>
    <bigram weight="1" > business of </bigram>
    <bigram weight="1" > revised edition </bigram>
    <bigram weight="1" > finally visited </bigram>
    <bigram weight="1" > first spring </bigram>
    <bigram weight="1" > down the </bigram>
    <bigram weight="1" > i shall </bigram>
    <bigram weight="1" > louisa asked </bigram>
    <bigram weight="1" > articulated thought </bigram>
    <bigram weight="1" > which he </bigram>
    <bigram weight="1" > of may </bigram>
    <bigram weight="1" > written over </bigram>
    <bigram weight="1" > s ripest </bigram>
    <bigram weight="1" > associated with </bigram>
    <bigram weight="1" > an account </bigram>
    <bigram weight="1" > one world </bigram>
    <bigram weight="1" > available ### </bigram>
    <bigram weight="1" > this is </bigram>
    <bigram weight="1" > brother ### </bigram>
    <bigram weight="1" > michigan ### </bigram>
    <bigram weight="1" > been a </bigram>
    <bigram weight="1" > his orthodox </bigram>
    <bigram weight="1" > otherwise he </bigram>
    <bigram weight="1" > allegash and </bigram>
    <bigram weight="1" > see a </bigram>
    <bigram weight="1" > ### yes </bigram>
    <bigram weight="1" > could glean </bigram>
    <bigram weight="1" > fairer ### </bigram>
    <bigram weight="1" > brink of </bigram>
    <bigram weight="1" > literary voyage </bigram>
    <bigram weight="1" > with so </bigram>
    <bigram weight="1" > long literary </bigram>
    <bigram weight="1" > voyage ### </bigram>
    <bigram weight="1" > a deathbed </bigram>
    <bigram weight="1" > sank to </bigram>
    <bigram weight="1" > ### neighbors </bigram>
    <bigram weight="1" > the night </bigram>
    <bigram weight="1" > down in </bigram>
    <bigram weight="1" > story in </bigram>
    <bigram weight="1" > him in </bigram>
    <bigram weight="1" > john died </bigram>
    <bigram weight="1" > give him </bigram>
    <bigram weight="1" > co ### </bigram>
    <bigram weight="1" > a farmer </bigram>
    <bigram weight="1" > ## edmund </bigram>
    <bigram weight="1" > the brothers </bigram>
    <bigram weight="1" > note on </bigram>
    <bigram weight="1" > princeton ### </bigram>
    <bigram weight="1" > s books </bigram>
    <bigram weight="1" > when ### </bigram>
    <bigram weight="1" > her brother </bigram>
    <bigram weight="1" > princeton university </bigram>
    <bigram weight="1" > week ### </bigram>
    <bigram weight="1" > not know </bigram>
    <bigram weight="1" > reau was </bigram>
    <bigram weight="1" > his unfinished </bigram>
    <bigram weight="1" > and not </bigram>
    <bigram weight="1" > and preserved </bigram>
    <bigram weight="1" > sophia thoreau </bigram>
    <bigram weight="1" > of one </bigram>
    <bigram weight="1" > aloud to </bigram>
    <bigram weight="1" > peace with </bigram>
    <bigram weight="1" > morning ### </bigram>
    <bigram weight="1" > last chapter </bigram>
    <bigram weight="1" > membered and </bigram>
    <bigram weight="1" > reau ### </bigram>
    <bigram weight="1" > on p </bigram>
    <bigram weight="1" > then ### </bigram>
    <bigram weight="1" > of salmon </bigram>
    <bigram weight="1" > made his </bigram>
    <bigram weight="1" > staples ### </bigram>
    <bigram weight="1" > later ticknor </bigram>
    <bigram weight="1" > ### michigan </bigram>
    <bigram weight="1" > endnotes walter </bigram>
    <bigram weight="1" > acquired the </bigram>
    <bigram weight="1" > once belonged </bigram>
    <bigram weight="1" > ### ibid </bigram>
    <bigram weight="1" > nashua ### </bigram>
    <bigram weight="1" > week must </bigram>
    <bigram weight="1" > hosmer family </bigram>
    <bigram weight="1" > is fitting </bigram>
    <bigram weight="1" > not long </bigram>
    <bigram weight="1" > new and </bigram>
    <bigram weight="1" > correspondent ### </bigram>
    <bigram weight="1" > with a </bigram>
    <bigram weight="1" > a ### </bigram>
    <bigram weight="1" > in her </bigram>
    <bigram weight="1" > respects left </bigram>
    <bigram weight="1" > s signature </bigram>
    <bigram weight="1" > related to </bigram>
    <bigram weight="1" > to walden </bigram>
    <bigram weight="1" > counsel he </bigram>
    <bigram weight="1" > eulogizing him </bigram>
    <bigram weight="1" > cole her </bigram>
    <bigram weight="1" > harding ### </bigram>
    <bigram weight="1" > copy is </bigram>
    <bigram weight="1" > should think </bigram>
    <bigram weight="1" > for posterity </bigram>
    <bigram weight="1" > possession ### </bigram>
    <bigram weight="1" > a miss </bigram>
    <bigram weight="1" > from family </bigram>
    <bigram weight="1" > merrimac to </bigram>
    <bigram weight="1" > first book </bigram>
    <bigram weight="1" > ### i </bigram>
    <bigram weight="1" > middlebury college </bigram>
    <bigram weight="1" > the same </bigram>
    <bigram weight="1" > thoreau gave </bigram>
    <bigram weight="1" > one of </bigram>
    <bigram weight="1" > testament which </bigram>
    <bigram weight="1" > his bark </bigram>
    <bigram weight="1" > and read </bigram>
    <bigram weight="1" > he gave </bigram>
    <bigram weight="1" > edition of </bigram>
    <bigram weight="1" > farmer friend </bigram>
    <bigram weight="1" > to pay </bigram>
    <bigram weight="1" > ### preserved </bigram>
    <bigram weight="1" > sophia related </bigram>
    <bigram weight="1" > to give </bigram>
    <bigram weight="1" > walden pond </bigram>
    <bigram weight="1" > friend ### </bigram>
    <bigram weight="1" > a readership </bigram>
    <bigram weight="1" > so near </bigram>
    <bigram weight="1" > before he </bigram>
    <bigram weight="1" > readership when </bigram>
    <bigram weight="1" > he finally </bigram>
    <bigram weight="1" > ### james </bigram>
    <bigram weight="1" > never saw </bigram>
    <bigram weight="1" > but it </bigram>
    <bigram weight="1" > near the </bigram>
    <bigram weight="1" > henry thoreau </bigram>
    <bigram weight="1" > moved to </bigram>
    <bigram weight="1" > # when </bigram>
    <bigram weight="1" > in memories </bigram>
    <bigram weight="1" > but fourteen </bigram>
    <bigram weight="1" > by ## </bigram>
    <bigram weight="1" > another sea </bigram>
    <bigram weight="1" > his two </bigram>
    <bigram weight="1" > seas company </bigram>
    <bigram weight="1" > ister who </bigram>
    <bigram weight="1" > yes # </bigram>
    <bigram weight="1" > could not </bigram>
    <bigram weight="1" > past the </bigram>
    <bigram weight="1" > issue a </bigram>
    <bigram weight="1" > whispered ### </bigram>
    <bigram weight="1" > firestone library </bigram>
    <bigram weight="1" > # she </bigram>
    <bigram weight="1" > had made </bigram>
    <bigram weight="1" > ### sixteen </bigram>
    <bigram weight="1" > preserved one </bigram>
    <bigram weight="1" > asked him </bigram>
    <bigram weight="1" > beautiful world </bigram>
    <bigram weight="1" > just before </bigram>
    <bigram weight="1" > maine moods </bigram>
    <bigram weight="1" > been the </bigram>
    <bigram weight="1" > his books </bigram>
    <bigram weight="1" > s personal </bigram>
    <bigram weight="1" > this copy </bigram>
    <bigram weight="1" > white mountains </bigram>
    <bigram weight="1" > hosmer his </bigram>
    <bigram weight="1" > ### for </bigram>
    <bigram weight="1" > # except </bigram>
    <bigram weight="1" > was doubtless </bigram>
    <bigram weight="1" > replied ### </bigram>
    <bigram weight="1" > last respects </bigram>
    <bigram weight="1" > blanding thoreau </bigram>
    <bigram weight="1" > s brief </bigram>
    <bigram weight="1" > overlooked ### </bigram>
    <bigram weight="1" > jailer ### </bigram>
    <bigram weight="1" > ### said </bigram>
    <bigram weight="1" > thoreau later </bigram>
    <bigram weight="1" > has overlooked </bigram>
    <bigram weight="1" > transact the </bigram>
    <bigram weight="1" > new york </bigram>
    <bigram weight="1" > thomas blanding </bigram>
    <bigram weight="1" > ### memories </bigram>
    <bigram weight="1" > sure ### </bigram>
    <bigram weight="1" > ibid ### </bigram>
    <bigram weight="1" > shore looked </bigram>
    <bigram weight="1" > to another </bigram>
    <bigram weight="1" > sixteen months </bigram>
    <bigram weight="1" > for posthumous </bigram>
    <bigram weight="1" > into the </bigram>
    <bigram weight="1" > unrecovered era </bigram>
    <bigram weight="1" > quietude ### </bigram>
    <bigram weight="1" > sam staples </bigram>
    <bigram weight="1" > james munroe </bigram>
    <bigram weight="1" > ### one </bigram>
    <bigram weight="1" > left that </bigram>
    <bigram weight="1" > ond edition </bigram>
    <bigram weight="1" > thoreau asked </bigram>
    <bigram weight="1" > pillsbury ### </bigram>
    <bigram weight="1" > # moreover </bigram>
    <bigram weight="1" > days of </bigram>
    <bigram weight="1" > ### an </bigram>
    <bigram weight="1" > he died </bigram>
    <bigram weight="1" > he later </bigram>
    <bigram weight="1" > chapter and </bigram>
    <bigram weight="1" > concord brown </bigram>
    <bigram weight="1" > sec ond </bigram>
    <bigram weight="1" > read of </bigram>
    <bigram weight="1" > leaving the </bigram>
    <bigram weight="1" > had ever </bigram>
    <bigram weight="1" > # greene </bigram>
    <bigram weight="1" > neighbors and </bigram>
    <bigram weight="1" > that a </bigram>
    <bigram weight="1" > to confirm </bigram>
    <bigram weight="1" > ### we </bigram>
    <bigram weight="1" > ### alfred </bigram>
    <bigram weight="1" > uppermost in </bigram>
    <bigram weight="1" > moods manuscript </bigram>
    <bigram weight="1" > of new </bigram>
    <bigram weight="1" > their last </bigram>
    <bigram weight="1" > other shore </bigram>
    <bigram weight="1" > hosmer was </bigram>
    <bigram weight="1" > ### she </bigram>
    <bigram weight="1" > a sec </bigram>
    <bigram weight="1" > later told </bigram>
    <bigram weight="1" > diary and </bigram>
    <bigram weight="1" > later gave </bigram>
    <bigram weight="1" > the four </bigram>
    <bigram weight="1" > knopf ### </bigram>
    <bigram weight="1" > to a </bigram>
    <bigram weight="1" > signature ### </bigram>
    <bigram weight="1" > american literature </bigram>
    <bigram weight="1" > # this </bigram>
    <bigram weight="1" > in september </bigram>
    <bigram weight="1" > ### these </bigram>
    <bigram weight="1" > his thoreau </bigram>
    <bigram weight="1" > more were </bigram>
    <bigram weight="1" > ## tho </bigram>
    <bigram weight="1" > when his </bigram>
    <bigram weight="1" > work associated </bigram>
    <bigram weight="1" > comes good </bigram>
    <bigram weight="1" > abernethy text </bigram>
    <bigram weight="1" > munroe co </bigram>
    <bigram weight="1" > set down </bigram>
    <bigram weight="1" > he made </bigram>
    <bigram weight="1" > copy with </bigram>
    <bigram weight="1" > he seemed </bigram>
    <bigram weight="1" > brook ### </bigram>
    <bigram weight="1" > had been </bigram>
    <bigram weight="1" > the white </bigram>
    <bigram weight="1" > ### aunt </bigram>
    <bigram weight="1" > into it </bigram>
    <bigram weight="1" > jersey ### </bigram>
    <bigram weight="1" > with his </bigram>
    <bigram weight="1" > and eloquence </bigram>
    <bigram weight="1" > courage ### </bigram>
    <bigram weight="1" > of eulogizing </bigram>
    <bigram weight="1" > time ### </bigram>
    <bigram weight="1" > account of </bigram>
    <bigram weight="1" > dying with </bigram>
    <bigram weight="1" > four seas </bigram>
    <bigram weight="1" > former jailer </bigram>
    <bigram weight="1" > a work </bigram>
    <bigram weight="1" > of walden </bigram>
    <bigram weight="1" > with the </bigram>
    <bigram weight="1" > thoreau s </bigram>
    <bigram weight="1" > book ### </bigram>
    <bigram weight="1" > found in </bigram>
    <bigram weight="1" > the copy </bigram>
    <bigram weight="1" > to win </bigram>
    <bigram weight="1" > to transact </bigram>
    <bigram weight="1" > that copies </bigram>
    <bigram weight="1" > who asked </bigram>
    <bigram weight="1" > told channing </bigram>
    <bigram weight="1" > preserved for </bigram>
    <bigram weight="1" > memorial copy </bigram>
    <bigram weight="1" > that morning </bigram>
    <bigram weight="1" > posterity ### </bigram>
    <bigram weight="1" > ### edmund </bigram>
    <bigram weight="1" > fully set </bigram>
    <bigram weight="1" > probably some </bigram>
    <bigram weight="1" > family ### </bigram>
    <bigram weight="1" > york ### </bigram>
    <bigram weight="1" > i cannot </bigram>
    <bigram weight="1" > he calmly </bigram>
    <bigram weight="1" > him from </bigram>
    <bigram weight="1" > it must </bigram>
    <bigram weight="1" > next morning </bigram>
    <bigram weight="1" > # mary </bigram>
    <bigram weight="1" > planned a </bigram>
    <bigram weight="1" > eloquence ### </bigram>
    <bigram weight="1" > such testament </bigram>
    <bigram weight="1" > published in </bigram>
    <bigram weight="1" > his autograph </bigram>
    <bigram weight="1" > only that </bigram>
    <bigram weight="1" > john into </bigram>
    <bigram weight="1" > the ### </bigram>
    <bigram weight="1" > ### told </bigram>
    <bigram weight="1" > unfinished maine </bigram>
    <bigram weight="1" > were ### </bigram>
    <bigram weight="1" > writing correspondents </bigram>
    <bigram weight="1" > him if </bigram>
    <bigram weight="1" > aunt ### </bigram>
    <bigram weight="1" > visited the </bigram>
    <bigram weight="1" > purchased from </bigram>
    <bigram weight="1" > channing his </bigram>
    <bigram weight="1" > sister sophia </bigram>
    <bigram weight="1" > last ### </bigram>
    <bigram weight="1" > he revised </bigram>
    <bigram weight="1" > week now </bigram>
    <bigram weight="1" > salmon brook </bigram>
    <bigram weight="1" > as hosmer </bigram>
    <bigram weight="1" > channing ### </bigram>
    <bigram weight="1" > era sure </bigram>
    <bigram weight="1" > lockjaw in </bigram>
    <bigram weight="1" > the last </bigram>
    <bigram weight="1" > thoreau had </bigram>
    <bigram weight="1" > fields were </bigram>
    <bigram weight="1" > she turned </bigram>
    <bigram weight="1" > # to </bigram>
    <bigram weight="1" > from a </bigram>
    <bigram weight="1" > words were </bigram>
    <bigram weight="1" > # he </bigram>
    <bigram weight="1" > his diary </bigram>
    <bigram weight="1" > his peace </bigram>
    <bigram weight="1" > calvin greene </bigram>
    <bigram weight="1" > and when </bigram>
    <bigram weight="1" > later acquired </bigram>
    <bigram weight="1" > and revised </bigram>
    <bigram weight="1" > pay their </bigram>
    <bigram weight="1" > the dark </bigram>
    <bigram weight="1" > cannot untie </bigram>
    <bigram weight="1" > ### knopf </bigram>
    <bigram weight="1" > aunt louisa </bigram>
    <bigram weight="1" > ### year </bigram>
    <bigram weight="1" > ### in </bigram>
    <bigram weight="1" > she later </bigram>
    <bigram weight="1" > sailing ### </bigram>
    <bigram weight="1" > longer available </bigram>
    <bigram weight="1" > concord to </bigram>
    <bigram weight="1" > the paper </bigram>
    <bigram weight="1" > her grandfather </bigram>
    <bigram weight="1" > his own </bigram>
    <bigram weight="1" > friends who </bigram>
    <bigram weight="1" > care fully </bigram>
    <bigram weight="1" > his brother </bigram>
    <bigram weight="1" > told greene </bigram>
    <bigram weight="1" > literature ### </bigram>
    <bigram weight="1" > is now </bigram>
    <bigram weight="1" > long planned </bigram>
    <bigram weight="1" > branch ### </bigram>
    <bigram weight="1" > ## it </bigram>
    <bigram weight="1" > corrections ### </bigram>
    <bigram weight="1" > with him </bigram>
    <bigram weight="1" > the nashua </bigram>
    <bigram weight="1" > shall see </bigram>
    <bigram weight="1" > world at </bigram>
    <bigram weight="1" > own memorial </bigram>
    <bigram weight="1" > belonged to </bigram>
    <bigram weight="1" > hair ### </bigram>
    <bigram weight="1" > posthumous publication </bigram>
    <bigram weight="1" > asked sophia </bigram>
    <bigram weight="1" > # according </bigram>
    <bigram weight="1" > mountains of </bigram>
    <bigram weight="1" > the only </bigram>
    <bigram weight="1" > recorded this </bigram>
    <bigram weight="1" > world ### </bigram>
    <bigram weight="1" > channing wrote </bigram>
    <bigram weight="1" > walter harding </bigram>
    <bigram weight="1" > the private </bigram>
    <bigram weight="1" > thoreau answered </bigram>
    <bigram weight="1" > memories ### </bigram>
    <bigram weight="1" > and east </bigram>
    <bigram weight="1" > hosmer brown </bigram>
    <bigram weight="1" > paper for </bigram>
    <bigram weight="1" > were re </bigram>
    <bigram weight="1" > consumption on </bigram>
    <bigram weight="1" > for otherwise </bigram>
    <bigram weight="1" > thoreau by </bigram>
    <bigram weight="1" > calmly replied </bigram>
    <bigram weight="1" > when he </bigram>
    <bigram weight="1" > i did </bigram>
    <bigram weight="1" > god ### </bigram>
    <bigram weight="1" > him a </bigram>
    <bigram weight="1" > ### middlebury </bigram>
    <bigram weight="1" > the robert </bigram>
    <bigram weight="1" > company ### </bigram>
    <bigram weight="1" > the allegash </bigram>
    <bigram weight="1" > s sister </bigram>
    <bigram weight="1" > autograph pencil </bigram>
    <bigram weight="1" > later henry </bigram>
    <bigram weight="1" > on may </bigram>
    <bigram weight="1" > new hampshire </bigram>
    <bigram weight="1" > were no </bigram>
    <bigram weight="1" > hair remained </bigram>
    <bigram weight="1" > return down </bigram>
    <bigram weight="1" > of henry </bigram>
    <bigram weight="1" > alfred a </bigram>
    <bigram weight="1" > east branch </bigram>
    <bigram weight="1" > gave hosmer </bigram>
    <bigram weight="1" > pencil corrections </bigram>
    <bigram weight="1" > new jersey </bigram>
    <bigram weight="1" > our last </bigram>
    <bigram weight="1" > after ### </bigram>
    <bigram weight="1" > a time </bigram>
    <bigram weight="1" > taylor collection </bigram>
    <bigram weight="1" > town in </bigram>
    <bigram weight="1" > brothers ### </bigram>
    <bigram weight="1" > s own </bigram>
    <bigram weight="1" > wind ### </bigram>
    <bigram weight="1" > with god </bigram>
    <bigram weight="1" > ### then </bigram>
    <bigram weight="1" > to his </bigram>
    <bigram weight="1" > he recorded </bigram>
    <bigram weight="1" > sparrow ### </bigram>
    <bigram weight="1" > in a </bigram>
    <bigram weight="1" > now comes </bigram>
    <bigram weight="1" > the permission </bigram>
    <bigram weight="1" > it contains </bigram>
    <bigram weight="1" > a knot </bigram>
    <bigram weight="1" > the book </bigram>
    <bigram weight="1" > said thoreau </bigram>
    <bigram weight="1" > last days </bigram>
    <bigram weight="1" > of its </bigram>
    <bigram weight="1" > a last </bigram>
    <bigram weight="1" > and wrote </bigram>
    <bigram weight="1" > the other </bigram>
</article>
