<?xml version="1.0" encoding="UTF-8"?>
<article id="10.2307/23394699" >
    <bigram weight="45" > ### # </bigram>
    <bigram weight="26" > # ### </bigram>
    <bigram weight="22" > ### ### </bigram>
    <bigram weight="13" > ## ### </bigram>
    <bigram weight="9" > ### ## </bigram>
    <bigram weight="8" > ### the </bigram>
    <bigram weight="8" > ### s </bigram>
    <bigram weight="7" > of the </bigram>
    <bigram weight="6" > journal ### </bigram>
    <bigram weight="6" > ### journal </bigram>
    <bigram weight="6" > to the </bigram>
    <bigram weight="5" > walden ### </bigram>
    <bigram weight="5" > of a </bigram>
    <bigram weight="5" > up ### </bigram>
    <bigram weight="5" > it up </bigram>
    <bigram weight="5" > ### he </bigram>
    <bigram weight="4" > thoreau ### </bigram>
    <bigram weight="4" > in the </bigram>
    <bigram weight="4" > ### and </bigram>
    <bigram weight="4" > ### walden </bigram>
    <bigram weight="4" > field guide </bigram>
    <bigram weight="4" > on the </bigram>
    <bigram weight="3" > the wood </bigram>
    <bigram weight="3" > ### thoreau </bigram>
    <bigram weight="3" > ### a </bigram>
    <bigram weight="3" > ### field </bigram>
    <bigram weight="3" > ### pull </bigram>
    <bigram weight="3" > and the </bigram>
    <bigram weight="3" > oriole ### </bigram>
    <bigram weight="3" > is a </bigram>
    <bigram weight="3" > ### of </bigram>
    <bigram weight="3" > the ### </bigram>
    <bigram weight="3" > birds ### </bigram>
    <bigram weight="3" > pull it </bigram>
    <bigram weight="3" > the birds </bigram>
    <bigram weight="3" > it ### </bigram>
    <bigram weight="3" > wood thrush </bigram>
    <bigram weight="2" > for many </bigram>
    <bigram weight="2" > thrush ### </bigram>
    <bigram weight="2" > i could </bigram>
    <bigram weight="2" > # but </bigram>
    <bigram weight="2" > in his </bigram>
    <bigram weight="2" > the morning </bigram>
    <bigram weight="2" > ### it </bigram>
    <bigram weight="2" > # the </bigram>
    <bigram weight="2" > many a </bigram>
    <bigram weight="2" > day ### </bigram>
    <bigram weight="2" > ### not </bigram>
    <bigram weight="2" > does not </bigram>
    <bigram weight="2" > all the </bigram>
    <bigram weight="2" > ### winter </bigram>
    <bigram weight="2" > a thousand </bigram>
    <bigram weight="2" > his writings </bigram>
    <bigram weight="2" > ### drop </bigram>
    <bigram weight="2" > ### at </bigram>
    <bigram weight="2" > at the </bigram>
    <bigram weight="2" > of all </bigram>
    <bigram weight="2" > a new </bigram>
    <bigram weight="2" > it is </bigram>
    <bigram weight="2" > day day </bigram>
    <bigram weight="2" > years ### </bigram>
    <bigram weight="2" > s ### </bigram>
    <bigram weight="2" > the first </bigram>
    <bigram weight="2" > doubt ### </bigram>
    <bigram weight="2" > ### cover </bigram>
    <bigram weight="2" > drop it </bigram>
    <bigram weight="2" > peterson ### </bigram>
    <bigram weight="2" > ### brother </bigram>
    <bigram weight="2" > winter animals </bigram>
    <bigram weight="2" > ### i </bigram>
    <bigram weight="2" > i doubt </bigram>
    <bigram weight="2" > ## i </bigram>
    <bigram weight="2" > is in </bigram>
    <bigram weight="2" > his ### </bigram>
    <bigram weight="2" > ### with </bigram>
    <bigram weight="2" > spring ### </bigram>
    <bigram weight="2" > end of </bigram>
    <bigram weight="2" > the spring </bigram>
    <bigram weight="2" > used to </bigram>
    <bigram weight="2" > # that </bigram>
    <bigram weight="2" > with the </bigram>
    <bigram weight="2" > animals ### </bigram>
    <bigram weight="2" > writings ### </bigram>
    <bigram weight="2" > guide to </bigram>
    <bigram weight="2" > guide ### </bigram>
    <bigram weight="2" > ### or </bigram>
    <bigram weight="2" > notes ### </bigram>
    <bigram weight="2" > the end </bigram>
    <bigram weight="2" > of your </bigram>
    <bigram weight="2" > ### in </bigram>
    <bigram weight="2" > there is </bigram>
    <bigram weight="2" > find the </bigram>
    <bigram weight="2" > cover it </bigram>
    <bigram weight="2" > poets ### </bigram>
    <bigram weight="2" > like the </bigram>
    <bigram weight="2" > i was </bigram>
    <bigram weight="2" > brother poets </bigram>
    <bigram weight="1" > and forest </bigram>
    <bigram weight="1" > and un </bigram>
    <bigram weight="1" > ### those </bigram>
    <bigram weight="1" > # thoreau </bigram>
    <bigram weight="1" > ### whenever </bigram>
    <bigram weight="1" > new world </bigram>
    <bigram weight="1" > more rarely </bigram>
    <bigram weight="1" > him all </bigram>
    <bigram weight="1" > of my </bigram>
    <bigram weight="1" > a man </bigram>
    <bigram weight="1" > not pic </bigram>
    <bigram weight="1" > could have </bigram>
    <bigram weight="1" > tinkling of </bigram>
    <bigram weight="1" > and saw </bigram>
    <bigram weight="1" > by any </bigram>
    <bigram weight="1" > he does </bigram>
    <bigram weight="1" > contrast of </bigram>
    <bigram weight="1" > my clearing </bigram>
    <bigram weight="1" > ### day </bigram>
    <bigram weight="1" > dead twig </bigram>
    <bigram weight="1" > other new </bigram>
    <bigram weight="1" > in an </bigram>
    <bigram weight="1" > faint flitting </bigram>
    <bigram weight="1" > i heard </bigram>
    <bigram weight="1" > credible red </bigram>
    <bigram weight="1" > s descriptions </bigram>
    <bigram weight="1" > infirm ### </bigram>
    <bigram weight="1" > vesper sparrow </bigram>
    <bigram weight="1" > ### december </bigram>
    <bigram weight="1" > of heaven </bigram>
    <bigram weight="1" > cries ### </bigram>
    <bigram weight="1" > mockingbird ### </bigram>
    <bigram weight="1" > wonders how </bigram>
    <bigram weight="1" > thousand years </bigram>
    <bigram weight="1" > outstanding ### </bigram>
    <bigram weight="1" > evening robin </bigram>
    <bigram weight="1" > he cries </bigram>
    <bigram weight="1" > pic tures </bigram>
    <bigram weight="1" > was hoeing </bigram>
    <bigram weight="1" > call the </bigram>
    <bigram weight="1" > is young </bigram>
    <bigram weight="1" > ### february </bigram>
    <bigram weight="1" > are painted </bigram>
    <bigram weight="1" > fine examples </bigram>
    <bigram weight="1" > a memorable </bigram>
    <bigram weight="1" > the baltimore </bigram>
    <bigram weight="1" > least fifty </bigram>
    <bigram weight="1" > green pines </bigram>
    <bigram weight="1" > the icicle </bigram>
    <bigram weight="1" > all his </bigram>
    <bigram weight="1" > or else </bigram>
    <bigram weight="1" > startled ### </bigram>
    <bigram weight="1" > observations on </bigram>
    <bigram weight="1" > sprightly ### </bigram>
    <bigram weight="1" > descriptions are </bigram>
    <bigram weight="1" > to sum </bigram>
    <bigram weight="1" > south in </bigram>
    <bigram weight="1" > with words </bigram>
    <bigram weight="1" > an expression </bigram>
    <bigram weight="1" > by that </bigram>
    <bigram weight="1" > tanager ### </bigram>
    <bigram weight="1" > i once </bigram>
    <bigram weight="1" > thoreau refers </bigram>
    <bigram weight="1" > pine ### </bigram>
    <bigram weight="1" > uponi ### </bigram>
    <bigram weight="1" > bird often </bigram>
    <bigram weight="1" > note and </bigram>
    <bigram weight="1" > seed ### </bigram>
    <bigram weight="1" > to pick </bigram>
    <bigram weight="1" > renamed the </bigram>
    <bigram weight="1" > in credible </bigram>
    <bigram weight="1" > unlike peterson </bigram>
    <bigram weight="1" > the warble </bigram>
    <bigram weight="1" > have reacted </bigram>
    <bigram weight="1" > to inquire </bigram>
    <bigram weight="1" > grass ### </bigram>
    <bigram weight="1" > march ## </bigram>
    <bigram weight="1" > hoeing in </bigram>
    <bigram weight="1" > and other </bigram>
    <bigram weight="1" > # men </bigram>
    <bigram weight="1" > methought ### </bigram>
    <bigram weight="1" > how thoreau </bigram>
    <bigram weight="1" > the apple </bigram>
    <bigram weight="1" > heard his </bigram>
    <bigram weight="1" > soul ### </bigram>
    <bigram weight="1" > heart and </bigram>
    <bigram weight="1" > but i </bigram>
    <bigram weight="1" > should have </bigram>
    <bigram weight="1" > backyards of </bigram>
    <bigram weight="1" > ### methought </bigram>
    <bigram weight="1" > he is </bigram>
    <bigram weight="1" > s most </bigram>
    <bigram weight="1" > ### recently </bigram>
    <bigram weight="1" > the subsoil </bigram>
    <bigram weight="1" > a birch </bigram>
    <bigram weight="1" > ### sings </bigram>
    <bigram weight="1" > fellow ### </bigram>
    <bigram weight="1" > tures ### </bigram>
    <bigram weight="1" > the concord </bigram>
    <bigram weight="1" > in a </bigram>
    <bigram weight="1" > aristotle ### </bigram>
    <bigram weight="1" > thousand more </bigram>
    <bigram weight="1" > people the </bigram>
    <bigram weight="1" > past ### </bigram>
    <bigram weight="1" > or more </bigram>
    <bigram weight="1" > mentioned in </bigram>
    <bigram weight="1" > words ### </bigram>
    <bigram weight="1" > with sprightly </bigram>
    <bigram weight="1" > not suggest </bigram>
    <bigram weight="1" > tuesday ### </bigram>
    <bigram weight="1" > new england </bigram>
    <bigram weight="1" > ### spring </bigram>
    <bigram weight="1" > of pure </bigram>
    <bigram weight="1" > fair and </bigram>
    <bigram weight="1" > any epaulet </bigram>
    <bigram weight="1" > them a </bigram>
    <bigram weight="1" > an oriole </bigram>
    <bigram weight="1" > are within </bigram>
    <bigram weight="1" > warmth akin </bigram>
    <bigram weight="1" > goings of </bigram>
    <bigram weight="1" > yet the </bigram>
    <bigram weight="1" > shut against </bigram>
    <bigram weight="1" > concord and </bigram>
    <bigram weight="1" > not see </bigram>
    <bigram weight="1" > they say </bigram>
    <bigram weight="1" > i felt </bigram>
    <bigram weight="1" > the rich </bigram>
    <bigram weight="1" > but the </bigram>
    <bigram weight="1" > and look </bigram>
    <bigram weight="1" > know that </bigram>
    <bigram weight="1" > bird like </bigram>
    <bigram weight="1" > these and </bigram>
    <bigram weight="1" > topmost spray </bigram>
    <bigram weight="1" > worn ### </bigram>
    <bigram weight="1" > becomes of </bigram>
    <bigram weight="1" > we do </bigram>
    <bigram weight="1" > that contrast </bigram>
    <bigram weight="1" > in them </bigram>
    <bigram weight="1" > to mind </bigram>
    <bigram weight="1" > the bearrfield </bigram>
    <bigram weight="1" > her spring </bigram>
    <bigram weight="1" > praise is </bigram>
    <bigram weight="1" > nightingale ### </bigram>
    <bigram weight="1" > about ### </bigram>
    <bigram weight="1" > hears ### </bigram>
    <bigram weight="1" > rich song </bigram>
    <bigram weight="1" > ### particularly </bigram>
    <bigram weight="1" > some fine </bigram>
    <bigram weight="1" > that melts </bigram>
    <bigram weight="1" > your society </bigram>
    <bigram weight="1" > love to </bigram>
    <bigram weight="1" > less ### </bigram>
    <bigram weight="1" > beneath ### </bigram>
    <bigram weight="1" > spray of </bigram>
    <bigram weight="1" > the grass </bigram>
    <bigram weight="1" > ### sitting </bigram>
    <bigram weight="1" > sparrow alight </bigram>
    <bigram weight="1" > felt that </bigram>
    <bigram weight="1" > february ## </bigram>
    <bigram weight="1" > a moment </bigram>
    <bigram weight="1" > the brilliant </bigram>
    <bigram weight="1" > some rare </bigram>
    <bigram weight="1" > a wiry </bigram>
    <bigram weight="1" > s latest </bigram>
    <bigram weight="1" > nature is </bigram>
    <bigram weight="1" > thrush launches </bigram>
    <bigram weight="1" > edition of </bigram>
    <bigram weight="1" > december ## </bigram>
    <bigram weight="1" > moment while </bigram>
    <bigram weight="1" > not thrill </bigram>
    <bigram weight="1" > baltimore oriole </bigram>
    <bigram weight="1" > song ### </bigram>
    <bigram weight="1" > dinner out </bigram>
    <bigram weight="1" > earth ### </bigram>
    <bigram weight="1" > my woodpile </bigram>
    <bigram weight="1" > at least </bigram>
    <bigram weight="1" > and innocent </bigram>
    <bigram weight="1" > the result </bigram>
    <bigram weight="1" > had a </bigram>
    <bigram weight="1" > # ## </bigram>
    <bigram weight="1" > his heart </bigram>
    <bigram weight="1" > shall not </bigram>
    <bigram weight="1" > might have </bigram>
    <bigram weight="1" > as the </bigram>
    <bigram weight="1" > a field </bigram>
    <bigram weight="1" > sings the </bigram>
    <bigram weight="1" > refers to </bigram>
    <bigram weight="1" > henry david </bigram>
    <bigram weight="1" > one strain </bigram>
    <bigram weight="1" > he notes </bigram>
    <bigram weight="1" > came the </bigram>
    <bigram weight="1" > ### brings </bigram>
    <bigram weight="1" > the sight </bigram>
    <bigram weight="1" > tragedy at </bigram>
    <bigram weight="1" > never infirm </bigram>
    <bigram weight="1" > our solacement </bigram>
    <bigram weight="1" > have worn </bigram>
    <bigram weight="1" > say # </bigram>
    <bigram weight="1" > bird with </bigram>
    <bigram weight="1" > ### as </bigram>
    <bigram weight="1" > robin ### </bigram>
    <bigram weight="1" > expression used </bigram>
    <bigram weight="1" > color of </bigram>
    <bigram weight="1" > no doubt </bigram>
    <bigram weight="1" > the publication </bigram>
    <bigram weight="1" > in colorful </bigram>
    <bigram weight="1" > june ## </bigram>
    <bigram weight="1" > thoreau might </bigram>
    <bigram weight="1" > through the </bigram>
    <bigram weight="1" > wood heard </bigram>
    <bigram weight="1" > distinguished by </bigram>
    <bigram weight="1" > what becomes </bigram>
    <bigram weight="1" > a dinner </bigram>
    <bigram weight="1" > within call </bigram>
    <bigram weight="1" > saw a </bigram>
    <bigram weight="1" > even ### </bigram>
    <bigram weight="1" > stance than </bigram>
    <bigram weight="1" > sitting on </bigram>
    <bigram weight="1" > any of </bigram>
    <bigram weight="1" > twenty years </bigram>
    <bigram weight="1" > the northern </bigram>
    <bigram weight="1" > ### by </bigram>
    <bigram weight="1" > life and </bigram>
    <bigram weight="1" > roger tory </bigram>
    <bigram weight="1" > when i </bigram>
    <bigram weight="1" > do not </bigram>
    <bigram weight="1" > # unlike </bigram>
    <bigram weight="1" > of roger </bigram>
    <bigram weight="1" > so inno </bigram>
    <bigram weight="1" > apple tree </bigram>
    <bigram weight="1" > ### never </bigram>
    <bigram weight="1" > reacted to </bigram>
    <bigram weight="1" > warble of </bigram>
    <bigram weight="1" > summer day </bigram>
    <bigram weight="1" > thrasher or </bigram>
    <bigram weight="1" > # we </bigram>
    <bigram weight="1" > ### upon </bigram>
    <bigram weight="1" > northern bird </bigram>
    <bigram weight="1" > him ### </bigram>
    <bigram weight="1" > clearing ### </bigram>
    <bigram weight="1" > whose note </bigram>
    <bigram weight="1" > flitting lisping </bigram>
    <bigram weight="1" > not forget </bigram>
    <bigram weight="1" > is seen </bigram>
    <bigram weight="1" > that in </bigram>
    <bigram weight="1" > described the </bigram>
    <bigram weight="1" > the winter </bigram>
    <bigram weight="1" > i shall </bigram>
    <bigram weight="1" > subject ### </bigram>
    <bigram weight="1" > twig of </bigram>
    <bigram weight="1" > which he </bigram>
    <bigram weight="1" > the earth </bigram>
    <bigram weight="1" > which ### </bigram>
    <bigram weight="1" > heard for </bigram>
    <bigram weight="1" > look for </bigram>
    <bigram weight="1" > upon the </bigram>
    <bigram weight="1" > seen thus </bigram>
    <bigram weight="1" > while you </bigram>
    <bigram weight="1" > mild plantation </bigram>
    <bigram weight="1" > un matchable </bigram>
    <bigram weight="1" > fifty of </bigram>
    <bigram weight="1" > and goings </bigram>
    <bigram weight="1" > at loring </bigram>
    <bigram weight="1" > a tragedy </bigram>
    <bigram weight="1" > morning ### </bigram>
    <bigram weight="1" > wherever he </bigram>
    <bigram weight="1" > latest edition </bigram>
    <bigram weight="1" > effusive praise </bigram>
    <bigram weight="1" > his beauty </bigram>
    <bigram weight="1" > tory peterson </bigram>
    <bigram weight="1" > merrimack rivers </bigram>
    <bigram weight="1" > rare a </bigram>
    <bigram weight="1" > alight upon </bigram>
    <bigram weight="1" > describes this </bigram>
    <bigram weight="1" > man hears </bigram>
    <bigram weight="1" > if any </bigram>
    <bigram weight="1" > summery ### </bigram>
    <bigram weight="1" > air and </bigram>
    <bigram weight="1" > the bluebird </bigram>
    <bigram weight="1" > my shoulder </bigram>
    <bigram weight="1" > the comings </bigram>
    <bigram weight="1" > a red </bigram>
    <bigram weight="1" > sky above </bigram>
    <bigram weight="1" > the air </bigram>
    <bigram weight="1" > # fair </bigram>
    <bigram weight="1" > ### none </bigram>
    <bigram weight="1" > not what </bigram>
    <bigram weight="1" > ### yet </bigram>
    <bigram weight="1" > melts the </bigram>
    <bigram weight="1" > july ## </bigram>
    <bigram weight="1" > icicle ### </bigram>
    <bigram weight="1" > pick a </bigram>
    <bigram weight="1" > most effusive </bigram>
    <bigram weight="1" > garden ### </bigram>
    <bigram weight="1" > ### whose </bigram>
    <bigram weight="1" > grosbeak is </bigram>
    <bigram weight="1" > such as </bigram>
    <bigram weight="1" > of at </bigram>
    <bigram weight="1" > heard a </bigram>
    <bigram weight="1" > are past </bigram>
    <bigram weight="1" > forest for </bigram>
    <bigram weight="1" > sarkesian the </bigram>
    <bigram weight="1" > solacement ### </bigram>
    <bigram weight="1" > sky # </bigram>
    <bigram weight="1" > sweet and </bigram>
    <bigram weight="1" > a more </bigram>
    <bigram weight="1" > beauty ### </bigram>
    <bigram weight="1" > life are </bigram>
    <bigram weight="1" > # there </bigram>
    <bigram weight="1" > to his </bigram>
    <bigram weight="1" > ### if </bigram>
    <bigram weight="1" > ### grosbeak </bigram>
    <bigram weight="1" > years visitors </bigram>
    <bigram weight="1" > the sky </bigram>
    <bigram weight="1" > # no </bigram>
    <bigram weight="1" > that the </bigram>
    <bigram weight="1" > to call </bigram>
    <bigram weight="1" > ### which </bigram>
    <bigram weight="1" > an outstanding </bigram>
    <bigram weight="1" > in her </bigram>
    <bigram weight="1" > winter ### </bigram>
    <bigram weight="1" > men talk </bigram>
    <bigram weight="1" > i had </bigram>
    <bigram weight="1" > the backyards </bigram>
    <bigram weight="1" > above and </bigram>
    <bigram weight="1" > what they </bigram>
    <bigram weight="1" > birds mentioned </bigram>
    <bigram weight="1" > he said </bigram>
    <bigram weight="1" > meet with </bigram>
    <bigram weight="1" > warbling so </bigram>
    <bigram weight="1" > rivers ### </bigram>
    <bigram weight="1" > david thoreau </bigram>
    <bigram weight="1" > red bird </bigram>
    <bigram weight="1" > even when </bigram>
    <bigram weight="1" > days ### </bigram>
    <bigram weight="1" > the pine </bigram>
    <bigram weight="1" > one of </bigram>
    <bigram weight="1" > the ones </bigram>
    <bigram weight="1" > visitors to </bigram>
    <bigram weight="1" > ### days </bigram>
    <bigram weight="1" > as some </bigram>
    <bigram weight="1" > the distance </bigram>
    <bigram weight="1" > have described </bigram>
    <bigram weight="1" > when some </bigram>
    <bigram weight="1" > of other </bigram>
    <bigram weight="1" > a warmth </bigram>
    <bigram weight="1" > been by </bigram>
    <bigram weight="1" > modern philosopher </bigram>
    <bigram weight="1" > or red </bigram>
    <bigram weight="1" > of massachusetts </bigram>
    <bigram weight="1" > red ### </bigram>
    <bigram weight="1" > the evening </bigram>
    <bigram weight="1" > sound of </bigram>
    <bigram weight="1" > s observations </bigram>
    <bigram weight="1" > those mild </bigram>
    <bigram weight="1" > that i </bigram>
    <bigram weight="1" > and life </bigram>
    <bigram weight="1" > how might </bigram>
    <bigram weight="1" > heard and </bigram>
    <bigram weight="1" > ### may </bigram>
    <bigram weight="1" > far south </bigram>
    <bigram weight="1" > this bird </bigram>
    <bigram weight="1" > ### march </bigram>
    <bigram weight="1" > the tinkling </bigram>
    <bigram weight="1" > i should </bigram>
    <bigram weight="1" > innocent ### </bigram>
    <bigram weight="1" > the bloody </bigram>
    <bigram weight="1" > publication of </bigram>
    <bigram weight="1" > birds that </bigram>
    <bigram weight="1" > bird ### </bigram>
    <bigram weight="1" > a pine </bigram>
    <bigram weight="1" > he hears </bigram>
    <bigram weight="1" > plato or </bigram>
    <bigram weight="1" > chickadees in </bigram>
    <bigram weight="1" > the sparrows </bigram>
    <bigram weight="1" > out of </bigram>
    <bigram weight="1" > offspring of </bigram>
    <bigram weight="1" > world and </bigram>
    <bigram weight="1" > ### like </bigram>
    <bigram weight="1" > a bird </bigram>
    <bigram weight="1" > the chickadees </bigram>
    <bigram weight="1" > is ### </bigram>
    <bigram weight="1" > the twig </bigram>
    <bigram weight="1" > for a </bigram>
    <bigram weight="1" > event to </bigram>
    <bigram weight="1" > strain ### </bigram>
    <bigram weight="1" > angel of </bigram>
    <bigram weight="1" > and nature </bigram>
    <bigram weight="1" > and powerful </bigram>
    <bigram weight="1" > # in </bigram>
    <bigram weight="1" > thrill you </bigram>
    <bigram weight="1" > his encounter </bigram>
    <bigram weight="1" > rarely ### </bigram>
    <bigram weight="1" > with so </bigram>
    <bigram weight="1" > mind henry </bigram>
    <bigram weight="1" > upon my </bigram>
    <bigram weight="1" > inno cently </bigram>
    <bigram weight="1" > us with </bigram>
    <bigram weight="1" > by barbara </bigram>
    <bigram weight="1" > ### july </bigram>
    <bigram weight="1" > first i </bigram>
    <bigram weight="1" > talk of </bigram>
    <bigram weight="1" > also came </bigram>
    <bigram weight="1" > heaven are </bigram>
    <bigram weight="1" > the last </bigram>
    <bigram weight="1" > he have </bigram>
    <bigram weight="1" > ### to </bigram>
    <bigram weight="1" > a robin </bigram>
    <bigram weight="1" > against him </bigram>
    <bigram weight="1" > ### one </bigram>
    <bigram weight="1" > the vesper </bigram>
    <bigram weight="1" > whenever a </bigram>
    <bigram weight="1" > cardinal ### </bigram>
    <bigram weight="1" > is an </bigram>
    <bigram weight="1" > forth one </bigram>
    <bigram weight="1" > see their </bigram>
    <bigram weight="1" > meanwhile also </bigram>
    <bigram weight="1" > lie about </bigram>
    <bigram weight="1" > might he </bigram>
    <bigram weight="1" > village garden </bigram>
    <bigram weight="1" > last twenty </bigram>
    <bigram weight="1" > than i </bigram>
    <bigram weight="1" > suggest poverty </bigram>
    <bigram weight="1" > ### but </bigram>
    <bigram weight="1" > once had </bigram>
    <bigram weight="1" > may ## </bigram>
    <bigram weight="1" > colorful words </bigram>
    <bigram weight="1" > they know </bigram>
    <bigram weight="1" > that circum </bigram>
    <bigram weight="1" > powerful song </bigram>
    <bigram weight="1" > ### june </bigram>
    <bigram weight="1" > i have </bigram>
    <bigram weight="1" > to describe </bigram>
    <bigram weight="1" > you are </bigram>
    <bigram weight="1" > bluebird on </bigram>
    <bigram weight="1" > for our </bigram>
    <bigram weight="1" > ### glad </bigram>
    <bigram weight="1" > recently renamed </bigram>
    <bigram weight="1" > for the </bigram>
    <bigram weight="1" > birds the </bigram>
    <bigram weight="1" > particularly its </bigram>
    <bigram weight="1" > more modern </bigram>
    <bigram weight="1" > words such </bigram>
    <bigram weight="1" > the dead </bigram>
    <bigram weight="1" > rare northern </bigram>
    <bigram weight="1" > the color </bigram>
    <bigram weight="1" > forget for </bigram>
    <bigram weight="1" > and find </bigram>
    <bigram weight="1" > chipper ### </bigram>
    <bigram weight="1" > seem always </bigram>
    <bigram weight="1" > ### what </bigram>
    <bigram weight="1" > subsoil beneath </bigram>
    <bigram weight="1" > know not </bigram>
    <bigram weight="1" > the seed </bigram>
    <bigram weight="1" > its song </bigram>
    <bigram weight="1" > with faint </bigram>
    <bigram weight="1" > red cardinal </bigram>
    <bigram weight="1" > glad of </bigram>
    <bigram weight="1" > inquire if </bigram>
    <bigram weight="1" > blue sky </bigram>
    <bigram weight="1" > and how </bigram>
    <bigram weight="1" > each one </bigram>
    <bigram weight="1" > yore ### </bigram>
    <bigram weight="1" > ### near </bigram>
    <bigram weight="1" > and sound </bigram>
    <bigram weight="1" > ### warbling </bigram>
    <bigram weight="1" > # yet </bigram>
    <bigram weight="1" > at hand </bigram>
    <bigram weight="1" > the gates </bigram>
    <bigram weight="1" > northern oriole </bigram>
    <bigram weight="1" > yet there </bigram>
    <bigram weight="1" > he sits </bigram>
    <bigram weight="1" > that people </bigram>
    <bigram weight="1" > red mavis </bigram>
    <bigram weight="1" > massachusetts ### </bigram>
    <bigram weight="1" > song of </bigram>
    <bigram weight="1" > doubt he </bigram>
    <bigram weight="1" > bodies lie </bigram>
    <bigram weight="1" > lives ### </bigram>
    <bigram weight="1" > always chipper </bigram>
    <bigram weight="1" > other birds </bigram>
    <bigram weight="1" > the blue </bigram>
    <bigram weight="1" > plantation birds </bigram>
    <bigram weight="1" > with his </bigram>
    <bigram weight="1" > the subject </bigram>
    <bigram weight="1" > ### ever </bigram>
    <bigram weight="1" > ### meanwhile </bigram>
    <bigram weight="1" > sight and </bigram>
    <bigram weight="1" > the nightingale </bigram>
    <bigram weight="1" > in walden </bigram>
    <bigram weight="1" > akin to </bigram>
    <bigram weight="1" > ### through </bigram>
    <bigram weight="1" > else with </bigram>
    <bigram weight="1" > launches forth </bigram>
    <bigram weight="1" > thrasher ### </bigram>
    <bigram weight="1" > the thrasher </bigram>
    <bigram weight="1" > free country </bigram>
    <bigram weight="1" > not shut </bigram>
    <bigram weight="1" > birch ### </bigram>
    <bigram weight="1" > the same </bigram>
    <bigram weight="1" > the offspring </bigram>
    <bigram weight="1" > would have </bigram>
    <bigram weight="1" > flocks ### </bigram>
    <bigram weight="1" > lisping notes </bigram>
    <bigram weight="1" > s strain </bigram>
    <bigram weight="1" > you know </bigram>
    <bigram weight="1" > one wonders </bigram>
    <bigram weight="1" > shoulder for </bigram>
    <bigram weight="1" > within the </bigram>
    <bigram weight="1" > tree ### </bigram>
    <bigram weight="1" > country ### </bigram>
    <bigram weight="1" > england summer </bigram>
    <bigram weight="1" > bloody fellow </bigram>
    <bigram weight="1" > philosopher than </bigram>
    <bigram weight="1" > matchable melody </bigram>
    <bigram weight="1" > a free </bigram>
    <bigram weight="1" > have been </bigram>
    <bigram weight="1" > brown thrasher </bigram>
    <bigram weight="1" > circum stance </bigram>
    <bigram weight="1" > ### from </bigram>
    <bigram weight="1" > near at </bigram>
    <bigram weight="1" > first bluebird </bigram>
    <bigram weight="1" > said in </bigram>
    <bigram weight="1" > their lives </bigram>
    <bigram weight="1" > ## the </bigram>
    <bigram weight="1" > call him </bigram>
    <bigram weight="1" > robin in </bigram>
    <bigram weight="1" > result is </bigram>
    <bigram weight="1" > hears it </bigram>
    <bigram weight="1" > often ### </bigram>
    <bigram weight="1" > wiry summery </bigram>
    <bigram weight="1" > of yore </bigram>
    <bigram weight="1" > for him </bigram>
    <bigram weight="1" > its mates </bigram>
    <bigram weight="1" > spring # </bigram>
    <bigram weight="1" > their bodies </bigram>
    <bigram weight="1" > pine grosbeak </bigram>
    <bigram weight="1" > song as </bigram>
    <bigram weight="1" > or aristotle </bigram>
    <bigram weight="1" > brilliant red </bigram>
    <bigram weight="1" > s wood </bigram>
    <bigram weight="1" > brings to </bigram>
    <bigram weight="1" > spring of </bigram>
    <bigram weight="1" > the less </bigram>
    <bigram weight="1" > # to </bigram>
    <bigram weight="1" > he would </bigram>
    <bigram weight="1" > comings and </bigram>
    <bigram weight="1" > bluebird does </bigram>
    <bigram weight="1" > if the </bigram>
    <bigram weight="1" > # even </bigram>
    <bigram weight="1" > describe the </bigram>
    <bigram weight="1" > ### is </bigram>
    <bigram weight="1" > ones used </bigram>
    <bigram weight="1" > not even </bigram>
    <bigram weight="1" > a village </bigram>
    <bigram weight="1" > is reserved </bigram>
    <bigram weight="1" > i am </bigram>
    <bigram weight="1" > than plato </bigram>
    <bigram weight="1" > added these </bigram>
    <bigram weight="1" > as of </bigram>
    <bigram weight="1" > more ### </bigram>
    <bigram weight="1" > none the </bigram>
    <bigram weight="1" > sparrows seem </bigram>
    <bigram weight="1" > a week </bigram>
    <bigram weight="1" > new ### </bigram>
    <bigram weight="1" > with all </bigram>
    <bigram weight="1" > and merrimack </bigram>
    <bigram weight="1" > note i </bigram>
    <bigram weight="1" > in flocks </bigram>
    <bigram weight="1" > of each </bigram>
    <bigram weight="1" > from the </bigram>
    <bigram weight="1" > woodpile ### </bigram>
    <bigram weight="1" > had heard </bigram>
    <bigram weight="1" > and i </bigram>
    <bigram weight="1" > distance ### </bigram>
    <bigram weight="1" > pure and </bigram>
    <bigram weight="1" > gates of </bigram>
    <bigram weight="1" > have added </bigram>
    <bigram weight="1" > was more </bigram>
    <bigram weight="1" > sits uponi </bigram>
    <bigram weight="1" > # while </bigram>
    <bigram weight="1" > planting the </bigram>
    <bigram weight="1" > sum up </bigram>
    <bigram weight="1" > but dazzles </bigram>
    <bigram weight="1" > to meet </bigram>
    <bigram weight="1" > only within </bigram>
    <bigram weight="1" > ### some </bigram>
    <bigram weight="1" > warmth that </bigram>
    <bigram weight="1" > all these </bigram>
    <bigram weight="1" > the warmth </bigram>
    <bigram weight="1" > and soul </bigram>
    <bigram weight="1" > melody ### </bigram>
    <bigram weight="1" > always startled </bigram>
    <bigram weight="1" > are not </bigram>
    <bigram weight="1" > mates are </bigram>
    <bigram weight="1" > week on </bigram>
    <bigram weight="1" > if i </bigram>
    <bigram weight="1" > reserved for </bigram>
    <bigram weight="1" > epaulet i </bigram>
    <bigram weight="1" > have heard </bigram>
    <bigram weight="1" > of which </bigram>
    <bigram weight="1" > dazzles us </bigram>
    <bigram weight="1" > his note </bigram>
    <bigram weight="1" > while i </bigram>
    <bigram weight="1" > the mockingbird </bigram>
    <bigram weight="1" > the green </bigram>
    <bigram weight="1" > strain with </bigram>
    <bigram weight="1" > so rare </bigram>
    <bigram weight="1" > icicles in </bigram>
    <bigram weight="1" > # wherever </bigram>
    <bigram weight="1" > some love </bigram>
    <bigram weight="1" > your life </bigram>
    <bigram weight="1" > the angel </bigram>
    <bigram weight="1" > ever visited </bigram>
    <bigram weight="1" > cently to </bigram>
    <bigram weight="1" > the years </bigram>
    <bigram weight="1" > memorable event </bigram>
    <bigram weight="1" > ### an </bigram>
    <bigram weight="1" > the brown </bigram>
    <bigram weight="1" > pines and </bigram>
    <bigram weight="1" > morning and </bigram>
    <bigram weight="1" > poverty ### </bigram>
    <bigram weight="1" > and of </bigram>
    <bigram weight="1" > more distinguished </bigram>
    <bigram weight="1" > these birds </bigram>
    <bigram weight="1" > young ### </bigram>
    <bigram weight="1" > twig he </bigram>
    <bigram weight="1" > barbara sarkesian </bigram>
    <bigram weight="1" > could ever </bigram>
    <bigram weight="1" > visited my </bigram>
    <bigram weight="1" > the topmost </bigram>
    <bigram weight="1" > bearrfield ### </bigram>
    <bigram weight="1" > painted in </bigram>
    <bigram weight="1" > grosbeak ### </bigram>
    <bigram weight="1" > ever find </bigram>
    <bigram weight="1" > encounter with </bigram>
    <bigram weight="1" > # they </bigram>
    <bigram weight="1" > a tanager </bigram>
    <bigram weight="1" > same sweet </bigram>
    <bigram weight="1" > hand ### </bigram>
    <bigram weight="1" > thus far </bigram>
    <bigram weight="1" > ### when </bigram>
    <bigram weight="1" > mavis ### </bigram>
    <bigram weight="1" > up his </bigram>
    <bigram weight="1" > are planting </bigram>
    <bigram weight="1" > society ### </bigram>
    <bigram weight="1" > him and </bigram>
    <bigram weight="1" > of icicles </bigram>
    <bigram weight="1" > sparrow ### </bigram>
    <bigram weight="1" > loring ### </bigram>
    <bigram weight="1" > ### only </bigram>
    <bigram weight="1" > and a </bigram>
    <bigram weight="1" > # if </bigram>
    <bigram weight="1" > of his </bigram>
    <bigram weight="1" > a sparrow </bigram>
    <bigram weight="1" > examples ### </bigram>
    <bigram weight="1" > of its </bigram>
    <bigram weight="1" > ### tuesday </bigram>
    <bigram weight="1" > of their </bigram>
    <bigram weight="1" > he describes </bigram>
    <bigram weight="1" > am always </bigram>
</article>
