<?xml version="1.0" encoding="UTF-8"?>
<article id="10.2307/23394597" >
    <bigram weight="81" > ### # </bigram>
    <bigram weight="77" > ### ### </bigram>
    <bigram weight="41" > # ### </bigram>
    <bigram weight="28" > ## ## </bigram>
    <bigram weight="27" > ## ### </bigram>
    <bigram weight="24" > ### ## </bigram>
    <bigram weight="20" > of the </bigram>
    <bigram weight="17" > andromeda ### </bigram>
    <bigram weight="12" > in the </bigram>
    <bigram weight="12" > the andromeda </bigram>
    <bigram weight="11" > ### and </bigram>
    <bigram weight="10" > to the </bigram>
    <bigram weight="8" > ### with </bigram>
    <bigram weight="8" > ### s </bigram>
    <bigram weight="8" > andromeda ponds </bigram>
    <bigram weight="8" > ### the </bigram>
    <bigram weight="7" > ### a </bigram>
    <bigram weight="6" > # the </bigram>
    <bigram weight="6" > ### of </bigram>
    <bigram weight="6" > privet andromeda </bigram>
    <bigram weight="6" > ### andromeda </bigram>
    <bigram weight="6" > ponds ### </bigram>
    <bigram weight="6" > in ### </bigram>
    <bigram weight="5" > the journal </bigram>
    <bigram weight="5" > thoreau ### </bigram>
    <bigram weight="5" > racemed andromeda </bigram>
    <bigram weight="5" > name ### </bigram>
    <bigram weight="5" > ### i </bigram>
    <bigram weight="5" > # i </bigram>
    <bigram weight="5" > ligustrina ### </bigram>
    <bigram weight="5" > leatherleaf ### </bigram>
    <bigram weight="5" > a ### </bigram>
    <bigram weight="5" > and the </bigram>
    <bigram weight="5" > is a </bigram>
    <bigram weight="5" > on the </bigram>
    <bigram weight="4" > andromeda poli </bigram>
    <bigram weight="4" > ### to </bigram>
    <bigram weight="4" > panicled andromeda </bigram>
    <bigram weight="4" > ### thoreau </bigram>
    <bigram weight="4" > by the </bigram>
    <bigram weight="4" > ### which </bigram>
    <bigram weight="4" > of this </bigram>
    <bigram weight="4" > blueberry ### </bigram>
    <bigram weight="4" > racemosa ### </bigram>
    <bigram weight="4" > calyculata ### </bigram>
    <bigram weight="4" > shrubs ### </bigram>
    <bigram weight="4" > ### has </bigram>
    <bigram weight="4" > ### is </bigram>
    <bigram weight="4" > referred to </bigram>
    <bigram weight="4" > the concord </bigram>
    <bigram weight="4" > in this </bigram>
    <bigram weight="4" > ### as </bigram>
    <bigram weight="4" > # in </bigram>
    <bigram weight="4" > ### in </bigram>
    <bigram weight="4" > from the </bigram>
    <bigram weight="4" > this shrub </bigram>
    <bigram weight="3" > gleason ### </bigram>
    <bigram weight="3" > sleeping couchant </bigram>
    <bigram weight="3" > did not </bigram>
    <bigram weight="3" > bed of </bigram>
    <bigram weight="3" > journal ### </bigram>
    <bigram weight="3" > the panicled </bigram>
    <bigram weight="3" > ### new </bigram>
    <bigram weight="3" > swamp ### </bigram>
    <bigram weight="3" > # ## </bigram>
    <bigram weight="3" > the index </bigram>
    <bigram weight="3" > they are </bigram>
    <bigram weight="3" > andromeda calyculata </bigram>
    <bigram weight="3" > paniculata ### </bigram>
    <bigram weight="3" > index of </bigram>
    <bigram weight="3" > ### chamaedaphne </bigram>
    <bigram weight="3" > the same </bigram>
    <bigram weight="3" > ### or </bigram>
    <bigram weight="3" > ### he </bigram>
    <bigram weight="3" > sleeping close </bigram>
    <bigram weight="3" > ### c </bigram>
    <bigram weight="3" > or cassandra </bigram>
    <bigram weight="3" > water ### </bigram>
    <bigram weight="3" > the bog </bigram>
    <bigram weight="3" > the ### </bigram>
    <bigram weight="3" > ### it </bigram>
    <bigram weight="3" > it ### </bigram>
    <bigram weight="3" > rosemary ### </bigram>
    <bigram weight="3" > concord ### </bigram>
    <bigram weight="3" > with a </bigram>
    <bigram weight="3" > poli folia </bigram>
    <bigram weight="3" > them ### </bigram>
    <bigram weight="3" > light brown </bigram>
    <bigram weight="3" > bog rosemary </bigram>
    <bigram weight="3" > there is </bigram>
    <bigram weight="3" > cassandra ### </bigram>
    <bigram weight="2" > and in </bigram>
    <bigram weight="2" > andromeda or </bigram>
    <bigram weight="2" > brown ### </bigram>
    <bigram weight="2" > ### privet </bigram>
    <bigram weight="2" > as well </bigram>
    <bigram weight="2" > andromeda as </bigram>
    <bigram weight="2" > ponds are </bigram>
    <bigram weight="2" > one or </bigram>
    <bigram weight="2" > to have </bigram>
    <bigram weight="2" > however ### </bigram>
    <bigram weight="2" > or two </bigram>
    <bigram weight="2" > brown andromeda </bigram>
    <bigram weight="2" > l ### </bigram>
    <bigram weight="2" > slender ### </bigram>
    <bigram weight="2" > xolisma ligustrina </bigram>
    <bigram weight="2" > along them </bigram>
    <bigram weight="2" > ### sleeping </bigram>
    <bigram weight="2" > ### l </bigram>
    <bigram weight="2" > along the </bigram>
    <bigram weight="2" > new york </bigram>
    <bigram weight="2" > close along </bigram>
    <bigram weight="2" > in concord </bigram>
    <bigram weight="2" > is that </bigram>
    <bigram weight="2" > flora of </bigram>
    <bigram weight="2" > brown twigs </bigram>
    <bigram weight="2" > the name </bigram>
    <bigram weight="2" > hills ### </bigram>
    <bigram weight="2" > modern equivalent </bigram>
    <bigram weight="2" > with minute </bigram>
    <bigram weight="2" > c ### </bigram>
    <bigram weight="2" > of sphagnum </bigram>
    <bigram weight="2" > j ### </bigram>
    <bigram weight="2" > andromeda paniculata </bigram>
    <bigram weight="2" > about the </bigram>
    <bigram weight="2" > the isthmus </bigram>
    <bigram weight="2" > and there </bigram>
    <bigram weight="2" > in ## </bigram>
    <bigram weight="2" > according to </bigram>
    <bigram weight="2" > name jugglers </bigram>
    <bigram weight="2" > lyonia ligustrina </bigram>
    <bigram weight="2" > filled with </bigram>
    <bigram weight="2" > ### glaucophylla </bigram>
    <bigram weight="2" > he was </bigram>
    <bigram weight="2" > ### recent </bigram>
    <bigram weight="2" > shrub ### </bigram>
    <bigram weight="2" > are not </bigram>
    <bigram weight="2" > references to </bigram>
    <bigram weight="2" > that the </bigram>
    <bigram weight="2" > swamp azalea </bigram>
    <bigram weight="2" > other shrubs </bigram>
    <bigram weight="2" > water and </bigram>
    <bigram weight="2" > ### light </bigram>
    <bigram weight="2" > ### panicled </bigram>
    <bigram weight="2" > fetterbush ### </bigram>
    <bigram weight="2" > ### etc </bigram>
    <bigram weight="2" > as ### </bigram>
    <bigram weight="2" > found in </bigram>
    <bigram weight="2" > the flowers </bigram>
    <bigram weight="2" > buds sleeping </bigram>
    <bigram weight="2" > which the </bigram>
    <bigram weight="2" > ### by </bigram>
    <bigram weight="2" > etc ### </bigram>
    <bigram weight="2" > that is </bigram>
    <bigram weight="2" > ### xolisma </bigram>
    <bigram weight="2" > isthmus ### </bigram>
    <bigram weight="2" > visit to </bigram>
    <bigram weight="2" > ### except </bigram>
    <bigram weight="2" > to a </bigram>
    <bigram weight="2" > sphagnum ### </bigram>
    <bigram weight="2" > a dense </bigram>
    <bigram weight="2" > d ### </bigram>
    <bigram weight="2" > ### buds </bigram>
    <bigram weight="2" > ### there </bigram>
    <bigram weight="2" > ### boston </bigram>
    <bigram weight="2" > number of </bigram>
    <bigram weight="2" > to me </bigram>
    <bigram weight="2" > the way </bigram>
    <bigram weight="2" > meadow ### </bigram>
    <bigram weight="2" > no more </bigram>
    <bigram weight="2" > miles ### </bigram>
    <bigram weight="2" > # andromeda </bigram>
    <bigram weight="2" > the only </bigram>
    <bigram weight="2" > the fine </bigram>
    <bigram weight="2" > fine ### </bigram>
    <bigram weight="2" > the hills </bigram>
    <bigram weight="2" > in thoreau </bigram>
    <bigram weight="2" > refer to </bigram>
    <bigram weight="2" > recent shoots </bigram>
    <bigram weight="2" > red buds </bigram>
    <bigram weight="2" > ### these </bigram>
    <bigram weight="2" > as a </bigram>
    <bigram weight="2" > shoots ### </bigram>
    <bigram weight="2" > two feet </bigram>
    <bigram weight="2" > the accepted </bigram>
    <bigram weight="2" > when he </bigram>
    <bigram weight="2" > eubotrys racemosa </bigram>
    <bigram weight="2" > ### rare </bigram>
    <bigram weight="2" > here and </bigram>
    <bigram weight="2" > english name </bigram>
    <bigram weight="2" > ### petrides </bigram>
    <bigram weight="2" > high ### </bigram>
    <bigram weight="2" > the slender </bigram>
    <bigram weight="2" > ### springing </bigram>
    <bigram weight="2" > boston ### </bigram>
    <bigram weight="2" > the surrounding </bigram>
    <bigram weight="2" > ### brown </bigram>
    <bigram weight="2" > ### that </bigram>
    <bigram weight="2" > andromeda pond </bigram>
    <bigram weight="2" > all the </bigram>
    <bigram weight="2" > edition ### </bigram>
    <bigram weight="2" > maleberry ### </bigram>
    <bigram weight="2" > at the </bigram>
    <bigram weight="2" > as the </bigram>
    <bigram weight="2" > a few </bigram>
    <bigram weight="2" > flowers of </bigram>
    <bigram weight="2" > and gleason </bigram>
    <bigram weight="2" > ### under </bigram>
    <bigram weight="2" > are the </bigram>
    <bigram weight="2" > open water </bigram>
    <bigram weight="2" > small andromeda </bigram>
    <bigram weight="2" > and brown </bigram>
    <bigram weight="2" > ### so </bigram>
    <bigram weight="2" > part of </bigram>
    <bigram weight="2" > couchant along </bigram>
    <bigram weight="2" > we have </bigram>
    <bigram weight="2" > minute red </bigram>
    <bigram weight="2" > species of </bigram>
    <bigram weight="2" > much more </bigram>
    <bigram weight="2" > britton and </bigram>
    <bigram weight="2" > the ponds </bigram>
    <bigram weight="2" > area ### </bigram>
    <bigram weight="2" > the whole </bigram>
    <bigram weight="2" > for the </bigram>
    <bigram weight="2" > chamaedaphne calyculata </bigram>
    <bigram weight="2" > more than </bigram>
    <bigram weight="2" > twigs ### </bigram>
    <bigram weight="2" > ### according </bigram>
    <bigram weight="2" > ### racemosa </bigram>
    <bigram weight="2" > appears to </bigram>
    <bigram weight="2" > have been </bigram>
    <bigram weight="2" > torrey and </bigram>
    <bigram weight="2" > from a </bigram>
    <bigram weight="2" > ### but </bigram>
    <bigram weight="2" > highbush blueberry </bigram>
    <bigram weight="2" > ### when </bigram>
    <bigram weight="2" > i was </bigram>
    <bigram weight="2" > pink azalea </bigram>
    <bigram weight="1" > sweetbells ### </bigram>
    <bigram weight="1" > clumps ### </bigram>
    <bigram weight="1" > on a </bigram>
    <bigram weight="1" > the references </bigram>
    <bigram weight="1" > have made </bigram>
    <bigram weight="1" > the first </bigram>
    <bigram weight="1" > been as </bigram>
    <bigram weight="1" > references are </bigram>
    <bigram weight="1" > common on </bigram>
    <bigram weight="1" > i subsequently </bigram>
    <bigram weight="1" > i found </bigram>
    <bigram weight="1" > surroundings look </bigram>
    <bigram weight="1" > by thoreau </bigram>
    <bigram weight="1" > in use </bigram>
    <bigram weight="1" > petrides and </bigram>
    <bigram weight="1" > of coarse </bigram>
    <bigram weight="1" > ### small </bigram>
    <bigram weight="1" > for pedantic </bigram>
    <bigram weight="1" > cover to </bigram>
    <bigram weight="1" > ### feet </bigram>
    <bigram weight="1" > river ### </bigram>
    <bigram weight="1" > and partly </bigram>
    <bigram weight="1" > attractive to </bigram>
    <bigram weight="1" > ### allen </bigram>
    <bigram weight="1" > thoreau was </bigram>
    <bigram weight="1" > by this </bigram>
    <bigram weight="1" > and allen </bigram>
    <bigram weight="1" > as commonly </bigram>
    <bigram weight="1" > and less </bigram>
    <bigram weight="1" > much confusion </bigram>
    <bigram weight="1" > of course </bigram>
    <bigram weight="1" > classical mythology </bigram>
    <bigram weight="1" > bogs ### </bigram>
    <bigram weight="1" > but pink </bigram>
    <bigram weight="1" > sun ### </bigram>
    <bigram weight="1" > scientific ### </bigram>
    <bigram weight="1" > very distinct </bigram>
    <bigram weight="1" > which is </bigram>
    <bigram weight="1" > name andromeda </bigram>
    <bigram weight="1" > thereafter married </bigram>
    <bigram weight="1" > states ### </bigram>
    <bigram weight="1" > last king </bigram>
    <bigram weight="1" > hafner ### </bigram>
    <bigram weight="1" > of apparently </bigram>
    <bigram weight="1" > wondered about </bigram>
    <bigram weight="1" > i discovered </bigram>
    <bigram weight="1" > journal which </bigram>
    <bigram weight="1" > careful examina </bigram>
    <bigram weight="1" > wet ### </bigram>
    <bigram weight="1" > gradually became </bigram>
    <bigram weight="1" > belt of </bigram>
    <bigram weight="1" > any ### </bigram>
    <bigram weight="1" > petrides ### </bigram>
    <bigram weight="1" > or more </bigram>
    <bigram weight="1" > dover edition </bigram>
    <bigram weight="1" > massachusetts ### </bigram>
    <bigram weight="1" > gives without </bigram>
    <bigram weight="1" > to white </bigram>
    <bigram weight="1" > of small </bigram>
    <bigram weight="1" > ### question </bigram>
    <bigram weight="1" > much as </bigram>
    <bigram weight="1" > dwarf cassandra </bigram>
    <bigram weight="1" > richard j </bigram>
    <bigram weight="1" > and would </bigram>
    <bigram weight="1" > only places </bigram>
    <bigram weight="1" > no mention </bigram>
    <bigram weight="1" > ### bearing </bigram>
    <bigram weight="1" > three years </bigram>
    <bigram weight="1" > read over </bigram>
    <bigram weight="1" > genus andromeda </bigram>
    <bigram weight="1" > there some </bigram>
    <bigram weight="1" > ### flowers </bigram>
    <bigram weight="1" > ### harriet </bigram>
    <bigram weight="1" > so much </bigram>
    <bigram weight="1" > flowers and </bigram>
    <bigram weight="1" > furthermore ### </bigram>
    <bigram weight="1" > convention of </bigram>
    <bigram weight="1" > m ### </bigram>
    <bigram weight="1" > already quoted </bigram>
    <bigram weight="1" > going to </bigram>
    <bigram weight="1" > # so </bigram>
    <bigram weight="1" > ed andromeda </bigram>
    <bigram weight="1" > old ### </bigram>
    <bigram weight="1" > # panicled </bigram>
    <bigram weight="1" > mixed with </bigram>
    <bigram weight="1" > ### latin </bigram>
    <bigram weight="1" > thoreau wrote </bigram>
    <bigram weight="1" > either andromeda </bigram>
    <bigram weight="1" > of troy </bigram>
    <bigram weight="1" > inner border </bigram>
    <bigram weight="1" > above ### </bigram>
    <bigram weight="1" > detect nothing </bigram>
    <bigram weight="1" > ### identification </bigram>
    <bigram weight="1" > of these </bigram>
    <bigram weight="1" > ### leucothoë </bigram>
    <bigram weight="1" > perseus rescued </bigram>
    <bigram weight="1" > the preceding </bigram>
    <bigram weight="1" > emerson ### </bigram>
    <bigram weight="1" > boston and </bigram>
    <bigram weight="1" > is surrounded </bigram>
    <bigram weight="1" > a field </bigram>
    <bigram weight="1" > of swamp </bigram>
    <bigram weight="1" > ### chiefly </bigram>
    <bigram weight="1" > william m </bigram>
    <bigram weight="1" > andromeda fetterbush </bigram>
    <bigram weight="1" > experienced lovers </bigram>
    <bigram weight="1" > example ### </bigram>
    <bigram weight="1" > henry d </bigram>
    <bigram weight="1" > nudiflorum ### </bigram>
    <bigram weight="1" > ### described </bigram>
    <bigram weight="1" > ### calls </bigram>
    <bigram weight="1" > considering the </bigram>
    <bigram weight="1" > the latter </bigram>
    <bigram weight="1" > still denser </bigram>
    <bigram weight="1" > old book </bigram>
    <bigram weight="1" > the southerly </bigram>
    <bigram weight="1" > thanks to </bigram>
    <bigram weight="1" > # unfortunately </bigram>
    <bigram weight="1" > s ### </bigram>
    <bigram weight="1" > the names </bigram>
    <bigram weight="1" > grows on </bigram>
    <bigram weight="1" > realized ### </bigram>
    <bigram weight="1" > so far </bigram>
    <bigram weight="1" > dwarf ### </bigram>
    <bigram weight="1" > brown clustered </bigram>
    <bigram weight="1" > as they </bigram>
    <bigram weight="1" > ericaceae ### </bigram>
    <bigram weight="1" > than commonly </bigram>
    <bigram weight="1" > have received </bigram>
    <bigram weight="1" > which are </bigram>
    <bigram weight="1" > bushels of </bigram>
    <bigram weight="1" > stagnant than </bigram>
    <bigram weight="1" > surely no </bigram>
    <bigram weight="1" > she gives </bigram>
    <bigram weight="1" > investigation ### </bigram>
    <bigram weight="1" > which ### </bigram>
    <bigram weight="1" > first or </bigram>
    <bigram weight="1" > edittons of </bigram>
    <bigram weight="1" > by context </bigram>
    <bigram weight="1" > the greater </bigram>
    <bigram weight="1" > or panicked </bigram>
    <bigram weight="1" > leucothoe or </bigram>
    <bigram weight="1" > for example </bigram>
    <bigram weight="1" > hundred years </bigram>
    <bigram weight="1" > ### always </bigram>
    <bigram weight="1" > floating mat </bigram>
    <bigram weight="1" > grayish looking </bigram>
    <bigram weight="1" > interior ### </bigram>
    <bigram weight="1" > leatherleaf in </bigram>
    <bigram weight="1" > branching panicle </bigram>
    <bigram weight="1" > topped uniformly </bigram>
    <bigram weight="1" > folia bog </bigram>
    <bigram weight="1" > many earlier </bigram>
    <bigram weight="1" > stagnant water </bigram>
    <bigram weight="1" > a total </bigram>
    <bigram weight="1" > known as </bigram>
    <bigram weight="1" > this in </bigram>
    <bigram weight="1" > glow of </bigram>
    <bigram weight="1" > s old </bigram>
    <bigram weight="1" > covered with </bigram>
    <bigram weight="1" > in identifying </bigram>
    <bigram weight="1" > andromeda is </bigram>
    <bigram weight="1" > seen ### </bigram>
    <bigram weight="1" > leatherleaf or </bigram>
    <bigram weight="1" > perhaps the </bigram>
    <bigram weight="1" > plants were </bigram>
    <bigram weight="1" > the context </bigram>
    <bigram weight="1" > and level </bigram>
    <bigram weight="1" > ### if </bigram>
    <bigram weight="1" > form ing </bigram>
    <bigram weight="1" > s andromedas </bigram>
    <bigram weight="1" > became apparent </bigram>
    <bigram weight="1" > formerly called </bigram>
    <bigram weight="1" > just within </bigram>
    <bigram weight="1" > panic ed </bigram>
    <bigram weight="1" > perhaps ### </bigram>
    <bigram weight="1" > with the </bigram>
    <bigram weight="1" > mat of </bigram>
    <bigram weight="1" > in earlier </bigram>
    <bigram weight="1" > polifolia in </bigram>
    <bigram weight="1" > ## many </bigram>
    <bigram weight="1" > well ground </bigram>
    <bigram weight="1" > a daughter </bigram>
    <bigram weight="1" > the past </bigram>
    <bigram weight="1" > garden dictionary </bigram>
    <bigram weight="1" > this form </bigram>
    <bigram weight="1" > of either </bigram>
    <bigram weight="1" > fond of </bigram>
    <bigram weight="1" > older book </bigram>
    <bigram weight="1" > walden pond </bigram>
    <bigram weight="1" > ### vaccinium </bigram>
    <bigram weight="1" > different andromedas </bigram>
    <bigram weight="1" > course ### </bigram>
    <bigram weight="1" > andromedas by </bigram>
    <bigram weight="1" > and swamp </bigram>
    <bigram weight="1" > andromedas in </bigram>
    <bigram weight="1" > valley nestle </bigram>
    <bigram weight="1" > to cover </bigram>
    <bigram weight="1" > king of </bigram>
    <bigram weight="1" > our ### </bigram>
    <bigram weight="1" > continue to </bigram>
    <bigram weight="1" > lovers as </bigram>
    <bigram weight="1" > ### rhododendron </bigram>
    <bigram weight="1" > journal index </bigram>
    <bigram weight="1" > illustrated flora </bigram>
    <bigram weight="1" > above the </bigram>
    <bigram weight="1" > ### above </bigram>
    <bigram weight="1" > narrow ridge </bigram>
    <bigram weight="1" > be the </bigram>
    <bigram weight="1" > volume ### </bigram>
    <bigram weight="1" > jugglers ### </bigram>
    <bigram weight="1" > the sphagnum </bigram>
    <bigram weight="1" > less stagnant </bigram>
    <bigram weight="1" > ### one </bigram>
    <bigram weight="1" > scientific name </bigram>
    <bigram weight="1" > a modern </bigram>
    <bigram weight="1" > ## androineda </bigram>
    <bigram weight="1" > ethiopian princess </bigram>
    <bigram weight="1" > ray angelo </bigram>
    <bigram weight="1" > mass of </bigram>
    <bigram weight="1" > ### miles </bigram>
    <bigram weight="1" > be a </bigram>
    <bigram weight="1" > to one </bigram>
    <bigram weight="1" > i visited </bigram>
    <bigram weight="1" > swamps and </bigram>
    <bigram weight="1" > equivalent andromeda </bigram>
    <bigram weight="1" > commonly seen </bigram>
    <bigram weight="1" > single species </bigram>
    <bigram weight="1" > described in </bigram>
    <bigram weight="1" > dry hills </bigram>
    <bigram weight="1" > thoreau reference </bigram>
    <bigram weight="1" > find references </bigram>
    <bigram weight="1" > # however </bigram>
    <bigram weight="1" > swamps ### </bigram>
    <bigram weight="1" > not in </bigram>
    <bigram weight="1" > the four </bigram>
    <bigram weight="1" > entry in </bigram>
    <bigram weight="1" > to this </bigram>
    <bigram weight="1" > of gray </bigram>
    <bigram weight="1" > a marsh </bigram>
    <bigram weight="1" > ### keeler </bigram>
    <bigram weight="1" > clumps of </bigram>
    <bigram weight="1" > summary thoreau </bigram>
    <bigram weight="1" > except ### </bigram>
    <bigram weight="1" > to forty </bigram>
    <bigram weight="1" > bog ### </bigram>
    <bigram weight="1" > was straightforward </bigram>
    <bigram weight="1" > two ponds </bigram>
    <bigram weight="1" > university ### </bigram>
    <bigram weight="1" > ### brighter </bigram>
    <bigram weight="1" > ### sweet </bigram>
    <bigram weight="1" > calyculata of </bigram>
    <bigram weight="1" > over which </bigram>
    <bigram weight="1" > that these </bigram>
    <bigram weight="1" > of d </bigram>
    <bigram weight="1" > before my </bigram>
    <bigram weight="1" > pond by </bigram>
    <bigram weight="1" > north of </bigram>
    <bigram weight="1" > to win </bigram>
    <bigram weight="1" > name for </bigram>
    <bigram weight="1" > ### blueberry </bigram>
    <bigram weight="1" > as thick </bigram>
    <bigram weight="1" > near boaz </bigram>
    <bigram weight="1" > red looking </bigram>
    <bigram weight="1" > way round </bigram>
    <bigram weight="1" > masses ### </bigram>
    <bigram weight="1" > acquire ### </bigram>
    <bigram weight="1" > york ### </bigram>
    <bigram weight="1" > names for </bigram>
    <bigram weight="1" > rates only </bigram>
    <bigram weight="1" > and maine </bigram>
    <bigram weight="1" > now a </bigram>
    <bigram weight="1" > marsh known </bigram>
    <bigram weight="1" > collectively by </bigram>
    <bigram weight="1" > calls ### </bigram>
    <bigram weight="1" > not found </bigram>
    <bigram weight="1" > that there </bigram>
    <bigram weight="1" > ### written </bigram>
    <bigram weight="1" > win the </bigram>
    <bigram weight="1" > about ## </bigram>
    <bigram weight="1" > form ### </bigram>
    <bigram weight="1" > and mentions </bigram>
    <bigram weight="1" > ### quincy </bigram>
    <bigram weight="1" > last ### </bigram>
    <bigram weight="1" > gleason the </bigram>
    <bigram weight="1" > large glaucous </bigram>
    <bigram weight="1" > of them </bigram>
    <bigram weight="1" > # furthermore </bigram>
    <bigram weight="1" > growing about </bigram>
    <bigram weight="1" > a sea </bigram>
    <bigram weight="1" > which in </bigram>
    <bigram weight="1" > feet ### </bigram>
    <bigram weight="1" > of my </bigram>
    <bigram weight="1" > # even </bigram>
    <bigram weight="1" > eaten as </bigram>
    <bigram weight="1" > francis h </bigram>
    <bigram weight="1" > sensible ### </bigram>
    <bigram weight="1" > that of </bigram>
    <bigram weight="1" > the upper </bigram>
    <bigram weight="1" > my ## </bigram>
    <bigram weight="1" > bradford torrey </bigram>
    <bigram weight="1" > been more </bigram>
    <bigram weight="1" > # borne </bigram>
    <bigram weight="1" > other references </bigram>
    <bigram weight="1" > andromeda in </bigram>
    <bigram weight="1" > of capitalizing </bigram>
    <bigram weight="1" > waded out </bigram>
    <bigram weight="1" > s journal </bigram>
    <bigram weight="1" > umbelliform clusters </bigram>
    <bigram weight="1" > gives the </bigram>
    <bigram weight="1" > will now </bigram>
    <bigram weight="1" > older name </bigram>
    <bigram weight="1" > later visit </bigram>
    <bigram weight="1" > ponds in </bigram>
    <bigram weight="1" > ### pines </bigram>
    <bigram weight="1" > first visit </bigram>
    <bigram weight="1" > kalmi a </bigram>
    <bigram weight="1" > s swamps </bigram>
    <bigram weight="1" > and ### </bigram>
    <bigram weight="1" > fringe of </bigram>
    <bigram weight="1" > called a </bigram>
    <bigram weight="1" > are made </bigram>
    <bigram weight="1" > more wet </bigram>
    <bigram weight="1" > # o </bigram>
    <bigram weight="1" > clethra alnifolia </bigram>
    <bigram weight="1" > reaches to </bigram>
    <bigram weight="1" > romantic name </bigram>
    <bigram weight="1" > dull red </bigram>
    <bigram weight="1" > of panic </bigram>
    <bigram weight="1" > the affection </bigram>
    <bigram weight="1" > borne in </bigram>
    <bigram weight="1" > thoreau in </bigram>
    <bigram weight="1" > because keeler </bigram>
    <bigram weight="1" > ### don </bigram>
    <bigram weight="1" > or heath </bigram>
    <bigram weight="1" > endnotes references </bigram>
    <bigram weight="1" > andromeda like </bigram>
    <bigram weight="1" > to be </bigram>
    <bigram weight="1" > hoiden swamp </bigram>
    <bigram weight="1" > have already </bigram>
    <bigram weight="1" > as romantic </bigram>
    <bigram weight="1" > ### overhanging </bigram>
    <bigram weight="1" > eventually i </bigram>
    <bigram weight="1" > between the </bigram>
    <bigram weight="1" > available to </bigram>
    <bigram weight="1" > three bushels </bigram>
    <bigram weight="1" > zoology ### </bigram>
    <bigram weight="1" > noted that </bigram>
    <bigram weight="1" > i waded </bigram>
    <bigram weight="1" > latin ### </bigram>
    <bigram weight="1" > question ### </bigram>
    <bigram weight="1" > it can </bigram>
    <bigram weight="1" > the reason </bigram>
    <bigram weight="1" > that his </bigram>
    <bigram weight="1" > ### those </bigram>
    <bigram weight="1" > azalea might </bigram>
    <bigram weight="1" > ground in </bigram>
    <bigram weight="1" > the course </bigram>
    <bigram weight="1" > ### harvard </bigram>
    <bigram weight="1" > those andromeda </bigram>
    <bigram weight="1" > sedge all </bigram>
    <bigram weight="1" > ### grayish </bigram>
    <bigram weight="1" > the trees </bigram>
    <bigram weight="1" > s descriptions </bigram>
    <bigram weight="1" > and its </bigram>
    <bigram weight="1" > context ### </bigram>
    <bigram weight="1" > namesake of </bigram>
    <bigram weight="1" > red mass </bigram>
    <bigram weight="1" > me ### </bigram>
    <bigram weight="1" > fruit ### </bigram>
    <bigram weight="1" > trust and </bigram>
    <bigram weight="1" > parcel of </bigram>
    <bigram weight="1" > ### flowering </bigram>
    <bigram weight="1" > the leatherleaf </bigram>
    <bigram weight="1" > examina tion </bigram>
    <bigram weight="1" > troy ### </bigram>
    <bigram weight="1" > rare ### </bigram>
    <bigram weight="1" > apparently different </bigram>
    <bigram weight="1" > andromeda ligustrina </bigram>
    <bigram weight="1" > and bogs </bigram>
    <bigram weight="1" > same referred </bigram>
    <bigram weight="1" > ### leafless </bigram>
    <bigram weight="1" > # c </bigram>
    <bigram weight="1" > the latin </bigram>
    <bigram weight="1" > ## dover </bigram>
    <bigram weight="1" > evidently the </bigram>
    <bigram weight="1" > but i </bigram>
    <bigram weight="1" > commission is </bigram>
    <bigram weight="1" > general level </bigram>
    <bigram weight="1" > commonly attractive </bigram>
    <bigram weight="1" > helpful in </bigram>
    <bigram weight="1" > flowering shrubs </bigram>
    <bigram weight="1" > station that </bigram>
    <bigram weight="1" > there the </bigram>
    <bigram weight="1" > southwestward to </bigram>
    <bigram weight="1" > glacial valley </bigram>
    <bigram weight="1" > by far </bigram>
    <bigram weight="1" > one and </bigram>
    <bigram weight="1" > pond on </bigram>
    <bigram weight="1" > to petrides </bigram>
    <bigram weight="1" > the edge </bigram>
    <bigram weight="1" > context can </bigram>
    <bigram weight="1" > guess that </bigram>
    <bigram weight="1" > identified in </bigram>
    <bigram weight="1" > southerly continuation </bigram>
    <bigram weight="1" > page ### </bigram>
    <bigram weight="1" > ### eaton </bigram>
    <bigram weight="1" > is so </bigram>
    <bigram weight="1" > lead to </bigram>
    <bigram weight="1" > again thoreau </bigram>
    <bigram weight="1" > edge of </bigram>
    <bigram weight="1" > the mass </bigram>
    <bigram weight="1" > low and </bigram>
    <bigram weight="1" > the rich </bigram>
    <bigram weight="1" > a later </bigram>
    <bigram weight="1" > railroad ### </bigram>
    <bigram weight="1" > an older </bigram>
    <bigram weight="1" > wrote ### </bigram>
    <bigram weight="1" > know that </bigram>
    <bigram weight="1" > has the </bigram>
    <bigram weight="1" > viscosum ### </bigram>
    <bigram weight="1" > revised in </bigram>
    <bigram weight="1" > as three </bigram>
    <bigram weight="1" > or axial </bigram>
    <bigram weight="1" > these ponds </bigram>
    <bigram weight="1" > discovered ### </bigram>
    <bigram weight="1" > species really </bigram>
    <bigram weight="1" > leucothoë in </bigram>
    <bigram weight="1" > the old </bigram>
    <bigram weight="1" > has suffered </bigram>
    <bigram weight="1" > can one </bigram>
    <bigram weight="1" > a thoreau </bigram>
    <bigram weight="1" > in discussing </bigram>
    <bigram weight="1" > surrounding belt </bigram>
    <bigram weight="1" > uniformly dense </bigram>
    <bigram weight="1" > that this </bigram>
    <bigram weight="1" > in terminal </bigram>
    <bigram weight="1" > wide ### </bigram>
    <bigram weight="1" > was very </bigram>
    <bigram weight="1" > one who </bigram>
    <bigram weight="1" > small birches </bigram>
    <bigram weight="1" > or by </bigram>
    <bigram weight="1" > of black </bigram>
    <bigram weight="1" > very fond </bigram>
    <bigram weight="1" > to acquire </bigram>
    <bigram weight="1" > ### implying </bigram>
    <bigram weight="1" > but gleason </bigram>
    <bigram weight="1" > may be </bigram>
    <bigram weight="1" > calyculata we </bigram>
    <bigram weight="1" > ### gowing </bigram>
    <bigram weight="1" > panicked andromeda </bigram>
    <bigram weight="1" > ### romantic </bigram>
    <bigram weight="1" > conservation commission </bigram>
    <bigram weight="1" > contain no </bigram>
    <bigram weight="1" > today has </bigram>
    <bigram weight="1" > a moss </bigram>
    <bigram weight="1" > though one </bigram>
    <bigram weight="1" > accepted common </bigram>
    <bigram weight="1" > references provided </bigram>
    <bigram weight="1" > concord area </bigram>
    <bigram weight="1" > level ### </bigram>
    <bigram weight="1" > ### glow </bigram>
    <bigram weight="1" > latter a </bigram>
    <bigram weight="1" > extends southwestward </bigram>
    <bigram weight="1" > these were </bigram>
    <bigram weight="1" > calvculata ### </bigram>
    <bigram weight="1" > connection ### </bigram>
    <bigram weight="1" > me contain </bigram>
    <bigram weight="1" > its surroundings </bigram>
    <bigram weight="1" > scribner edition </bigram>
    <bigram weight="1" > ### whom </bigram>
    <bigram weight="1" > # thus </bigram>
    <bigram weight="1" > preston ### </bigram>
    <bigram weight="1" > call leatherleaf </bigram>
    <bigram weight="1" > was still </bigram>
    <bigram weight="1" > a flora </bigram>
    <bigram weight="1" > and lyonia </bigram>
    <bigram weight="1" > museum of </bigram>
    <bigram weight="1" > reference to </bigram>
    <bigram weight="1" > ### ten </bigram>
    <bigram weight="1" > ### rises </bigram>
    <bigram weight="1" > is covered </bigram>
    <bigram weight="1" > from cover </bigram>
    <bigram weight="1" > to racemed </bigram>
    <bigram weight="1" > if thoreau </bigram>
    <bigram weight="1" > partly on </bigram>
    <bigram weight="1" > myself ### </bigram>
    <bigram weight="1" > a single </bigram>
    <bigram weight="1" > care ### </bigram>
    <bigram weight="1" > like myself </bigram>
    <bigram weight="1" > # thoreau </bigram>
    <bigram weight="1" > equiva lent </bigram>
    <bigram weight="1" > more careful </bigram>
    <bigram weight="1" > these appears </bigram>
    <bigram weight="1" > can lead </bigram>
    <bigram weight="1" > coarse and </bigram>
    <bigram weight="1" > why ### </bigram>
    <bigram weight="1" > at any </bigram>
    <bigram weight="1" > is the </bigram>
    <bigram weight="1" > don ### </bigram>
    <bigram weight="1" > allen ### </bigram>
    <bigram weight="1" > bewilder ing </bigram>
    <bigram weight="1" > no one </bigram>
    <bigram weight="1" > that on </bigram>
    <bigram weight="1" > subsequently learned </bigram>
    <bigram weight="1" > a typical </bigram>
    <bigram weight="1" > have open </bigram>
    <bigram weight="1" > second inner </bigram>
    <bigram weight="1" > the clue </bigram>
    <bigram weight="1" > hills except </bigram>
    <bigram weight="1" > for what </bigram>
    <bigram weight="1" > am attracted </bigram>
    <bigram weight="1" > its interior </bigram>
    <bigram weight="1" > harvard university </bigram>
    <bigram weight="1" > the lincoln </bigram>
    <bigram weight="1" > privet or </bigram>
    <bigram weight="1" > out of </bigram>
    <bigram weight="1" > by a </bigram>
    <bigram weight="1" > read through </bigram>
    <bigram weight="1" > a bewilder </bigram>
    <bigram weight="1" > over again </bigram>
    <bigram weight="1" > times ### </bigram>
    <bigram weight="1" > trees and </bigram>
    <bigram weight="1" > refers only </bigram>
    <bigram weight="1" > growth one </bigram>
    <bigram weight="1" > buds ### </bigram>
    <bigram weight="1" > not seen </bigram>
    <bigram weight="1" > ### leucothoe </bigram>
    <bigram weight="1" > latin equivalents </bigram>
    <bigram weight="1" > in confirmation </bigram>
    <bigram weight="1" > ### most </bigram>
    <bigram weight="1" > priam ### </bigram>
    <bigram weight="1" > axial ### </bigram>
    <bigram weight="1" > ridge over </bigram>
    <bigram weight="1" > meda paniculata </bigram>
    <bigram weight="1" > ### going </bigram>
    <bigram weight="1" > no plant </bigram>
    <bigram weight="1" > been partially </bigram>
    <bigram weight="1" > york botanical </bigram>
    <bigram weight="1" > swamps referred </bigram>
    <bigram weight="1" > ### did </bigram>
    <bigram weight="1" > or bogs </bigram>
    <bigram weight="1" > ### last </bigram>
    <bigram weight="1" > of comparative </bigram>
    <bigram weight="1" > thoreau as </bigram>
    <bigram weight="1" > this glacial </bigram>
    <bigram weight="1" > # no </bigram>
    <bigram weight="1" > i had </bigram>
    <bigram weight="1" > lie partly </bigram>
    <bigram weight="1" > learned this </bigram>
    <bigram weight="1" > shrub a </bigram>
    <bigram weight="1" > of such </bigram>
    <bigram weight="1" > that many </bigram>
    <bigram weight="1" > gowing ### </bigram>
    <bigram weight="1" > petrides gives </bigram>
    <bigram weight="1" > a number </bigram>
    <bigram weight="1" > to change </bigram>
    <bigram weight="1" > bay on </bigram>
    <bigram weight="1" > ### more </bigram>
    <bigram weight="1" > to in </bigram>
    <bigram weight="1" > four foregoing </bigram>
    <bigram weight="1" > is pink </bigram>
    <bigram weight="1" > s time </bigram>
    <bigram weight="1" > some highbush </bigram>
    <bigram weight="1" > ### clethra </bigram>
    <bigram weight="1" > ## miles </bigram>
    <bigram weight="1" > ### high </bigram>
    <bigram weight="1" > the older </bigram>
    <bigram weight="1" > not mention </bigram>
    <bigram weight="1" > this area </bigram>
    <bigram weight="1" > forty ### </bigram>
    <bigram weight="1" > of concord </bigram>
    <bigram weight="1" > # form </bigram>
    <bigram weight="1" > lincoln conservation </bigram>
    <bigram weight="1" > new britton </bigram>
    <bigram weight="1" > through it </bigram>
    <bigram weight="1" > a sensible </bigram>
    <bigram weight="1" > and francis </bigram>
    <bigram weight="1" > mention of </bigram>
    <bigram weight="1" > from walden </bigram>
    <bigram weight="1" > an affection </bigram>
    <bigram weight="1" > time it </bigram>
    <bigram weight="1" > andro meda </bigram>
    <bigram weight="1" > cassandra calyculata </bigram>
    <bigram weight="1" > waving over </bigram>
    <bigram weight="1" > i knew </bigram>
    <bigram weight="1" > the season </bigram>
    <bigram weight="1" > an andromeda </bigram>
    <bigram weight="1" > received ### </bigram>
    <bigram weight="1" > the scientific </bigram>
    <bigram weight="1" > land trust </bigram>
    <bigram weight="1" > concord land </bigram>
    <bigram weight="1" > sudbury river </bigram>
    <bigram weight="1" > the sole </bigram>
    <bigram weight="1" > to our </bigram>
    <bigram weight="1" > this connection </bigram>
    <bigram weight="1" > had been </bigram>
    <bigram weight="1" > descriptions with </bigram>
    <bigram weight="1" > feet or </bigram>
    <bigram weight="1" > which sinks </bigram>
    <bigram weight="1" > angelo of </bigram>
    <bigram weight="1" > still surprised </bigram>
    <bigram weight="1" > says he </bigram>
    <bigram weight="1" > runs the </bigram>
    <bigram weight="1" > found by </bigram>
    <bigram weight="1" > as much </bigram>
    <bigram weight="1" > earlier botanists </bigram>
    <bigram weight="1" > currently working </bigram>
    <bigram weight="1" > ing a </bigram>
    <bigram weight="1" > glauca prefer </bigram>
    <bigram weight="1" > these plants </bigram>
    <bigram weight="1" > only to </bigram>
    <bigram weight="1" > the specific </bigram>
    <bigram weight="1" > shore through </bigram>
    <bigram weight="1" > a boy </bigram>
    <bigram weight="1" > whole ### </bigram>
    <bigram weight="1" > within the </bigram>
    <bigram weight="1" > book uses </bigram>
    <bigram weight="1" > one might </bigram>
    <bigram weight="1" > reason ably </bigram>
    <bigram weight="1" > shrub and </bigram>
    <bigram weight="1" > ### from </bigram>
    <bigram weight="1" > that they </bigram>
    <bigram weight="1" > fairhaven bay </bigram>
    <bigram weight="1" > did in </bigram>
    <bigram weight="1" > of low </bigram>
    <bigram weight="1" > the presently </bigram>
    <bigram weight="1" > a uniformly </bigram>
    <bigram weight="1" > visited the </bigram>
    <bigram weight="1" > only reference </bigram>
    <bigram weight="1" > ### interesting </bigram>
    <bigram weight="1" > which she </bigram>
    <bigram weight="1" > came when </bigram>
    <bigram weight="1" > might refer </bigram>
    <bigram weight="1" > of privet </bigram>
    <bigram weight="1" > to fairhaven </bigram>
    <bigram weight="1" > ably ### </bigram>
    <bigram weight="1" > leafless racemes </bigram>
    <bigram weight="1" > specific english </bigram>
    <bigram weight="1" > glaucophyllat racemed </bigram>
    <bigram weight="1" > the last </bigram>
    <bigram weight="1" > index are </bigram>
    <bigram weight="1" > panicled ### </bigram>
    <bigram weight="1" > occasional clumps </bigram>
    <bigram weight="1" > were evidently </bigram>
    <bigram weight="1" > in classical </bigram>
    <bigram weight="1" > across the </bigram>
    <bigram weight="1" > botanical garden </bigram>
    <bigram weight="1" > and apollo </bigram>
    <bigram weight="1" > the english </bigram>
    <bigram weight="1" > comprise all </bigram>
    <bigram weight="1" > point ### </bigram>
    <bigram weight="1" > i feel </bigram>
    <bigram weight="1" > bushes ### </bigram>
    <bigram weight="1" > working to </bigram>
    <bigram weight="1" > region today </bigram>
    <bigram weight="1" > all names </bigram>
    <bigram weight="1" > little ### </bigram>
    <bigram weight="1" > and beck </bigram>
    <bigram weight="1" > identification was </bigram>
    <bigram weight="1" > of maleberry </bigram>
    <bigram weight="1" > affection of </bigram>
    <bigram weight="1" > swamp sweetbells </bigram>
    <bigram weight="1" > descriptive modern </bigram>
    <bigram weight="1" > at this </bigram>
    <bigram weight="1" > chamaedaphne or </bigram>
    <bigram weight="1" > ### umbelliform </bigram>
    <bigram weight="1" > date ### </bigram>
    <bigram weight="1" > ### only </bigram>
    <bigram weight="1" > identifying a </bigram>
    <bigram weight="1" > more helpful </bigram>
    <bigram weight="1" > ### endnotes </bigram>
    <bigram weight="1" > at last </bigram>
    <bigram weight="1" > garden ### </bigram>
    <bigram weight="1" > have found </bigram>
    <bigram weight="1" > is filled </bigram>
    <bigram weight="1" > make this </bigram>
    <bigram weight="1" > ponds the </bigram>
    <bigram weight="1" > was clear </bigram>
    <bigram weight="1" > border of </bigram>
    <bigram weight="1" > inedible ### </bigram>
    <bigram weight="1" > thoreau referred </bigram>
    <bigram weight="1" > of azalea </bigram>
    <bigram weight="1" > other two </bigram>
    <bigram weight="1" > our northern </bigram>
    <bigram weight="1" > by william </bigram>
    <bigram weight="1" > a glauca </bigram>
    <bigram weight="1" > to conantum </bigram>
    <bigram weight="1" > in gleason </bigram>
    <bigram weight="1" > a word </bigram>
    <bigram weight="1" > ### formerly </bigram>
    <bigram weight="1" > rods wide </bigram>
    <bigram weight="1" > locally is </bigram>
    <bigram weight="1" > the northern </bigram>
    <bigram weight="1" > the property </bigram>
    <bigram weight="1" > they have </bigram>
    <bigram weight="1" > to find </bigram>
    <bigram weight="1" > haynes the </bigram>
    <bigram weight="1" > ### not </bigram>
    <bigram weight="1" > called an </bigram>
    <bigram weight="1" > the single </bigram>
    <bigram weight="1" > spots to </bigram>
    <bigram weight="1" > frequently ### </bigram>
    <bigram weight="1" > reference modern </bigram>
    <bigram weight="1" > ### page </bigram>
    <bigram weight="1" > moss bed </bigram>
    <bigram weight="1" > george a </bigram>
    <bigram weight="1" > was greeted </bigram>
    <bigram weight="1" > twelve inches </bigram>
    <bigram weight="1" > ponds because </bigram>
    <bigram weight="1" > ## eventually </bigram>
    <bigram weight="1" > ### swamp </bigram>
    <bigram weight="1" > rises in </bigram>
    <bigram weight="1" > single entry </bigram>
    <bigram weight="1" > more high </bigram>
    <bigram weight="1" > further identified </bigram>
    <bigram weight="1" > made in </bigram>
    <bigram weight="1" > ### have </bigram>
    <bigram weight="1" > now wish </bigram>
    <bigram weight="1" > their name </bigram>
    <bigram weight="1" > a genus </bigram>
    <bigram weight="1" > any point </bigram>
    <bigram weight="1" > clear that </bigram>
    <bigram weight="1" > ### gleason </bigram>
    <bigram weight="1" > dense bed </bigram>
    <bigram weight="1" > only by </bigram>
    <bigram weight="1" > united states </bigram>
    <bigram weight="1" > nestle several </bigram>
    <bigram weight="1" > calling the </bigram>
    <bigram weight="1" > and date </bigram>
    <bigram weight="1" > confirmation ### </bigram>
    <bigram weight="1" > are filled </bigram>
    <bigram weight="1" > pines ### </bigram>
    <bigram weight="1" > ladies must </bigram>
    <bigram weight="1" > with brown </bigram>
    <bigram weight="1" > years but </bigram>
    <bigram weight="1" > to collectively </bigram>
    <bigram weight="1" > cedar swamp </bigram>
    <bigram weight="1" > through binoculars </bigram>
    <bigram weight="1" > tion ### </bigram>
    <bigram weight="1" > # observed </bigram>
    <bigram weight="1" > to read </bigram>
    <bigram weight="1" > valley extends </bigram>
    <bigram weight="1" > he continue </bigram>
    <bigram weight="1" > ### species </bigram>
    <bigram weight="1" > the clumps </bigram>
    <bigram weight="1" > was a </bigram>
    <bigram weight="1" > small ### </bigram>
    <bigram weight="1" > this time </bigram>
    <bigram weight="1" > later about </bigram>
    <bigram weight="1" > a second </bigram>
    <bigram weight="1" > oaks ### </bigram>
    <bigram weight="1" > distance over </bigram>
    <bigram weight="1" > names had </bigram>
    <bigram weight="1" > english equiva </bigram>
    <bigram weight="1" > botanical names </bigram>
    <bigram weight="1" > under a </bigram>
    <bigram weight="1" > sphagnum beneath </bigram>
    <bigram weight="1" > ### britton </bigram>
    <bigram weight="1" > affection for </bigram>
    <bigram weight="1" > inches long </bigram>
    <bigram weight="1" > name of </bigram>
    <bigram weight="1" > much for </bigram>
    <bigram weight="1" > many botanical </bigram>
    <bigram weight="1" > azalea refers </bigram>
    <bigram weight="1" > azalea that </bigram>
    <bigram weight="1" > carpenter calls </bigram>
    <bigram weight="1" > names of </bigram>
    <bigram weight="1" > ### much </bigram>
    <bigram weight="1" > pond ### </bigram>
    <bigram weight="1" > course of </bigram>
    <bigram weight="1" > much from </bigram>
    <bigram weight="1" > a note </bigram>
    <bigram weight="1" > andromeda growing </bigram>
    <bigram weight="1" > # its </bigram>
    <bigram weight="1" > out across </bigram>
    <bigram weight="1" > and shrubs </bigram>
    <bigram weight="1" > who ### </bigram>
    <bigram weight="1" > all refer </bigram>
    <bigram weight="1" > meadows and </bigram>
    <bigram weight="1" > from mr </bigram>
    <bigram weight="1" > ### ray </bigram>
    <bigram weight="1" > cover ### </bigram>
    <bigram weight="1" > uses privet </bigram>
    <bigram weight="1" > partially killed </bigram>
    <bigram weight="1" > calls that </bigram>
    <bigram weight="1" > ten or </bigram>
    <bigram weight="1" > mention finding </bigram>
    <bigram weight="1" > beneath ### </bigram>
    <bigram weight="1" > ### eureka </bigram>
    <bigram weight="1" > adams family </bigram>
    <bigram weight="1" > there are </bigram>
    <bigram weight="1" > my first </bigram>
    <bigram weight="1" > equivalent ### </bigram>
    <bigram weight="1" > and ventured </bigram>
    <bigram weight="1" > out leatherleaf </bigram>
    <bigram weight="1" > two rods </bigram>
    <bigram weight="1" > the attention </bigram>
    <bigram weight="1" > acre parcel </bigram>
    <bigram weight="1" > which they </bigram>
    <bigram weight="1" > past hundred </bigram>
    <bigram weight="1" > this was </bigram>
    <bigram weight="1" > daughter of </bigram>
    <bigram weight="1" > we call </bigram>
    <bigram weight="1" > guess is </bigram>
    <bigram weight="1" > straightforward because </bigram>
    <bigram weight="1" > it was </bigram>
    <bigram weight="1" > several shallow </bigram>
    <bigram weight="1" > ### however </bigram>
    <bigram weight="1" > ### just </bigram>
    <bigram weight="1" > of leucothoë </bigram>
    <bigram weight="1" > slopes ### </bigram>
    <bigram weight="1" > three ### </bigram>
    <bigram weight="1" > as calling </bigram>
    <bigram weight="1" > sea monster </bigram>
    <bigram weight="1" > modern convention </bigram>
    <bigram weight="1" > accepted scientific </bigram>
    <bigram weight="1" > that grows </bigram>
    <bigram weight="1" > these three </bigram>
    <bigram weight="1" > ### massachusetts </bigram>
    <bigram weight="1" > ### leatherleaf </bigram>
    <bigram weight="1" > october ## </bigram>
    <bigram weight="1" > yellowish sedge </bigram>
    <bigram weight="1" > or transluscent </bigram>
    <bigram weight="1" > keeler describes </bigram>
    <bigram weight="1" > springing from </bigram>
    <bigram weight="1" > with occasional </bigram>
    <bigram weight="1" > the original </bigram>
    <bigram weight="1" > in which </bigram>
    <bigram weight="1" > to any </bigram>
    <bigram weight="1" > ### english </bigram>
    <bigram weight="1" > botanists seem </bigram>
    <bigram weight="1" > the sudbury </bigram>
    <bigram weight="1" > far as </bigram>
    <bigram weight="1" > the water </bigram>
    <bigram weight="1" > shrubs found </bigram>
    <bigram weight="1" > sinks underfoot </bigram>
    <bigram weight="1" > time ### </bigram>
    <bigram weight="1" > ### his </bigram>
    <bigram weight="1" > or masses </bigram>
    <bigram weight="1" > pepperbush ### </bigram>
    <bigram weight="1" > denser bed </bigram>
    <bigram weight="1" > the modern </bigram>
    <bigram weight="1" > alnifolia ### </bigram>
    <bigram weight="1" > ### our </bigram>
    <bigram weight="1" > been revised </bigram>
    <bigram weight="1" > original ## </bigram>
    <bigram weight="1" > with light </bigram>
    <bigram weight="1" > were all </bigram>
    <bigram weight="1" > androineda ### </bigram>
    <bigram weight="1" > and thereafter </bigram>
    <bigram weight="1" > bog and </bigram>
    <bigram weight="1" > shrubbery in </bigram>
    <bigram weight="1" > this region </bigram>
    <bigram weight="1" > found locally </bigram>
    <bigram weight="1" > would be </bigram>
    <bigram weight="1" > the j </bigram>
    <bigram weight="1" > english ### </bigram>
    <bigram weight="1" > is further </bigram>
    <bigram weight="1" > of henry </bigram>
    <bigram weight="1" > henry a </bigram>
    <bigram weight="1" > and peculiar </bigram>
    <bigram weight="1" > worthy namesake </bigram>
    <bigram weight="1" > followed the </bigram>
    <bigram weight="1" > years ## </bigram>
    <bigram weight="1" > when in </bigram>
    <bigram weight="1" > are no </bigram>
    <bigram weight="1" > is currently </bigram>
    <bigram weight="1" > paniculata and </bigram>
    <bigram weight="1" > a narrow </bigram>
    <bigram weight="1" > thus we </bigram>
    <bigram weight="1" > unprepared to </bigram>
    <bigram weight="1" > the incompleteness </bigram>
    <bigram weight="1" > distinct ### </bigram>
    <bigram weight="1" > with here </bigram>
    <bigram weight="1" > plants ### </bigram>
    <bigram weight="1" > change the </bigram>
    <bigram weight="1" > harriet keller </bigram>
    <bigram weight="1" > it frequently </bigram>
    <bigram weight="1" > feel an </bigram>
    <bigram weight="1" > monster and </bigram>
    <bigram weight="1" > be noted </bigram>
    <bigram weight="1" > folia and </bigram>
    <bigram weight="1" > # on </bigram>
    <bigram weight="1" > ### for </bigram>
    <bigram weight="1" > ### suitable </bigram>
    <bigram weight="1" > ### like </bigram>
    <bigram weight="1" > sedge in </bigram>
    <bigram weight="1" > enough in </bigram>
    <bigram weight="1" > chiefly ### </bigram>
    <bigram weight="1" > all were </bigram>
    <bigram weight="1" > mentions it </bigram>
    <bigram weight="1" > separated from </bigram>
    <bigram weight="1" > else from </bigram>
    <bigram weight="1" > with more </bigram>
    <bigram weight="1" > # my </bigram>
    <bigram weight="1" > a small </bigram>
    <bigram weight="1" > eaton ### </bigram>
    <bigram weight="1" > is unprepared </bigram>
    <bigram weight="1" > way ### </bigram>
    <bigram weight="1" > far the </bigram>
    <bigram weight="1" > written three </bigram>
    <bigram weight="1" > ### descriptive </bigram>
    <bigram weight="1" > over ### </bigram>
    <bigram weight="1" > vaccinium corymbosum </bigram>
    <bigram weight="1" > ### surely </bigram>
    <bigram weight="1" > as i </bigram>
    <bigram weight="1" > really comprise </bigram>
    <bigram weight="1" > or northernmost </bigram>
    <bigram weight="1" > long ### </bigram>
    <bigram weight="1" > i have </bigram>
    <bigram weight="1" > years later </bigram>
    <bigram weight="1" > the three </bigram>
    <bigram weight="1" > more care </bigram>
    <bigram weight="1" > clusters ### </bigram>
    <bigram weight="1" > whom perseus </bigram>
    <bigram weight="1" > in these </bigram>
    <bigram weight="1" > # between </bigram>
    <bigram weight="1" > killed ### </bigram>
    <bigram weight="1" > the carpenter </bigram>
    <bigram weight="1" > more over </bigram>
    <bigram weight="1" > thus ### </bigram>
    <bigram weight="1" > his small </bigram>
    <bigram weight="1" > ### names </bigram>
    <bigram weight="1" > andromeda racemed </bigram>
    <bigram weight="1" > it at </bigram>
    <bigram weight="1" > swamp near </bigram>
    <bigram weight="1" > beck stow </bigram>
    <bigram weight="1" > keeler ### </bigram>
    <bigram weight="1" > sole species </bigram>
    <bigram weight="1" > of ### </bigram>
    <bigram weight="1" > on october </bigram>
    <bigram weight="1" > found andromeda </bigram>
    <bigram weight="1" > continuation of </bigram>
    <bigram weight="1" > within an </bigram>
    <bigram weight="1" > discussing the </bigram>
    <bigram weight="1" > not make </bigram>
    <bigram weight="1" > knew that </bigram>
    <bigram weight="1" > region ### </bigram>
    <bigram weight="1" > whole journal </bigram>
    <bigram weight="1" > by bradford </bigram>
    <bigram weight="1" > andromeda calvculata </bigram>
    <bigram weight="1" > calyculata leatherleaf </bigram>
    <bigram weight="1" > three swamps </bigram>
    <bigram weight="1" > a worthy </bigram>
    <bigram weight="1" > looking from </bigram>
    <bigram weight="1" > field guide </bigram>
    <bigram weight="1" > earlier edittons </bigram>
    <bigram weight="1" > preceding ### </bigram>
    <bigram weight="1" > to above </bigram>
    <bigram weight="1" > distance of </bigram>
    <bigram weight="1" > # sleeping </bigram>
    <bigram weight="1" > of priam </bigram>
    <bigram weight="1" > thoreau learned </bigram>
    <bigram weight="1" > small valley </bigram>
    <bigram weight="1" > very attractive </bigram>
    <bigram weight="1" > species rhododendron </bigram>
    <bigram weight="1" > guide to </bigram>
    <bigram weight="1" > a floating </bigram>
    <bigram weight="1" > it given </bigram>
    <bigram weight="1" > of highbush </bigram>
    <bigram weight="1" > in clumps </bigram>
    <bigram weight="1" > look very </bigram>
    <bigram weight="1" > binoculars ### </bigram>
    <bigram weight="1" > provided by </bigram>
    <bigram weight="1" > readily available </bigram>
    <bigram weight="1" > ### thanks </bigram>
    <bigram weight="1" > ### topped </bigram>
    <bigram weight="1" > peculiar are </bigram>
    <bigram weight="1" > white ### </bigram>
    <bigram weight="1" > the protection </bigram>
    <bigram weight="1" > i detect </bigram>
    <bigram weight="1" > the northeast </bigram>
    <bigram weight="1" > the ethiopian </bigram>
    <bigram weight="1" > isthnus ### </bigram>
    <bigram weight="1" > today as </bigram>
    <bigram weight="1" > bearing now </bigram>
    <bigram weight="1" > interesting and </bigram>
    <bigram weight="1" > i am </bigram>
    <bigram weight="1" > from it </bigram>
    <bigram weight="1" > or twelve </bigram>
    <bigram weight="1" > we know </bigram>
    <bigram weight="1" > dictionary ### </bigram>
    <bigram weight="1" > corymbosum ### </bigram>
    <bigram weight="1" > proportion ### </bigram>
    <bigram weight="1" > buds of </bigram>
    <bigram weight="1" > edition of </bigram>
    <bigram weight="1" > ventured some </bigram>
    <bigram weight="1" > northern shrubs </bigram>
    <bigram weight="1" > which i </bigram>
    <bigram weight="1" > thick as </bigram>
    <bigram weight="1" > ### mixed </bigram>
    <bigram weight="1" > has eaten </bigram>
    <bigram weight="1" > in recent </bigram>
    <bigram weight="1" > books readily </bigram>
    <bigram weight="1" > ### rather </bigram>
    <bigram weight="1" > the swamps </bigram>
    <bigram weight="1" > season ### </bigram>
    <bigram weight="1" > andromeda and </bigram>
    <bigram weight="1" > to emerson </bigram>
    <bigram weight="1" > land belonging </bigram>
    <bigram weight="1" > the main </bigram>
    <bigram weight="1" > attracted at </bigram>
    <bigram weight="1" > i did </bigram>
    <bigram weight="1" > referring to </bigram>
    <bigram weight="1" > greater part </bigram>
    <bigram weight="1" > preference the </bigram>
    <bigram weight="1" > glaucous puff </bigram>
    <bigram weight="1" > or andromeda </bigram>
    <bigram weight="1" > river meadows </bigram>
    <bigram weight="1" > bog is </bigram>
    <bigram weight="1" > clustered fruit </bigram>
    <bigram weight="1" > thoreau did </bigram>
    <bigram weight="1" > foil a </bigram>
    <bigram weight="1" > the sun </bigram>
    <bigram weight="1" > ### considering </bigram>
    <bigram weight="1" > ### although </bigram>
    <bigram weight="1" > might go </bigram>
    <bigram weight="1" > ## we </bigram>
    <bigram weight="1" > ### maples </bigram>
    <bigram weight="1" > than the </bigram>
    <bigram weight="1" > rescued from </bigram>
    <bigram weight="1" > portion north </bigram>
    <bigram weight="1" > hard dry </bigram>
    <bigram weight="1" > h ### </bigram>
    <bigram weight="1" > in an </bigram>
    <bigram weight="1" > has ### </bigram>
    <bigram weight="1" > except at </bigram>
    <bigram weight="1" > toward the </bigram>
    <bigram weight="1" > one guess </bigram>
    <bigram weight="1" > not notice </bigram>
    <bigram weight="1" > such experienced </bigram>
    <bigram weight="1" > are other </bigram>
    <bigram weight="1" > a still </bigram>
    <bigram weight="1" > ## henry </bigram>
    <bigram weight="1" > of about </bigram>
    <bigram weight="1" > main portion </bigram>
    <bigram weight="1" > than a </bigram>
    <bigram weight="1" > glaucophylla ### </bigram>
    <bigram weight="1" > ### hoiden </bigram>
    <bigram weight="1" > small investigation </bigram>
    <bigram weight="1" > upper andromeda </bigram>
    <bigram weight="1" > suitable to </bigram>
    <bigram weight="1" > ### covered </bigram>
    <bigram weight="1" > the shore </bigram>
    <bigram weight="1" > romantic ### </bigram>
    <bigram weight="1" > only one </bigram>
    <bigram weight="1" > boaz ### </bigram>
    <bigram weight="1" > less andromeda </bigram>
    <bigram weight="1" > ### water </bigram>
    <bigram weight="1" > ### name </bigram>
    <bigram weight="1" > in proportion </bigram>
    <bigram weight="1" > rather uniform </bigram>
    <bigram weight="1" > a thick </bigram>
    <bigram weight="1" > over it </bigram>
    <bigram weight="1" > were in </bigram>
    <bigram weight="1" > the isthnus </bigram>
    <bigram weight="1" > some distance </bigram>
    <bigram weight="1" > by dry </bigram>
    <bigram weight="1" > panicled ## </bigram>
    <bigram weight="1" > one species </bigram>
    <bigram weight="1" > species found </bigram>
    <bigram weight="1" > he did </bigram>
    <bigram weight="1" > ### separated </bigram>
    <bigram weight="1" > of an </bigram>
    <bigram weight="1" > an ### </bigram>
    <bigram weight="1" > what we </bigram>
    <bigram weight="1" > partly within </bigram>
    <bigram weight="1" > journal from </bigram>
    <bigram weight="1" > stow ### </bigram>
    <bigram weight="1" > ### haynes </bigram>
    <bigram weight="1" > ## scribner </bigram>
    <bigram weight="1" > # leatherleaf </bigram>
    <bigram weight="1" > use in </bigram>
    <bigram weight="1" > bogs referred </bigram>
    <bigram weight="1" > rich brown </bigram>
    <bigram weight="1" > has been </bigram>
    <bigram weight="1" > a more </bigram>
    <bigram weight="1" > boy ### </bigram>
    <bigram weight="1" > much today </bigram>
    <bigram weight="1" > both ladies </bigram>
    <bigram weight="1" > leucothoë ### </bigram>
    <bigram weight="1" > azalea all </bigram>
    <bigram weight="1" > maleberry as </bigram>
    <bigram weight="1" > as perseus </bigram>
    <bigram weight="1" > ### this </bigram>
    <bigram weight="1" > ### dwarf </bigram>
    <bigram weight="1" > # one </bigram>
    <bigram weight="1" > pink ### </bigram>
    <bigram weight="1" > well meadow </bigram>
    <bigram weight="1" > springing out </bigram>
    <bigram weight="1" > although there </bigram>
    <bigram weight="1" > keller ### </bigram>
    <bigram weight="1" > implying that </bigram>
    <bigram weight="1" > made a </bigram>
    <bigram weight="1" > princess in </bigram>
    <bigram weight="1" > dense fringe </bigram>
    <bigram weight="1" > go through </bigram>
    <bigram weight="1" > apparent in </bigram>
    <bigram weight="1" > to use </bigram>
    <bigram weight="1" > that large </bigram>
    <bigram weight="1" > underfoot as </bigram>
    <bigram weight="1" > conantum ### </bigram>
    <bigram weight="1" > white cedar </bigram>
    <bigram weight="1" > ### at </bigram>
    <bigram weight="1" > clue came </bigram>
    <bigram weight="1" > did he </bigram>
    <bigram weight="1" > couchant and </bigram>
    <bigram weight="1" > one will </bigram>
    <bigram weight="1" > seen in </bigram>
    <bigram weight="1" > covered by </bigram>
    <bigram weight="1" > and sleeping </bigram>
    <bigram weight="1" > so common </bigram>
    <bigram weight="1" > thick ### </bigram>
    <bigram weight="1" > he appears </bigram>
    <bigram weight="1" > i realized </bigram>
    <bigram weight="1" > married ## </bigram>
    <bigram weight="1" > is only </bigram>
    <bigram weight="1" > under privet </bigram>
    <bigram weight="1" > brown fruit </bigram>
    <bigram weight="1" > surrounding slopes </bigram>
    <bigram weight="1" > it is </bigram>
    <bigram weight="1" > by no </bigram>
    <bigram weight="1" > ### pink </bigram>
    <bigram weight="1" > legend ### </bigram>
    <bigram weight="1" > glaucophylla is </bigram>
    <bigram weight="1" > has charming </bigram>
    <bigram weight="1" > reasons to </bigram>
    <bigram weight="1" > through the </bigram>
    <bigram weight="1" > stems ### </bigram>
    <bigram weight="1" > high blueberry </bigram>
    <bigram weight="1" > common ### </bigram>
    <bigram weight="1" > and inedible </bigram>
    <bigram weight="1" > # privet </bigram>
    <bigram weight="1" > of a </bigram>
    <bigram weight="1" > places i </bigram>
    <bigram weight="1" > greek legend </bigram>
    <bigram weight="1" > suffered much </bigram>
    <bigram weight="1" > rhododendron viscosum </bigram>
    <bigram weight="1" > when i </bigram>
    <bigram weight="1" > equivalents ### </bigram>
    <bigram weight="1" > andromeda glaucophyllat </bigram>
    <bigram weight="1" > always so </bigram>
    <bigram weight="1" > pedantic reasons </bigram>
    <bigram weight="1" > high perhaps </bigram>
    <bigram weight="1" > journal of </bigram>
    <bigram weight="1" > eureka # </bigram>
    <bigram weight="1" > this and </bigram>
    <bigram weight="1" > ### calyculata </bigram>
    <bigram weight="1" > must have </bigram>
    <bigram weight="1" > comparative zoology </bigram>
    <bigram weight="1" > to it </bigram>
    <bigram weight="1" > his andromeda </bigram>
    <bigram weight="1" > feet high </bigram>
    <bigram weight="1" > ### are </bigram>
    <bigram weight="1" > brighter or </bigram>
    <bigram weight="1" > rare in </bigram>
    <bigram weight="1" > that when </bigram>
    <bigram weight="1" > about their </bigram>
    <bigram weight="1" > typical bog </bigram>
    <bigram weight="1" > o george </bigram>
    <bigram weight="1" > dense and </bigram>
    <bigram weight="1" > brown stems </bigram>
    <bigram weight="1" > round ### </bigram>
    <bigram weight="1" > ### perhaps </bigram>
    <bigram weight="1" > given in </bigram>
    <bigram weight="1" > or eubotrys </bigram>
    <bigram weight="1" > shallow ponds </bigram>
    <bigram weight="1" > transluscent red </bigram>
    <bigram weight="1" > concord field </bigram>
    <bigram weight="1" > ponds or </bigram>
    <bigram weight="1" > a dull </bigram>
    <bigram weight="1" > index gradually </bigram>
    <bigram weight="1" > total distance </bigram>
    <bigram weight="1" > season by </bigram>
    <bigram weight="1" > folia ### </bigram>
    <bigram weight="1" > a border </bigram>
    <bigram weight="1" > attractive spots </bigram>
    <bigram weight="1" > the privet </bigram>
    <bigram weight="1" > bed ### </bigram>
    <bigram weight="1" > the dwarf </bigram>
    <bigram weight="1" > observed from </bigram>
    <bigram weight="1" > ### why </bigram>
    <bigram weight="1" > surprised to </bigram>
    <bigram weight="1" > ### waving </bigram>
    <bigram weight="1" > c # </bigram>
    <bigram weight="1" > clumps here </bigram>
    <bigram weight="1" > describes the </bigram>
    <bigram weight="1" > foregoing species </bigram>
    <bigram weight="1" > are much </bigram>
    <bigram weight="1" > was referring </bigram>
    <bigram weight="1" > ### eubotrys </bigram>
    <bigram weight="1" > ### acre </bigram>
    <bigram weight="1" > the ericaceae </bigram>
    <bigram weight="1" > very much </bigram>
    <bigram weight="1" > note that </bigram>
    <bigram weight="1" > in turn </bigram>
    <bigram weight="1" > sweet pepperbush </bigram>
    <bigram weight="1" > ### hard </bigram>
    <bigram weight="1" > same # </bigram>
    <bigram weight="1" > racemes ### </bigram>
    <bigram weight="1" > i suppose </bigram>
    <bigram weight="1" > shrub rates </bigram>
    <bigram weight="1" > ### says </bigram>
    <bigram weight="1" > of leatherleaf </bigram>
    <bigram weight="1" > mr ### </bigram>
    <bigram weight="1" > which runs </bigram>
    <bigram weight="1" > ## guess </bigram>
    <bigram weight="1" > any other </bigram>
    <bigram weight="1" > overhanging the </bigram>
    <bigram weight="1" > northern section </bigram>
    <bigram weight="1" > ### preston </bigram>
    <bigram weight="1" > the swamp </bigram>
    <bigram weight="1" > border ### </bigram>
    <bigram weight="1" > was called </bigram>
    <bigram weight="1" > young oaks </bigram>
    <bigram weight="1" > learned from </bigram>
    <bigram weight="1" > ### richard </bigram>
    <bigram weight="1" > unfortunately ### </bigram>
    <bigram weight="1" > panicle ### </bigram>
    <bigram weight="1" > the river </bigram>
    <bigram weight="1" > the boston </bigram>
    <bigram weight="1" > as though </bigram>
    <bigram weight="1" > ### out </bigram>
    <bigram weight="1" > my small </bigram>
    <bigram weight="1" > except some </bigram>
    <bigram weight="1" > is ### </bigram>
    <bigram weight="1" > most of </bigram>
    <bigram weight="1" > ### thus </bigram>
    <bigram weight="1" > for which </bigram>
    <bigram weight="1" > quoted thoreau </bigram>
    <bigram weight="1" > northernmost andromeda </bigram>
    <bigram weight="1" > azalea ### </bigram>
    <bigram weight="1" > with young </bigram>
    <bigram weight="1" > dry ### </bigram>
    <bigram weight="1" > gleason fetterbush </bigram>
    <bigram weight="1" > northeast united </bigram>
    <bigram weight="1" > have followed </bigram>
    <bigram weight="1" > brown illustrated </bigram>
    <bigram weight="1" > suppose ### </bigram>
    <bigram weight="1" > are less </bigram>
    <bigram weight="1" > maples ### </bigram>
    <bigram weight="1" > belonging to </bigram>
    <bigram weight="1" > few other </bigram>
    <bigram weight="1" > the racemed </bigram>
    <bigram weight="1" > in greek </bigram>
    <bigram weight="1" > so at </bigram>
    <bigram weight="1" > ### lyonia </bigram>
    <bigram weight="1" > the garden </bigram>
    <bigram weight="1" > i read </bigram>
    <bigram weight="1" > they did </bigram>
    <bigram weight="1" > seem to </bigram>
    <bigram weight="1" > use the </bigram>
    <bigram weight="1" > a branching </bigram>
    <bigram weight="1" > distinction ### </bigram>
    <bigram weight="1" > of brown </bigram>
    <bigram weight="1" > this season </bigram>
    <bigram weight="1" > incompleteness of </bigram>
    <bigram weight="1" > ### volume </bigram>
    <bigram weight="1" > this distinction </bigram>
    <bigram weight="1" > notice any </bigram>
    <bigram weight="1" > now yellowish </bigram>
    <bigram weight="1" > ### hafner </bigram>
    <bigram weight="1" > nothing else </bigram>
    <bigram weight="1" > ing number </bigram>
    <bigram weight="1" > names swamp </bigram>
    <bigram weight="1" > the books </bigram>
    <bigram weight="1" > low shrubbery </bigram>
    <bigram weight="1" > looking toward </bigram>
    <bigram weight="1" > maine railroad </bigram>
    <bigram weight="1" > only a </bigram>
    <bigram weight="1" > more sedge </bigram>
    <bigram weight="1" > andromeda of </bigram>
    <bigram weight="1" > modern name </bigram>
    <bigram weight="1" > ### museum </bigram>
    <bigram weight="1" > rhododendron nudiflorum </bigram>
    <bigram weight="1" > even before </bigram>
    <bigram weight="1" > family which </bigram>
    <bigram weight="1" > property of </bigram>
    <bigram weight="1" > turn reaches </bigram>
    <bigram weight="1" > terminal or </bigram>
    <bigram weight="1" > ponds lie </bigram>
    <bigram weight="1" > lent maleberry </bigram>
    <bigram weight="1" > protection which </bigram>
    <bigram weight="1" > c i </bigram>
    <bigram weight="1" > without preference </bigram>
    <bigram weight="1" > remarked ### </bigram>
    <bigram weight="1" > allen edition </bigram>
    <bigram weight="1" > jugglers # </bigram>
    <bigram weight="1" > andromeda maleberry </bigram>
    <bigram weight="1" > capitalizing the </bigram>
    <bigram weight="1" > word ### </bigram>
    <bigram weight="1" > book ### </bigram>
    <bigram weight="1" > the general </bigram>
    <bigram weight="1" > field station </bigram>
    <bigram weight="1" > section is </bigram>
    <bigram weight="1" > some white </bigram>
    <bigram weight="1" > s meadow </bigram>
    <bigram weight="1" > ### paniculata </bigram>
    <bigram weight="1" > mass as </bigram>
    <bigram weight="1" > family ### </bigram>
    <bigram weight="1" > uniform growth </bigram>
    <bigram weight="1" > surrounded ### </bigram>
    <bigram weight="1" > heath family </bigram>
    <bigram weight="1" > concord region </bigram>
    <bigram weight="1" > last of </bigram>
    <bigram weight="1" > same shrub </bigram>
    <bigram weight="1" > attention of </bigram>
    <bigram weight="1" > an andro </bigram>
    <bigram weight="1" > level bed </bigram>
    <bigram weight="1" > fruit of </bigram>
    <bigram weight="1" > close ### </bigram>
    <bigram weight="1" > apollo ### </bigram>
    <bigram weight="1" > charming little </bigram>
    <bigram weight="1" > and now </bigram>
    <bigram weight="1" > he has </bigram>
    <bigram weight="1" > edited by </bigram>
    <bigram weight="1" > gray bushes </bigram>
    <bigram weight="1" > wish for </bigram>
    <bigram weight="1" > birches ### </bigram>
    <bigram weight="1" > and kalmi </bigram>
    <bigram weight="1" > ### both </bigram>
    <bigram weight="1" > of land </bigram>
    <bigram weight="1" > of plants </bigram>
    <bigram weight="1" > it may </bigram>
    <bigram weight="1" > this index </bigram>
    <bigram weight="1" > perseus and </bigram>
    <bigram weight="1" > the high </bigram>
    <bigram weight="1" > recent years </bigram>
    <bigram weight="1" > with very </bigram>
    <bigram weight="1" > sure enough </bigram>
    <bigram weight="1" > black open </bigram>
    <bigram weight="1" > ### bog </bigram>
    <bigram weight="1" > confusion to </bigram>
    <bigram weight="1" > accepted english </bigram>
    <bigram weight="1" > ### edited </bigram>
    <bigram weight="1" > quincy adams </bigram>
    <bigram weight="1" > ### low </bigram>
    <bigram weight="1" > of times </bigram>
    <bigram weight="1" > had wondered </bigram>
    <bigram weight="1" > ## racemed </bigram>
    <bigram weight="1" > prefer stagnant </bigram>
    <bigram weight="1" > andromeda ## </bigram>
    <bigram weight="1" > of which </bigram>
    <bigram weight="1" > greeted by </bigram>
    <bigram weight="1" > ### polifolia </bigram>
    <bigram weight="1" > and sure </bigram>
    <bigram weight="1" > uniformly with </bigram>
    <bigram weight="1" > are very </bigram>
    <bigram weight="1" > mythology ### </bigram>
    <bigram weight="1" > presently accepted </bigram>
    <bigram weight="1" > # summary </bigram>
    <bigram weight="1" > to much </bigram>
    <bigram weight="1" > plant of </bigram>
    <bigram weight="1" > because they </bigram>
    <bigram weight="1" > and part </bigram>
    <bigram weight="1" > few small </bigram>
    <bigram weight="1" > the torrey </bigram>
    <bigram weight="1" > so all </bigram>
    <bigram weight="1" > finding this </bigram>
    <bigram weight="1" > like the </bigram>
    <bigram weight="1" > poli foil </bigram>
    <bigram weight="1" > ### two </bigram>
    <bigram weight="1" > and a </bigram>
    <bigram weight="1" > puff that </bigram>
    <bigram weight="1" > # they </bigram>
    <bigram weight="1" > he remarked </bigram>
    <bigram weight="1" > over the </bigram>
    <bigram weight="1" > with it </bigram>
    <bigram weight="1" > the other </bigram>
</article>
