<?xml version="1.0" encoding="UTF-8"?>
<article id="10.2307/23394015" >
    <bigram weight="50" > ### # </bigram>
    <bigram weight="34" > ### ### </bigram>
    <bigram weight="16" > ### s </bigram>
    <bigram weight="15" > ### ## </bigram>
    <bigram weight="15" > ## ### </bigram>
    <bigram weight="13" > ### and </bigram>
    <bigram weight="12" > p ### </bigram>
    <bigram weight="12" > ### p </bigram>
    <bigram weight="11" > ### the </bigram>
    <bigram weight="11" > thoreau ### </bigram>
    <bigram weight="11" > # ### </bigram>
    <bigram weight="10" > in the </bigram>
    <bigram weight="8" > of the </bigram>
    <bigram weight="6" > ### of </bigram>
    <bigram weight="6" > ### he </bigram>
    <bigram weight="5" > ### for </bigram>
    <bigram weight="5" > ### channing </bigram>
    <bigram weight="5" > nature ### </bigram>
    <bigram weight="5" > channing ### </bigram>
    <bigram weight="4" > boston ### </bigram>
    <bigram weight="4" > walden ### </bigram>
    <bigram weight="4" > ### a </bigram>
    <bigram weight="4" > henry ### </bigram>
    <bigram weight="4" > # in </bigram>
    <bigram weight="4" > where he </bigram>
    <bigram weight="3" > man ### </bigram>
    <bigram weight="3" > # but </bigram>
    <bigram weight="3" > in his </bigram>
    <bigram weight="3" > # channing </bigram>
    <bigram weight="3" > home ### </bigram>
    <bigram weight="3" > the poet </bigram>
    <bigram weight="3" > ### where </bigram>
    <bigram weight="3" > his friend </bigram>
    <bigram weight="3" > ### to </bigram>
    <bigram weight="3" > ### as </bigram>
    <bigram weight="3" > poet ### </bigram>
    <bigram weight="3" > ### boston </bigram>
    <bigram weight="3" > rudolpho ### </bigram>
    <bigram weight="3" > ### james </bigram>
    <bigram weight="3" > to thoreau </bigram>
    <bigram weight="3" > co ### </bigram>
    <bigram weight="3" > ### his </bigram>
    <bigram weight="3" > of nature </bigram>
    <bigram weight="3" > ### er </bigram>
    <bigram weight="3" > to henry </bigram>
    <bigram weight="3" > and co </bigram>
    <bigram weight="3" > poem ### </bigram>
    <bigram weight="3" > life ### </bigram>
    <bigram weight="3" > poems of </bigram>
    <bigram weight="3" > at walden </bigram>
    <bigram weight="3" > in a </bigram>
    <bigram weight="3" > of his </bigram>
    <bigram weight="2" > oh ### </bigram>
    <bigram weight="2" > henry thoreau </bigram>
    <bigram weight="2" > who can </bigram>
    <bigram weight="2" > himself ### </bigram>
    <bigram weight="2" > er mortal </bigram>
    <bigram weight="2" > did not </bigram>
    <bigram weight="2" > position to </bigram>
    <bigram weight="2" > channinq ### </bigram>
    <bigram weight="2" > ### who </bigram>
    <bigram weight="2" > # more </bigram>
    <bigram weight="2" > he shone </bigram>
    <bigram weight="2" > kind ### </bigram>
    <bigram weight="2" > the world </bigram>
    <bigram weight="2" > one ### </bigram>
    <bigram weight="2" > ### dedication </bigram>
    <bigram weight="2" > to its </bigram>
    <bigram weight="2" > full of </bigram>
    <bigram weight="2" > mortal hearts </bigram>
    <bigram weight="2" > to his </bigram>
    <bigram weight="2" > to give </bigram>
    <bigram weight="2" > at the </bigram>
    <bigram weight="2" > n ### </bigram>
    <bigram weight="2" > near home </bigram>
    <bigram weight="2" > ### nor </bigram>
    <bigram weight="2" > was not </bigram>
    <bigram weight="2" > # thus </bigram>
    <bigram weight="2" > was in </bigram>
    <bigram weight="2" > the poems </bigram>
    <bigram weight="2" > munroe and </bigram>
    <bigram weight="2" > tribute to </bigram>
    <bigram weight="2" > ### thoreau </bigram>
    <bigram weight="2" > not a </bigram>
    <bigram weight="2" > simply entitled </bigram>
    <bigram weight="2" > # thoreau </bigram>
    <bigram weight="2" > ### n </bigram>
    <bigram weight="2" > one whose </bigram>
    <bigram weight="2" > is not </bigram>
    <bigram weight="2" > by the </bigram>
    <bigram weight="2" > that he </bigram>
    <bigram weight="2" > walter harding </bigram>
    <bigram weight="2" > o ### </bigram>
    <bigram weight="2" > a position </bigram>
    <bigram weight="2" > an intimate </bigram>
    <bigram weight="2" > one of </bigram>
    <bigram weight="2" > he is </bigram>
    <bigram weight="2" > dedication ### </bigram>
    <bigram weight="2" > hearts ### </bigram>
    <bigram weight="2" > ### though </bigram>
    <bigram weight="2" > of this </bigram>
    <bigram weight="2" > of thoreau </bigram>
    <bigram weight="2" > s life </bigram>
    <bigram weight="2" > the hermit </bigram>
    <bigram weight="2" > ### like </bigram>
    <bigram weight="2" > a poem </bigram>
    <bigram weight="2" > to the </bigram>
    <bigram weight="2" > # rudolpho </bigram>
    <bigram weight="2" > james munroe </bigram>
    <bigram weight="2" > ### but </bigram>
    <bigram weight="2" > a poet </bigram>
    <bigram weight="2" > from the </bigram>
    <bigram weight="2" > william ellery </bigram>
    <bigram weight="2" > # this </bigram>
    <bigram weight="2" > an elegy </bigram>
    <bigram weight="2" > to be </bigram>
    <bigram weight="2" > on thoreau </bigram>
    <bigram weight="2" > ### arid </bigram>
    <bigram weight="2" > poem simply </bigram>
    <bigram weight="2" > the ### </bigram>
    <bigram weight="2" > entitled ### </bigram>
    <bigram weight="2" > of william </bigram>
    <bigram weight="2" > ### is </bigram>
    <bigram weight="2" > ellery channing </bigram>
    <bigram weight="2" > of one </bigram>
    <bigram weight="2" > he was </bigram>
    <bigram weight="2" > and ### </bigram>
    <bigram weight="2" > ### such </bigram>
    <bigram weight="2" > thoreau by </bigram>
    <bigram weight="2" > intimate ### </bigram>
    <bigram weight="2" > # thy </bigram>
    <bigram weight="2" > seems to </bigram>
    <bigram weight="2" > shone o </bigram>
    <bigram weight="1" > of right </bigram>
    <bigram weight="1" > friend one </bigram>
    <bigram weight="1" > arbiters of </bigram>
    <bigram weight="1" > well satiate </bigram>
    <bigram weight="1" > # i </bigram>
    <bigram weight="1" > friendship with </bigram>
    <bigram weight="1" > no tears </bigram>
    <bigram weight="1" > wanderer ### </bigram>
    <bigram weight="1" > but is </bigram>
    <bigram weight="1" > our fields </bigram>
    <bigram weight="1" > as with </bigram>
    <bigram weight="1" > were the </bigram>
    <bigram weight="1" > from nothing </bigram>
    <bigram weight="1" > regal then </bigram>
    <bigram weight="1" > as thoreau </bigram>
    <bigram weight="1" > have marked </bigram>
    <bigram weight="1" > shore ### </bigram>
    <bigram weight="1" > methods of </bigram>
    <bigram weight="1" > its pleasant </bigram>
    <bigram weight="1" > poetically beautiful </bigram>
    <bigram weight="1" > ### ellery </bigram>
    <bigram weight="1" > heritage ### </bigram>
    <bigram weight="1" > too wants </bigram>
    <bigram weight="1" > henry lived </bigram>
    <bigram weight="1" > he does </bigram>
    <bigram weight="1" > the worth </bigram>
    <bigram weight="1" > revels in </bigram>
    <bigram weight="1" > does not </bigram>
    <bigram weight="1" > trust shall </bigram>
    <bigram weight="1" > transitory nature </bigram>
    <bigram weight="1" > pleasures ### </bigram>
    <bigram weight="1" > it ### </bigram>
    <bigram weight="1" > a decade </bigram>
    <bigram weight="1" > thoreau that </bigram>
    <bigram weight="1" > laws once </bigram>
    <bigram weight="1" > with much </bigram>
    <bigram weight="1" > nature of </bigram>
    <bigram weight="1" > little hermitage </bigram>
    <bigram weight="1" > raised by </bigram>
    <bigram weight="1" > glad sounds </bigram>
    <bigram weight="1" > love of </bigram>
    <bigram weight="1" > of living </bigram>
    <bigram weight="1" > to no </bigram>
    <bigram weight="1" > who once </bigram>
    <bigram weight="1" > channing too </bigram>
    <bigram weight="1" > large welcome </bigram>
    <bigram weight="1" > channing then </bigram>
    <bigram weight="1" > day after </bigram>
    <bigram weight="1" > is truly </bigram>
    <bigram weight="1" > admonishes his </bigram>
    <bigram weight="1" > a colloquial </bigram>
    <bigram weight="1" > with blows </bigram>
    <bigram weight="1" > the lake </bigram>
    <bigram weight="1" > still dwelt </bigram>
    <bigram weight="1" > fears of </bigram>
    <bigram weight="1" > thou the </bigram>
    <bigram weight="1" > ### even </bigram>
    <bigram weight="1" > trust and </bigram>
    <bigram weight="1" > not thou </bigram>
    <bigram weight="1" > who art </bigram>
    <bigram weight="1" > thoreau only </bigram>
    <bigram weight="1" > and seed </bigram>
    <bigram weight="1" > glaze our </bigram>
    <bigram weight="1" > than a </bigram>
    <bigram weight="1" > beautiful appreciation </bigram>
    <bigram weight="1" > pines ### </bigram>
    <bigram weight="1" > channing was </bigram>
    <bigram weight="1" > retained the </bigram>
    <bigram weight="1" > soul ## </bigram>
    <bigram weight="1" > a sun </bigram>
    <bigram weight="1" > lowly bank </bigram>
    <bigram weight="1" > is made </bigram>
    <bigram weight="1" > and taught </bigram>
    <bigram weight="1" > the pond </bigram>
    <bigram weight="1" > one that </bigram>
    <bigram weight="1" > poor ponds </bigram>
    <bigram weight="1" > quaff the </bigram>
    <bigram weight="1" > a man </bigram>
    <bigram weight="1" > much piety </bigram>
    <bigram weight="1" > hearts to </bigram>
    <bigram weight="1" > i know </bigram>
    <bigram weight="1" > run off </bigram>
    <bigram weight="1" > ### mastering </bigram>
    <bigram weight="1" > death ### </bigram>
    <bigram weight="1" > reliance on </bigram>
    <bigram weight="1" > such a </bigram>
    <bigram weight="1" > wrote the </bigram>
    <bigram weight="1" > why the </bigram>
    <bigram weight="1" > slave to </bigram>
    <bigram weight="1" > the shore </bigram>
    <bigram weight="1" > worth for </bigram>
    <bigram weight="1" > with thoreau </bigram>
    <bigram weight="1" > blossom early </bigram>
    <bigram weight="1" > thereby offer </bigram>
    <bigram weight="1" > find ### </bigram>
    <bigram weight="1" > seed ### </bigram>
    <bigram weight="1" > younger ### </bigram>
    <bigram weight="1" > ### henry </bigram>
    <bigram weight="1" > from wells </bigram>
    <bigram weight="1" > commonplace details </bigram>
    <bigram weight="1" > tranquil man </bigram>
    <bigram weight="1" > and thereby </bigram>
    <bigram weight="1" > for channing </bigram>
    <bigram weight="1" > he liked </bigram>
    <bigram weight="1" > with and </bigram>
    <bigram weight="1" > james r </bigram>
    <bigram weight="1" > ### channina </bigram>
    <bigram weight="1" > forebeanng too </bigram>
    <bigram weight="1" > there is </bigram>
    <bigram weight="1" > pastoral ### </bigram>
    <bigram weight="1" > r ### </bigram>
    <bigram weight="1" > built himself </bigram>
    <bigram weight="1" > fixed and </bigram>
    <bigram weight="1" > and simplicity </bigram>
    <bigram weight="1" > savors the </bigram>
    <bigram weight="1" > s the </bigram>
    <bigram weight="1" > concern tp </bigram>
    <bigram weight="1" > the lowly </bigram>
    <bigram weight="1" > superior to </bigram>
    <bigram weight="1" > though modest </bigram>
    <bigram weight="1" > details of </bigram>
    <bigram weight="1" > his near </bigram>
    <bigram weight="1" > ### walter </bigram>
    <bigram weight="1" > late years </bigram>
    <bigram weight="1" > known poem </bigram>
    <bigram weight="1" > all around </bigram>
    <bigram weight="1" > themselves lord </bigram>
    <bigram weight="1" > not mourn </bigram>
    <bigram weight="1" > # oh </bigram>
    <bigram weight="1" > the silliest </bigram>
    <bigram weight="1" > surprise ### </bigram>
    <bigram weight="1" > thoreau did </bigram>
    <bigram weight="1" > pp ### </bigram>
    <bigram weight="1" > # channinq </bigram>
    <bigram weight="1" > # a </bigram>
    <bigram weight="1" > about his </bigram>
    <bigram weight="1" > was a </bigram>
    <bigram weight="1" > thouqh the </bigram>
    <bigram weight="1" > a gem </bigram>
    <bigram weight="1" > of lite </bigram>
    <bigram weight="1" > ### xix </bigram>
    <bigram weight="1" > good ### </bigram>
    <bigram weight="1" > odd couple </bigram>
    <bigram weight="1" > ## and </bigram>
    <bigram weight="1" > his weaknesses </bigram>
    <bigram weight="1" > with it </bigram>
    <bigram weight="1" > of glad </bigram>
    <bigram weight="1" > ponds that </bigram>
    <bigram weight="1" > doem ### </bigram>
    <bigram weight="1" > pond ### </bigram>
    <bigram weight="1" > ### drawn </bigram>
    <bigram weight="1" > welcome find </bigram>
    <bigram weight="1" > arid in </bigram>
    <bigram weight="1" > most poetically </bigram>
    <bigram weight="1" > satiate with </bigram>
    <bigram weight="1" > lift this </bigram>
    <bigram weight="1" > ### rough </bigram>
    <bigram weight="1" > stand and </bigram>
    <bigram weight="1" > this seems </bigram>
    <bigram weight="1" > considerate to </bigram>
    <bigram weight="1" > for one </bigram>
    <bigram weight="1" > we qet </bigram>
    <bigram weight="1" > ### appeared </bigram>
    <bigram weight="1" > the fops </bigram>
    <bigram weight="1" > ## charinina </bigram>
    <bigram weight="1" > lord arbiters </bigram>
    <bigram weight="1" > fields ### </bigram>
    <bigram weight="1" > contented hermit </bigram>
    <bigram weight="1" > same time </bigram>
    <bigram weight="1" > all the </bigram>
    <bigram weight="1" > had done </bigram>
    <bigram weight="1" > the darling </bigram>
    <bigram weight="1" > contentment at </bigram>
    <bigram weight="1" > ftxed than </bigram>
    <bigram weight="1" > and mild </bigram>
    <bigram weight="1" > channing is </bigram>
    <bigram weight="1" > soul ### </bigram>
    <bigram weight="1" > dedicatory poem </bigram>
    <bigram weight="1" > rudolpho works </bigram>
    <bigram weight="1" > that motive </bigram>
    <bigram weight="1" > tho reau </bigram>
    <bigram weight="1" > recovered from </bigram>
    <bigram weight="1" > the arms </bigram>
    <bigram weight="1" > his edition </bigram>
    <bigram weight="1" > s heritage </bigram>
    <bigram weight="1" > charinina dic </bigram>
    <bigram weight="1" > river side </bigram>
    <bigram weight="1" > for his </bigram>
    <bigram weight="1" > unawed by </bigram>
    <bigram weight="1" > # fountains </bigram>
    <bigram weight="1" > was ### </bigram>
    <bigram weight="1" > ### stand </bigram>
    <bigram weight="1" > thy compelled </bigram>
    <bigram weight="1" > shores of </bigram>
    <bigram weight="1" > to nature </bigram>
    <bigram weight="1" > in this </bigram>
    <bigram weight="1" > to shun </bigram>
    <bigram weight="1" > how to </bigram>
    <bigram weight="1" > fancy now </bigram>
    <bigram weight="1" > channing and </bigram>
    <bigram weight="1" > else was </bigram>
    <bigram weight="1" > but the </bigram>
    <bigram weight="1" > motive came </bigram>
    <bigram weight="1" > accompany thoreau </bigram>
    <bigram weight="1" > as walden </bigram>
    <bigram weight="1" > the original </bigram>
    <bigram weight="1" > in winter </bigram>
    <bigram weight="1" > ellery channinq </bigram>
    <bigram weight="1" > but with </bigram>
    <bigram weight="1" > roll ### </bigram>
    <bigram weight="1" > elegy in </bigram>
    <bigram weight="1" > wheezing meadows </bigram>
    <bigram weight="1" > inserts an </bigram>
    <bigram weight="1" > weaknesses and </bigram>
    <bigram weight="1" > the pines </bigram>
    <bigram weight="1" > of late </bigram>
    <bigram weight="1" > series ### </bigram>
    <bigram weight="1" > channing hopes </bigram>
    <bigram weight="1" > by francis </bigram>
    <bigram weight="1" > form ### </bigram>
    <bigram weight="1" > me now </bigram>
    <bigram weight="1" > ### while </bigram>
    <bigram weight="1" > unmindful ### </bigram>
    <bigram weight="1" > loveliness and </bigram>
    <bigram weight="1" > or careless </bigram>
    <bigram weight="1" > tp ### </bigram>
    <bigram weight="1" > and profound </bigram>
    <bigram weight="1" > stream ### </bigram>
    <bigram weight="1" > a gift </bigram>
    <bigram weight="1" > the men </bigram>
    <bigram weight="1" > simplicity of </bigram>
    <bigram weight="1" > us a </bigram>
    <bigram weight="1" > mourn this </bigram>
    <bigram weight="1" > ### raised </bigram>
    <bigram weight="1" > the volume </bigram>
    <bigram weight="1" > pleasant edge </bigram>
    <bigram weight="1" > span ### </bigram>
    <bigram weight="1" > as no </bigram>
    <bigram weight="1" > builds a </bigram>
    <bigram weight="1" > as walking </bigram>
    <bigram weight="1" > once brought </bigram>
    <bigram weight="1" > rough or </bigram>
    <bigram weight="1" > darling of </bigram>
    <bigram weight="1" > hill ### </bigram>
    <bigram weight="1" > ## to </bigram>
    <bigram weight="1" > sage he </bigram>
    <bigram weight="1" > a large </bigram>
    <bigram weight="1" > st thou </bigram>
    <bigram weight="1" > stricken hearts </bigram>
    <bigram weight="1" > for a </bigram>
    <bigram weight="1" > sort of </bigram>
    <bigram weight="1" > of deep </bigram>
    <bigram weight="1" > and thus </bigram>
    <bigram weight="1" > heart ### </bigram>
    <bigram weight="1" > appoint channing </bigram>
    <bigram weight="1" > the most </bigram>
    <bigram weight="1" > peetweet drops </bigram>
    <bigram weight="1" > friends to </bigram>
    <bigram weight="1" > indians who </bigram>
    <bigram weight="1" > with memorial </bigram>
    <bigram weight="1" > loved ### </bigram>
    <bigram weight="1" > his days </bigram>
    <bigram weight="1" > giant egg </bigram>
    <bigram weight="1" > a pensile </bigram>
    <bigram weight="1" > of home </bigram>
    <bigram weight="1" > calls rudolpho </bigram>
    <bigram weight="1" > never rude </bigram>
    <bigram weight="1" > this rich </bigram>
    <bigram weight="1" > no one </bigram>
    <bigram weight="1" > onlv one </bigram>
    <bigram weight="1" > ### oh </bigram>
    <bigram weight="1" > loss he </bigram>
    <bigram weight="1" > ### weep </bigram>
    <bigram weight="1" > part of </bigram>
    <bigram weight="1" > this soul </bigram>
    <bigram weight="1" > edition of </bigram>
    <bigram weight="1" > ### at </bigram>
    <bigram weight="1" > worth of </bigram>
    <bigram weight="1" > of these </bigram>
    <bigram weight="1" > arid concord </bigram>
    <bigram weight="1" > nothing cast </bigram>
    <bigram weight="1" > hermit to </bigram>
    <bigram weight="1" > course ### </bigram>
    <bigram weight="1" > companion for </bigram>
    <bigram weight="1" > their buds </bigram>
    <bigram weight="1" > in all </bigram>
    <bigram weight="1" > now ### </bigram>
    <bigram weight="1" > ### best </bigram>
    <bigram weight="1" > hath the </bigram>
    <bigram weight="1" > emerson ### </bigram>
    <bigram weight="1" > the sage </bigram>
    <bigram weight="1" > now goodness </bigram>
    <bigram weight="1" > surely one </bigram>
    <bigram weight="1" > prudent and </bigram>
    <bigram weight="1" > hope and </bigram>
    <bigram weight="1" > with some </bigram>
    <bigram weight="1" > frost ### </bigram>
    <bigram weight="1" > were good </bigram>
    <bigram weight="1" > heart the </bigram>
    <bigram weight="1" > # ## </bigram>
    <bigram weight="1" > these poor </bigram>
    <bigram weight="1" > is mainly </bigram>
    <bigram weight="1" > not develop </bigram>
    <bigram weight="1" > ### there </bigram>
    <bigram weight="1" > to rarer </bigram>
    <bigram weight="1" > fifteen years </bigram>
    <bigram weight="1" > sounds ### </bigram>
    <bigram weight="1" > vireo builds </bigram>
    <bigram weight="1" > upon the </bigram>
    <bigram weight="1" > thoreau is </bigram>
    <bigram weight="1" > friend such </bigram>
    <bigram weight="1" > ### delighted </bigram>
    <bigram weight="1" > this pastoral </bigram>
    <bigram weight="1" > walden live </bigram>
    <bigram weight="1" > thoughtful minds </bigram>
    <bigram weight="1" > the worst </bigram>
    <bigram weight="1" > the touch </bigram>
    <bigram weight="1" > of mankind </bigram>
    <bigram weight="1" > pique ### </bigram>
    <bigram weight="1" > compelled devotion </bigram>
    <bigram weight="1" > ### more </bigram>
    <bigram weight="1" > brush her </bigram>
    <bigram weight="1" > and full </bigram>
    <bigram weight="1" > they knew </bigram>
    <bigram weight="1" > to reminisce </bigram>
    <bigram weight="1" > poet who </bigram>
    <bigram weight="1" > thy faithful </bigram>
    <bigram weight="1" > years has </bigram>
    <bigram weight="1" > # here </bigram>
    <bigram weight="1" > influence on </bigram>
    <bigram weight="1" > lp ### </bigram>
    <bigram weight="1" > works at </bigram>
    <bigram weight="1" > a beautiful </bigram>
    <bigram weight="1" > men of </bigram>
    <bigram weight="1" > his verse </bigram>
    <bigram weight="1" > lonely ### </bigram>
    <bigram weight="1" > then its </bigram>
    <bigram weight="1" > appeared ### </bigram>
    <bigram weight="1" > village and </bigram>
    <bigram weight="1" > pensile nest </bigram>
    <bigram weight="1" > nest and </bigram>
    <bigram weight="1" > poem and </bigram>
    <bigram weight="1" > world might </bigram>
    <bigram weight="1" > the one </bigram>
    <bigram weight="1" > live a </bigram>
    <bigram weight="1" > inspire most </bigram>
    <bigram weight="1" > charming wrote </bigram>
    <bigram weight="1" > odorous with </bigram>
    <bigram weight="1" > meed of </bigram>
    <bigram weight="1" > unpredictable channing </bigram>
    <bigram weight="1" > of course </bigram>
    <bigram weight="1" > the indians </bigram>
    <bigram weight="1" > of pique </bigram>
    <bigram weight="1" > poetry chanmng </bigram>
    <bigram weight="1" > though temperate </bigram>
    <bigram weight="1" > truly loved </bigram>
    <bigram weight="1" > merest waif </bigram>
    <bigram weight="1" > at thoreau </bigram>
    <bigram weight="1" > ripe fruit </bigram>
    <bigram weight="1" > # forebeanng </bigram>
    <bigram weight="1" > of a </bigram>
    <bigram weight="1" > where ### </bigram>
    <bigram weight="1" > some sort </bigram>
    <bigram weight="1" > waters roll </bigram>
    <bigram weight="1" > ### were </bigram>
    <bigram weight="1" > fashion ### </bigram>
    <bigram weight="1" > portrait of </bigram>
    <bigram weight="1" > polished methods </bigram>
    <bigram weight="1" > ### whom </bigram>
    <bigram weight="1" > in fractions </bigram>
    <bigram weight="1" > hiaher laws </bigram>
    <bigram weight="1" > # inspire </bigram>
    <bigram weight="1" > his love </bigram>
    <bigram weight="1" > dedicated the </bigram>
    <bigram weight="1" > let the </bigram>
    <bigram weight="1" > do not </bigram>
    <bigram weight="1" > and surely </bigram>
    <bigram weight="1" > bless his </bigram>
    <bigram weight="1" > of hope </bigram>
    <bigram weight="1" > among us </bigram>
    <bigram weight="1" > but not </bigram>
    <bigram weight="1" > s source </bigram>
    <bigram weight="1" > one else </bigram>
    <bigram weight="1" > # still </bigram>
    <bigram weight="1" > fountains of </bigram>
    <bigram weight="1" > keep the </bigram>
    <bigram weight="1" > colloquial poem </bigram>
    <bigram weight="1" > and breadth </bigram>
    <bigram weight="1" > wants to </bigram>
    <bigram weight="1" > and tranquil </bigram>
    <bigram weight="1" > the poem </bigram>
    <bigram weight="1" > in full </bigram>
    <bigram weight="1" > him ### </bigram>
    <bigram weight="1" > ### done </bigram>
    <bigram weight="1" > how faint </bigram>
    <bigram weight="1" > to let </bigram>
    <bigram weight="1" > ### confiding </bigram>
    <bigram weight="1" > oft counsel </bigram>
    <bigram weight="1" > spent with </bigram>
    <bigram weight="1" > ## ## </bigram>
    <bigram weight="1" > the unpredictable </bigram>
    <bigram weight="1" > than earth </bigram>
    <bigram weight="1" > and they </bigram>
    <bigram weight="1" > poet applauds </bigram>
    <bigram weight="1" > reference to </bigram>
    <bigram weight="1" > may accompany </bigram>
    <bigram weight="1" > reprints ### </bigram>
    <bigram weight="1" > tures himself </bigram>
    <bigram weight="1" > dic tures </bigram>
    <bigram weight="1" > earth ### </bigram>
    <bigram weight="1" > right and </bigram>
    <bigram weight="1" > doubt that </bigram>
    <bigram weight="1" > find nowhere </bigram>
    <bigram weight="1" > problems than </bigram>
    <bigram weight="1" > faint the </bigram>
    <bigram weight="1" > and is </bigram>
    <bigram weight="1" > a love </bigram>
    <bigram weight="1" > a season </bigram>
    <bigram weight="1" > yet suspected </bigram>
    <bigram weight="1" > wine of </bigram>
    <bigram weight="1" > the wanderer </bigram>
    <bigram weight="1" > that we </bigram>
    <bigram weight="1" > not whence </bigram>
    <bigram weight="1" > tears and </bigram>
    <bigram weight="1" > to lift </bigram>
    <bigram weight="1" > the expense </bigram>
    <bigram weight="1" > he feels </bigram>
    <bigram weight="1" > to do </bigram>
    <bigram weight="1" > mankind ### </bigram>
    <bigram weight="1" > and bless </bigram>
    <bigram weight="1" > # his </bigram>
    <bigram weight="1" > her leaves </bigram>
    <bigram weight="1" > his kind </bigram>
    <bigram weight="1" > who ### </bigram>
    <bigram weight="1" > most contented </bigram>
    <bigram weight="1" > ### brains </bigram>
    <bigram weight="1" > from henry </bigram>
    <bigram weight="1" > himself a </bigram>
    <bigram weight="1" > behind his </bigram>
    <bigram weight="1" > winds in </bigram>
    <bigram weight="1" > light the </bigram>
    <bigram weight="1" > s influence </bigram>
    <bigram weight="1" > ### perhaps </bigram>
    <bigram weight="1" > the joys </bigram>
    <bigram weight="1" > tranquility ### </bigram>
    <bigram weight="1" > ## walter </bigram>
    <bigram weight="1" > deep tranquility </bigram>
    <bigram weight="1" > gem ### </bigram>
    <bigram weight="1" > expense or </bigram>
    <bigram weight="1" > qet an </bigram>
    <bigram weight="1" > ### with </bigram>
    <bigram weight="1" > worldling may </bigram>
    <bigram weight="1" > his poetry </bigram>
    <bigram weight="1" > though winds </bigram>
    <bigram weight="1" > lived ### </bigram>
    <bigram weight="1" > goodness ### </bigram>
    <bigram weight="1" > if they </bigram>
    <bigram weight="1" > to have </bigram>
    <bigram weight="1" > like thoreau </bigram>
    <bigram weight="1" > early ### </bigram>
    <bigram weight="1" > ### brave </bigram>
    <bigram weight="1" > ### our </bigram>
    <bigram weight="1" > peace disarm </bigram>
    <bigram weight="1" > senses breathes </bigram>
    <bigram weight="1" > in poems </bigram>
    <bigram weight="1" > he might </bigram>
    <bigram weight="1" > learn from </bigram>
    <bigram weight="1" > against whom </bigram>
    <bigram weight="1" > to doubt </bigram>
    <bigram weight="1" > and think </bigram>
    <bigram weight="1" > of loss </bigram>
    <bigram weight="1" > classical form </bigram>
    <bigram weight="1" > day part </bigram>
    <bigram weight="1" > such as </bigram>
    <bigram weight="1" > egg in </bigram>
    <bigram weight="1" > a remembrance </bigram>
    <bigram weight="1" > walking by </bigram>
    <bigram weight="1" > suspected that </bigram>
    <bigram weight="1" > that from </bigram>
    <bigram weight="1" > for such </bigram>
    <bigram weight="1" > thus ### </bigram>
    <bigram weight="1" > world ### </bigram>
    <bigram weight="1" > hermit on </bigram>
    <bigram weight="1" > ## of </bigram>
    <bigram weight="1" > a prudent </bigram>
    <bigram weight="1" > away ### </bigram>
    <bigram weight="1" > nature and </bigram>
    <bigram weight="1" > such patience </bigram>
    <bigram weight="1" > not on </bigram>
    <bigram weight="1" > verses ### </bigram>
    <bigram weight="1" > title doem </bigram>
    <bigram weight="1" > his glorious </bigram>
    <bigram weight="1" > whom he </bigram>
    <bigram weight="1" > nod ### </bigram>
    <bigram weight="1" > ### dd </bigram>
    <bigram weight="1" > our mother </bigram>
    <bigram weight="1" > added to </bigram>
    <bigram weight="1" > cheer is </bigram>
    <bigram weight="1" > admiration for </bigram>
    <bigram weight="1" > ### charming </bigram>
    <bigram weight="1" > like a </bigram>
    <bigram weight="1" > # boston </bigram>
    <bigram weight="1" > is no </bigram>
    <bigram weight="1" > ### so </bigram>
    <bigram weight="1" > once owned </bigram>
    <bigram weight="1" > came ### </bigram>
    <bigram weight="1" > has tranquil </bigram>
    <bigram weight="1" > is reminded </bigram>
    <bigram weight="1" > perhaps ### </bigram>
    <bigram weight="1" > was followed </bigram>
    <bigram weight="1" > with the </bigram>
    <bigram weight="1" > nor does </bigram>
    <bigram weight="1" > a ### </bigram>
    <bigram weight="1" > nature in </bigram>
    <bigram weight="1" > nowhere else </bigram>
    <bigram weight="1" > # juj </bigram>
    <bigram weight="1" > leaves away </bigram>
    <bigram weight="1" > with sweet </bigram>
    <bigram weight="1" > careless ### </bigram>
    <bigram weight="1" > man to </bigram>
    <bigram weight="1" > become a </bigram>
    <bigram weight="1" > has built </bigram>
    <bigram weight="1" > fractions ### </bigram>
    <bigram weight="1" > physical ### </bigram>
    <bigram weight="1" > s waters </bigram>
    <bigram weight="1" > hopes thoreau </bigram>
    <bigram weight="1" > and dedicated </bigram>
    <bigram weight="1" > and time </bigram>
    <bigram weight="1" > breathes through </bigram>
    <bigram weight="1" > ### dedmond </bigram>
    <bigram weight="1" > shall keep </bigram>
    <bigram weight="1" > whose trust </bigram>
    <bigram weight="1" > ### do </bigram>
    <bigram weight="1" > # and </bigram>
    <bigram weight="1" > hermitage ### </bigram>
    <bigram weight="1" > rich heart </bigram>
    <bigram weight="1" > century between </bigram>
    <bigram weight="1" > and the </bigram>
    <bigram weight="1" > temperate and </bigram>
    <bigram weight="1" > the onlv </bigram>
    <bigram weight="1" > heart became </bigram>
    <bigram weight="1" > between ## </bigram>
    <bigram weight="1" > joys of </bigram>
    <bigram weight="1" > dwelt among </bigram>
    <bigram weight="1" > may ### </bigram>
    <bigram weight="1" > nor coward </bigram>
    <bigram weight="1" > main ### </bigram>
    <bigram weight="1" > the title </bigram>
    <bigram weight="1" > ### says </bigram>
    <bigram weight="1" > and with </bigram>
    <bigram weight="1" > think themselves </bigram>
    <bigram weight="1" > # though </bigram>
    <bigram weight="1" > then admonishes </bigram>
    <bigram weight="1" > to blossom </bigram>
    <bigram weight="1" > impulse flowed </bigram>
    <bigram weight="1" > not lonely </bigram>
    <bigram weight="1" > mild surprise </bigram>
    <bigram weight="1" > memorial verses </bigram>
    <bigram weight="1" > what the </bigram>
    <bigram weight="1" > from nature </bigram>
    <bigram weight="1" > experienced at </bigram>
    <bigram weight="1" > warm ### </bigram>
    <bigram weight="1" > heart is </bigram>
    <bigram weight="1" > ### odorous </bigram>
    <bigram weight="1" > # when </bigram>
    <bigram weight="1" > faithful heart </bigram>
    <bigram weight="1" > is in </bigram>
    <bigram weight="1" > that i </bigram>
    <bigram weight="1" > no good </bigram>
    <bigram weight="1" > to human </bigram>
    <bigram weight="1" > thou who </bigram>
    <bigram weight="1" > social pleasures </bigram>
    <bigram weight="1" > ### may </bigram>
    <bigram weight="1" > feels the </bigram>
    <bigram weight="1" > s worth </bigram>
    <bigram weight="1" > piquancy ### </bigram>
    <bigram weight="1" > but of </bigram>
    <bigram weight="1" > mild ### </bigram>
    <bigram weight="1" > that in </bigram>
    <bigram weight="1" > dd ### </bigram>
    <bigram weight="1" > his sleeve </bigram>
    <bigram weight="1" > achieve contentment </bigram>
    <bigram weight="1" > bank of </bigram>
    <bigram weight="1" > peaceful walks </bigram>
    <bigram weight="1" > apes ### </bigram>
    <bigram weight="1" > for himself </bigram>
    <bigram weight="1" > s concern </bigram>
    <bigram weight="1" > delighted with </bigram>
    <bigram weight="1" > been the </bigram>
    <bigram weight="1" > is fixed </bigram>
    <bigram weight="1" > ### yet </bigram>
    <bigram weight="1" > place i </bigram>
    <bigram weight="1" > know to </bigram>
    <bigram weight="1" > fate ### </bigram>
    <bigram weight="1" > long as </bigram>
    <bigram weight="1" > channing or </bigram>
    <bigram weight="1" > or vexed </bigram>
    <bigram weight="1" > the river </bigram>
    <bigram weight="1" > river fills </bigram>
    <bigram weight="1" > ### hill </bigram>
    <bigram weight="1" > the merest </bigram>
    <bigram weight="1" > generous man </bigram>
    <bigram weight="1" > dedicated thoreau </bigram>
    <bigram weight="1" > peers ### </bigram>
    <bigram weight="1" > source ### </bigram>
    <bigram weight="1" > of pleasant </bigram>
    <bigram weight="1" > thought as </bigram>
    <bigram weight="1" > fire ### </bigram>
    <bigram weight="1" > thus vast </bigram>
    <bigram weight="1" > a span </bigram>
    <bigram weight="1" > bestowed was </bigram>
    <bigram weight="1" > silliest apes </bigram>
    <bigram weight="1" > meadows ### </bigram>
    <bigram weight="1" > oak ### </bigram>
    <bigram weight="1" > loss # </bigram>
    <bigram weight="1" > brave apprenticeship </bigram>
    <bigram weight="1" > give us </bigram>
    <bigram weight="1" > whose guest </bigram>
    <bigram weight="1" > of channing </bigram>
    <bigram weight="1" > left us </bigram>
    <bigram weight="1" > with himself </bigram>
    <bigram weight="1" > complain how </bigram>
    <bigram weight="1" > a reference </bigram>
    <bigram weight="1" > of tho </bigram>
    <bigram weight="1" > her giant </bigram>
    <bigram weight="1" > tributes to </bigram>
    <bigram weight="1" > and nature </bigram>
    <bigram weight="1" > might trust </bigram>
    <bigram weight="1" > to thy </bigram>
    <bigram weight="1" > not unmindful </bigram>
    <bigram weight="1" > the younger </bigram>
    <bigram weight="1" > can teach </bigram>
    <bigram weight="1" > might quaff </bigram>
    <bigram weight="1" > taught their </bigram>
    <bigram weight="1" > ### osgood </bigram>
    <bigram weight="1" > shun the </bigram>
    <bigram weight="1" > for thoreau </bigram>
    <bigram weight="1" > after day </bigram>
    <bigram weight="1" > walks and </bigram>
    <bigram weight="1" > of fate </bigram>
    <bigram weight="1" > fortune ### </bigram>
    <bigram weight="1" > and reliance </bigram>
    <bigram weight="1" > the collected </bigram>
    <bigram weight="1" > he thinks </bigram>
    <bigram weight="1" > ### one </bigram>
    <bigram weight="1" > trust ### </bigram>
    <bigram weight="1" > life of </bigram>
    <bigram weight="1" > reminded ### </bigram>
    <bigram weight="1" > become well </bigram>
    <bigram weight="1" > ### whose </bigram>
    <bigram weight="1" > for ### </bigram>
    <bigram weight="1" > security he </bigram>
    <bigram weight="1" > fruit and </bigram>
    <bigram weight="1" > buds to </bigram>
    <bigram weight="1" > years of </bigram>
    <bigram weight="1" > became a </bigram>
    <bigram weight="1" > as the </bigram>
    <bigram weight="1" > full piquancy </bigram>
    <bigram weight="1" > of concord </bigram>
    <bigram weight="1" > this lordly </bigram>
    <bigram weight="1" > love bestowed </bigram>
    <bigram weight="1" > only ### </bigram>
    <bigram weight="1" > the loss </bigram>
    <bigram weight="1" > done at </bigram>
    <bigram weight="1" > channing did </bigram>
    <bigram weight="1" > appreciation and </bigram>
    <bigram weight="1" > edge has </bigram>
    <bigram weight="1" > through frost </bigram>
    <bigram weight="1" > off the </bigram>
    <bigram weight="1" > ### how </bigram>
    <bigram weight="1" > large and </bigram>
    <bigram weight="1" > he finds </bigram>
    <bigram weight="1" > or against </bigram>
    <bigram weight="1" > beautiful ### </bigram>
    <bigram weight="1" > be a </bigram>
    <bigram weight="1" > an idealized </bigram>
    <bigram weight="1" > he sat </bigram>
    <bigram weight="1" > be superior </bigram>
    <bigram weight="1" > too oft </bigram>
    <bigram weight="1" > lite ### </bigram>
    <bigram weight="1" > at unraveling </bigram>
    <bigram weight="1" > ### thence </bigram>
    <bigram weight="1" > is never </bigram>
    <bigram weight="1" > channina asks </bigram>
    <bigram weight="1" > reason urged </bigram>
    <bigram weight="1" > earth or </bigram>
    <bigram weight="1" > i have </bigram>
    <bigram weight="1" > ### we </bigram>
    <bigram weight="1" > the whole </bigram>
    <bigram weight="1" > land ### </bigram>
    <bigram weight="1" > sense of </bigram>
    <bigram weight="1" > whom channing </bigram>
    <bigram weight="1" > hear ### </bigram>
    <bigram weight="1" > the sobbing </bigram>
    <bigram weight="1" > ### become </bigram>
    <bigram weight="1" > for the </bigram>
    <bigram weight="1" > mother ### </bigram>
    <bigram weight="1" > brake lp </bigram>
    <bigram weight="1" > the line </bigram>
    <bigram weight="1" > the village </bigram>
    <bigram weight="1" > thoreau was </bigram>
    <bigram weight="1" > the land </bigram>
    <bigram weight="1" > cannot fancy </bigram>
    <bigram weight="1" > lake has </bigram>
    <bigram weight="1" > shuns social </bigram>
    <bigram weight="1" > place where </bigram>
    <bigram weight="1" > sun ### </bigram>
    <bigram weight="1" > s poetic </bigram>
    <bigram weight="1" > shed no </bigram>
    <bigram weight="1" > touched their </bigram>
    <bigram weight="1" > as henry </bigram>
    <bigram weight="1" > than their </bigram>
    <bigram weight="1" > and why </bigram>
    <bigram weight="1" > s heart </bigram>
    <bigram weight="1" > can shed </bigram>
    <bigram weight="1" > o er </bigram>
    <bigram weight="1" > fops of </bigram>
    <bigram weight="1" > apology for </bigram>
    <bigram weight="1" > he sees </bigram>
    <bigram weight="1" > ### dedicated </bigram>
    <bigram weight="1" > vast a </bigram>
    <bigram weight="1" > ### considerate </bigram>
    <bigram weight="1" > osgood and </bigram>
    <bigram weight="1" > sure ### </bigram>
    <bigram weight="1" > cast upon </bigram>
    <bigram weight="1" > lake ### </bigram>
    <bigram weight="1" > whence that </bigram>
    <bigram weight="1" > ### near </bigram>
    <bigram weight="1" > is right </bigram>
    <bigram weight="1" > and kind </bigram>
    <bigram weight="1" > and tribute </bigram>
    <bigram weight="1" > its charms </bigram>
    <bigram weight="1" > for thoughtful </bigram>
    <bigram weight="1" > and faith </bigram>
    <bigram weight="1" > more than </bigram>
    <bigram weight="1" > we cari </bigram>
    <bigram weight="1" > he savors </bigram>
    <bigram weight="1" > of what </bigram>
    <bigram weight="1" > of fashion </bigram>
    <bigram weight="1" > channing never </bigram>
    <bigram weight="1" > ### scholars </bigram>
    <bigram weight="1" > thus become </bigram>
    <bigram weight="1" > marked the </bigram>
    <bigram weight="1" > facsimiles reprints </bigram>
    <bigram weight="1" > s nod </bigram>
    <bigram weight="1" > thy heart </bigram>
    <bigram weight="1" > liked to </bigram>
    <bigram weight="1" > one attracted </bigram>
    <bigram weight="1" > mastering day </bigram>
    <bigram weight="1" > this lake </bigram>
    <bigram weight="1" > friend thoreau </bigram>
    <bigram weight="1" > made aware </bigram>
    <bigram weight="1" > the mortal </bigram>
    <bigram weight="1" > disarm the </bigram>
    <bigram weight="1" > else ### </bigram>
    <bigram weight="1" > as long </bigram>
    <bigram weight="1" > the commonplace </bigram>
    <bigram weight="1" > b ### </bigram>
    <bigram weight="1" > in henry </bigram>
    <bigram weight="1" > permanence of </bigram>
    <bigram weight="1" > at thy </bigram>
    <bigram weight="1" > the vireo </bigram>
    <bigram weight="1" > even if </bigram>
    <bigram weight="1" > aware of </bigram>
    <bigram weight="1" > ### walden </bigram>
    <bigram weight="1" > s secrets </bigram>
    <bigram weight="1" > and generous </bigram>
    <bigram weight="1" > time ### </bigram>
    <bigram weight="1" > ### st </bigram>
    <bigram weight="1" > channing pays </bigram>
    <bigram weight="1" > cari find </bigram>
    <bigram weight="1" > ### full </bigram>
    <bigram weight="1" > his peaceful </bigram>
    <bigram weight="1" > give ### </bigram>
    <bigram weight="1" > in wheezing </bigram>
    <bigram weight="1" > best known </bigram>
    <bigram weight="1" > declares ### </bigram>
    <bigram weight="1" > the thou </bigram>
    <bigram weight="1" > finds in </bigram>
    <bigram weight="1" > his friendship </bigram>
    <bigram weight="1" > ### hear </bigram>
    <bigram weight="1" > channina declares </bigram>
    <bigram weight="1" > ### slave </bigram>
    <bigram weight="1" > by fortune </bigram>
    <bigram weight="1" > word ### </bigram>
    <bigram weight="1" > setting ### </bigram>
    <bigram weight="1" > human senses </bigram>
    <bigram weight="1" > the same </bigram>
    <bigram weight="1" > laugh in </bigram>
    <bigram weight="1" > on earth </bigram>
    <bigram weight="1" > harding says </bigram>
    <bigram weight="1" > offer apology </bigram>
    <bigram weight="1" > where with </bigram>
    <bigram weight="1" > piety he </bigram>
    <bigram weight="1" > but when </bigram>
    <bigram weight="1" > # for </bigram>
    <bigram weight="1" > weep not </bigram>
    <bigram weight="1" > the peetweet </bigram>
    <bigram weight="1" > ### from </bigram>
    <bigram weight="1" > his thought </bigram>
    <bigram weight="1" > lord nor </bigram>
    <bigram weight="1" > their thought </bigram>
    <bigram weight="1" > while ### </bigram>
    <bigram weight="1" > hermit ### </bigram>
    <bigram weight="1" > days spent </bigram>
    <bigram weight="1" > hermit was </bigram>
    <bigram weight="1" > he may </bigram>
    <bigram weight="1" > whole ### </bigram>
    <bigram weight="1" > the permanence </bigram>
    <bigram weight="1" > that glaze </bigram>
    <bigram weight="1" > ### meed </bigram>
    <bigram weight="1" > unraveling nature </bigram>
    <bigram weight="1" > published his </bigram>
    <bigram weight="1" > i cannot </bigram>
    <bigram weight="1" > owned the </bigram>
    <bigram weight="1" > gift in </bigram>
    <bigram weight="1" > the polished </bigram>
    <bigram weight="1" > second series </bigram>
    <bigram weight="1" > the shores </bigram>
    <bigram weight="1" > around him </bigram>
    <bigram weight="1" > remembrance of </bigram>
    <bigram weight="1" > does he </bigram>
    <bigram weight="1" > us as </bigram>
    <bigram weight="1" > lordly man </bigram>
    <bigram weight="1" > cross ### </bigram>
    <bigram weight="1" > sweet brake </bigram>
    <bigram weight="1" > some me </bigram>
    <bigram weight="1" > pleasant thoughts </bigram>
    <bigram weight="1" > published in </bigram>
    <bigram weight="1" > have been </bigram>
    <bigram weight="1" > channing published </bigram>
    <bigram weight="1" > er doubted </bigram>
    <bigram weight="1" > gainesville ### </bigram>
    <bigram weight="1" > introduction to </bigram>
    <bigram weight="1" > s death </bigram>
    <bigram weight="1" > has added </bigram>
    <bigram weight="1" > applauds rudolpho </bigram>
    <bigram weight="1" > and thouqh </bigram>
    <bigram weight="1" > he calls </bigram>
    <bigram weight="1" > and thoreau </bigram>
    <bigram weight="1" > drawn from </bigram>
    <bigram weight="1" > concord river </bigram>
    <bigram weight="1" > waif from </bigram>
    <bigram weight="1" > blessed security </bigram>
    <bigram weight="1" > so ### </bigram>
    <bigram weight="1" > elegy ### </bigram>
    <bigram weight="1" > devotion ### </bigram>
    <bigram weight="1" > and hiaher </bigram>
    <bigram weight="1" > harding is </bigram>
    <bigram weight="1" > blows by </bigram>
    <bigram weight="1" > vexed ### </bigram>
    <bigram weight="1" > pays a </bigram>
    <bigram weight="1" > couple ### </bigram>
    <bigram weight="1" > asks that </bigram>
    <bigram weight="1" > xix ### </bigram>
    <bigram weight="1" > mainly that </bigram>
    <bigram weight="1" > may at </bigram>
    <bigram weight="1" > reminisce about </bigram>
    <bigram weight="1" > channinq celebrated </bigram>
    <bigram weight="1" > is one </bigram>
    <bigram weight="1" > was at </bigram>
    <bigram weight="1" > knew not </bigram>
    <bigram weight="1" > the impulse </bigram>
    <bigram weight="1" > by channing </bigram>
    <bigram weight="1" > the last </bigram>
    <bigram weight="1" > and of </bigram>
    <bigram weight="1" > apprenticeship ### </bigram>
    <bigram weight="1" > thoreau seems </bigram>
    <bigram weight="1" > truth is </bigram>
    <bigram weight="1" > a life </bigram>
    <bigram weight="1" > # to </bigram>
    <bigram weight="1" > faith # </bigram>
    <bigram weight="1" > done ### </bigram>
    <bigram weight="1" > by an </bigram>
    <bigram weight="1" > the quarter </bigram>
    <bigram weight="1" > of channinq </bigram>
    <bigram weight="1" > # he </bigram>
    <bigram weight="1" > ### pp </bigram>
    <bigram weight="1" > to achieve </bigram>
    <bigram weight="1" > a mild </bigram>
    <bigram weight="1" > and oak </bigram>
    <bigram weight="1" > juj ### </bigram>
    <bigram weight="1" > sees in </bigram>
    <bigram weight="1" > brought a </bigram>
    <bigram weight="1" > to hide </bigram>
    <bigram weight="1" > confiding heart </bigram>
    <bigram weight="1" > ### second </bigram>
    <bigram weight="1" > thence ripe </bigram>
    <bigram weight="1" > rude or </bigram>
    <bigram weight="1" > and where </bigram>
    <bigram weight="1" > volume to </bigram>
    <bigram weight="1" > modest and </bigram>
    <bigram weight="1" > says that </bigram>
    <bigram weight="1" > they were </bigram>
    <bigram weight="1" > urged he </bigram>
    <bigram weight="1" > coward to </bigram>
    <bigram weight="1" > breeze complain </bigram>
    <bigram weight="1" > honor ### </bigram>
    <bigram weight="1" > thoreau on </bigram>
    <bigram weight="1" > ### in </bigram>
    <bigram weight="1" > celebrated his </bigram>
    <bigram weight="1" > the physical </bigram>
    <bigram weight="1" > the fire </bigram>
    <bigram weight="1" > such gratitude </bigram>
    <bigram weight="1" > thy peers </bigram>
    <bigram weight="1" > line run </bigram>
    <bigram weight="1" > thus henry </bigram>
    <bigram weight="1" > and ## </bigram>
    <bigram weight="1" > that did </bigram>
    <bigram weight="1" > says the </bigram>
    <bigram weight="1" > original odd </bigram>
    <bigram weight="1" > sobbing breeze </bigram>
    <bigram weight="1" > a tribute </bigram>
    <bigram weight="1" > more fitting </bigram>
    <bigram weight="1" > its setting </bigram>
    <bigram weight="1" > dedmond in </bigram>
    <bigram weight="1" > on truth </bigram>
    <bigram weight="1" > or main </bigram>
    <bigram weight="1" > and cheer </bigram>
    <bigram weight="1" > of rock </bigram>
    <bigram weight="1" > reason that </bigram>
    <bigram weight="1" > he want </bigram>
    <bigram weight="1" > is o </bigram>
    <bigram weight="1" > winter brush </bigram>
    <bigram weight="1" > a hermit </bigram>
    <bigram weight="1" > scholars facsimiles </bigram>
    <bigram weight="1" > not desire </bigram>
    <bigram weight="1" > side where </bigram>
    <bigram weight="1" > do so </bigram>
    <bigram weight="1" > poems published </bigram>
    <bigram weight="1" > doubted ### </bigram>
    <bigram weight="1" > flowed ### </bigram>
    <bigram weight="1" > counsel ### </bigram>
    <bigram weight="1" > thought retained </bigram>
    <bigram weight="1" > mortal reel </bigram>
    <bigram weight="1" > with a </bigram>
    <bigram weight="1" > so regal </bigram>
    <bigram weight="1" > the classical </bigram>
    <bigram weight="1" > verse ### </bigram>
    <bigram weight="1" > chanmng has </bigram>
    <bigram weight="1" > secrets ### </bigram>
    <bigram weight="1" > that ### </bigram>
    <bigram weight="1" > his friends </bigram>
    <bigram weight="1" > he experienced </bigram>
    <bigram weight="1" > yet with </bigram>
    <bigram weight="1" > his most </bigram>
    <bigram weight="1" > # channina </bigram>
    <bigram weight="1" > the sunbeams </bigram>
    <bigram weight="1" > desire to </bigram>
    <bigram weight="1" > on his </bigram>
    <bigram weight="1" > ### laugh </bigram>
    <bigram weight="1" > the introduction </bigram>
    <bigram weight="1" > one place </bigram>
    <bigram weight="1" > wells of </bigram>
    <bigram weight="1" > he revels </bigram>
    <bigram weight="1" > a soul </bigram>
    <bigram weight="1" > most stricken </bigram>
    <bigram weight="1" > himself as </bigram>
    <bigram weight="1" > us an </bigram>
    <bigram weight="1" > sunbeams light </bigram>
    <bigram weight="1" > his closest </bigram>
    <bigram weight="1" > attracted to </bigram>
    <bigram weight="1" > touch of </bigram>
    <bigram weight="1" > glorious peace </bigram>
    <bigram weight="1" > when charming </bigram>
    <bigram weight="1" > reau ### </bigram>
    <bigram weight="1" > reel ### </bigram>
    <bigram weight="1" > hide behind </bigram>
    <bigram weight="1" > to learn </bigram>
    <bigram weight="1" > fills a </bigram>
    <bigram weight="1" > the worldling </bigram>
    <bigram weight="1" > collected poems </bigram>
    <bigram weight="1" > guest he </bigram>
    <bigram weight="1" > season ### </bigram>
    <bigram weight="1" > nor yet </bigram>
    <bigram weight="1" > has left </bigram>
    <bigram weight="1" > and sure </bigram>
    <bigram weight="1" > breadth ### </bigram>
    <bigram weight="1" > to emerson </bigram>
    <bigram weight="1" > decade later </bigram>
    <bigram weight="1" > rock ### </bigram>
    <bigram weight="1" > gratitude and </bigram>
    <bigram weight="1" > heart his </bigram>
    <bigram weight="1" > e ### </bigram>
    <bigram weight="1" > living ### </bigram>
    <bigram weight="1" > want to </bigram>
    <bigram weight="1" > more ftxed </bigram>
    <bigram weight="1" > sleeve at </bigram>
    <bigram weight="1" > here he </bigram>
    <bigram weight="1" > ### was </bigram>
    <bigram weight="1" > when he </bigram>
    <bigram weight="1" > the transitory </bigram>
    <bigram weight="1" > he passes </bigram>
    <bigram weight="1" > dis appoint </bigram>
    <bigram weight="1" > a little </bigram>
    <bigram weight="1" > brains e </bigram>
    <bigram weight="1" > passes life </bigram>
    <bigram weight="1" > thoreau but </bigram>
    <bigram weight="1" > worst fears </bigram>
    <bigram weight="1" > ### an </bigram>
    <bigram weight="1" > later ### </bigram>
    <bigram weight="1" > thoreau in </bigram>
    <bigram weight="1" > drops her </bigram>
    <bigram weight="1" > tranquil loveliness </bigram>
    <bigram weight="1" > did ### </bigram>
    <bigram weight="1" > ### unawed </bigram>
    <bigram weight="1" > thoughts ### </bigram>
    <bigram weight="1" > rarer problems </bigram>
    <bigram weight="1" > this cross </bigram>
    <bigram weight="1" > charms ### </bigram>
    <bigram weight="1" > minds in </bigram>
    <bigram weight="1" > thoreau had </bigram>
    <bigram weight="1" > followed by </bigram>
    <bigram weight="1" > s ### </bigram>
    <bigram weight="1" > or honor </bigram>
    <bigram weight="1" > never recovered </bigram>
    <bigram weight="1" > teach the </bigram>
    <bigram weight="1" > his perfect </bigram>
    <bigram weight="1" > thinks of </bigram>
    <bigram weight="1" > their ### </bigram>
    <bigram weight="1" > good reason </bigram>
    <bigram weight="1" > right ### </bigram>
    <bigram weight="1" > the wine </bigram>
    <bigram weight="1" > art in </bigram>
    <bigram weight="1" > develop some </bigram>
    <bigram weight="1" > page large </bigram>
    <bigram weight="1" > the blessed </bigram>
    <bigram weight="1" > closest companion </bigram>
    <bigram weight="1" > fitting place </bigram>
    <bigram weight="1" > time to </bigram>
    <bigram weight="1" > ### gainesville </bigram>
    <bigram weight="1" > poetic tributes </bigram>
    <bigram weight="1" > henry # </bigram>
    <bigram weight="1" > thou thus </bigram>
    <bigram weight="1" > of all </bigram>
    <bigram weight="1" > arms ## </bigram>
    <bigram weight="1" > perfect trust </bigram>
    <bigram weight="1" > whose word </bigram>
    <bigram weight="1" > charming inserts </bigram>
    <bigram weight="1" > by pleading </bigram>
    <bigram weight="1" > quarter century </bigram>
    <bigram weight="1" > the dedicatory </bigram>
    <bigram weight="1" > er ### </bigram>
    <bigram weight="1" > his warm </bigram>
    <bigram weight="1" > no lord </bigram>
    <bigram weight="1" > francis b </bigram>
    <bigram weight="1" > profound admiration </bigram>
    <bigram weight="1" > he shuns </bigram>
    <bigram weight="1" > pleading reason </bigram>
    <bigram weight="1" > last fifteen </bigram>
    <bigram weight="1" > the sense </bigram>
    <bigram weight="1" > s page </bigram>
    <bigram weight="1" > concord ### </bigram>
    <bigram weight="1" > idealized portrait </bigram>
    <bigram weight="1" > sat ### </bigram>
    <bigram weight="1" > he touched </bigram>
    <bigram weight="1" > patience hath </bigram>
    <bigram weight="1" > not dis </bigram>
    <bigram weight="1" > ### stream </bigram>
</article>
