<?xml version="1.0" encoding="UTF-8"?>
<article id="10.2307/20542482" >
    <bigram weight="39" > ### # </bigram>
    <bigram weight="13" > ### and </bigram>
    <bigram weight="13" > ### ### </bigram>
    <bigram weight="9" > # ### </bigram>
    <bigram weight="8" > of the </bigram>
    <bigram weight="4" > ### as </bigram>
    <bigram weight="4" > leaves ### </bigram>
    <bigram weight="4" > of a </bigram>
    <bigram weight="4" > to the </bigram>
    <bigram weight="4" > ### but </bigram>
    <bigram weight="4" > ### or </bigram>
    <bigram weight="3" > ### not </bigram>
    <bigram weight="3" > in the </bigram>
    <bigram weight="3" > color ### </bigram>
    <bigram weight="3" > ### a </bigram>
    <bigram weight="3" > would be </bigram>
    <bigram weight="3" > ### i </bigram>
    <bigram weight="3" > ### with </bigram>
    <bigram weight="3" > ### they </bigram>
    <bigram weight="3" > # what </bigram>
    <bigram weight="3" > on the </bigram>
    <bigram weight="3" > the maples </bigram>
    <bigram weight="3" > the ### </bigram>
    <bigram weight="3" > # or </bigram>
    <bigram weight="3" > ### when </bigram>
    <bigram weight="2" > excursions ### </bigram>
    <bigram weight="2" > # the </bigram>
    <bigram weight="2" > the leaves </bigram>
    <bigram weight="2" > with their </bigram>
    <bigram weight="2" > instead of </bigram>
    <bigram weight="2" > october is </bigram>
    <bigram weight="2" > # these </bigram>
    <bigram weight="2" > from thoreau </bigram>
    <bigram weight="2" > ## ### </bigram>
    <bigram weight="2" > and the </bigram>
    <bigram weight="2" > through the </bigram>
    <bigram weight="2" > s ### </bigram>
    <bigram weight="2" > leaf ### </bigram>
    <bigram weight="2" > on what </bigram>
    <bigram weight="2" > ### by </bigram>
    <bigram weight="2" > scarlet ### </bigram>
    <bigram weight="2" > ### excursions </bigram>
    <bigram weight="2" > a book </bigram>
    <bigram weight="2" > should be </bigram>
    <bigram weight="2" > and on </bigram>
    <bigram weight="2" > these leaves </bigram>
    <bigram weight="2" > ### if </bigram>
    <bigram weight="2" > that the </bigram>
    <bigram weight="2" > with a </bigram>
    <bigram weight="2" > if you </bigram>
    <bigram weight="2" > deep scollops </bigram>
    <bigram weight="2" > how much </bigram>
    <bigram weight="2" > by these </bigram>
    <bigram weight="2" > what the </bigram>
    <bigram weight="2" > been cut </bigram>
    <bigram weight="2" > what a </bigram>
    <bigram weight="2" > maples ### </bigram>
    <bigram weight="2" > extracts from </bigram>
    <bigram weight="2" > long ### </bigram>
    <bigram weight="2" > tints ### </bigram>
    <bigram weight="2" > by the </bigram>
    <bigram weight="2" > nor the </bigram>
    <bigram weight="2" > it would </bigram>
    <bigram weight="2" > ### october </bigram>
    <bigram weight="2" > only to </bigram>
    <bigram weight="2" > that they </bigram>
    <bigram weight="2" > thoreau ### </bigram>
    <bigram weight="2" > tree ### </bigram>
    <bigram weight="2" > or else </bigram>
    <bigram weight="2" > ### in </bigram>
    <bigram weight="2" > they are </bigram>
    <bigram weight="2" > ### s </bigram>
    <bigram weight="2" > are not </bigram>
    <bigram weight="2" > if i </bigram>
    <bigram weight="2" > one upon </bigram>
    <bigram weight="2" > what is </bigram>
    <bigram weight="2" > see what </bigram>
    <bigram weight="2" > to be </bigram>
    <bigram weight="2" > the eye </bigram>
    <bigram weight="2" > # if </bigram>
    <bigram weight="2" > # they </bigram>
    <bigram weight="1" > flashes round </bigram>
    <bigram weight="1" > u surely </bigram>
    <bigram weight="1" > study color </bigram>
    <bigram weight="1" > eye aud </bigram>
    <bigram weight="1" > # i </bigram>
    <bigram weight="1" > you have </bigram>
    <bigram weight="1" > a bright </bigram>
    <bigram weight="1" > afternoon ### </bigram>
    <bigram weight="1" > tree or </bigram>
    <bigram weight="1" > maple swamp </bigram>
    <bigram weight="1" > different shade </bigram>
    <bigram weight="1" > ground in </bigram>
    <bigram weight="1" > with equal </bigram>
    <bigram weight="1" > brown above </bigram>
    <bigram weight="1" > # per </bigram>
    <bigram weight="1" > brought up </bigram>
    <bigram weight="1" > aud thought </bigram>
    <bigram weight="1" > fifty rods </bigram>
    <bigram weight="1" > the trees </bigram>
    <bigram weight="1" > will make </bigram>
    <bigram weight="1" > in scarlet </bigram>
    <bigram weight="1" > turn over </bigram>
    <bigram weight="1" > i could </bigram>
    <bigram weight="1" > machs ### </bigram>
    <bigram weight="1" > ### v </bigram>
    <bigram weight="1" > would need </bigram>
    <bigram weight="1" > pupils to </bigram>
    <bigram weight="1" > it ### </bigram>
    <bigram weight="1" > autumnal colors </bigram>
    <bigram weight="1" > the world </bigram>
    <bigram weight="1" > the bright </bigram>
    <bigram weight="1" > and city </bigram>
    <bigram weight="1" > than that </bigram>
    <bigram weight="1" > book would </bigram>
    <bigram weight="1" > thought of </bigram>
    <bigram weight="1" > you pleased </bigram>
    <bigram weight="1" > in its </bigram>
    <bigram weight="1" > thus one </bigram>
    <bigram weight="1" > october splendor </bigram>
    <bigram weight="1" > sunset sky </bigram>
    <bigram weight="1" > of cloth </bigram>
    <bigram weight="1" > or the </bigram>
    <bigram weight="1" > the lake </bigram>
    <bigram weight="1" > state ### </bigram>
    <bigram weight="1" > a lavish </bigram>
    <bigram weight="1" > combination of </bigram>
    <bigram weight="1" > and count </bigram>
    <bigram weight="1" > firmly and </bigram>
    <bigram weight="1" > abroad ### </bigram>
    <bigram weight="1" > characteristic color </bigram>
    <bigram weight="1" > scollops ### </bigram>
    <bigram weight="1" > with this </bigram>
    <bigram weight="1" > the basque </bigram>
    <bigram weight="1" > groves then </bigram>
    <bigram weight="1" > that is </bigram>
    <bigram weight="1" > present taught </bigram>
    <bigram weight="1" > over its </bigram>
    <bigram weight="1" > colors ### </bigram>
    <bigram weight="1" > the wood </bigram>
    <bigram weight="1" > is ever </bigram>
    <bigram weight="1" > top of </bigram>
    <bigram weight="1" > be educated </bigram>
    <bigram weight="1" > home ### </bigram>
    <bigram weight="1" > lie thus </bigram>
    <bigram weight="1" > eye rests </bigram>
    <bigram weight="1" > beside ### </bigram>
    <bigram weight="1" > do not </bigram>
    <bigram weight="1" > men and </bigram>
    <bigram weight="1" > such a </bigram>
    <bigram weight="1" > again struck </bigram>
    <bigram weight="1" > of whicb </bigram>
    <bigram weight="1" > they might </bigram>
    <bigram weight="1" > and many </bigram>
    <bigram weight="1" > they ever </bigram>
    <bigram weight="1" > but purple </bigram>
    <bigram weight="1" > they were </bigram>
    <bigram weight="1" > # as </bigram>
    <bigram weight="1" > pleased ### </bigram>
    <bigram weight="1" > houses and </bigram>
    <bigram weight="1" > you connected </bigram>
    <bigram weight="1" > from each </bigram>
    <bigram weight="1" > be of </bigram>
    <bigram weight="1" > the brown </bigram>
    <bigram weight="1" > as if </bigram>
    <bigram weight="1" > of spirits </bigram>
    <bigram weight="1" > reddening ### </bigram>
    <bigram weight="1" > to us </bigram>
    <bigram weight="1" > all kinds </bigram>
    <bigram weight="1" > not so </bigram>
    <bigram weight="1" > as fruits </bigram>
    <bigram weight="1" > orange ### </bigram>
    <bigram weight="1" > ### on </bigram>
    <bigram weight="1" > be better </bigram>
    <bigram weight="1" > any tints </bigram>
    <bigram weight="1" > middle ### </bigram>
    <bigram weight="1" > painted leaves </bigram>
    <bigram weight="1" > at present </bigram>
    <bigram weight="1" > or fruits </bigram>
    <bigram weight="1" > ### fearing </bigram>
    <bigram weight="1" > nal tints </bigram>
    <bigram weight="1" > tow ard </bigram>
    <bigram weight="1" > stationers ### </bigram>
    <bigram weight="1" > # october </bigram>
    <bigram weight="1" > copy its </bigram>
    <bigram weight="1" > spirits ### </bigram>
    <bigram weight="1" > rods long </bigram>
    <bigram weight="1" > haps that </bigram>
    <bigram weight="1" > ther ### </bigram>
    <bigram weight="1" > leaf from </bigram>
    <bigram weight="1" > at your </bigram>
    <bigram weight="1" > very various </bigram>
    <bigram weight="1" > glow now </bigram>
    <bigram weight="1" > whether this </bigram>
    <bigram weight="1" > sky ### </bigram>
    <bigram weight="1" > copied in </bigram>
    <bigram weight="1" > out ### </bigram>
    <bigram weight="1" > rich glow </bigram>
    <bigram weight="1" > the moment </bigram>
    <bigram weight="1" > colors and </bigram>
    <bigram weight="1" > ### the </bigram>
    <bigram weight="1" > teachers even </bigram>
    <bigram weight="1" > one dye </bigram>
    <bigram weight="1" > leaves less </bigram>
    <bigram weight="1" > its brightest </bigram>
    <bigram weight="1" > it closely </bigram>
    <bigram weight="1" > tree society </bigram>
    <bigram weight="1" > cheap ### </bigram>
    <bigram weight="1" > and left </bigram>
    <bigram weight="1" > sharp ### </bigram>
    <bigram weight="1" > had acquired </bigram>
    <bigram weight="1" > can vie </bigram>
    <bigram weight="1" > were brought </bigram>
    <bigram weight="1" > its color </bigram>
    <bigram weight="1" > cloth and </bigram>
    <bigram weight="1" > radical leaves </bigram>
    <bigram weight="1" > of eyes </bigram>
    <bigram weight="1" > to set </bigram>
    <bigram weight="1" > the material </bigram>
    <bigram weight="1" > and leaves </bigram>
    <bigram weight="1" > a view </bigram>
    <bigram weight="1" > die ### </bigram>
    <bigram weight="1" > then brown </bigram>
    <bigram weight="1" > actly ### </bigram>
    <bigram weight="1" > doubt whether </bigram>
    <bigram weight="1" > it had </bigram>
    <bigram weight="1" > be set </bigram>
    <bigram weight="1" > is brewing </bigram>
    <bigram weight="1" > leaves to </bigram>
    <bigram weight="1" > plying such </bigram>
    <bigram weight="1" > the broad </bigram>
    <bigram weight="1" > would set </bigram>
    <bigram weight="1" > equal to </bigram>
    <bigram weight="1" > tin ### </bigram>
    <bigram weight="1" > green to </bigram>
    <bigram weight="1" > in groves </bigram>
    <bigram weight="1" > and aspens </bigram>
    <bigram weight="1" > some fifty </bigram>
    <bigram weight="1" > edge of </bigram>
    <bigram weight="1" > not see </bigram>
    <bigram weight="1" > has been </bigram>
    <bigram weight="1" > in this </bigram>
    <bigram weight="1" > acquire a </bigram>
    <bigram weight="1" > greater advantages </bigram>
    <bigram weight="1" > cut with </bigram>
    <bigram weight="1" > are caught </bigram>
    <bigram weight="1" > wood ### </bigram>
    <bigram weight="1" > the month </bigram>
    <bigram weight="1" > to these </bigram>
    <bigram weight="1" > they certainly </bigram>
    <bigram weight="1" > their beauty </bigram>
    <bigram weight="1" > a pile </bigram>
    <bigram weight="1" > directly toward </bigram>
    <bigram weight="1" > the town </bigram>
    <bigram weight="1" > all ### </bigram>
    <bigram weight="1" > advantages ### </bigram>
    <bigram weight="1" > we do </bigram>
    <bigram weight="1" > struck with </bigram>
    <bigram weight="1" > so much </bigram>
    <bigram weight="1" > i formerly </bigram>
    <bigram weight="1" > # one </bigram>
    <bigram weight="1" > go across </bigram>
    <bigram weight="1" > paper ### </bigram>
    <bigram weight="1" > must be </bigram>
    <bigram weight="1" > by ten </bigram>
    <bigram weight="1" > these autumnal </bigram>
    <bigram weight="1" > eyes are </bigram>
    <bigram weight="1" > stone ### </bigram>
    <bigram weight="1" > step abroad </bigram>
    <bigram weight="1" > colors to </bigram>
    <bigram weight="1" > scrap tin </bigram>
    <bigram weight="1" > ### to </bigram>
    <bigram weight="1" > deed ### </bigram>
    <bigram weight="1" > vember the </bigram>
    <bigram weight="1" > steadily drinking </bigram>
    <bigram weight="1" > narrow lobes </bigram>
    <bigram weight="1" > my pupils </bigram>
    <bigram weight="1" > the puritans </bigram>
    <bigram weight="1" > it all </bigram>
    <bigram weight="1" > ### u </bigram>
    <bigram weight="1" > the day </bigram>
    <bigram weight="1" > october ### </bigram>
    <bigram weight="1" > view to </bigram>
    <bigram weight="1" > hill ### </bigram>
    <bigram weight="1" > will they </bigram>
    <bigram weight="1" > sculpture one </bigram>
    <bigram weight="1" > beneath ### </bigram>
    <bigram weight="1" > look farther </bigram>
    <bigram weight="1" > font ### </bigram>
    <bigram weight="1" > the tith </bigram>
    <bigram weight="1" > their bold </bigram>
    <bigram weight="1" > the studious </bigram>
    <bigram weight="1" > the most </bigram>
    <bigram weight="1" > basque nor </bigram>
    <bigram weight="1" > the rosetta </bigram>
    <bigram weight="1" > learn to </bigram>
    <bigram weight="1" > less generally </bigram>
    <bigram weight="1" > destined to </bigram>
    <bigram weight="1" > here ### </bigram>
    <bigram weight="1" > lobes and </bigram>
    <bigram weight="1" > they suggest </bigram>
    <bigram weight="1" > pile of </bigram>
    <bigram weight="1" > the tree </bigram>
    <bigram weight="1" > be entitled </bigram>
    <bigram weight="1" > fectly filled </bigram>
    <bigram weight="1" > i go </bigram>
    <bigram weight="1" > color in </bigram>
    <bigram weight="1" > of strength </bigram>
    <bigram weight="1" > others ### </bigram>
    <bigram weight="1" > generally known </bigram>
    <bigram weight="1" > and their </bigram>
    <bigram weight="1" > ### beginning </bigram>
    <bigram weight="1" > intensely brilliant </bigram>
    <bigram weight="1" > if so </bigram>
    <bigram weight="1" > leaves have </bigram>
    <bigram weight="1" > upon another </bigram>
    <bigram weight="1" > colors in </bigram>
    <bigram weight="1" > or with </bigram>
    <bigram weight="1" > at the </bigram>
    <bigram weight="1" > a month </bigram>
    <bigram weight="1" > leisure ### </bigram>
    <bigram weight="1" > may be </bigram>
    <bigram weight="1" > when the </bigram>
    <bigram weight="1" > dry there </bigram>
    <bigram weight="1" > ### wm </bigram>
    <bigram weight="1" > ### outline </bigram>
    <bigram weight="1" > what school </bigram>
    <bigram weight="1" > the fireside </bigram>
    <bigram weight="1" > be # </bigram>
    <bigram weight="1" > ### you </bigram>
    <bigram weight="1" > get a </bigram>
    <bigram weight="1" > or any </bigram>
    <bigram weight="1" > russet edge </bigram>
    <bigram weight="1" > one home </bigram>
    <bigram weight="1" > of radical </bigram>
    <bigram weight="1" > many beautifully </bigram>
    <bigram weight="1" > delight on </bigram>
    <bigram weight="1" > near its </bigram>
    <bigram weight="1" > any oxford </bigram>
    <bigram weight="1" > across a </bigram>
    <bigram weight="1" > they study </bigram>
    <bigram weight="1" > it is </bigram>
    <bigram weight="1" > ### lobes </bigram>
    <bigram weight="1" > truant nor </bigram>
    <bigram weight="1" > deep ### </bigram>
    <bigram weight="1" > open sinuses </bigram>
    <bigram weight="1" > ### shrub </bigram>
    <bigram weight="1" > a memento </bigram>
    <bigram weight="1" > have worshipped </bigram>
    <bigram weight="1" > richer is </bigram>
    <bigram weight="1" > ### open </bigram>
    <bigram weight="1" > ### shops </bigram>
    <bigram weight="1" > swamp just </bigram>
    <bigram weight="1" > wonders that </bigram>
    <bigram weight="1" > ### woodbine </bigram>
    <bigram weight="1" > material must </bigram>
    <bigram weight="1" > its leaves </bigram>
    <bigram weight="1" > were a </bigram>
    <bigram weight="1" > the truant </bigram>
    <bigram weight="1" > # our </bigram>
    <bigram weight="1" > dyed in </bigram>
    <bigram weight="1" > so the </bigram>
    <bigram weight="1" > ### free </bigram>
    <bigram weight="1" > when they </bigram>
    <bigram weight="1" > fearing that </bigram>
    <bigram weight="1" > ### ## </bigram>
    <bigram weight="1" > the eyes </bigram>
    <bigram weight="1" > wm n </bigram>
    <bigram weight="1" > opes may </bigram>
    <bigram weight="1" > set my </bigram>
    <bigram weight="1" > in one </bigram>
    <bigram weight="1" > or tint </bigram>
    <bigram weight="1" > sup plying </bigram>
    <bigram weight="1" > reaching almost </bigram>
    <bigram weight="1" > to their </bigram>
    <bigram weight="1" > manufacturers of </bigram>
    <bigram weight="1" > and copy </bigram>
    <bigram weight="1" > meeting houses </bigram>
    <bigram weight="1" > and study </bigram>
    <bigram weight="1" > the truants </bigram>
    <bigram weight="1" > in sculpture </bigram>
    <bigram weight="1" > color ex </bigram>
    <bigram weight="1" > fruits and </bigram>
    <bigram weight="1" > this bright </bigram>
    <bigram weight="1" > lobes ### </bigram>
    <bigram weight="1" > caught and </bigram>
    <bigram weight="1" > thought it </bigram>
    <bigram weight="1" > shrub ### </bigram>
    <bigram weight="1" > mean by </bigram>
    <bigram weight="1" > school of </bigram>
    <bigram weight="1" > ### deep </bigram>
    <bigram weight="1" > the year </bigram>
    <bigram weight="1" > beholder are </bigram>
    <bigram weight="1" > before they </bigram>
    <bigram weight="1" > sinuses ### </bigram>
    <bigram weight="1" > a different </bigram>
    <bigram weight="1" > these natural </bigram>
    <bigram weight="1" > from any </bigram>
    <bigram weight="1" > # think </bigram>
    <bigram weight="1" > ### are </bigram>
    <bigram weight="1" > envel opes </bigram>
    <bigram weight="1" > these are </bigram>
    <bigram weight="1" > # are </bigram>
    <bigram weight="1" > or if </bigram>
    <bigram weight="1" > v i </bigram>
    <bigram weight="1" > this is </bigram>
    <bigram weight="1" > it will </bigram>
    <bigram weight="1" > been a </bigram>
    <bigram weight="1" > worshipped in </bigram>
    <bigram weight="1" > kinds ### </bigram>
    <bigram weight="1" > up under </bigram>
    <bigram weight="1" > a low </bigram>
    <bigram weight="1" > of design </bigram>
    <bigram weight="1" > to any </bigram>
    <bigram weight="1" > in which </bigram>
    <bigram weight="1" > did at </bigram>
    <bigram weight="1" > a single </bigram>
    <bigram weight="1" > ano ther </bigram>
    <bigram weight="1" > # instead </bigram>
    <bigram weight="1" > a maple </bigram>
    <bigram weight="1" > ### nei </bigram>
    <bigram weight="1" > want a </bigram>
    <bigram weight="1" > leaf and </bigram>
    <bigram weight="1" > else they </bigram>
    <bigram weight="1" > remnants of </bigram>
    <bigram weight="1" > # with </bigram>
    <bigram weight="1" > pleasing outline </bigram>
    <bigram weight="1" > these teachers </bigram>
    <bigram weight="1" > are steadily </bigram>
    <bigram weight="1" > this color </bigram>
    <bigram weight="1" > under the </bigram>
    <bigram weight="1" > surely trees </bigram>
    <bigram weight="1" > not out </bigram>
    <bigram weight="1" > # where </bigram>
    <bigram weight="1" > infinitely various </bigram>
    <bigram weight="1" > hickories ### </bigram>
    <bigram weight="1" > truants are </bigram>
    <bigram weight="1" > points of </bigram>
    <bigram weight="1" > type ### </bigram>
    <bigram weight="1" > natural colors </bigram>
    <bigram weight="1" > just before </bigram>
    <bigram weight="1" > ### yet </bigram>
    <bigram weight="1" > if they </bigram>
    <bigram weight="1" > they step </bigram>
    <bigram weight="1" > much had </bigram>
    <bigram weight="1" > when ### </bigram>
    <bigram weight="1" > is the </bigram>
    <bigram weight="1" > vie with </bigram>
    <bigram weight="1" > a particular </bigram>
    <bigram weight="1" > and angles </bigram>
    <bigram weight="1" > a wild </bigram>
    <bigram weight="1" > town are </bigram>
    <bigram weight="1" > are at </bigram>
    <bigram weight="1" > design can </bigram>
    <bigram weight="1" > is not </bigram>
    <bigram weight="1" > and fenced </bigram>
    <bigram weight="1" > a ramble </bigram>
    <bigram weight="1" > world ### </bigram>
    <bigram weight="1" > ex actly </bigram>
    <bigram weight="1" > then ### </bigram>
    <bigram weight="1" > a type </bigram>
    <bigram weight="1" > twenty rods </bigram>
    <bigram weight="1" > known ### </bigram>
    <bigram weight="1" > free ### </bigram>
    <bigram weight="1" > off tow </bigram>
    <bigram weight="1" > to take </bigram>
    <bigram weight="1" > be worth </bigram>
    <bigram weight="1" > ### for </bigram>
    <bigram weight="1" > in deed </bigram>
    <bigram weight="1" > leaves of </bigram>
    <bigram weight="1" > very imper </bigram>
    <bigram weight="1" > such ### </bigram>
    <bigram weight="1" > day itself </bigram>
    <bigram weight="1" > that some </bigram>
    <bigram weight="1" > ### so </bigram>
    <bigram weight="1" > ### which </bigram>
    <bigram weight="1" > i see </bigram>
    <bigram weight="1" > many dipped </bigram>
    <bigram weight="1" > a ### </bigram>
    <bigram weight="1" > hun dreds </bigram>
    <bigram weight="1" > itself acquire </bigram>
    <bigram weight="1" > or beside </bigram>
    <bigram weight="1" > brewing ### </bigram>
    <bigram weight="1" > yellow ### </bigram>
    <bigram weight="1" > various degrees </bigram>
    <bigram weight="1" > are then </bigram>
    <bigram weight="1" > and paper </bigram>
    <bigram weight="1" > # it </bigram>
    <bigram weight="1" > beauty ### </bigram>
    <bigram weight="1" > city windows </bigram>
    <bigram weight="1" > what they </bigram>
    <bigram weight="1" > setting ### </bigram>
    <bigram weight="1" > the top </bigram>
    <bigram weight="1" > i would </bigram>
    <bigram weight="1" > see ### </bigram>
    <bigram weight="1" > lavish expense </bigram>
    <bigram weight="1" > ### orange </bigram>
    <bigram weight="1" > of infinitely </bigram>
    <bigram weight="1" > to see </bigram>
    <bigram weight="1" > with out </bigram>
    <bigram weight="1" > character ### </bigram>
    <bigram weight="1" > trees mean </bigram>
    <bigram weight="1" > i were </bigram>
    <bigram weight="1" > ### tree </bigram>
    <bigram weight="1" > outline would </bigram>
    <bigram weight="1" > windows ### </bigram>
    <bigram weight="1" > where else </bigram>
    <bigram weight="1" > are to </bigram>
    <bigram weight="1" > built meeting </bigram>
    <bigram weight="1" > whenever you </bigram>
    <bigram weight="1" > bring one </bigram>
    <bigram weight="1" > expense in </bigram>
    <bigram weight="1" > simple oval </bigram>
    <bigram weight="1" > a meadow </bigram>
    <bigram weight="1" > plant when </bigram>
    <bigram weight="1" > your leisure </bigram>
    <bigram weight="1" > of manufacturers </bigram>
    <bigram weight="1" > in our </bigram>
    <bigram weight="1" > to look </bigram>
    <bigram weight="1" > you want </bigram>
    <bigram weight="1" > ground this </bigram>
    <bigram weight="1" > twilight ### </bigram>
    <bigram weight="1" > is very </bigram>
    <bigram weight="1" > with its </bigram>
    <bigram weight="1" > set in </bigram>
    <bigram weight="1" > is it </bigram>
    <bigram weight="1" > the young </bigram>
    <bigram weight="1" > left to </bigram>
    <bigram weight="1" > me of </bigram>
    <bigram weight="1" > i doubt </bigram>
    <bigram weight="1" > us the </bigram>
    <bigram weight="1" > ing men </bigram>
    <bigram weight="1" > later ### </bigram>
    <bigram weight="1" > tith ing </bigram>
    <bigram weight="1" > is leaf </bigram>
    <bigram weight="1" > creation ### </bigram>
    <bigram weight="1" > to get </bigram>
    <bigram weight="1" > oxford font </bigram>
    <bigram weight="1" > outline it </bigram>
    <bigram weight="1" > count less </bigram>
    <bigram weight="1" > could not </bigram>
    <bigram weight="1" > no vember </bigram>
    <bigram weight="1" > n ## </bigram>
    <bigram weight="1" > studious are </bigram>
    <bigram weight="1" > and fathers </bigram>
    <bigram weight="1" > are instead </bigram>
    <bigram weight="1" > moment they </bigram>
    <bigram weight="1" > our ### </bigram>
    <bigram weight="1" > sheeny russet </bigram>
    <bigram weight="1" > splendor ### </bigram>
    <bigram weight="1" > better still </bigram>
    <bigram weight="1" > themselves ### </bigram>
    <bigram weight="1" > their rich </bigram>
    <bigram weight="1" > the beholder </bigram>
    <bigram weight="1" > upon ano </bigram>
    <bigram weight="1" > include it </bigram>
    <bigram weight="1" > ### do </bigram>
    <bigram weight="1" > one day </bigram>
    <bigram weight="1" > and herbaceous </bigram>
    <bigram weight="1" > out of </bigram>
    <bigram weight="1" > and gracefully </bigram>
    <bigram weight="1" > later twilight </bigram>
    <bigram weight="1" > out to </bigram>
    <bigram weight="1" > painted ### </bigram>
    <bigram weight="1" > acquired its </bigram>
    <bigram weight="1" > there has </bigram>
    <bigram weight="1" > broad ### </bigram>
    <bigram weight="1" > ever get </bigram>
    <bigram weight="1" > outline ### </bigram>
    <bigram weight="1" > our streets </bigram>
    <bigram weight="1" > preserve the </bigram>
    <bigram weight="1" > under my </bigram>
    <bigram weight="1" > whicb leaves </bigram>
    <bigram weight="1" > bright colors </bigram>
    <bigram weight="1" > oval outline </bigram>
    <bigram weight="1" > equal delight </bigram>
    <bigram weight="1" > make some </bigram>
    <bigram weight="1" > # in </bigram>
    <bigram weight="1" > tint just </bigram>
    <bigram weight="1" > they lie </bigram>
    <bigram weight="1" > though i </bigram>
    <bigram weight="1" > each changing </bigram>
    <bigram weight="1" > are dyed </bigram>
    <bigram weight="1" > you not </bigram>
    <bigram weight="1" > strength ### </bigram>
    <bigram weight="1" > and dry </bigram>
    <bigram weight="1" > be cheap </bigram>
    <bigram weight="1" > various tints </bigram>
    <bigram weight="1" > the earli </bigram>
    <bigram weight="1" > yet not </bigram>
    <bigram weight="1" > which the </bigram>
    <bigram weight="1" > freckled leaves </bigram>
    <bigram weight="1" > trees should </bigram>
    <bigram weight="1" > feet ### </bigram>
    <bigram weight="1" > is its </bigram>
    <bigram weight="1" > nei ther </bigram>
    <bigram weight="1" > piled one </bigram>
    <bigram weight="1" > not many </bigram>
    <bigram weight="1" > angles # </bigram>
    <bigram weight="1" > with paint </bigram>
    <bigram weight="1" > set and </bigram>
    <bigram weight="1" > and yellow </bigram>
    <bigram weight="1" > for ### </bigram>
    <bigram weight="1" > to copying </bigram>
    <bigram weight="1" > seem to </bigram>
    <bigram weight="1" > coming down </bigram>
    <bigram weight="1" > formerly thought </bigram>
    <bigram weight="1" > or bring </bigram>
    <bigram weight="1" > they built </bigram>
    <bigram weight="1" > specimen leaf </bigram>
    <bigram weight="1" > ### envel </bigram>
    <bigram weight="1" > thickly strew </bigram>
    <bigram weight="1" > this season </bigram>
    <bigram weight="1" > brightest characteristic </bigram>
    <bigram weight="1" > some mischief </bigram>
    <bigram weight="1" > brilliant scarlet </bigram>
    <bigram weight="1" > as i </bigram>
    <bigram weight="1" > educated the </bigram>
    <bigram weight="1" > thecaries ### </bigram>
    <bigram weight="1" > woods whenever </bigram>
    <bigram weight="1" > dye ### </bigram>
    <bigram weight="1" > drinking in </bigram>
    <bigram weight="1" > ### we </bigram>
    <bigram weight="1" > particular color </bigram>
    <bigram weight="1" > certainly could </bigram>
    <bigram weight="1" > fireside ### </bigram>
    <bigram weight="1" > to whittling </bigram>
    <bigram weight="1" > most intensely </bigram>
    <bigram weight="1" > the leaf </bigram>
    <bigram weight="1" > leaves themselves </bigram>
    <bigram weight="1" > as at </bigram>
    <bigram weight="1" > embayed # </bigram>
    <bigram weight="1" > ### hickories </bigram>
    <bigram weight="1" > by their </bigram>
    <bigram weight="1" > and pleasing </bigram>
    <bigram weight="1" > autum nal </bigram>
    <bigram weight="1" > worth the </bigram>
    <bigram weight="1" > of painters </bigram>
    <bigram weight="1" > day ### </bigram>
    <bigram weight="1" > have only </bigram>
    <bigram weight="1" > sun ### </bigram>
    <bigram weight="1" > it than </bigram>
    <bigram weight="1" > not in </bigram>
    <bigram weight="1" > ### sup </bigram>
    <bigram weight="1" > might supply </bigram>
    <bigram weight="1" > wild and </bigram>
    <bigram weight="1" > to turn </bigram>
    <bigram weight="1" > the long </bigram>
    <bigram weight="1" > latest oaks </bigram>
    <bigram weight="1" > brown state </bigram>
    <bigram weight="1" > their october </bigram>
    <bigram weight="1" > these children </bigram>
    <bigram weight="1" > leaves and </bigram>
    <bigram weight="1" > feet deep </bigram>
    <bigram weight="1" > do ### </bigram>
    <bigram weight="1" > and coming </bigram>
    <bigram weight="1" > single tree </bigram>
    <bigram weight="1" > # indeed </bigram>
    <bigram weight="1" > herbaceous plant </bigram>
    <bigram weight="1" > # a </bigram>
    <bigram weight="1" > be copied </bigram>
    <bigram weight="1" > ### of </bigram>
    <bigram weight="1" > found on </bigram>
    <bigram weight="1" > bold deep </bigram>
    <bigram weight="1" > of ### </bigram>
    <bigram weight="1" > woods ### </bigram>
    <bigram weight="1" > rests with </bigram>
    <bigram weight="1" > rods off </bigram>
    <bigram weight="1" > shade or </bigram>
    <bigram weight="1" > connected the </bigram>
    <bigram weight="1" > had been </bigram>
    <bigram weight="1" > there ### </bigram>
    <bigram weight="1" > the schools </bigram>
    <bigram weight="1" > which should </bigram>
    <bigram weight="1" > within or </bigram>
    <bigram weight="1" > ### extracts </bigram>
    <bigram weight="1" > considered by </bigram>
    <bigram weight="1" > puritans did </bigram>
    <bigram weight="1" > could preserve </bigram>
    <bigram weight="1" > memento such </bigram>
    <bigram weight="1" > have been </bigram>
    <bigram weight="1" > else will </bigram>
    <bigram weight="1" > even the </bigram>
    <bigram weight="1" > fenced them </bigram>
    <bigram weight="1" > beginning with </bigram>
    <bigram weight="1" > dipped in </bigram>
    <bigram weight="1" > ten feet </bigram>
    <bigram weight="1" > degrees of </bigram>
    <bigram weight="1" > above ### </bigram>
    <bigram weight="1" > almost to </bigram>
    <bigram weight="1" > with the </bigram>
    <bigram weight="1" > bright afternoon </bigram>
    <bigram weight="1" > book ### </bigram>
    <bigram weight="1" > mischief is </bigram>
    <bigram weight="1" > they fall </bigram>
    <bigram weight="1" > ard the </bigram>
    <bigram weight="1" > now flashes </bigram>
    <bigram weight="1" > to draw </bigram>
    <bigram weight="1" > indeed ### </bigram>
    <bigram weight="1" > some odds </bigram>
    <bigram weight="1" > supply these </bigram>
    <bigram weight="1" > ### equal </bigram>
    <bigram weight="1" > the while </bigram>
    <bigram weight="1" > toward a </bigram>
    <bigram weight="1" > the latest </bigram>
    <bigram weight="1" > beautifully freckled </bigram>
    <bigram weight="1" > their narrow </bigram>
    <bigram weight="1" > color under </bigram>
    <bigram weight="1" > of grace </bigram>
    <bigram weight="1" > remind me </bigram>
    <bigram weight="1" > one wonders </bigram>
    <bigram weight="1" > as that </bigram>
    <bigram weight="1" > painters of </bigram>
    <bigram weight="1" > in apo </bigram>
    <bigram weight="1" > meadow directly </bigram>
    <bigram weight="1" > lake of </bigram>
    <bigram weight="1" > ### no </bigram>
    <bigram weight="1" > high colors </bigram>
    <bigram weight="1" > the points </bigram>
    <bigram weight="1" > stuff out </bigram>
    <bigram weight="1" > low rising </bigram>
    <bigram weight="1" > for painted </bigram>
    <bigram weight="1" > odds to </bigram>
    <bigram weight="1" > in their </bigram>
    <bigram weight="1" > stripe apparently </bigram>
    <bigram weight="1" > in light </bigram>
    <bigram weight="1" > not found </bigram>
    <bigram weight="1" > are embayed </bigram>
    <bigram weight="1" > month for </bigram>
    <bigram weight="1" > the later </bigram>
    <bigram weight="1" > whittling stone </bigram>
    <bigram weight="1" > entitled ### </bigram>
    <bigram weight="1" > you would </bigram>
    <bigram weight="1" > year near </bigram>
    <bigram weight="1" > any flowers </bigram>
    <bigram weight="1" > fruits ### </bigram>
    <bigram weight="1" > a simple </bigram>
    <bigram weight="1" > streets ### </bigram>
    <bigram weight="1" > they remind </bigram>
    <bigram weight="1" > per haps </bigram>
    <bigram weight="1" > ### is </bigram>
    <bigram weight="1" > think it </bigram>
    <bigram weight="1" > educated by </bigram>
    <bigram weight="1" > ### sharp </bigram>
    <bigram weight="1" > and by </bigram>
    <bigram weight="1" > children that </bigram>
    <bigram weight="1" > we might </bigram>
    <bigram weight="1" > dreds of </bigram>
    <bigram weight="1" > of scrap </bigram>
    <bigram weight="1" > this ### </bigram>
    <bigram weight="1" > ### that </bigram>
    <bigram weight="1" > out in </bigram>
    <bigram weight="1" > ### unfaded </bigram>
    <bigram weight="1" > and of </bigram>
    <bigram weight="1" > grace ful </bigram>
    <bigram weight="1" > is what </bigram>
    <bigram weight="1" > schools ### </bigram>
    <bigram weight="1" > round with </bigram>
    <bigram weight="1" > am again </bigram>
    <bigram weight="1" > the woods </bigram>
    <bigram weight="1" > they thickly </bigram>
    <bigram weight="1" > its ### </bigram>
    <bigram weight="1" > and su </bigram>
    <bigram weight="1" > of very </bigram>
    <bigram weight="1" > # hun </bigram>
    <bigram weight="1" > of all </bigram>
    <bigram weight="1" > tints ever </bigram>
    <bigram weight="1" > a specimen </bigram>
    <bigram weight="1" > filled ### </bigram>
    <bigram weight="1" > apo thecaries </bigram>
    <bigram weight="1" > much the </bigram>
    <bigram weight="1" > ### it </bigram>
    <bigram weight="1" > that of </bigram>
    <bigram weight="1" > so various </bigram>
    <bigram weight="1" > not think </bigram>
    <bigram weight="1" > i am </bigram>
    <bigram weight="1" > i do </bigram>
    <bigram weight="1" > else there </bigram>
    <bigram weight="1" > ramble through </bigram>
    <bigram weight="1" > not have </bigram>
    <bigram weight="1" > autumn woods </bigram>
    <bigram weight="1" > # extracts </bigram>
    <bigram weight="1" > draw firmly </bigram>
    <bigram weight="1" > is a </bigram>
    <bigram weight="1" > them round </bigram>
    <bigram weight="1" > the sheeny </bigram>
    <bigram weight="1" > its setting </bigram>
    <bigram weight="1" > oaks and </bigram>
    <bigram weight="1" > su machs </bigram>
    <bigram weight="1" > light of </bigram>
    <bigram weight="1" > from the </bigram>
    <bigram weight="1" > ### piled </bigram>
    <bigram weight="1" > the autumn </bigram>
    <bigram weight="1" > flowers or </bigram>
    <bigram weight="1" > taught color </bigram>
    <bigram weight="1" > transition from </bigram>
    <bigram weight="1" > eyes of </bigram>
    <bigram weight="1" > gracefully ### </bigram>
    <bigram weight="1" > its sunset </bigram>
    <bigram weight="1" > paint in </bigram>
    <bigram weight="1" > scollops reaching </bigram>
    <bigram weight="1" > at this </bigram>
    <bigram weight="1" > that ### </bigram>
    <bigram weight="1" > a combination </bigram>
    <bigram weight="1" > or autum </bigram>
    <bigram weight="1" > much richer </bigram>
    <bigram weight="1" > ther the </bigram>
    <bigram weight="1" > and educated </bigram>
    <bigram weight="1" > fathers of </bigram>
    <bigram weight="1" > but they </bigram>
    <bigram weight="1" > ### some </bigram>
    <bigram weight="1" > but how </bigram>
    <bigram weight="1" > another under </bigram>
    <bigram weight="1" > my feet </bigram>
    <bigram weight="1" > not leaf </bigram>
    <bigram weight="1" > the remnants </bigram>
    <bigram weight="1" > imper fectly </bigram>
    <bigram weight="1" > and ### </bigram>
    <bigram weight="1" > their high </bigram>
    <bigram weight="1" > aspens ### </bigram>
    <bigram weight="1" > think how </bigram>
    <bigram weight="1" > with ### </bigram>
    <bigram weight="1" > ### character </bigram>
    <bigram weight="1" > their creation </bigram>
    <bigram weight="1" > suggest that </bigram>
    <bigram weight="1" > shops and </bigram>
    <bigram weight="1" > while to </bigram>
    <bigram weight="1" > the ground </bigram>
    <bigram weight="1" > month later </bigram>
    <bigram weight="1" > purple beneath </bigram>
    <bigram weight="1" > tint of </bigram>
    <bigram weight="1" > season ### </bigram>
    <bigram weight="1" > strew the </bigram>
    <bigram weight="1" > ### though </bigram>
    <bigram weight="1" > # you </bigram>
    <bigram weight="1" > the green </bigram>
    <bigram weight="1" > and exuberance </bigram>
    <bigram weight="1" > woodbine and </bigram>
    <bigram weight="1" > changing tree </bigram>
    <bigram weight="1" > ever painted </bigram>
    <bigram weight="1" > exuberance of </bigram>
    <bigram weight="1" > maples blaze </bigram>
    <bigram weight="1" > stone here </bigram>
    <bigram weight="1" > less others </bigram>
    <bigram weight="1" > closely at </bigram>
    <bigram weight="1" > fall ### </bigram>
    <bigram weight="1" > need only </bigram>
    <bigram weight="1" > take a </bigram>
    <bigram weight="1" > as we </bigram>
    <bigram weight="1" > apparently twenty </bigram>
    <bigram weight="1" > ever considered </bigram>
    <bigram weight="1" > est reddening </bigram>
    <bigram weight="1" > under greater </bigram>
    <bigram weight="1" > curves and </bigram>
    <bigram weight="1" > the middle </bigram>
    <bigram weight="1" > get to </bigram>
    <bigram weight="1" > young ### </bigram>
    <bigram weight="1" > bright tint </bigram>
    <bigram weight="1" > # their </bigram>
    <bigram weight="1" > rosetta stone </bigram>
    <bigram weight="1" > appearing over </bigram>
    <bigram weight="1" > study it </bigram>
    <bigram weight="1" > do you </bigram>
    <bigram weight="1" > might learn </bigram>
    <bigram weight="1" > out the </bigram>
    <bigram weight="1" > not from </bigram>
    <bigram weight="1" > copying these </bigram>
    <bigram weight="1" > farther within </bigram>
    <bigram weight="1" > a die </bigram>
    <bigram weight="1" > earli est </bigram>
    <bigram weight="1" > but destined </bigram>
    <bigram weight="1" > the stuff </bigram>
    <bigram weight="1" > the hill </bigram>
    <bigram weight="1" > a stripe </bigram>
    <bigram weight="1" > when it </bigram>
    <bigram weight="1" > rising ground </bigram>
    <bigram weight="1" > down through </bigram>
    <bigram weight="1" > society ### </bigram>
    <bigram weight="1" > cut out </bigram>
    <bigram weight="1" > they seem </bigram>
    <bigram weight="1" > blaze out </bigram>
    <bigram weight="1" > in a </bigram>
    <bigram weight="1" > still ### </bigram>
    <bigram weight="1" > unfaded ### </bigram>
    <bigram weight="1" > would include </bigram>
    <bigram weight="1" > various as </bigram>
    <bigram weight="1" > the stationers </bigram>
    <bigram weight="1" > just appearing </bigram>
    <bigram weight="1" > ful curves </bigram>
    <bigram weight="1" > the sun </bigram>
    <bigram weight="1" > its transition </bigram>
    <bigram weight="1" > over the </bigram>
    <bigram weight="1" > round the </bigram>
</article>
