<?xml version="1.0" encoding="UTF-8"?>
<article id="10.2307/20606064" >
    <bigram weight="5" > ### # </bigram>
    <bigram weight="2" > he kept </bigram>
    <bigram weight="2" > # he </bigram>
    <bigram weight="2" > ### he </bigram>
    <bigram weight="1" > he was </bigram>
    <bigram weight="1" > and the </bigram>
    <bigram weight="1" > made many </bigram>
    <bigram weight="1" > uneasy ### </bigram>
    <bigram weight="1" > cold look </bigram>
    <bigram weight="1" > gave up </bigram>
    <bigram weight="1" > little afraid </bigram>
    <bigram weight="1" > would know </bigram>
    <bigram weight="1" > lived extravagantly </bigram>
    <bigram weight="1" > he lived </bigram>
    <bigram weight="1" > sand cranes </bigram>
    <bigram weight="1" > his cold </bigram>
    <bigram weight="1" > mostly ### </bigram>
    <bigram weight="1" > # how </bigram>
    <bigram weight="1" > the sand </bigram>
    <bigram weight="1" > to live </bigram>
    <bigram weight="1" > alone ### </bigram>
    <bigram weight="1" > he would </bigram>
    <bigram weight="1" > # mostly </bigram>
    <bigram weight="1" > but he </bigram>
    <bigram weight="1" > # ## </bigram>
    <bigram weight="1" > ### but </bigram>
    <bigram weight="1" > among the </bigram>
    <bigram weight="1" > lived henry </bigram>
    <bigram weight="1" > men uneasy </bigram>
    <bigram weight="1" > cranes and </bigram>
    <bigram weight="1" > track of </bigram>
    <bigram weight="1" > his handsome </bigram>
    <bigram weight="1" > # his </bigram>
    <bigram weight="1" > boldly open </bigram>
    <bigram weight="1" > blossom would </bigram>
    <bigram weight="1" > women ### </bigram>
    <bigram weight="1" > look made </bigram>
    <bigram weight="1" > live among </bigram>
    <bigram weight="1" > many men </bigram>
    <bigram weight="1" > would boldly </bigram>
    <bigram weight="1" > up his </bigram>
    <bigram weight="1" > open ### </bigram>
    <bigram weight="1" > of women </bigram>
    <bigram weight="1" > with his </bigram>
    <bigram weight="1" > language ### </bigram>
    <bigram weight="1" > day which </bigram>
    <bigram weight="1" > how thoreau </bigram>
    <bigram weight="1" > henry thoreau </bigram>
    <bigram weight="1" > spring day </bigram>
    <bigram weight="1" > his scandalous </bigram>
    <bigram weight="1" > each spring </bigram>
    <bigram weight="1" > company with </bigram>
    <bigram weight="1" > scandalous life </bigram>
    <bigram weight="1" > of that </bigram>
    <bigram weight="1" > kept company </bigram>
    <bigram weight="1" > handsome language </bigram>
    <bigram weight="1" > the ants </bigram>
    <bigram weight="1" > ## # </bigram>
    <bigram weight="1" > ants ### </bigram>
    <bigram weight="1" > kept track </bigram>
    <bigram weight="1" > know each </bigram>
    <bigram weight="1" > extravagantly alone </bigram>
    <bigram weight="1" > that ### </bigram>
    <bigram weight="1" > afraid of </bigram>
    <bigram weight="1" > thoreau lived </bigram>
    <bigram weight="1" > thoreau gave </bigram>
    <bigram weight="1" > which blossom </bigram>
    <bigram weight="1" > was a </bigram>
    <bigram weight="1" > a little </bigram>
    <bigram weight="1" > life to </bigram>
</article>
