<?xml version="1.0" encoding="UTF-8"?>
<article id="10.2307/25086944" >
    <bigram weight="86" > ### # </bigram>
    <bigram weight="16" > ### ### </bigram>
    <bigram weight="14" > in the </bigram>
    <bigram weight="14" > ### s </bigram>
    <bigram weight="13" > thoreau ### </bigram>
    <bigram weight="11" > of the </bigram>
    <bigram weight="10" > it is </bigram>
    <bigram weight="9" > civil disobedience </bigram>
    <bigram weight="9" > # ### </bigram>
    <bigram weight="9" > to the </bigram>
    <bigram weight="7" > # the </bigram>
    <bigram weight="7" > # it </bigram>
    <bigram weight="6" > ### and </bigram>
    <bigram weight="6" > ### thoreau </bigram>
    <bigram weight="6" > # he </bigram>
    <bigram weight="6" > ### he </bigram>
    <bigram weight="5" > # thoreau </bigram>
    <bigram weight="5" > ### resistance </bigram>
    <bigram weight="5" > of ### </bigram>
    <bigram weight="5" > ## ### </bigram>
    <bigram weight="5" > law ### </bigram>
    <bigram weight="4" > ### if </bigram>
    <bigram weight="4" > government ### </bigram>
    <bigram weight="4" > course ### </bigram>
    <bigram weight="4" > gandhi ### </bigram>
    <bigram weight="4" > prison ### </bigram>
    <bigram weight="4" > # ## </bigram>
    <bigram weight="4" > of civil </bigram>
    <bigram weight="4" > those who </bigram>
    <bigram weight="4" > disobedience ### </bigram>
    <bigram weight="4" > ### civil </bigram>
    <bigram weight="4" > this ### </bigram>
    <bigram weight="4" > ### it </bigram>
    <bigram weight="4" > of his </bigram>
    <bigram weight="4" > ### the </bigram>
    <bigram weight="4" > of thoreau </bigram>
    <bigram weight="4" > john brown </bigram>
    <bigram weight="4" > time ### </bigram>
    <bigram weight="4" > his life </bigram>
    <bigram weight="4" > on the </bigram>
    <bigram weight="3" > of course </bigram>
    <bigram weight="3" > as thoreau </bigram>
    <bigram weight="3" > spirit of </bigram>
    <bigram weight="3" > if it </bigram>
    <bigram weight="3" > america ### </bigram>
    <bigram weight="3" > ### of </bigram>
    <bigram weight="3" > of this </bigram>
    <bigram weight="3" > to be </bigram>
    <bigram weight="3" > american ### </bigram>
    <bigram weight="3" > and the </bigram>
    <bigram weight="3" > the machine </bigram>
    <bigram weight="3" > the spirit </bigram>
    <bigram weight="3" > that the </bigram>
    <bigram weight="3" > of gandhi </bigram>
    <bigram weight="3" > violence ### </bigram>
    <bigram weight="3" > civil resistance </bigram>
    <bigram weight="3" > conscience ### </bigram>
    <bigram weight="3" > identification with </bigram>
    <bigram weight="3" > ### i </bigram>
    <bigram weight="3" > that in </bigram>
    <bigram weight="3" > # this </bigram>
    <bigram weight="3" > was not </bigram>
    <bigram weight="3" > that thoreau </bigram>
    <bigram weight="3" > as a </bigram>
    <bigram weight="3" > it ### </bigram>
    <bigram weight="3" > of years </bigram>
    <bigram weight="3" > such a </bigram>
    <bigram weight="3" > ### that </bigram>
    <bigram weight="3" > as the </bigram>
    <bigram weight="3" > ### as </bigram>
    <bigram weight="3" > respect for </bigram>
    <bigram weight="3" > i read </bigram>
    <bigram weight="3" > ### then </bigram>
    <bigram weight="3" > in prison </bigram>
    <bigram weight="3" > ### movement </bigram>
    <bigram weight="3" > ### but </bigram>
    <bigram weight="2" > to live </bigram>
    <bigram weight="2" > in its </bigram>
    <bigram weight="2" > serve the </bigram>
    <bigram weight="2" > ### on </bigram>
    <bigram weight="2" > and often </bigram>
    <bigram weight="2" > and in </bigram>
    <bigram weight="2" > and he </bigram>
    <bigram weight="2" > brown ### </bigram>
    <bigram weight="2" > ### to </bigram>
    <bigram weight="2" > for law </bigram>
    <bigram weight="2" > convinced that </bigram>
    <bigram weight="2" > find it </bigram>
    <bigram weight="2" > it will </bigram>
    <bigram weight="2" > by the </bigram>
    <bigram weight="2" > evil system </bigram>
    <bigram weight="2" > the united </bigram>
    <bigram weight="2" > place for </bigram>
    <bigram weight="2" > also in </bigram>
    <bigram weight="2" > such an </bigram>
    <bigram weight="2" > protest ### </bigram>
    <bigram weight="2" > the government </bigram>
    <bigram weight="2" > with the </bigram>
    <bigram weight="2" > of them </bigram>
    <bigram weight="2" > and ### </bigram>
    <bigram weight="2" > eau ### </bigram>
    <bigram weight="2" > thoreau to </bigram>
    <bigram weight="2" > of government </bigram>
    <bigram weight="2" > genuine ### </bigram>
    <bigram weight="2" > and emerson </bigram>
    <bigram weight="2" > who have </bigram>
    <bigram weight="2" > will wear </bigram>
    <bigram weight="2" > led gandhi </bigram>
    <bigram weight="2" > part of </bigram>
    <bigram weight="2" > occasion ### </bigram>
    <bigram weight="2" > william stuart </bigram>
    <bigram weight="2" > a woman </bigram>
    <bigram weight="2" > go ### </bigram>
    <bigram weight="2" > he was </bigram>
    <bigram weight="2" > him ### </bigram>
    <bigram weight="2" > # his </bigram>
    <bigram weight="2" > why ### </bigram>
    <bigram weight="2" > that he </bigram>
    <bigram weight="2" > in our </bigram>
    <bigram weight="2" > it go </bigram>
    <bigram weight="2" > is in </bigram>
    <bigram weight="2" > own time </bigram>
    <bigram weight="2" > not necessarily </bigram>
    <bigram weight="2" > s essay </bigram>
    <bigram weight="2" > # what </bigram>
    <bigram weight="2" > a respect </bigram>
    <bigram weight="2" > that they </bigram>
    <bigram weight="2" > # such </bigram>
    <bigram weight="2" > and was </bigram>
    <bigram weight="2" > some may </bigram>
    <bigram weight="2" > of life </bigram>
    <bigram weight="2" > who were </bigram>
    <bigram weight="2" > that it </bigram>
    <bigram weight="2" > united states </bigram>
    <bigram weight="2" > system ### </bigram>
    <bigram weight="2" > total message </bigram>
    <bigram weight="2" > ### gandhi </bigram>
    <bigram weight="2" > ### there </bigram>
    <bigram weight="2" > henry david </bigram>
    <bigram weight="2" > the state </bigram>
    <bigram weight="2" > ### his </bigram>
    <bigram weight="2" > then ### </bigram>
    <bigram weight="2" > of john </bigram>
    <bigram weight="2" > # there </bigram>
    <bigram weight="2" > would be </bigram>
    <bigram weight="2" > # those </bigram>
    <bigram weight="2" > is to </bigram>
    <bigram weight="2" > an appeal </bigram>
    <bigram weight="2" > for conscience </bigram>
    <bigram weight="2" > resistance is </bigram>
    <bigram weight="2" > a just </bigram>
    <bigram weight="2" > resisted the </bigram>
    <bigram weight="2" > tion of </bigram>
    <bigram weight="2" > stuart nelson </bigram>
    <bigram weight="2" > he went </bigram>
    <bigram weight="2" > ### is </bigram>
    <bigram weight="2" > an evil </bigram>
    <bigram weight="2" > # to </bigram>
    <bigram weight="2" > ### will </bigram>
    <bigram weight="2" > neighbors who </bigram>
    <bigram weight="2" > let it </bigram>
    <bigram weight="2" > in so </bigram>
    <bigram weight="2" > died as </bigram>
    <bigram weight="2" > when he </bigram>
    <bigram weight="2" > the right </bigram>
    <bigram weight="2" > by such </bigram>
    <bigram weight="2" > thoreau and </bigram>
    <bigram weight="2" > # i </bigram>
    <bigram weight="2" > a man </bigram>
    <bigram weight="2" > is of </bigram>
    <bigram weight="2" > it requires </bigram>
    <bigram weight="2" > was convinced </bigram>
    <bigram weight="2" > has been </bigram>
    <bigram weight="2" > # as </bigram>
    <bigram weight="2" > and his </bigram>
    <bigram weight="2" > the fool </bigram>
    <bigram weight="2" > is also </bigram>
    <bigram weight="2" > thor eau </bigram>
    <bigram weight="2" > through the </bigram>
    <bigram weight="2" > of a </bigram>
    <bigram weight="2" > ### ## </bigram>
    <bigram weight="2" > a government </bigram>
    <bigram weight="2" > participants in </bigram>
    <bigram weight="2" > no longer </bigram>
    <bigram weight="2" > in fluenced </bigram>
    <bigram weight="2" > this is </bigram>
    <bigram weight="2" > ### let </bigram>
    <bigram weight="2" > ### neighbors </bigram>
    <bigram weight="2" > ### for </bigram>
    <bigram weight="2" > in ### </bigram>
    <bigram weight="2" > to adopt </bigram>
    <bigram weight="2" > thousands of </bigram>
    <bigram weight="2" > my movement </bigram>
    <bigram weight="2" > # in </bigram>
    <bigram weight="2" > he died </bigram>
    <bigram weight="2" > ### would </bigram>
    <bigram weight="2" > is a </bigram>
    <bigram weight="2" > ### should </bigram>
    <bigram weight="2" > willing to </bigram>
    <bigram weight="2" > their lives </bigram>
    <bigram weight="2" > the law </bigram>
    <bigram weight="2" > if the </bigram>
    <bigram weight="2" > from the </bigram>
    <bigram weight="2" > so doing </bigram>
    <bigram weight="2" > there is </bigram>
    <bigram weight="2" > ## american </bigram>
    <bigram weight="1" > to zero </bigram>
    <bigram weight="1" > be found </bigram>
    <bigram weight="1" > of removing </bigram>
    <bigram weight="1" > between and </bigram>
    <bigram weight="1" > behalf ### </bigram>
    <bigram weight="1" > to develop </bigram>
    <bigram weight="1" > to conclude </bigram>
    <bigram weight="1" > they err </bigram>
    <bigram weight="1" > the pierpont </bigram>
    <bigram weight="1" > the crust </bigram>
    <bigram weight="1" > the world </bigram>
    <bigram weight="1" > the following </bigram>
    <bigram weight="1" > resistance were </bigram>
    <bigram weight="1" > # practice </bigram>
    <bigram weight="1" > be built </bigram>
    <bigram weight="1" > remnant of </bigram>
    <bigram weight="1" > in token </bigram>
    <bigram weight="1" > fettered four </bigram>
    <bigram weight="1" > then the </bigram>
    <bigram weight="1" > not for </bigram>
    <bigram weight="1" > responsi bility </bigram>
    <bigram weight="1" > cannot be </bigram>
    <bigram weight="1" > inspires the </bigram>
    <bigram weight="1" > any unjustly </bigram>
    <bigram weight="1" > will he </bigram>
    <bigram weight="1" > adopted some </bigram>
    <bigram weight="1" > he saw </bigram>
    <bigram weight="1" > capacity for </bigram>
    <bigram weight="1" > movement motivated </bigram>
    <bigram weight="1" > he preached </bigram>
    <bigram weight="1" > were deep </bigram>
    <bigram weight="1" > the study </bigram>
    <bigram weight="1" > is likewise </bigram>
    <bigram weight="1" > too frequently </bigram>
    <bigram weight="1" > did not </bigram>
    <bigram weight="1" > brown enabled </bigram>
    <bigram weight="1" > think ### </bigram>
    <bigram weight="1" > nonetheless present </bigram>
    <bigram weight="1" > which is </bigram>
    <bigram weight="1" > the woods </bigram>
    <bigram weight="1" > they preserve </bigram>
    <bigram weight="1" > have said </bigram>
    <bigram weight="1" > insisted that </bigram>
    <bigram weight="1" > such spirits </bigram>
    <bigram weight="1" > out ### </bigram>
    <bigram weight="1" > say ### </bigram>
    <bigram weight="1" > discussion of </bigram>
    <bigram weight="1" > and to </bigram>
    <bigram weight="1" > the part </bigram>
    <bigram weight="1" > fully upon </bigram>
    <bigram weight="1" > should also </bigram>
    <bigram weight="1" > touchability ### </bigram>
    <bigram weight="1" > the remarks </bigram>
    <bigram weight="1" > whom fulness </bigram>
    <bigram weight="1" > ### therefore </bigram>
    <bigram weight="1" > life otherwise </bigram>
    <bigram weight="1" > journey to </bigram>
    <bigram weight="1" > buddha ### </bigram>
    <bigram weight="1" > importance ### </bigram>
    <bigram weight="1" > great gifts </bigram>
    <bigram weight="1" > unfortunate to </bigram>
    <bigram weight="1" > one is </bigram>
    <bigram weight="1" > justice ### </bigram>
    <bigram weight="1" > with thor </bigram>
    <bigram weight="1" > necessarily of </bigram>
    <bigram weight="1" > # against </bigram>
    <bigram weight="1" > south africa </bigram>
    <bigram weight="1" > to disobey </bigram>
    <bigram weight="1" > in practice </bigram>
    <bigram weight="1" > have to </bigram>
    <bigram weight="1" > main tain </bigram>
    <bigram weight="1" > who resisted </bigram>
    <bigram weight="1" > to protest </bigram>
    <bigram weight="1" > violence which </bigram>
    <bigram weight="1" > another ### </bigram>
    <bigram weight="1" > intellectual accord </bigram>
    <bigram weight="1" > the material </bigram>
    <bigram weight="1" > a gift </bigram>
    <bigram weight="1" > movement in </bigram>
    <bigram weight="1" > from life </bigram>
    <bigram weight="1" > # most </bigram>
    <bigram weight="1" > and for </bigram>
    <bigram weight="1" > some how </bigram>
    <bigram weight="1" > as his </bigram>
    <bigram weight="1" > which brown </bigram>
    <bigram weight="1" > lives not </bigram>
    <bigram weight="1" > and not </bigram>
    <bigram weight="1" > life it </bigram>
    <bigram weight="1" > resorted to </bigram>
    <bigram weight="1" > to such </bigram>
    <bigram weight="1" > nelson it </bigram>
    <bigram weight="1" > law which </bigram>
    <bigram weight="1" > journal ### </bigram>
    <bigram weight="1" > very nature </bigram>
    <bigram weight="1" > movements will </bigram>
    <bigram weight="1" > emerson ### </bigram>
    <bigram weight="1" > that crust </bigram>
    <bigram weight="1" > when the </bigram>
    <bigram weight="1" > woods in </bigram>
    <bigram weight="1" > soul and </bigram>
    <bigram weight="1" > a genuine </bigram>
    <bigram weight="1" > proved a </bigram>
    <bigram weight="1" > above all </bigram>
    <bigram weight="1" > continued ### </bigram>
    <bigram weight="1" > must above </bigram>
    <bigram weight="1" > singly an </bigram>
    <bigram weight="1" > practice for </bigram>
    <bigram weight="1" > the outside </bigram>
    <bigram weight="1" > disin terested </bigram>
    <bigram weight="1" > employing his </bigram>
    <bigram weight="1" > i never </bigram>
    <bigram weight="1" > no doubt </bigram>
    <bigram weight="1" > prophecy ### </bigram>
    <bigram weight="1" > in south </bigram>
    <bigram weight="1" > years ### </bigram>
    <bigram weight="1" > these ### </bigram>
    <bigram weight="1" > s ### </bigram>
    <bigram weight="1" > disobedience on </bigram>
    <bigram weight="1" > their heads </bigram>
    <bigram weight="1" > yet to </bigram>
    <bigram weight="1" > oppose his </bigram>
    <bigram weight="1" > the duty </bigram>
    <bigram weight="1" > slavery led </bigram>
    <bigram weight="1" > accumulated property </bigram>
    <bigram weight="1" > brance ### </bigram>
    <bigram weight="1" > ### namely </bigram>
    <bigram weight="1" > do not </bigram>
    <bigram weight="1" > thoreau should </bigram>
    <bigram weight="1" > urgings by </bigram>
    <bigram weight="1" > thought ### </bigram>
    <bigram weight="1" > disobedience from </bigram>
    <bigram weight="1" > hendrick ### </bigram>
    <bigram weight="1" > that was </bigram>
    <bigram weight="1" > such ## </bigram>
    <bigram weight="1" > justice in </bigram>
    <bigram weight="1" > quoted by </bigram>
    <bigram weight="1" > ### sister </bigram>
    <bigram weight="1" > his compassion </bigram>
    <bigram weight="1" > counter friction </bigram>
    <bigram weight="1" > and christian </bigram>
    <bigram weight="1" > arrest the </bigram>
    <bigram weight="1" > of finding </bigram>
    <bigram weight="1" > today assume </bigram>
    <bigram weight="1" > necessary friction </bigram>
    <bigram weight="1" > invoked against </bigram>
    <bigram weight="1" > in which </bigram>
    <bigram weight="1" > cause of </bigram>
    <bigram weight="1" > to do </bigram>
    <bigram weight="1" > which no </bigram>
    <bigram weight="1" > ### indicating </bigram>
    <bigram weight="1" > therefore ### </bigram>
    <bigram weight="1" > noblest flowering </bigram>
    <bigram weight="1" > the extension </bigram>
    <bigram weight="1" > and main </bigram>
    <bigram weight="1" > fluenced me </bigram>
    <bigram weight="1" > untouchables ### </bigram>
    <bigram weight="1" > to have </bigram>
    <bigram weight="1" > do is </bigram>
    <bigram weight="1" > spite of </bigram>
    <bigram weight="1" > adopt his </bigram>
    <bigram weight="1" > fully epitomizes </bigram>
    <bigram weight="1" > them and </bigram>
    <bigram weight="1" > is no </bigram>
    <bigram weight="1" > lost ### </bigram>
    <bigram weight="1" > and recom </bigram>
    <bigram weight="1" > thoreau states </bigram>
    <bigram weight="1" > wisdom of </bigram>
    <bigram weight="1" > indebtedness to </bigram>
    <bigram weight="1" > idea of </bigram>
    <bigram weight="1" > in her </bigram>
    <bigram weight="1" > the face </bigram>
    <bigram weight="1" > and just </bigram>
    <bigram weight="1" > an ordinary </bigram>
    <bigram weight="1" > life exists </bigram>
    <bigram weight="1" > the man </bigram>
    <bigram weight="1" > by spiritual </bigram>
    <bigram weight="1" > abolish un </bigram>
    <bigram weight="1" > mohandas k </bigram>
    <bigram weight="1" > movement ### </bigram>
    <bigram weight="1" > is exhausted </bigram>
    <bigram weight="1" > to pay </bigram>
    <bigram weight="1" > assume the </bigram>
    <bigram weight="1" > # martin </bigram>
    <bigram weight="1" > our time </bigram>
    <bigram weight="1" > commonly was </bigram>
    <bigram weight="1" > a suitable </bigram>
    <bigram weight="1" > ### satya </bigram>
    <bigram weight="1" > its laws </bigram>
    <bigram weight="1" > perchance it </bigram>
    <bigram weight="1" > his journey </bigram>
    <bigram weight="1" > he oppose </bigram>
    <bigram weight="1" > that i </bigram>
    <bigram weight="1" > myself to </bigram>
    <bigram weight="1" > have seen </bigram>
    <bigram weight="1" > deep ### </bigram>
    <bigram weight="1" > cannot give </bigram>
    <bigram weight="1" > amount of </bigram>
    <bigram weight="1" > for passionate </bigram>
    <bigram weight="1" > be those </bigram>
    <bigram weight="1" > suitable english </bigram>
    <bigram weight="1" > litera ture </bigram>
    <bigram weight="1" > shortsighted and </bigram>
    <bigram weight="1" > penalty exacted </bigram>
    <bigram weight="1" > listen to </bigram>
    <bigram weight="1" > ### with </bigram>
    <bigram weight="1" > terwoven throughout </bigram>
    <bigram weight="1" > flight all </bigram>
    <bigram weight="1" > quality that </bigram>
    <bigram weight="1" > making clear </bigram>
    <bigram weight="1" > man for </bigram>
    <bigram weight="1" > the roots </bigram>
    <bigram weight="1" > not moved </bigram>
    <bigram weight="1" > of huckle </bigram>
    <bigram weight="1" > his identification </bigram>
    <bigram weight="1" > of pagan </bigram>
    <bigram weight="1" > gandhi would </bigram>
    <bigram weight="1" > felt him </bigram>
    <bigram weight="1" > profound manifestations </bigram>
    <bigram weight="1" > in massachusetts </bigram>
    <bigram weight="1" > waiden pond </bigram>
    <bigram weight="1" > remaining sari </bigram>
    <bigram weight="1" > includes the </bigram>
    <bigram weight="1" > answered as </bigram>
    <bigram weight="1" > # for </bigram>
    <bigram weight="1" > morgan library </bigram>
    <bigram weight="1" > jaunts through </bigram>
    <bigram weight="1" > gives maximum </bigram>
    <bigram weight="1" > attire when </bigram>
    <bigram weight="1" > barrassing estate </bigram>
    <bigram weight="1" > it difficult </bigram>
    <bigram weight="1" > whole weight </bigram>
    <bigram weight="1" > flee from </bigram>
    <bigram weight="1" > to violence </bigram>
    <bigram weight="1" > badge of </bigram>
    <bigram weight="1" > midst of </bigram>
    <bigram weight="1" > permit things </bigram>
    <bigram weight="1" > ride in </bigram>
    <bigram weight="1" > be a </bigram>
    <bigram weight="1" > his arrest </bigram>
    <bigram weight="1" > temp tation </bigram>
    <bigram weight="1" > goal and </bigram>
    <bigram weight="1" > power upon </bigram>
    <bigram weight="1" > is essential </bigram>
    <bigram weight="1" > it acts </bigram>
    <bigram weight="1" > them that </bigram>
    <bigram weight="1" > and perhaps </bigram>
    <bigram weight="1" > acknowledge a </bigram>
    <bigram weight="1" > thoreau was </bigram>
    <bigram weight="1" > must reduce </bigram>
    <bigram weight="1" > living was </bigram>
    <bigram weight="1" > and august </bigram>
    <bigram weight="1" > influence of </bigram>
    <bigram weight="1" > daughter and </bigram>
    <bigram weight="1" > marg ### </bigram>
    <bigram weight="1" > can ### </bigram>
    <bigram weight="1" > in india </bigram>
    <bigram weight="1" > so force </bigram>
    <bigram weight="1" > americans engaged </bigram>
    <bigram weight="1" > a transcendentalist </bigram>
    <bigram weight="1" > # a </bigram>
    <bigram weight="1" > ### certainly </bigram>
    <bigram weight="1" > # some </bigram>
    <bigram weight="1" > not place </bigram>
    <bigram weight="1" > johannesburg in </bigram>
    <bigram weight="1" > the captain </bigram>
    <bigram weight="1" > expected that </bigram>
    <bigram weight="1" > identified himself </bigram>
    <bigram weight="1" > his jaunts </bigram>
    <bigram weight="1" > ### pray </bigram>
    <bigram weight="1" > following the </bigram>
    <bigram weight="1" > ## bus </bigram>
    <bigram weight="1" > gandhi in </bigram>
    <bigram weight="1" > ### ill </bigram>
    <bigram weight="1" > free and </bigram>
    <bigram weight="1" > law makers </bigram>
    <bigram weight="1" > me greatly </bigram>
    <bigram weight="1" > fulfillment of </bigram>
    <bigram weight="1" > which moths </bigram>
    <bigram weight="1" > or murderers </bigram>
    <bigram weight="1" > to ride </bigram>
    <bigram weight="1" > the suffering </bigram>
    <bigram weight="1" > by majorities </bigram>
    <bigram weight="1" > duty of </bigram>
    <bigram weight="1" > minimum attire </bigram>
    <bigram weight="1" > in concord </bigram>
    <bigram weight="1" > on thoreau </bigram>
    <bigram weight="1" > indebted they </bigram>
    <bigram weight="1" > the lesson </bigram>
    <bigram weight="1" > place of </bigram>
    <bigram weight="1" > august ## </bigram>
    <bigram weight="1" > dom rides </bigram>
    <bigram weight="1" > live so </bigram>
    <bigram weight="1" > move with </bigram>
    <bigram weight="1" > self by </bigram>
    <bigram weight="1" > ### written </bigram>
    <bigram weight="1" > is that </bigram>
    <bigram weight="1" > as law </bigram>
    <bigram weight="1" > you remember </bigram>
    <bigram weight="1" > crust ### </bigram>
    <bigram weight="1" > acquisition ### </bigram>
    <bigram weight="1" > right to </bigram>
    <bigram weight="1" > states how </bigram>
    <bigram weight="1" > separate thoreau </bigram>
    <bigram weight="1" > beliefs but </bigram>
    <bigram weight="1" > or keep </bigram>
    <bigram weight="1" > man is </bigram>
    <bigram weight="1" > that essay </bigram>
    <bigram weight="1" > completed his </bigram>
    <bigram weight="1" > a protest </bigram>
    <bigram weight="1" > of my </bigram>
    <bigram weight="1" > the name </bigram>
    <bigram weight="1" > the prisons </bigram>
    <bigram weight="1" > following words </bigram>
    <bigram weight="1" > saddle of </bigram>
    <bigram weight="1" > he could </bigram>
    <bigram weight="1" > non violent </bigram>
    <bigram weight="1" > life ### </bigram>
    <bigram weight="1" > thoreau said </bigram>
    <bigram weight="1" > ### lost </bigram>
    <bigram weight="1" > be expected </bigram>
    <bigram weight="1" > long run </bigram>
    <bigram weight="1" > of our </bigram>
    <bigram weight="1" > of serving </bigram>
    <bigram weight="1" > with him </bigram>
    <bigram weight="1" > is part </bigram>
    <bigram weight="1" > lives ### </bigram>
    <bigram weight="1" > to listen </bigram>
    <bigram weight="1" > victory of </bigram>
    <bigram weight="1" > transcendentalist he </bigram>
    <bigram weight="1" > invented and </bigram>
    <bigram weight="1" > indicating a </bigram>
    <bigram weight="1" > even during </bigram>
    <bigram weight="1" > berry parties </bigram>
    <bigram weight="1" > doing is </bigram>
    <bigram weight="1" > to defend </bigram>
    <bigram weight="1" > violent movements </bigram>
    <bigram weight="1" > every law </bigram>
    <bigram weight="1" > world ### </bigram>
    <bigram weight="1" > life as </bigram>
    <bigram weight="1" > remained consistently </bigram>
    <bigram weight="1" > the cost </bigram>
    <bigram weight="1" > who would </bigram>
    <bigram weight="1" > # you </bigram>
    <bigram weight="1" > galls me </bigram>
    <bigram weight="1" > concept of </bigram>
    <bigram weight="1" > not equal </bigram>
    <bigram weight="1" > property ### </bigram>
    <bigram weight="1" > against every </bigram>
    <bigram weight="1" > all america </bigram>
    <bigram weight="1" > nelson minds </bigram>
    <bigram weight="1" > essential to </bigram>
    <bigram weight="1" > racial in </bigram>
    <bigram weight="1" > to declare </bigram>
    <bigram weight="1" > thoreau in </bigram>
    <bigram weight="1" > persist in </bigram>
    <bigram weight="1" > those whom </bigram>
    <bigram weight="1" > passionate identification </bigram>
    <bigram weight="1" > for attacking </bigram>
    <bigram weight="1" > liveth ### </bigram>
    <bigram weight="1" > still live </bigram>
    <bigram weight="1" > me in </bigram>
    <bigram weight="1" > points out </bigram>
    <bigram weight="1" > years ago </bigram>
    <bigram weight="1" > in a </bigram>
    <bigram weight="1" > thoreau knew </bigram>
    <bigram weight="1" > adopt an </bigram>
    <bigram weight="1" > unintentionally serve </bigram>
    <bigram weight="1" > their very </bigram>
    <bigram weight="1" > which sought </bigram>
    <bigram weight="1" > friction ### </bigram>
    <bigram weight="1" > man but </bigram>
    <bigram weight="1" > he should </bigram>
    <bigram weight="1" > the saddle </bigram>
    <bigram weight="1" > self to </bigram>
    <bigram weight="1" > tyrant holding </bigram>
    <bigram weight="1" > of slaves </bigram>
    <bigram weight="1" > the cause </bigram>
    <bigram weight="1" > a badge </bigram>
    <bigram weight="1" > makers ### </bigram>
    <bigram weight="1" > is desirable </bigram>
    <bigram weight="1" > might possibly </bigram>
    <bigram weight="1" > of living </bigram>
    <bigram weight="1" > beliefs ### </bigram>
    <bigram weight="1" > asser tion </bigram>
    <bigram weight="1" > outside ### </bigram>
    <bigram weight="1" > fateful prophecy </bigram>
    <bigram weight="1" > so they </bigram>
    <bigram weight="1" > beliefs in </bigram>
    <bigram weight="1" > the eradica </bigram>
    <bigram weight="1" > montgomery ### </bigram>
    <bigram weight="1" > unadulterated message </bigram>
    <bigram weight="1" > he resorted </bigram>
    <bigram weight="1" > bility even </bigram>
    <bigram weight="1" > the shoemaker </bigram>
    <bigram weight="1" > the life </bigram>
    <bigram weight="1" > independence ### </bigram>
    <bigram weight="1" > r ### </bigram>
    <bigram weight="1" > has its </bigram>
    <bigram weight="1" > the total </bigram>
    <bigram weight="1" > force to </bigram>
    <bigram weight="1" > ### threw </bigram>
    <bigram weight="1" > disobedience aspect </bigram>
    <bigram weight="1" > with increasing </bigram>
    <bigram weight="1" > regarded as </bigram>
    <bigram weight="1" > deeds of </bigram>
    <bigram weight="1" > formula ### </bigram>
    <bigram weight="1" > had learned </bigram>
    <bigram weight="1" > the quality </bigram>
    <bigram weight="1" > to persist </bigram>
    <bigram weight="1" > is yet </bigram>
    <bigram weight="1" > in ## </bigram>
    <bigram weight="1" > it immedi </bigram>
    <bigram weight="1" > every day </bigram>
    <bigram weight="1" > simply sorrow </bigram>
    <bigram weight="1" > live as </bigram>
    <bigram weight="1" > ### not </bigram>
    <bigram weight="1" > penetrating that </bigram>
    <bigram weight="1" > linked to </bigram>
    <bigram weight="1" > judged john </bigram>
    <bigram weight="1" > most men </bigram>
    <bigram weight="1" > supported by </bigram>
    <bigram weight="1" > the best </bigram>
    <bigram weight="1" > agent of </bigram>
    <bigram weight="1" > who insisted </bigram>
    <bigram weight="1" > george hendrick </bigram>
    <bigram weight="1" > he so </bigram>
    <bigram weight="1" > be exchanged </bigram>
    <bigram weight="1" > our own </bigram>
    <bigram weight="1" > the occasion </bigram>
    <bigram weight="1" > were helping </bigram>
    <bigram weight="1" > was ### </bigram>
    <bigram weight="1" > of montgomery </bigram>
    <bigram weight="1" > of injustice </bigram>
    <bigram weight="1" > the grasping </bigram>
    <bigram weight="1" > her free </bigram>
    <bigram weight="1" > stop the </bigram>
    <bigram weight="1" > my friends </bigram>
    <bigram weight="1" > precious goal </bigram>
    <bigram weight="1" > garment ### </bigram>
    <bigram weight="1" > otherwise ### </bigram>
    <bigram weight="1" > the evil </bigram>
    <bigram weight="1" > movement acknowledge </bigram>
    <bigram weight="1" > because he </bigram>
    <bigram weight="1" > the devil </bigram>
    <bigram weight="1" > # let </bigram>
    <bigram weight="1" > compassion ### </bigram>
    <bigram weight="1" > for all </bigram>
    <bigram weight="1" > a once </bigram>
    <bigram weight="1" > must be </bigram>
    <bigram weight="1" > unity in </bigram>
    <bigram weight="1" > nature are </bigram>
    <bigram weight="1" > written about </bigram>
    <bigram weight="1" > attire until </bigram>
    <bigram weight="1" > wear this </bigram>
    <bigram weight="1" > die in </bigram>
    <bigram weight="1" > ### who </bigram>
    <bigram weight="1" > against the </bigram>
    <bigram weight="1" > disobey government </bigram>
    <bigram weight="1" > day before </bigram>
    <bigram weight="1" > he order </bigram>
    <bigram weight="1" > to his </bigram>
    <bigram weight="1" > this quality </bigram>
    <bigram weight="1" > whom the </bigram>
    <bigram weight="1" > ### all </bigram>
    <bigram weight="1" > difficult to </bigram>
    <bigram weight="1" > subjection to </bigram>
    <bigram weight="1" > quest of </bigram>
    <bigram weight="1" > two threads </bigram>
    <bigram weight="1" > his great </bigram>
    <bigram weight="1" > he remained </bigram>
    <bigram weight="1" > me to </bigram>
    <bigram weight="1" > smooth ### </bigram>
    <bigram weight="1" > things to </bigram>
    <bigram weight="1" > all understand </bigram>
    <bigram weight="1" > dissassoci ate </bigram>
    <bigram weight="1" > for whom </bigram>
    <bigram weight="1" > be completely </bigram>
    <bigram weight="1" > and who </bigram>
    <bigram weight="1" > well to </bigram>
    <bigram weight="1" > they are </bigram>
    <bigram weight="1" > postmaster was </bigram>
    <bigram weight="1" > negroes might </bigram>
    <bigram weight="1" > recent forms </bigram>
    <bigram weight="1" > ordinary band </bigram>
    <bigram weight="1" > resistance movement </bigram>
    <bigram weight="1" > would profit </bigram>
    <bigram weight="1" > men risk </bigram>
    <bigram weight="1" > pond not </bigram>
    <bigram weight="1" > exhausted merely </bigram>
    <bigram weight="1" > movement can </bigram>
    <bigram weight="1" > if he </bigram>
    <bigram weight="1" > away from </bigram>
    <bigram weight="1" > from economic </bigram>
    <bigram weight="1" > ### men </bigram>
    <bigram weight="1" > is obvious </bigram>
    <bigram weight="1" > thoreau observed </bigram>
    <bigram weight="1" > read waiden </bigram>
    <bigram weight="1" > be made </bigram>
    <bigram weight="1" > the precious </bigram>
    <bigram weight="1" > village postmaster </bigram>
    <bigram weight="1" > flowering ### </bigram>
    <bigram weight="1" > which he </bigram>
    <bigram weight="1" > is regarded </bigram>
    <bigram weight="1" > doubt that </bigram>
    <bigram weight="1" > finding the </bigram>
    <bigram weight="1" > martin luther </bigram>
    <bigram weight="1" > in jail </bigram>
    <bigram weight="1" > ### a </bigram>
    <bigram weight="1" > millions of </bigram>
    <bigram weight="1" > among untouchables </bigram>
    <bigram weight="1" > ism and </bigram>
    <bigram weight="1" > the rule </bigram>
    <bigram weight="1" > is reminded </bigram>
    <bigram weight="1" > him in </bigram>
    <bigram weight="1" > he lived </bigram>
    <bigram weight="1" > with permission </bigram>
    <bigram weight="1" > his daughter </bigram>
    <bigram weight="1" > terested ### </bigram>
    <bigram weight="1" > the midst </bigram>
    <bigram weight="1" > at any </bigram>
    <bigram weight="1" > it might </bigram>
    <bigram weight="1" > is the </bigram>
    <bigram weight="1" > africa in </bigram>
    <bigram weight="1" > of law </bigram>
    <bigram weight="1" > roosts ### </bigram>
    <bigram weight="1" > july and </bigram>
    <bigram weight="1" > thoreau continued </bigram>
    <bigram weight="1" > huckle berry </bigram>
    <bigram weight="1" > ### capacity </bigram>
    <bigram weight="1" > that early </bigram>
    <bigram weight="1" > took the </bigram>
    <bigram weight="1" > and prac </bigram>
    <bigram weight="1" > country ### </bigram>
    <bigram weight="1" > or led </bigram>
    <bigram weight="1" > heads and </bigram>
    <bigram weight="1" > men in </bigram>
    <bigram weight="1" > gp ### </bigram>
    <bigram weight="1" > desirable to </bigram>
    <bigram weight="1" > # these </bigram>
    <bigram weight="1" > to separate </bigram>
    <bigram weight="1" > jail too </bigram>
    <bigram weight="1" > other profound </bigram>
    <bigram weight="1" > by a </bigram>
    <bigram weight="1" > ## william </bigram>
    <bigram weight="1" > to see </bigram>
    <bigram weight="1" > the overthrow </bigram>
    <bigram weight="1" > woman in </bigram>
    <bigram weight="1" > purports to </bigram>
    <bigram weight="1" > present ### </bigram>
    <bigram weight="1" > are to </bigram>
    <bigram weight="1" > run ### </bigram>
    <bigram weight="1" > my indian </bigram>
    <bigram weight="1" > ### what </bigram>
    <bigram weight="1" > ### break </bigram>
    <bigram weight="1" > by his </bigram>
    <bigram weight="1" > their hen </bigram>
    <bigram weight="1" > only in </bigram>
    <bigram weight="1" > elect to </bigram>
    <bigram weight="1" > # when </bigram>
    <bigram weight="1" > they could </bigram>
    <bigram weight="1" > led him </bigram>
    <bigram weight="1" > this apparent </bigram>
    <bigram weight="1" > should he </bigram>
    <bigram weight="1" > recalls that </bigram>
    <bigram weight="1" > the difficult </bigram>
    <bigram weight="1" > could not </bigram>
    <bigram weight="1" > comes their </bigram>
    <bigram weight="1" > wear out </bigram>
    <bigram weight="1" > in such </bigram>
    <bigram weight="1" > prone to </bigram>
    <bigram weight="1" > rather than </bigram>
    <bigram weight="1" > deeply indebted </bigram>
    <bigram weight="1" > for it </bigram>
    <bigram weight="1" > suffering ### </bigram>
    <bigram weight="1" > of such </bigram>
    <bigram weight="1" > preserve the </bigram>
    <bigram weight="1" > # fortunately </bigram>
    <bigram weight="1" > roots of </bigram>
    <bigram weight="1" > gods of </bigram>
    <bigram weight="1" > said of </bigram>
    <bigram weight="1" > without which </bigram>
    <bigram weight="1" > the gift </bigram>
    <bigram weight="1" > s time </bigram>
    <bigram weight="1" > ### july </bigram>
    <bigram weight="1" > on ### </bigram>
    <bigram weight="1" > doing ### </bigram>
    <bigram weight="1" > this minimum </bigram>
    <bigram weight="1" > hostility and </bigram>
    <bigram weight="1" > thoreau has </bigram>
    <bigram weight="1" > there must </bigram>
    <bigram weight="1" > remember that </bigram>
    <bigram weight="1" > nature that </bigram>
    <bigram weight="1" > once adequate </bigram>
    <bigram weight="1" > is an </bigram>
    <bigram weight="1" > government is </bigram>
    <bigram weight="1" > # moreover </bigram>
    <bigram weight="1" > the disease </bigram>
    <bigram weight="1" > untouchable as </bigram>
    <bigram weight="1" > minority is </bigram>
    <bigram weight="1" > preached eloquently </bigram>
    <bigram weight="1" > for divorcement </bigram>
    <bigram weight="1" > to henry </bigram>
    <bigram weight="1" > for july </bigram>
    <bigram weight="1" > to flight </bigram>
    <bigram weight="1" > slaves ### </bigram>
    <bigram weight="1" > ### we </bigram>
    <bigram weight="1" > threads ### </bigram>
    <bigram weight="1" > the village </bigram>
    <bigram weight="1" > himself ### </bigram>
    <bigram weight="1" > here is </bigram>
    <bigram weight="1" > life be </bigram>
    <bigram weight="1" > all just </bigram>
    <bigram weight="1" > to cul </bigram>
    <bigram weight="1" > ### identified </bigram>
    <bigram weight="1" > throughout the </bigram>
    <bigram weight="1" > for justice </bigram>
    <bigram weight="1" > appeal ### </bigram>
    <bigram weight="1" > friction of </bigram>
    <bigram weight="1" > the injustice </bigram>
    <bigram weight="1" > abandon its </bigram>
    <bigram weight="1" > how no </bigram>
    <bigram weight="1" > minds are </bigram>
    <bigram weight="1" > and superficial </bigram>
    <bigram weight="1" > ill ### </bigram>
    <bigram weight="1" > requires to </bigram>
    <bigram weight="1" > to die </bigram>
    <bigram weight="1" > ### including </bigram>
    <bigram weight="1" > thoreau completed </bigram>
    <bigram weight="1" > a movement </bigram>
    <bigram weight="1" > message that </bigram>
    <bigram weight="1" > condemn ### </bigram>
    <bigram weight="1" > from within </bigram>
    <bigram weight="1" > found in </bigram>
    <bigram weight="1" > true to </bigram>
    <bigram weight="1" > was happy </bigram>
    <bigram weight="1" > developed between </bigram>
    <bigram weight="1" > by others </bigram>
    <bigram weight="1" > epitomizes ### </bigram>
    <bigram weight="1" > rebelling against </bigram>
    <bigram weight="1" > the center </bigram>
    <bigram weight="1" > friction to </bigram>
    <bigram weight="1" > ### or </bigram>
    <bigram weight="1" > available to </bigram>
    <bigram weight="1" > difficult role </bigram>
    <bigram weight="1" > are supported </bigram>
    <bigram weight="1" > manifestations of </bigram>
    <bigram weight="1" > upon the </bigram>
    <bigram weight="1" > dawn fully </bigram>
    <bigram weight="1" > government which </bigram>
    <bigram weight="1" > for him </bigram>
    <bigram weight="1" > huckleber ries </bigram>
    <bigram weight="1" > your life </bigram>
    <bigram weight="1" > would wear </bigram>
    <bigram weight="1" > meaning of </bigram>
    <bigram weight="1" > it cannot </bigram>
    <bigram weight="1" > priva tion </bigram>
    <bigram weight="1" > laws ### </bigram>
    <bigram weight="1" > ### remained </bigram>
    <bigram weight="1" > not ### </bigram>
    <bigram weight="1" > justice and </bigram>
    <bigram weight="1" > an em </bigram>
    <bigram weight="1" > state will </bigram>
    <bigram weight="1" > i do </bigram>
    <bigram weight="1" > conclude that </bigram>
    <bigram weight="1" > luther king </bigram>
    <bigram weight="1" > not life </bigram>
    <bigram weight="1" > life but </bigram>
    <bigram weight="1" > the secret </bigram>
    <bigram weight="1" > of slavery </bigram>
    <bigram weight="1" > declare that </bigram>
    <bigram weight="1" > his own </bigram>
    <bigram weight="1" > friends who </bigram>
    <bigram weight="1" > brown from </bigram>
    <bigram weight="1" > left in </bigram>
    <bigram weight="1" > observed ### </bigram>
    <bigram weight="1" > conscience in </bigram>
    <bigram weight="1" > have not </bigram>
    <bigram weight="1" > the purest </bigram>
    <bigram weight="1" > protest against </bigram>
    <bigram weight="1" > went huckleberrying </bigram>
    <bigram weight="1" > eloquently against </bigram>
    <bigram weight="1" > bad ### </bigram>
    <bigram weight="1" > to waiden </bigram>
    <bigram weight="1" > is responsible </bigram>
    <bigram weight="1" > woman of </bigram>
    <bigram weight="1" > secret of </bigram>
    <bigram weight="1" > manned by </bigram>
    <bigram weight="1" > s violence </bigram>
    <bigram weight="1" > have found </bigram>
    <bigram weight="1" > crust of </bigram>
    <bigram weight="1" > government for </bigram>
    <bigram weight="1" > turned away </bigram>
    <bigram weight="1" > out a </bigram>
    <bigram weight="1" > translation for </bigram>
    <bigram weight="1" > doctrine of </bigram>
    <bigram weight="1" > of huckleber </bigram>
    <bigram weight="1" > treasures which </bigram>
    <bigram weight="1" > satyagraha ### </bigram>
    <bigram weight="1" > and judged </bigram>
    <bigram weight="1" > hand and </bigram>
    <bigram weight="1" > said he </bigram>
    <bigram weight="1" > saw and </bigram>
    <bigram weight="1" > the voice </bigram>
    <bigram weight="1" > to find </bigram>
    <bigram weight="1" > quality with </bigram>
    <bigram weight="1" > ### vol </bigram>
    <bigram weight="1" > evil linked </bigram>
    <bigram weight="1" > in america </bigram>
    <bigram weight="1" > s ideas </bigram>
    <bigram weight="1" > against materialism </bigram>
    <bigram weight="1" > when it </bigram>
    <bigram weight="1" > their heroic </bigram>
    <bigram weight="1" > in montgomery </bigram>
    <bigram weight="1" > live ### </bigram>
    <bigram weight="1" > to mohandas </bigram>
    <bigram weight="1" > the christ </bigram>
    <bigram weight="1" > tation to </bigram>
    <bigram weight="1" > captain of </bigram>
    <bigram weight="1" > but in </bigram>
    <bigram weight="1" > he must </bigram>
    <bigram weight="1" > essay on </bigram>
    <bigram weight="1" > we quoted </bigram>
    <bigram weight="1" > fugitive slave </bigram>
    <bigram weight="1" > removing certain </bigram>
    <bigram weight="1" > guarantee the </bigram>
    <bigram weight="1" > requires you </bigram>
    <bigram weight="1" > found indebtedness </bigram>
    <bigram weight="1" > defended in </bigram>
    <bigram weight="1" > his conscience </bigram>
    <bigram weight="1" > states ### </bigram>
    <bigram weight="1" > ### have </bigram>
    <bigram weight="1" > true place </bigram>
    <bigram weight="1" > tion to </bigram>
    <bigram weight="1" > suffering man </bigram>
    <bigram weight="1" > only place </bigram>
    <bigram weight="1" > # so </bigram>
    <bigram weight="1" > let your </bigram>
    <bigram weight="1" > are prone </bigram>
    <bigram weight="1" > as follows </bigram>
    <bigram weight="1" > her one </bigram>
    <bigram weight="1" > ideas greatly </bigram>
    <bigram weight="1" > by ### </bigram>
    <bigram weight="1" > s name </bigram>
    <bigram weight="1" > bus boycott </bigram>
    <bigram weight="1" > just citizens </bigram>
    <bigram weight="1" > insight commonly </bigram>
    <bigram weight="1" > its noblest </bigram>
    <bigram weight="1" > petty violence </bigram>
    <bigram weight="1" > violence every </bigram>
    <bigram weight="1" > community by </bigram>
    <bigram weight="1" > who today </bigram>
    <bigram weight="1" > confronted by </bigram>
    <bigram weight="1" > in or </bigram>
    <bigram weight="1" > divorcement from </bigram>
    <bigram weight="1" > brown because </bigram>
    <bigram weight="1" > keep all </bigram>
    <bigram weight="1" > poverty he </bigram>
    <bigram weight="1" > i condemn </bigram>
    <bigram weight="1" > should have </bigram>
    <bigram weight="1" > all those </bigram>
    <bigram weight="1" > entry for </bigram>
    <bigram weight="1" > fluenced my </bigram>
    <bigram weight="1" > be remembered </bigram>
    <bigram weight="1" > i say </bigram>
    <bigram weight="1" > recom mended </bigram>
    <bigram weight="1" > extremely shortsighted </bigram>
    <bigram weight="1" > with passionate </bigram>
    <bigram weight="1" > to dawn </bigram>
    <bigram weight="1" > royal ## </bigram>
    <bigram weight="1" > the fulfillment </bigram>
    <bigram weight="1" > under a </bigram>
    <bigram weight="1" > threw his </bigram>
    <bigram weight="1" > name of </bigram>
    <bigram weight="1" > to miss </bigram>
    <bigram weight="1" > he had </bigram>
    <bigram weight="1" > devil ### </bigram>
    <bigram weight="1" > with john </bigram>
    <bigram weight="1" > from thoreau </bigram>
    <bigram weight="1" > reproduced with </bigram>
    <bigram weight="1" > ## # </bigram>
    <bigram weight="1" > resistance ism </bigram>
    <bigram weight="1" > found the </bigram>
    <bigram weight="1" > by refusing </bigram>
    <bigram weight="1" > one hand </bigram>
    <bigram weight="1" > massa chusetts </bigram>
    <bigram weight="1" > to jail </bigram>
    <bigram weight="1" > to put </bigram>
    <bigram weight="1" > was nonetheless </bigram>
    <bigram weight="1" > disobedience requires </bigram>
    <bigram weight="1" > spiritual identification </bigram>
    <bigram weight="1" > thrown their </bigram>
    <bigram weight="1" > remembered as </bigram>
    <bigram weight="1" > a civil </bigram>
    <bigram weight="1" > declared also </bigram>
    <bigram weight="1" > the day </bigram>
    <bigram weight="1" > be an </bigram>
    <bigram weight="1" > both as </bigram>
    <bigram weight="1" > wrong which </bigram>
    <bigram weight="1" > his century </bigram>
    <bigram weight="1" > rule of </bigram>
    <bigram weight="1" > will abandon </bigram>
    <bigram weight="1" > corrupt ### </bigram>
    <bigram weight="1" > k ### </bigram>
    <bigram weight="1" > spirit ### </bigram>
    <bigram weight="1" > a thing </bigram>
    <bigram weight="1" > to elect </bigram>
    <bigram weight="1" > # having </bigram>
    <bigram weight="1" > and their </bigram>
    <bigram weight="1" > a discussion </bigram>
    <bigram weight="1" > himself from </bigram>
    <bigram weight="1" > center ### </bigram>
    <bigram weight="1" > put to </bigram>
    <bigram weight="1" > follows ### </bigram>
    <bigram weight="1" > sister the </bigram>
    <bigram weight="1" > # until </bigram>
    <bigram weight="1" > mentioned upon </bigram>
    <bigram weight="1" > reminded of </bigram>
    <bigram weight="1" > motivated by </bigram>
    <bigram weight="1" > # why </bigram>
    <bigram weight="1" > of every </bigram>
    <bigram weight="1" > here comes </bigram>
    <bigram weight="1" > been deepened </bigram>
    <bigram weight="1" > not still </bigram>
    <bigram weight="1" > honor and </bigram>
    <bigram weight="1" > weaknesses by </bigram>
    <bigram weight="1" > it was </bigram>
    <bigram weight="1" > the person </bigram>
    <bigram weight="1" > the self </bigram>
    <bigram weight="1" > they thrown </bigram>
    <bigram weight="1" > ### however </bigram>
    <bigram weight="1" > from thousands </bigram>
    <bigram weight="1" > all my </bigram>
    <bigram weight="1" > upon america </bigram>
    <bigram weight="1" > peace of </bigram>
    <bigram weight="1" > been answered </bigram>
    <bigram weight="1" > have proved </bigram>
    <bigram weight="1" > will do </bigram>
    <bigram weight="1" > that non </bigram>
    <bigram weight="1" > how deeply </bigram>
    <bigram weight="1" > until i </bigram>
    <bigram weight="1" > ### free </bigram>
    <bigram weight="1" > through them </bigram>
    <bigram weight="1" > ### by </bigram>
    <bigram weight="1" > were simply </bigram>
    <bigram weight="1" > gandhi to </bigram>
    <bigram weight="1" > name is </bigram>
    <bigram weight="1" > is mentioned </bigram>
    <bigram weight="1" > that governments </bigram>
    <bigram weight="1" > their community </bigram>
    <bigram weight="1" > tivate a </bigram>
    <bigram weight="1" > clear ### </bigram>
    <bigram weight="1" > necessarily invoked </bigram>
    <bigram weight="1" > to himself </bigram>
    <bigram weight="1" > wflling subjection </bigram>
    <bigram weight="1" > read the </bigram>
    <bigram weight="1" > citizens is </bigram>
    <bigram weight="1" > in justice </bigram>
    <bigram weight="1" > s satyagraha </bigram>
    <bigram weight="1" > frequently serve </bigram>
    <bigram weight="1" > the ## </bigram>
    <bigram weight="1" > never found </bigram>
    <bigram weight="1" > current resistance </bigram>
    <bigram weight="1" > s fateful </bigram>
    <bigram weight="1" > grasping of </bigram>
    <bigram weight="1" > bitter hostility </bigram>
    <bigram weight="1" > likewise unfortunate </bigram>
    <bigram weight="1" > also be </bigram>
    <bigram weight="1" > but held </bigram>
    <bigram weight="1" > forced to </bigram>
    <bigram weight="1" > ev ### </bigram>
    <bigram weight="1" > this total </bigram>
    <bigram weight="1" > movement must </bigram>
    <bigram weight="1" > was willing </bigram>
    <bigram weight="1" > ### has </bigram>
    <bigram weight="1" > is compassion </bigram>
    <bigram weight="1" > themselves and </bigram>
    <bigram weight="1" > lived ### </bigram>
    <bigram weight="1" > to illustrate </bigram>
    <bigram weight="1" > as he </bigram>
    <bigram weight="1" > heroic liberator </bigram>
    <bigram weight="1" > ### penetrating </bigram>
    <bigram weight="1" > along with </bigram>
    <bigram weight="1" > as bad </bigram>
    <bigram weight="1" > in johannesburg </bigram>
    <bigram weight="1" > great ### </bigram>
    <bigram weight="1" > prisons ### </bigram>
    <bigram weight="1" > of thieves </bigram>
    <bigram weight="1" > the character </bigram>
    <bigram weight="1" > wrong however </bigram>
    <bigram weight="1" > cost of </bigram>
    <bigram weight="1" > against acquisition </bigram>
    <bigram weight="1" > night in </bigram>
    <bigram weight="1" > tax as </bigram>
    <bigram weight="1" > murderers ### </bigram>
    <bigram weight="1" > defend him </bigram>
    <bigram weight="1" > the only </bigram>
    <bigram weight="1" > em barrassing </bigram>
    <bigram weight="1" > his ideas </bigram>
    <bigram weight="1" > poll tax </bigram>
    <bigram weight="1" > of bitter </bigram>
    <bigram weight="1" > of henry </bigram>
    <bigram weight="1" > namely ### </bigram>
    <bigram weight="1" > his poll </bigram>
    <bigram weight="1" > from his </bigram>
    <bigram weight="1" > its behalf </bigram>
    <bigram weight="1" > man cannot </bigram>
    <bigram weight="1" > # at </bigram>
    <bigram weight="1" > gifts in </bigram>
    <bigram weight="1" > and threatened </bigram>
    <bigram weight="1" > moved from </bigram>
    <bigram weight="1" > an agent </bigram>
    <bigram weight="1" > certainly the </bigram>
    <bigram weight="1" > in quest </bigram>
    <bigram weight="1" > as some </bigram>
    <bigram weight="1" > ture and </bigram>
    <bigram weight="1" > the true </bigram>
    <bigram weight="1" > ### journal </bigram>
    <bigram weight="1" > years without </bigram>
    <bigram weight="1" > a formula </bigram>
    <bigram weight="1" > thoreau saw </bigram>
    <bigram weight="1" > but it </bigram>
    <bigram weight="1" > until some </bigram>
    <bigram weight="1" > liberator ### </bigram>
    <bigram weight="1" > the participants </bigram>
    <bigram weight="1" > living in </bigram>
    <bigram weight="1" > who speak </bigram>
    <bigram weight="1" > upon occasion </bigram>
    <bigram weight="1" > so ### </bigram>
    <bigram weight="1" > un touchability </bigram>
    <bigram weight="1" > aspect of </bigram>
    <bigram weight="1" > july ### </bigram>
    <bigram weight="1" > eradica tion </bigram>
    <bigram weight="1" > the discussion </bigram>
    <bigram weight="1" > illustrate ### </bigram>
    <bigram weight="1" > away # </bigram>
    <bigram weight="1" > hen roosts </bigram>
    <bigram weight="1" > machine ### </bigram>
    <bigram weight="1" > fool dieth </bigram>
    <bigram weight="1" > in spirit </bigram>
    <bigram weight="1" > injustice is </bigram>
    <bigram weight="1" > wrong of </bigram>
    <bigram weight="1" > boycott of </bigram>
    <bigram weight="1" > should be </bigram>
    <bigram weight="1" > its ev </bigram>
    <bigram weight="1" > often to </bigram>
    <bigram weight="1" > weight ### </bigram>
    <bigram weight="1" > ### resisted </bigram>
    <bigram weight="1" > india be </bigram>
    <bigram weight="1" > # rather </bigram>
    <bigram weight="1" > greatest importance </bigram>
    <bigram weight="1" > however ### </bigram>
    <bigram weight="1" > his course </bigram>
    <bigram weight="1" > character of </bigram>
    <bigram weight="1" > christ ### </bigram>
    <bigram weight="1" > but if </bigram>
    <bigram weight="1" > to associate </bigram>
    <bigram weight="1" > in thoreau </bigram>
    <bigram weight="1" > scant attire </bigram>
    <bigram weight="1" > to prison </bigram>
    <bigram weight="1" > he not </bigram>
    <bigram weight="1" > the trustees </bigram>
    <bigram weight="1" > there sits </bigram>
    <bigram weight="1" > with their </bigram>
    <bigram weight="1" > of those </bigram>
    <bigram weight="1" > defend themselves </bigram>
    <bigram weight="1" > the penalty </bigram>
    <bigram weight="1" > voice of </bigram>
    <bigram weight="1" > have they </bigram>
    <bigram weight="1" > be employing </bigram>
    <bigram weight="1" > that a </bigram>
    <bigram weight="1" > band of </bigram>
    <bigram weight="1" > i have </bigram>
    <bigram weight="1" > his shoe </bigram>
    <bigram weight="1" > to stop </bigram>
    <bigram weight="1" > consistently in </bigram>
    <bigram weight="1" > mended the </bigram>
    <bigram weight="1" > deepened by </bigram>
    <bigram weight="1" > he journeyed </bigram>
    <bigram weight="1" > for as </bigram>
    <bigram weight="1" > ### friction </bigram>
    <bigram weight="1" > trieved his </bigram>
    <bigram weight="1" > indian independence </bigram>
    <bigram weight="1" > sari ### </bigram>
    <bigram weight="1" > the civil </bigram>
    <bigram weight="1" > waiden first </bigram>
    <bigram weight="1" > the amount </bigram>
    <bigram weight="1" > followers were </bigram>
    <bigram weight="1" > the practice </bigram>
    <bigram weight="1" > fool liveth </bigram>
    <bigram weight="1" > one remaining </bigram>
    <bigram weight="1" > english translation </bigram>
    <bigram weight="1" > materialism ### </bigram>
    <bigram weight="1" > quality without </bigram>
    <bigram weight="1" > by deeds </bigram>
    <bigram weight="1" > saw through </bigram>
    <bigram weight="1" > ### reminding </bigram>
    <bigram weight="1" > built ### </bigram>
    <bigram weight="1" > and american </bigram>
    <bigram weight="1" > life away </bigram>
    <bigram weight="1" > vol ### </bigram>
    <bigram weight="1" > his spirit </bigram>
    <bigram weight="1" > but identification </bigram>
    <bigram weight="1" > would have </bigram>
    <bigram weight="1" > him self </bigram>
    <bigram weight="1" > ### alabama </bigram>
    <bigram weight="1" > jail thoreau </bigram>
    <bigram weight="1" > sought the </bigram>
    <bigram weight="1" > be extremely </bigram>
    <bigram weight="1" > pagan and </bigram>
    <bigram weight="1" > he can </bigram>
    <bigram weight="1" > on gandhi </bigram>
    <bigram weight="1" > force fully </bigram>
    <bigram weight="1" > ponder thoreau </bigram>
    <bigram weight="1" > he falls </bigram>
    <bigram weight="1" > seen the </bigram>
    <bigram weight="1" > the ### </bigram>
    <bigram weight="1" > imprisons any </bigram>
    <bigram weight="1" > associate this </bigram>
    <bigram weight="1" > further quality </bigram>
    <bigram weight="1" > to ponder </bigram>
    <bigram weight="1" > some of </bigram>
    <bigram weight="1" > ### dissassoci </bigram>
    <bigram weight="1" > early in </bigram>
    <bigram weight="1" > impa tiently </bigram>
    <bigram weight="1" > conceded that </bigram>
    <bigram weight="1" > discussion ### </bigram>
    <bigram weight="1" > emerson felt </bigram>
    <bigram weight="1" > gandhi marg </bigram>
    <bigram weight="1" > as these </bigram>
    <bigram weight="1" > who accumulated </bigram>
    <bigram weight="1" > these two </bigram>
    <bigram weight="1" > for her </bigram>
    <bigram weight="1" > can be </bigram>
    <bigram weight="1" > ### developed </bigram>
    <bigram weight="1" > from it </bigram>
    <bigram weight="1" > the fugitive </bigram>
    <bigram weight="1" > be through </bigram>
    <bigram weight="1" > enabled thoreau </bigram>
    <bigram weight="1" > it galls </bigram>
    <bigram weight="1" > inquire ### </bigram>
    <bigram weight="1" > to him </bigram>
    <bigram weight="1" > man which </bigram>
    <bigram weight="1" > the meaning </bigram>
    <bigram weight="1" > fulness of </bigram>
    <bigram weight="1" > forms of </bigram>
    <bigram weight="1" > order his </bigram>
    <bigram weight="1" > will be </bigram>
    <bigram weight="1" > slavery ### </bigram>
    <bigram weight="1" > rides and </bigram>
    <bigram weight="1" > were willing </bigram>
    <bigram weight="1" > its whole </bigram>
    <bigram weight="1" > completely manned </bigram>
    <bigram weight="1" > practice ### </bigram>
    <bigram weight="1" > identification ### </bigram>
    <bigram weight="1" > the gods </bigram>
    <bigram weight="1" > which i </bigram>
    <bigram weight="1" > the idea </bigram>
    <bigram weight="1" > are not </bigram>
    <bigram weight="1" > reflected on </bigram>
    <bigram weight="1" > falls ### </bigram>
    <bigram weight="1" > that negroes </bigram>
    <bigram weight="1" > what way </bigram>
    <bigram weight="1" > actually took </bigram>
    <bigram weight="1" > prac tised </bigram>
    <bigram weight="1" > by losing </bigram>
    <bigram weight="1" > disease of </bigram>
    <bigram weight="1" > the asser </bigram>
    <bigram weight="1" > perhaps even </bigram>
    <bigram weight="1" > that government </bigram>
    <bigram weight="1" > knew and </bigram>
    <bigram weight="1" > himself with </bigram>
    <bigram weight="1" > the wflling </bigram>
    <bigram weight="1" > may then </bigram>
    <bigram weight="1" > s weaknesses </bigram>
    <bigram weight="1" > the unadulterated </bigram>
    <bigram weight="1" > merely by </bigram>
    <bigram weight="1" > other recent </bigram>
    <bigram weight="1" > selfless ### </bigram>
    <bigram weight="1" > person who </bigram>
    <bigram weight="1" > his followers </bigram>
    <bigram weight="1" > would a </bigram>
    <bigram weight="1" > fortunately ### </bigram>
    <bigram weight="1" > the temp </bigram>
    <bigram weight="1" > material possessions </bigram>
    <bigram weight="1" > # if </bigram>
    <bigram weight="1" > acts with </bigram>
    <bigram weight="1" > not to </bigram>
    <bigram weight="1" > right of </bigram>
    <bigram weight="1" > he and </bigram>
    <bigram weight="1" > movement from </bigram>
    <bigram weight="1" > he wore </bigram>
    <bigram weight="1" > greatly ### </bigram>
    <bigram weight="1" > which imprisons </bigram>
    <bigram weight="1" > history and </bigram>
    <bigram weight="1" > ries ### </bigram>
    <bigram weight="1" > his soul </bigram>
    <bigram weight="1" > beyond government </bigram>
    <bigram weight="1" > live among </bigram>
    <bigram weight="1" > or confronted </bigram>
    <bigram weight="1" > ### includes </bigram>
    <bigram weight="1" > not live </bigram>
    <bigram weight="1" > certain of </bigram>
    <bigram weight="1" > accord has </bigram>
    <bigram weight="1" > states government </bigram>
    <bigram weight="1" > thoreau points </bigram>
    <bigram weight="1" > apart from </bigram>
    <bigram weight="1" > sorrow for </bigram>
    <bigram weight="1" > a violence </bigram>
    <bigram weight="1" > a pro </bigram>
    <bigram weight="1" > # reproduced </bigram>
    <bigram weight="1" > machine of </bigram>
    <bigram weight="1" > of honor </bigram>
    <bigram weight="1" > it gives </bigram>
    <bigram weight="1" > just minority </bigram>
    <bigram weight="1" > trustees of </bigram>
    <bigram weight="1" > greatly in </bigram>
    <bigram weight="1" > just man </bigram>
    <bigram weight="1" > ### peace </bigram>
    <bigram weight="1" > ### disin </bigram>
    <bigram weight="1" > to permit </bigram>
    <bigram weight="1" > graha ### </bigram>
    <bigram weight="1" > s concept </bigram>
    <bigram weight="1" > thoreau both </bigram>
    <bigram weight="1" > and other </bigram>
    <bigram weight="1" > in testimony </bigram>
    <bigram weight="1" > refusing to </bigram>
    <bigram weight="1" > interrupted by </bigram>
    <bigram weight="1" > leadership for </bigram>
    <bigram weight="1" > day ### </bigram>
    <bigram weight="1" > increasing power </bigram>
    <bigram weight="1" > christian history </bigram>
    <bigram weight="1" > instead of </bigram>
    <bigram weight="1" > often unintentionally </bigram>
    <bigram weight="1" > he did </bigram>
    <bigram weight="1" > of an </bigram>
    <bigram weight="1" > moths corrupt </bigram>
    <bigram weight="1" > ## and </bigram>
    <bigram weight="1" > wore as </bigram>
    <bigram weight="1" > ### move </bigram>
    <bigram weight="1" > ### gp </bigram>
    <bigram weight="1" > not simply </bigram>
    <bigram weight="1" > too precious </bigram>
    <bigram weight="1" > pay his </bigram>
    <bigram weight="1" > err in </bigram>
    <bigram weight="1" > went to </bigram>
    <bigram weight="1" > face of </bigram>
    <bigram weight="1" > will not </bigram>
    <bigram weight="1" > happy in </bigram>
    <bigram weight="1" > i adopted </bigram>
    <bigram weight="1" > spirits as </bigram>
    <bigram weight="1" > for a </bigram>
    <bigram weight="1" > equal to </bigram>
    <bigram weight="1" > concord ### </bigram>
    <bigram weight="1" > from other </bigram>
    <bigram weight="1" > in this </bigram>
    <bigram weight="1" > threatened violence </bigram>
    <bigram weight="1" > machine will </bigram>
    <bigram weight="1" > of numbers </bigram>
    <bigram weight="1" > unjustly the </bigram>
    <bigram weight="1" > the presence </bigram>
    <bigram weight="1" > gift to </bigram>
    <bigram weight="1" > government to </bigram>
    <bigram weight="1" > # one </bigram>
    <bigram weight="1" > journeyed to </bigram>
    <bigram weight="1" > an untouchable </bigram>
    <bigram weight="1" > any rate </bigram>
    <bigram weight="1" > profit in </bigram>
    <bigram weight="1" > understand thoreau </bigram>
    <bigram weight="1" > exists apart </bigram>
    <bigram weight="1" > estate ### </bigram>
    <bigram weight="1" > resistance to </bigram>
    <bigram weight="1" > state with </bigram>
    <bigram weight="1" > # here </bigram>
    <bigram weight="1" > permission of </bigram>
    <bigram weight="1" > the wisdom </bigram>
    <bigram weight="1" > numbers and </bigram>
    <bigram weight="1" > men saw </bigram>
    <bigram weight="1" > message which </bigram>
    <bigram weight="1" > a large </bigram>
    <bigram weight="1" > ago ### </bigram>
    <bigram weight="1" > by george </bigram>
    <bigram weight="1" > what wrong </bigram>
    <bigram weight="1" > disparagingly of </bigram>
    <bigram weight="1" > injustice to </bigram>
    <bigram weight="1" > moreover ### </bigram>
    <bigram weight="1" > than this </bigram>
    <bigram weight="1" > longer would </bigram>
    <bigram weight="1" > present necessity </bigram>
    <bigram weight="1" > at the </bigram>
    <bigram weight="1" > massachusetts is </bigram>
    <bigram weight="1" > tised the </bigram>
    <bigram weight="1" > parties ### </bigram>
    <bigram weight="1" > read thoreau </bigram>
    <bigram weight="1" > is only </bigram>
    <bigram weight="1" > century ### </bigram>
    <bigram weight="1" > those selfless </bigram>
    <bigram weight="1" > during his </bigram>
    <bigram weight="1" > simply making </bigram>
    <bigram weight="1" > the place </bigram>
    <bigram weight="1" > testimony to </bigram>
    <bigram weight="1" > resistance william </bigram>
    <bigram weight="1" > been defended </bigram>
    <bigram weight="1" > s thoreau </bigram>
    <bigram weight="1" > holding fettered </bigram>
    <bigram weight="1" > saw a </bigram>
    <bigram weight="1" > laying up </bigram>
    <bigram weight="1" > of greatest </bigram>
    <bigram weight="1" > them are </bigram>
    <bigram weight="1" > overthrow of </bigram>
    <bigram weight="1" > life and </bigram>
    <bigram weight="1" > essay ### </bigram>
    <bigram weight="1" > give himself </bigram>
    <bigram weight="1" > him to </bigram>
    <bigram weight="1" > a victory </bigram>
    <bigram weight="1" > immedi ately </bigram>
    <bigram weight="1" > ### under </bigram>
    <bigram weight="1" > without an </bigram>
    <bigram weight="1" > remained true </bigram>
    <bigram weight="1" > presence of </bigram>
    <bigram weight="1" > no truly </bigram>
    <bigram weight="1" > # emerson </bigram>
    <bigram weight="1" > just men </bigram>
    <bigram weight="1" > reduce him </bigram>
    <bigram weight="1" > was the </bigram>
    <bigram weight="1" > reported to </bigram>
    <bigram weight="1" > develop a </bigram>
    <bigram weight="1" > a tyrant </bigram>
    <bigram weight="1" > ### too </bigram>
    <bigram weight="1" > also ### </bigram>
    <bigram weight="1" > with an </bigram>
    <bigram weight="1" > for those </bigram>
    <bigram weight="1" > having re </bigram>
    <bigram weight="1" > the night </bigram>
    <bigram weight="1" > to all </bigram>
    <bigram weight="1" > against what </bigram>
    <bigram weight="1" > praise a </bigram>
    <bigram weight="1" > pierpont morgan </bigram>
    <bigram weight="1" > message of </bigram>
    <bigram weight="1" > that led </bigram>
    <bigram weight="1" > appeal beyond </bigram>
    <bigram weight="1" > such as </bigram>
    <bigram weight="1" > is not </bigram>
    <bigram weight="1" > to err </bigram>
    <bigram weight="1" > one who </bigram>
    <bigram weight="1" > government purports </bigram>
    <bigram weight="1" > ### why </bigram>
    <bigram weight="1" > break the </bigram>
    <bigram weight="1" > study of </bigram>
    <bigram weight="1" > held that </bigram>
    <bigram weight="1" > free dom </bigram>
    <bigram weight="1" > which intellectual </bigram>
    <bigram weight="1" > counted his </bigram>
    <bigram weight="1" > s and </bigram>
    <bigram weight="1" > the urgings </bigram>
    <bigram weight="1" > cul tivate </bigram>
    <bigram weight="1" > alabama ### </bigram>
    <bigram weight="1" > may find </bigram>
    <bigram weight="1" > first in </bigram>
    <bigram weight="1" > in laying </bigram>
    <bigram weight="1" > see ### </bigram>
    <bigram weight="1" > dieth ### </bigram>
    <bigram weight="1" > sits a </bigram>
    <bigram weight="1" > ### living </bigram>
    <bigram weight="1" > what i </bigram>
    <bigram weight="1" > david thoreau </bigram>
    <bigram weight="1" > possibly guarantee </bigram>
    <bigram weight="1" > economic royal </bigram>
    <bigram weight="1" > but americans </bigram>
    <bigram weight="1" > ately and </bigram>
    <bigram weight="1" > longer ### </bigram>
    <bigram weight="1" > ### influence </bigram>
    <bigram weight="1" > ### at </bigram>
    <bigram weight="1" > represent ### </bigram>
    <bigram weight="1" > as one </bigram>
    <bigram weight="1" > words of </bigram>
    <bigram weight="1" > miss the </bigram>
    <bigram weight="1" > by genuine </bigram>
    <bigram weight="1" > himself to </bigram>
    <bigram weight="1" > do well </bigram>
    <bigram weight="1" > with its </bigram>
    <bigram weight="1" > material along </bigram>
    <bigram weight="1" > requires also </bigram>
    <bigram weight="1" > huckleberrying ### </bigram>
    <bigram weight="1" > thieves or </bigram>
    <bigram weight="1" > remarks of </bigram>
    <bigram weight="1" > as inspires </bigram>
    <bigram weight="1" > learned from </bigram>
    <bigram weight="1" > ### instead </bigram>
    <bigram weight="1" > an encum </bigram>
    <bigram weight="1" > thing was </bigram>
    <bigram weight="1" > # civil </bigram>
    <bigram weight="1" > obvious that </bigram>
    <bigram weight="1" > the r </bigram>
    <bigram weight="1" > lesson here </bigram>
    <bigram weight="1" > ### beliefs </bigram>
    <bigram weight="1" > err ### </bigram>
    <bigram weight="1" > in litera </bigram>
    <bigram weight="1" > of india </bigram>
    <bigram weight="1" > resistance in </bigram>
    <bigram weight="1" > maximum force </bigram>
    <bigram weight="1" > adequate garment </bigram>
    <bigram weight="1" > disobedience in </bigram>
    <bigram weight="1" > to another </bigram>
    <bigram weight="1" > apparent priva </bigram>
    <bigram weight="1" > as ### </bigram>
    <bigram weight="1" > with suffering </bigram>
    <bigram weight="1" > spirit with </bigram>
    <bigram weight="1" > life of </bigram>
    <bigram weight="1" > ### massa </bigram>
    <bigram weight="1" > who counted </bigram>
    <bigram weight="1" > attacking singly </bigram>
    <bigram weight="1" > a nature </bigram>
    <bigram weight="1" > years of </bigram>
    <bigram weight="1" > re trieved </bigram>
    <bigram weight="1" > superficial to </bigram>
    <bigram weight="1" > of brown </bigram>
    <bigram weight="1" > for beliefs </bigram>
    <bigram weight="1" > made available </bigram>
    <bigram weight="1" > his poverty </bigram>
    <bigram weight="1" > helping me </bigram>
    <bigram weight="1" > felt impa </bigram>
    <bigram weight="1" > large responsi </bigram>
    <bigram weight="1" > responsible ### </bigram>
    <bigram weight="1" > # participants </bigram>
    <bigram weight="1" > too ### </bigram>
    <bigram weight="1" > resistance may </bigram>
    <bigram weight="1" > wear smooth </bigram>
    <bigram weight="1" > for the </bigram>
    <bigram weight="1" > by their </bigram>
    <bigram weight="1" > library ### </bigram>
    <bigram weight="1" > role of </bigram>
    <bigram weight="1" > you to </bigram>
    <bigram weight="1" > before ### </bigram>
    <bigram weight="1" > lend myself </bigram>
    <bigram weight="1" > he conceded </bigram>
    <bigram weight="1" > the long </bigram>
    <bigram weight="1" > to flee </bigram>
    <bigram weight="1" > possessions ### </bigram>
    <bigram weight="1" > place or </bigram>
    <bigram weight="1" > but for </bigram>
    <bigram weight="1" > # law </bigram>
    <bigram weight="1" > is left </bigram>
    <bigram weight="1" > in leadership </bigram>
    <bigram weight="1" > and thought </bigram>
    <bigram weight="1" > about eighty </bigram>
    <bigram weight="1" > would praise </bigram>
    <bigram weight="1" > every wrong </bigram>
    <bigram weight="1" > his scant </bigram>
    <bigram weight="1" > extension of </bigram>
    <bigram weight="1" > tiently that </bigram>
    <bigram weight="1" > in terwoven </bigram>
    <bigram weight="1" > up treasures </bigram>
    <bigram weight="1" > pro found </bigram>
    <bigram weight="1" > purest insight </bigram>
    <bigram weight="1" > ### perchance </bigram>
    <bigram weight="1" > shoemaker interrupted </bigram>
    <bigram weight="1" > be forced </bigram>
    <bigram weight="1" > chusetts ### </bigram>
    <bigram weight="1" > him by </bigram>
    <bigram weight="1" > practice of </bigram>
    <bigram weight="1" > it would </bigram>
    <bigram weight="1" > serving as </bigram>
    <bigram weight="1" > token of </bigram>
    <bigram weight="1" > of protest </bigram>
    <bigram weight="1" > a present </bigram>
    <bigram weight="1" > the wrong </bigram>
    <bigram weight="1" > tain slavery </bigram>
    <bigram weight="1" > word ### </bigram>
    <bigram weight="1" > other ### </bigram>
    <bigram weight="1" > had turned </bigram>
    <bigram weight="1" > the necessary </bigram>
    <bigram weight="1" > compassion for </bigram>
    <bigram weight="1" > as to </bigram>
    <bigram weight="1" > necessity but </bigram>
    <bigram weight="1" > gift in </bigram>
    <bigram weight="1" > him from </bigram>
    <bigram weight="1" > from material </bigram>
    <bigram weight="1" > is irresistible </bigram>
    <bigram weight="1" > for thousands </bigram>
    <bigram weight="1" > of justice </bigram>
    <bigram weight="1" > have been </bigram>
    <bigram weight="1" > precious a </bigram>
    <bigram weight="1" > speak disparagingly </bigram>
    <bigram weight="1" > reminding men </bigram>
    <bigram weight="1" > king recalls </bigram>
    <bigram weight="1" > not lend </bigram>
    <bigram weight="1" > as none </bigram>
    <bigram weight="1" > risk their </bigram>
    <bigram weight="1" > and felt </bigram>
    <bigram weight="1" > # entry </bigram>
    <bigram weight="1" > of respect </bigram>
    <bigram weight="1" > i actually </bigram>
    <bigram weight="1" > exchanged for </bigram>
    <bigram weight="1" > ideas in </bigram>
    <bigram weight="1" > for my </bigram>
    <bigram weight="1" > of petty </bigram>
    <bigram weight="1" > to racial </bigram>
    <bigram weight="1" > his unity </bigram>
    <bigram weight="1" > including civil </bigram>
    <bigram weight="1" > all that </bigram>
    <bigram weight="1" > shoe ### </bigram>
    <bigram weight="1" > he would </bigram>
    <bigram weight="1" > they defend </bigram>
    <bigram weight="1" > thoreau invented </bigram>
    <bigram weight="1" > a further </bigram>
    <bigram weight="1" > exacted by </bigram>
    <bigram weight="1" > ### rebelling </bigram>
    <bigram weight="1" > was reported </bigram>
    <bigram weight="1" > ate himself </bigram>
    <bigram weight="1" > truly ### </bigram>
    <bigram weight="1" > ### in </bigram>
    <bigram weight="1" > also on </bigram>
    <bigram weight="1" > in spite </bigram>
    <bigram weight="1" > satya graha </bigram>
    <bigram weight="1" > men that </bigram>
    <bigram weight="1" > of conscience </bigram>
    <bigram weight="1" > s doctrine </bigram>
    <bigram weight="1" > four millions </bigram>
    <bigram weight="1" > could no </bigram>
    <bigram weight="1" > none too </bigram>
    <bigram weight="1" > montgomery he </bigram>
    <bigram weight="1" > not abolish </bigram>
    <bigram weight="1" > david thor </bigram>
    <bigram weight="1" > even in </bigram>
    <bigram weight="1" > the one </bigram>
    <bigram weight="1" > brown had </bigram>
    <bigram weight="1" > irresistible when </bigram>
    <bigram weight="1" > passionate beliefs </bigram>
    <bigram weight="1" > then inquire </bigram>
    <bigram weight="1" > encum brance </bigram>
    <bigram weight="1" > our country </bigram>
    <bigram weight="1" > the buddha </bigram>
    <bigram weight="1" > law as </bigram>
    <bigram weight="1" > ### such </bigram>
    <bigram weight="1" > of indian </bigram>
    <bigram weight="1" > the remnant </bigram>
    <bigram weight="1" > governments by </bigram>
    <bigram weight="1" > best of </bigram>
    <bigram weight="1" > indian word </bigram>
    <bigram weight="1" > what place </bigram>
    <bigram weight="1" > majorities ### </bigram>
    <bigram weight="1" > pray ### </bigram>
    <bigram weight="1" > he reflected </bigram>
    <bigram weight="1" > may think </bigram>
    <bigram weight="1" > has a </bigram>
    <bigram weight="1" > place ### </bigram>
    <bigram weight="1" > a counter </bigram>
    <bigram weight="1" > essay i </bigram>
    <bigram weight="1" > not read </bigram>
    <bigram weight="1" > way have </bigram>
    <bigram weight="1" > india ### </bigram>
    <bigram weight="1" > the current </bigram>
    <bigram weight="1" > others that </bigram>
    <bigram weight="1" > found a </bigram>
    <bigram weight="1" > ### following </bigram>
    <bigram weight="1" > ### when </bigram>
    <bigram weight="1" > thoreau declared </bigram>
    <bigram weight="1" > eighty years </bigram>
    <bigram weight="1" > losing it </bigram>
    <bigram weight="1" > read that </bigram>
    <bigram weight="1" > emerson on </bigram>
    <bigram weight="1" > rate ### </bigram>
    <bigram weight="1" > however great </bigram>
    <bigram weight="1" > within ### </bigram>
    <bigram weight="1" > government has </bigram>
    <bigram weight="1" > to represent </bigram>
    <bigram weight="1" > slave in </bigram>
    <bigram weight="1" > # they </bigram>
    <bigram weight="1" > might be </bigram>
    <bigram weight="1" > of their </bigram>
    <bigram weight="1" > engaged in </bigram>
    <bigram weight="1" > zero ### </bigram>
    <bigram weight="1" > the other </bigram>
</article>
