<?xml version="1.0" encoding="UTF-8"?>
<article id="10.2307/23393995" >
    <bigram weight="73" > ### # </bigram>
    <bigram weight="27" > ### and </bigram>
    <bigram weight="22" > ### ### </bigram>
    <bigram weight="15" > # ### </bigram>
    <bigram weight="14" > in the </bigram>
    <bigram weight="12" > i had </bigram>
    <bigram weight="11" > ### s </bigram>
    <bigram weight="10" > thoreau ### </bigram>
    <bigram weight="10" > ### i </bigram>
    <bigram weight="8" > of his </bigram>
    <bigram weight="7" > # the </bigram>
    <bigram weight="6" > ricketson ### </bigram>
    <bigram weight="6" > of the </bigram>
    <bigram weight="6" > he was </bigram>
    <bigram weight="6" > ### a </bigram>
    <bigram weight="6" > daniel ricketson </bigram>
    <bigram weight="6" > ## ### </bigram>
    <bigram weight="6" > acquaintance with </bigram>
    <bigram weight="6" > ### ## </bigram>
    <bigram weight="5" > ### thoreau </bigram>
    <bigram weight="5" > # he </bigram>
    <bigram weight="5" > was a </bigram>
    <bigram weight="5" > it was </bigram>
    <bigram weight="5" > ### but </bigram>
    <bigram weight="5" > # i </bigram>
    <bigram weight="5" > ### that </bigram>
    <bigram weight="5" > ### the </bigram>
    <bigram weight="5" > my acquaintance </bigram>
    <bigram weight="4" > home ### </bigram>
    <bigram weight="4" > of my </bigram>
    <bigram weight="4" > # his </bigram>
    <bigram weight="4" > friends ### </bigram>
    <bigram weight="4" > as he </bigram>
    <bigram weight="4" > to the </bigram>
    <bigram weight="4" > during the </bigram>
    <bigram weight="4" > at the </bigram>
    <bigram weight="4" > mr ### </bigram>
    <bigram weight="4" > i was </bigram>
    <bigram weight="3" > man ### </bigram>
    <bigram weight="3" > the woods </bigram>
    <bigram weight="3" > ### to </bigram>
    <bigram weight="3" > years ### </bigram>
    <bigram weight="3" > to have </bigram>
    <bigram weight="3" > ### if </bigram>
    <bigram weight="3" > as a </bigram>
    <bigram weight="3" > the abernethy </bigram>
    <bigram weight="3" > of this </bigram>
    <bigram weight="3" > with him </bigram>
    <bigram weight="3" > which he </bigram>
    <bigram weight="3" > # it </bigram>
    <bigram weight="3" > and i </bigram>
    <bigram weight="3" > in his </bigram>
    <bigram weight="3" > ### daniel </bigram>
    <bigram weight="3" > my first </bigram>
    <bigram weight="3" > ### his </bigram>
    <bigram weight="3" > i have </bigram>
    <bigram weight="3" > of ### </bigram>
    <bigram weight="3" > at once </bigram>
    <bigram weight="3" > ### it </bigram>
    <bigram weight="3" > and his </bigram>
    <bigram weight="3" > ### as </bigram>
    <bigram weight="3" > new bedford </bigram>
    <bigram weight="3" > a few </bigram>
    <bigram weight="3" > of thoreau </bigram>
    <bigram weight="3" > his personal </bigram>
    <bigram weight="3" > his friends </bigram>
    <bigram weight="3" > on the </bigram>
    <bigram weight="2" > as being </bigram>
    <bigram weight="2" > i found </bigram>
    <bigram weight="2" > the following </bigram>
    <bigram weight="2" > did not </bigram>
    <bigram weight="2" > and in </bigram>
    <bigram weight="2" > his father </bigram>
    <bigram weight="2" > face was </bigram>
    <bigram weight="2" > # john </bigram>
    <bigram weight="2" > father ### </bigram>
    <bigram weight="2" > of these </bigram>
    <bigram weight="2" > emerson ### </bigram>
    <bigram weight="2" > and rather </bigram>
    <bigram weight="2" > color ### </bigram>
    <bigram weight="2" > the latter </bigram>
    <bigram weight="2" > the sketch </bigram>
    <bigram weight="2" > in which </bigram>
    <bigram weight="2" > the door </bigram>
    <bigram weight="2" > younger sister </bigram>
    <bigram weight="2" > by the </bigram>
    <bigram weight="2" > in her </bigram>
    <bigram weight="2" > ### with </bigram>
    <bigram weight="2" > thoreau was </bigram>
    <bigram weight="2" > as his </bigram>
    <bigram weight="2" > personal appearance </bigram>
    <bigram weight="2" > his face </bigram>
    <bigram weight="2" > ricketson and </bigram>
    <bigram weight="2" > ### pp </bigram>
    <bigram weight="2" > that of </bigram>
    <bigram weight="2" > life ### </bigram>
    <bigram weight="2" > and merrimack </bigram>
    <bigram weight="2" > on his </bigram>
    <bigram weight="2" > and ### </bigram>
    <bigram weight="2" > life in </bigram>
    <bigram weight="2" > ### was </bigram>
    <bigram weight="2" > the years </bigram>
    <bigram weight="2" > woods ### </bigram>
    <bigram weight="2" > me ### </bigram>
    <bigram weight="2" > daniel webster </bigram>
    <bigram weight="2" > with thoreau </bigram>
    <bigram weight="2" > sister ### </bigram>
    <bigram weight="2" > brother ### </bigram>
    <bigram weight="2" > the thoreau </bigram>
    <bigram weight="2" > john thoreau </bigram>
    <bigram weight="2" > works ### </bigram>
    <bigram weight="2" > conversation and </bigram>
    <bigram weight="2" > had given </bigram>
    <bigram weight="2" > t ### </bigram>
    <bigram weight="2" > powers of </bigram>
    <bigram weight="2" > her brother </bigram>
    <bigram weight="2" > by a </bigram>
    <bigram weight="2" > one of </bigram>
    <bigram weight="2" > his death </bigram>
    <bigram weight="2" > the time </bigram>
    <bigram weight="2" > a reference </bigram>
    <bigram weight="2" > having been </bigram>
    <bigram weight="2" > bedford ### </bigram>
    <bigram weight="2" > walton ### </bigram>
    <bigram weight="2" > is an </bigram>
    <bigram weight="2" > had expected </bigram>
    <bigram weight="2" > the same </bigram>
    <bigram weight="2" > ### from </bigram>
    <bigram weight="2" > ## my </bigram>
    <bigram weight="2" > walden ### </bigram>
    <bigram weight="2" > thoreau the </bigram>
    <bigram weight="2" > ### mr </bigram>
    <bigram weight="2" > to a </bigram>
    <bigram weight="2" > pp ### </bigram>
    <bigram weight="2" > the manuscript </bigram>
    <bigram weight="2" > concord and </bigram>
    <bigram weight="2" > merrimack rivers </bigram>
    <bigram weight="2" > fourteen years </bigram>
    <bigram weight="2" > at his </bigram>
    <bigram weight="2" > more than </bigram>
    <bigram weight="2" > my disappointment </bigram>
    <bigram weight="2" > the only </bigram>
    <bigram weight="2" > or life </bigram>
    <bigram weight="2" > # my </bigram>
    <bigram weight="2" > in thoreau </bigram>
    <bigram weight="2" > these notes </bigram>
    <bigram weight="2" > as i </bigram>
    <bigram weight="2" > long ### </bigram>
    <bigram weight="2" > ### walden </bigram>
    <bigram weight="2" > time of </bigram>
    <bigram weight="2" > i am </bigram>
    <bigram weight="2" > to which </bigram>
    <bigram weight="2" > which i </bigram>
    <bigram weight="2" > e ### </bigram>
    <bigram weight="2" > and as </bigram>
    <bigram weight="2" > it ### </bigram>
    <bigram weight="2" > brother john </bigram>
    <bigram weight="2" > the most </bigram>
    <bigram weight="2" > the concord </bigram>
    <bigram weight="2" > # during </bigram>
    <bigram weight="2" > a more </bigram>
    <bigram weight="2" > ### this </bigram>
    <bigram weight="2" > ### my </bigram>
    <bigram weight="2" > with t </bigram>
    <bigram weight="2" > through the </bigram>
    <bigram weight="2" > of a </bigram>
    <bigram weight="2" > copy of </bigram>
    <bigram weight="2" > him to </bigram>
    <bigram weight="2" > to his </bigram>
    <bigram weight="2" > webster ### </bigram>
    <bigram weight="2" > rivers ### </bigram>
    <bigram weight="2" > david thoreau </bigram>
    <bigram weight="2" > # an </bigram>
    <bigram weight="2" > most of </bigram>
    <bigram weight="2" > # in </bigram>
    <bigram weight="2" > years of </bigram>
    <bigram weight="2" > mother and </bigram>
    <bigram weight="2" > for the </bigram>
    <bigram weight="2" > before me </bigram>
    <bigram weight="2" > with his </bigram>
    <bigram weight="2" > book ### </bigram>
    <bigram weight="2" > manuscript is </bigram>
    <bigram weight="2" > have been </bigram>
    <bigram weight="2" > abernethy li </bigram>
    <bigram weight="2" > li brary </bigram>
    <bigram weight="2" > a week </bigram>
    <bigram weight="2" > week on </bigram>
    <bigram weight="2" > of their </bigram>
    <bigram weight="2" > engaged in </bigram>
    <bigram weight="1" > bv vour </bigram>
    <bigram weight="1" > full during </bigram>
    <bigram weight="1" > him did </bigram>
    <bigram weight="1" > german flute </bigram>
    <bigram weight="1" > year ## </bigram>
    <bigram weight="1" > made by </bigram>
    <bigram weight="1" > plymouth ### </bigram>
    <bigram weight="1" > and sister </bigram>
    <bigram weight="1" > me was </bigram>
    <bigram weight="1" > and an </bigram>
    <bigram weight="1" > once flashed </bigram>
    <bigram weight="1" > of egotism </bigram>
    <bigram weight="1" > superintending my </bigram>
    <bigram weight="1" > # but </bigram>
    <bigram weight="1" > sailor songs </bigram>
    <bigram weight="1" > were rather </bigram>
    <bigram weight="1" > of walden </bigram>
    <bigram weight="1" > university ### </bigram>
    <bigram weight="1" > ### indifference </bigram>
    <bigram weight="1" > upon looking </bigram>
    <bigram weight="1" > body ### </bigram>
    <bigram weight="1" > small and </bigram>
    <bigram weight="1" > terminal punctuation </bigram>
    <bigram weight="1" > his way </bigram>
    <bigram weight="1" > walden or </bigram>
    <bigram weight="1" > early draft </bigram>
    <bigram weight="1" > ### included </bigram>
    <bigram weight="1" > # your </bigram>
    <bigram weight="1" > its author </bigram>
    <bigram weight="1" > was also </bigram>
    <bigram weight="1" > the temple </bigram>
    <bigram weight="1" > rosenfeld ### </bigram>
    <bigram weight="1" > latter years </bigram>
    <bigram weight="1" > position of </bigram>
    <bigram weight="1" > talker and </bigram>
    <bigram weight="1" > nearly all </bigram>
    <bigram weight="1" > the offer </bigram>
    <bigram weight="1" > personal copy </bigram>
    <bigram weight="1" > finally ### </bigram>
    <bigram weight="1" > of himself </bigram>
    <bigram weight="1" > # a </bigram>
    <bigram weight="1" > i saw </bigram>
    <bigram weight="1" > hospitable ### </bigram>
    <bigram weight="1" > heard of </bigram>
    <bigram weight="1" > original book </bigram>
    <bigram weight="1" > mind that </bigram>
    <bigram weight="1" > dressed in </bigram>
    <bigram weight="1" > and to </bigram>
    <bigram weight="1" > ascetic ### </bigram>
    <bigram weight="1" > correspondent whom </bigram>
    <bigram weight="1" > who typifies </bigram>
    <bigram weight="1" > which it </bigram>
    <bigram weight="1" > of com </bigram>
    <bigram weight="1" > of small </bigram>
    <bigram weight="1" > was engaged </bigram>
    <bigram weight="1" > living ### </bigram>
    <bigram weight="1" > of french </bigram>
    <bigram weight="1" > the conversation </bigram>
    <bigram weight="1" > him of </bigram>
    <bigram weight="1" > published works </bigram>
    <bigram weight="1" > sixteen page </bigram>
    <bigram weight="1" > man never </bigram>
    <bigram weight="1" > those of </bigram>
    <bigram weight="1" > time i </bigram>
    <bigram weight="1" > brief third </bigram>
    <bigram weight="1" > mind ### </bigram>
    <bigram weight="1" > so much </bigram>
    <bigram weight="1" > admirable and </bigram>
    <bigram weight="1" > father having </bigram>
    <bigram weight="1" > ### emerson </bigram>
    <bigram weight="1" > finding many </bigram>
    <bigram weight="1" > being his </bigram>
    <bigram weight="1" > occasional guest </bigram>
    <bigram weight="1" > mother was </bigram>
    <bigram weight="1" > was of </bigram>
    <bigram weight="1" > com position </bigram>
    <bigram weight="1" > purchased at </bigram>
    <bigram weight="1" > respectively ### </bigram>
    <bigram weight="1" > and at </bigram>
    <bigram weight="1" > disappointment at </bigram>
    <bigram weight="1" > supply it </bigram>
    <bigram weight="1" > his surviving </bigram>
    <bigram weight="1" > gentlemanly man </bigram>
    <bigram weight="1" > the events </bigram>
    <bigram weight="1" > drawing reads </bigram>
    <bigram weight="1" > this little </bigram>
    <bigram weight="1" > ### beginning </bigram>
    <bigram weight="1" > conducted him </bigram>
    <bigram weight="1" > made the </bigram>
    <bigram weight="1" > clouds drifting </bigram>
    <bigram weight="1" > rarely through </bigram>
    <bigram weight="1" > the ring </bigram>
    <bigram weight="1" > not surprising </bigram>
    <bigram weight="1" > an early </bigram>
    <bigram weight="1" > m an </bigram>
    <bigram weight="1" > sister miss </bigram>
    <bigram weight="1" > when m </bigram>
    <bigram weight="1" > the admiration </bigram>
    <bigram weight="1" > i ever </bigram>
    <bigram weight="1" > similar to </bigram>
    <bigram weight="1" > from daniel </bigram>
    <bigram weight="1" > evening ### </bigram>
    <bigram weight="1" > our region </bigram>
    <bigram weight="1" > said chan </bigram>
    <bigram weight="1" > pleasant and </bigram>
    <bigram weight="1" > songs ### </bigram>
    <bigram weight="1" > s ### </bigram>
    <bigram weight="1" > these years </bigram>
    <bigram weight="1" > walter hardine </bigram>
    <bigram weight="1" > ### were </bigram>
    <bigram weight="1" > be mv </bigram>
    <bigram weight="1" > am universal </bigram>
    <bigram weight="1" > he ### </bigram>
    <bigram weight="1" > father was </bigram>
    <bigram weight="1" > a great </bigram>
    <bigram weight="1" > of brook </bigram>
    <bigram weight="1" > do not </bigram>
    <bigram weight="1" > few miles </bigram>
    <bigram weight="1" > as well </bigram>
    <bigram weight="1" > vear i </bigram>
    <bigram weight="1" > had no </bigram>
    <bigram weight="1" > conversation at </bigram>
    <bigram weight="1" > house to </bigram>
    <bigram weight="1" > of mind </bigram>
    <bigram weight="1" > a profile </bigram>
    <bigram weight="1" > his shanty </bigram>
    <bigram weight="1" > her marriage </bigram>
    <bigram weight="1" > wife ### </bigram>
    <bigram weight="1" > # mrs </bigram>
    <bigram weight="1" > prolonged tramps </bigram>
    <bigram weight="1" > subject ### </bigram>
    <bigram weight="1" > concealed my </bigram>
    <bigram weight="1" > the courtesy </bigram>
    <bigram weight="1" > and marshes </bigram>
    <bigram weight="1" > she survived </bigram>
    <bigram weight="1" > been a </bigram>
    <bigram weight="1" > disappointment and </bigram>
    <bigram weight="1" > to do </bigram>
    <bigram weight="1" > john ### </bigram>
    <bigram weight="1" > henry so </bigram>
    <bigram weight="1" > something more </bigram>
    <bigram weight="1" > the narration </bigram>
    <bigram weight="1" > and m </bigram>
    <bigram weight="1" > and intelligence </bigram>
    <bigram weight="1" > his room </bigram>
    <bigram weight="1" > a particular </bigram>
    <bigram weight="1" > other subject </bigram>
    <bigram weight="1" > sexagenarian who </bigram>
    <bigram weight="1" > seen ### </bigram>
    <bigram weight="1" > fine dignified </bigram>
    <bigram weight="1" > better than </bigram>
    <bigram weight="1" > and ascetic </bigram>
    <bigram weight="1" > ### e </bigram>
    <bigram weight="1" > memorial volume </bigram>
    <bigram weight="1" > a mark </bigram>
    <bigram weight="1" > on looking </bigram>
    <bigram weight="1" > his companions </bigram>
    <bigram weight="1" > temple in </bigram>
    <bigram weight="1" > appearance conflict </bigram>
    <bigram weight="1" > more revolutionary </bigram>
    <bigram weight="1" > being an </bigram>
    <bigram weight="1" > an imitator </bigram>
    <bigram weight="1" > a strong </bigram>
    <bigram weight="1" > himself at </bigram>
    <bigram weight="1" > curator ### </bigram>
    <bigram weight="1" > ### places </bigram>
    <bigram weight="1" > to thoreau </bigram>
    <bigram weight="1" > version has </bigram>
    <bigram weight="1" > and walton </bigram>
    <bigram weight="1" > the table </bigram>
    <bigram weight="1" > john died </bigram>
    <bigram weight="1" > ### kane </bigram>
    <bigram weight="1" > # and </bigram>
    <bigram weight="1" > from new </bigram>
    <bigram weight="1" > volume for </bigram>
    <bigram weight="1" > from mv </bigram>
    <bigram weight="1" > mind body </bigram>
    <bigram weight="1" > fond of </bigram>
    <bigram weight="1" > marked a </bigram>
    <bigram weight="1" > a good </bigram>
    <bigram weight="1" > his head </bigram>
    <bigram weight="1" > a lecture </bigram>
    <bigram weight="1" > large ### </bigram>
    <bigram weight="1" > sketch into </bigram>
    <bigram weight="1" > deaths ### </bigram>
    <bigram weight="1" > ### ricketson </bigram>
    <bigram weight="1" > sophia e </bigram>
    <bigram weight="1" > that i </bigram>
    <bigram weight="1" > ### john </bigram>
    <bigram weight="1" > of ob </bigram>
    <bigram weight="1" > stature ### </bigram>
    <bigram weight="1" > show emotion </bigram>
    <bigram weight="1" > tailed to </bigram>
    <bigram weight="1" > # from </bigram>
    <bigram weight="1" > thanks ### </bigram>
    <bigram weight="1" > while stropping </bigram>
    <bigram weight="1" > my mind </bigram>
    <bigram weight="1" > off on </bigram>
    <bigram weight="1" > ### now </bigram>
    <bigram weight="1" > dark soft </bigram>
    <bigram weight="1" > stout and </bigram>
    <bigram weight="1" > itojmy son </bigram>
    <bigram weight="1" > that no </bigram>
    <bigram weight="1" > surviving sister </bigram>
    <bigram weight="1" > operations ### </bigram>
    <bigram weight="1" > taking his </bigram>
    <bigram weight="1" > sing ### </bigram>
    <bigram weight="1" > erected a </bigram>
    <bigram weight="1" > heard ### </bigram>
    <bigram weight="1" > meeting which </bigram>
    <bigram weight="1" > broad erudition </bigram>
    <bigram weight="1" > new information </bigram>
    <bigram weight="1" > the brief </bigram>
    <bigram weight="1" > thoreau commenced </bigram>
    <bigram weight="1" > enough new </bigram>
    <bigram weight="1" > accused him </bigram>
    <bigram weight="1" > including thoreau </bigram>
    <bigram weight="1" > not know </bigram>
    <bigram weight="1" > younger sis </bigram>
    <bigram weight="1" > addressed my </bigram>
    <bigram weight="1" > collection of </bigram>
    <bigram weight="1" > which inspired </bigram>
    <bigram weight="1" > whom i </bigram>
    <bigram weight="1" > him show </bigram>
    <bigram weight="1" > ### channing </bigram>
    <bigram weight="1" > was said </bigram>
    <bigram weight="1" > ### new </bigram>
    <bigram weight="1" > york ### </bigram>
    <bigram weight="1" > off the </bigram>
    <bigram weight="1" > others as </bigram>
    <bigram weight="1" > to one </bigram>
    <bigram weight="1" > flute itojmy </bigram>
    <bigram weight="1" > duly received </bigram>
    <bigram weight="1" > great talker </bigram>
    <bigram weight="1" > but aunt </bigram>
    <bigram weight="1" > ### blue </bigram>
    <bigram weight="1" > the aging </bigram>
    <bigram weight="1" > soft hat </bigram>
    <bigram weight="1" > # however </bigram>
    <bigram weight="1" > justification than </bigram>
    <bigram weight="1" > received your </bigram>
    <bigram weight="1" > of medium </bigram>
    <bigram weight="1" > a per </bigram>
    <bigram weight="1" > son ### </bigram>
    <bigram weight="1" > had found </bigram>
    <bigram weight="1" > breezes blowing </bigram>
    <bigram weight="1" > caricature ### </bigram>
    <bigram weight="1" > remarkable pedestrian </bigram>
    <bigram weight="1" > he presented </bigram>
    <bigram weight="1" > messrs ### </bigram>
    <bigram weight="1" > ### of </bigram>
    <bigram weight="1" > as still </bigram>
    <bigram weight="1" > # some </bigram>
    <bigram weight="1" > can assert </bigram>
    <bigram weight="1" > new york </bigram>
    <bigram weight="1" > particularly those </bigram>
    <bigram weight="1" > receive from </bigram>
    <bigram weight="1" > was in </bigram>
    <bigram weight="1" > as long </bigram>
    <bigram weight="1" > way thither </bigram>
    <bigram weight="1" > he stopped </bigram>
    <bigram weight="1" > reîers to </bigram>
    <bigram weight="1" > that these </bigram>
    <bigram weight="1" > temnorarv home </bigram>
    <bigram weight="1" > early ### </bigram>
    <bigram weight="1" > house in </bigram>
    <bigram weight="1" > cleaning off </bigram>
    <bigram weight="1" > send you </bigram>
    <bigram weight="1" > with the </bigram>
    <bigram weight="1" > interested ### </bigram>
    <bigram weight="1" > his razor </bigram>
    <bigram weight="1" > passed off </bigram>
    <bigram weight="1" > much interested </bigram>
    <bigram weight="1" > nor one </bigram>
    <bigram weight="1" > as that </bigram>
    <bigram weight="1" > blake and </bigram>
    <bigram weight="1" > observations relative </bigram>
    <bigram weight="1" > thoreau treasures </bigram>
    <bigram weight="1" > dr ### </bigram>
    <bigram weight="1" > it thus </bigram>
    <bigram weight="1" > resurrection here </bigram>
    <bigram weight="1" > emotion ### </bigram>
    <bigram weight="1" > author of </bigram>
    <bigram weight="1" > gratified bv </bigram>
    <bigram weight="1" > ### messrs </bigram>
    <bigram weight="1" > being then </bigram>
    <bigram weight="1" > convenient ### </bigram>
    <bigram weight="1" > built at </bigram>
    <bigram weight="1" > elder brother </bigram>
    <bigram weight="1" > edifice i </bigram>
    <bigram weight="1" > age ## </bigram>
    <bigram weight="1" > # apparently </bigram>
    <bigram weight="1" > ### short </bigram>
    <bigram weight="1" > him at </bigram>
    <bigram weight="1" > dweller in </bigram>
    <bigram weight="1" > and of </bigram>
    <bigram weight="1" > nrorrmt and </bigram>
    <bigram weight="1" > door for </bigram>
    <bigram weight="1" > music ### </bigram>
    <bigram weight="1" > author ### </bigram>
    <bigram weight="1" > seven nat </bigram>
    <bigram weight="1" > are better </bigram>
    <bigram weight="1" > carrying a </bigram>
    <bigram weight="1" > of character </bigram>
    <bigram weight="1" > near me </bigram>
    <bigram weight="1" > the mother </bigram>
    <bigram weight="1" > pedestrian ### </bigram>
    <bigram weight="1" > could hold </bigram>
    <bigram weight="1" > s mother </bigram>
    <bigram weight="1" > word of </bigram>
    <bigram weight="1" > at ### </bigram>
    <bigram weight="1" > years after </bigram>
    <bigram weight="1" > of our </bigram>
    <bigram weight="1" > a fine </bigram>
    <bigram weight="1" > inroractica ble </bigram>
    <bigram weight="1" > much that </bigram>
    <bigram weight="1" > plants he </bigram>
    <bigram weight="1" > mv temnorarv </bigram>
    <bigram weight="1" > ## position </bigram>
    <bigram weight="1" > representative of </bigram>
    <bigram weight="1" > of conversation </bigram>
    <bigram weight="1" > manuscript have </bigram>
    <bigram weight="1" > were written </bigram>
    <bigram weight="1" > i purchased </bigram>
    <bigram weight="1" > same as </bigram>
    <bigram weight="1" > a remarkable </bigram>
    <bigram weight="1" > first letter </bigram>
    <bigram weight="1" > and has </bigram>
    <bigram weight="1" > than as </bigram>
    <bigram weight="1" > thoreau by </bigram>
    <bigram weight="1" > ### birds </bigram>
    <bigram weight="1" > per sonification </bigram>
    <bigram weight="1" > rare plant </bigram>
    <bigram weight="1" > attentions of </bigram>
    <bigram weight="1" > abernethy manuscript </bigram>
    <bigram weight="1" > accuracy the </bigram>
    <bigram weight="1" > of terminal </bigram>
    <bigram weight="1" > invited him </bigram>
    <bigram weight="1" > the temmine </bigram>
    <bigram weight="1" > by daniel </bigram>
    <bigram weight="1" > great serenity </bigram>
    <bigram weight="1" > a quiet </bigram>
    <bigram weight="1" > to be </bigram>
    <bigram weight="1" > companions in </bigram>
    <bigram weight="1" > makes several </bigram>
    <bigram weight="1" > the published </bigram>
    <bigram weight="1" > servation ### </bigram>
    <bigram weight="1" > in a </bigram>
    <bigram weight="1" > between the </bigram>
    <bigram weight="1" > he said </bigram>
    <bigram weight="1" > m the </bigram>
    <bigram weight="1" > a much </bigram>
    <bigram weight="1" > and most </bigram>
    <bigram weight="1" > this direful </bigram>
    <bigram weight="1" > lownes collection </bigram>
    <bigram weight="1" > as ricketson </bigram>
    <bigram weight="1" > older brother </bigram>
    <bigram weight="1" > and its </bigram>
    <bigram weight="1" > died of </bigram>
    <bigram weight="1" > over ### </bigram>
    <bigram weight="1" > oî nis </bigram>
    <bigram weight="1" > oi my </bigram>
    <bigram weight="1" > lady of </bigram>
    <bigram weight="1" > the morning </bigram>
    <bigram weight="1" > given him </bigram>
    <bigram weight="1" > pages of </bigram>
    <bigram weight="1" > woman ### </bigram>
    <bigram weight="1" > nis leit </bigram>
    <bigram weight="1" > summer of </bigram>
    <bigram weight="1" > have nothing </bigram>
    <bigram weight="1" > and there </bigram>
    <bigram weight="1" > up i </bigram>
    <bigram weight="1" > imagination i </bigram>
    <bigram weight="1" > first personal </bigram>
    <bigram weight="1" > men ### </bigram>
    <bigram weight="1" > the particular </bigram>
    <bigram weight="1" > gentlest humanity </bigram>
    <bigram weight="1" > was none </bigram>
    <bigram weight="1" > the gentlest </bigram>
    <bigram weight="1" > by walter </bigram>
    <bigram weight="1" > long as </bigram>
    <bigram weight="1" > mumu as </bigram>
    <bigram weight="1" > ob ject </bigram>
    <bigram weight="1" > nana ### </bigram>
    <bigram weight="1" > s children </bigram>
    <bigram weight="1" > pursuit ## </bigram>
    <bigram weight="1" > character ### </bigram>
    <bigram weight="1" > interest ### </bigram>
    <bigram weight="1" > and real </bigram>
    <bigram weight="1" > ol lmerson </bigram>
    <bigram weight="1" > and robust </bigram>
    <bigram weight="1" > improved in </bigram>
    <bigram weight="1" > ### not </bigram>
    <bigram weight="1" > third paragraph </bigram>
    <bigram weight="1" > ellen died </bigram>
    <bigram weight="1" > him was </bigram>
    <bigram weight="1" > and ## </bigram>
    <bigram weight="1" > temmine representative </bigram>
    <bigram weight="1" > nothing to </bigram>
    <bigram weight="1" > looking over </bigram>
    <bigram weight="1" > his labors </bigram>
    <bigram weight="1" > now he </bigram>
    <bigram weight="1" > the growth </bigram>
    <bigram weight="1" > editorial justification </bigram>
    <bigram weight="1" > brook lawn </bigram>
    <bigram weight="1" > before her </bigram>
    <bigram weight="1" > a dweller </bigram>
    <bigram weight="1" > channing and </bigram>
    <bigram weight="1" > an older </bigram>
    <bigram weight="1" > while ## </bigram>
    <bigram weight="1" > only half </bigram>
    <bigram weight="1" > explanation ### </bigram>
    <bigram weight="1" > was from </bigram>
    <bigram weight="1" > by thomas </bigram>
    <bigram weight="1" > me on </bigram>
    <bigram weight="1" > presented himself </bigram>
    <bigram weight="1" > ricketson makes </bigram>
    <bigram weight="1" > flute ### </bigram>
    <bigram weight="1" > here ### </bigram>
    <bigram weight="1" > the house </bigram>
    <bigram weight="1" > full of </bigram>
    <bigram weight="1" > of middlebury </bigram>
    <bigram weight="1" > in action </bigram>
    <bigram weight="1" > from where </bigram>
    <bigram weight="1" > lived nor </bigram>
    <bigram weight="1" > ### who </bigram>
    <bigram weight="1" > of sailor </bigram>
    <bigram weight="1" > marine plants </bigram>
    <bigram weight="1" > thoroughly a </bigram>
    <bigram weight="1" > at one </bigram>
    <bigram weight="1" > and quite </bigram>
    <bigram weight="1" > of dark </bigram>
    <bigram weight="1" > idiosyncracies of </bigram>
    <bigram weight="1" > whom the </bigram>
    <bigram weight="1" > part of </bigram>
    <bigram weight="1" > table ### </bigram>
    <bigram weight="1" > and the </bigram>
    <bigram weight="1" > up for </bigram>
    <bigram weight="1" > # ## </bigram>
    <bigram weight="1" > # while </bigram>
    <bigram weight="1" > and wife </bigram>
    <bigram weight="1" > brown of </bigram>
    <bigram weight="1" > the summer </bigram>
    <bigram weight="1" > surprising ### </bigram>
    <bigram weight="1" > expected in </bigram>
    <bigram weight="1" > ### particularly </bigram>
    <bigram weight="1" > family being </bigram>
    <bigram weight="1" > of too </bigram>
    <bigram weight="1" > and who </bigram>
    <bigram weight="1" > during this </bigram>
    <bigram weight="1" > a lady </bigram>
    <bigram weight="1" > the meeting </bigram>
    <bigram weight="1" > shoulders were </bigram>
    <bigram weight="1" > sus picion </bigram>
    <bigram weight="1" > its resurrection </bigram>
    <bigram weight="1" > out nearly </bigram>
    <bigram weight="1" > ### whom </bigram>
    <bigram weight="1" > of matrimony </bigram>
    <bigram weight="1" > the flute </bigram>
    <bigram weight="1" > brary of </bigram>
    <bigram weight="1" > saw him </bigram>
    <bigram weight="1" > to justify </bigram>
    <bigram weight="1" > who in </bigram>
    <bigram weight="1" > ## these </bigram>
    <bigram weight="1" > ring linger </bigram>
    <bigram weight="1" > him ### </bigram>
    <bigram weight="1" > to answer </bigram>
    <bigram weight="1" > usual health </bigram>
    <bigram weight="1" > reference to </bigram>
    <bigram weight="1" > reads ### </bigram>
    <bigram weight="1" > was fond </bigram>
    <bigram weight="1" > upon the </bigram>
    <bigram weight="1" > action pleasant </bigram>
    <bigram weight="1" > region finding </bigram>
    <bigram weight="1" > a cut </bigram>
    <bigram weight="1" > and younger </bigram>
    <bigram weight="1" > good mother </bigram>
    <bigram weight="1" > ### mother </bigram>
    <bigram weight="1" > the addition </bigram>
    <bigram weight="1" > # instead </bigram>
    <bigram weight="1" > notice ### </bigram>
    <bigram weight="1" > was made </bigram>
    <bigram weight="1" > sister helen </bigram>
    <bigram weight="1" > i addressed </bigram>
    <bigram weight="1" > dwelt that </bigram>
    <bigram weight="1" > character not </bigram>
    <bigram weight="1" > during most </bigram>
    <bigram weight="1" > ricketson mistakenly </bigram>
    <bigram weight="1" > know me </bigram>
    <bigram weight="1" > the attentions </bigram>
    <bigram weight="1" > dignified person </bigram>
    <bigram weight="1" > notes has </bigram>
    <bigram weight="1" > is the </bigram>
    <bigram weight="1" > lawn dec </bigram>
    <bigram weight="1" > was my </bigram>
    <bigram weight="1" > hearing his </bigram>
    <bigram weight="1" > # through </bigram>
    <bigram weight="1" > drifting ### </bigram>
    <bigram weight="1" > the writer </bigram>
    <bigram weight="1" > mrs ### </bigram>
    <bigram weight="1" > him up </bigram>
    <bigram weight="1" > quickly turned </bigram>
    <bigram weight="1" > city home </bigram>
    <bigram weight="1" > that the </bigram>
    <bigram weight="1" > but found </bigram>
    <bigram weight="1" > of interest </bigram>
    <bigram weight="1" > disease as </bigram>
    <bigram weight="1" > that he </bigram>
    <bigram weight="1" > he added </bigram>
    <bigram weight="1" > of stature </bigram>
    <bigram weight="1" > are heard </bigram>
    <bigram weight="1" > rather large </bigram>
    <bigram weight="1" > s in </bigram>
    <bigram weight="1" > few friends </bigram>
    <bigram weight="1" > rather supposed </bigram>
    <bigram weight="1" > # having </bigram>
    <bigram weight="1" > note under </bigram>
    <bigram weight="1" > their more </bigram>
    <bigram weight="1" > his works </bigram>
    <bigram weight="1" > we estimate </bigram>
    <bigram weight="1" > never heard </bigram>
    <bigram weight="1" > his portmanteau </bigram>
    <bigram weight="1" > has enough </bigram>
    <bigram weight="1" > a slight </bigram>
    <bigram weight="1" > which ricketson </bigram>
    <bigram weight="1" > more editorial </bigram>
    <bigram weight="1" > by his </bigram>
    <bigram weight="1" > in our </bigram>
    <bigram weight="1" > his home </bigram>
    <bigram weight="1" > a congenial </bigram>
    <bigram weight="1" > woods like </bigram>
    <bigram weight="1" > notes were </bigram>
    <bigram weight="1" > for their </bigram>
    <bigram weight="1" > ricketson states </bigram>
    <bigram weight="1" > on hearing </bigram>
    <bigram weight="1" > erudition ### </bigram>
    <bigram weight="1" > and frank </bigram>
    <bigram weight="1" > only word </bigram>
    <bigram weight="1" > death ## </bigram>
    <bigram weight="1" > thoreau as </bigram>
    <bigram weight="1" > slight wound </bigram>
    <bigram weight="1" > i at </bigram>
    <bigram weight="1" > nantucket to </bigram>
    <bigram weight="1" > recording with </bigram>
    <bigram weight="1" > ### said </bigram>
    <bigram weight="1" > sketch which </bigram>
    <bigram weight="1" > s accuracy </bigram>
    <bigram weight="1" > razor ### </bigram>
    <bigram weight="1" > pasted the </bigram>
    <bigram weight="1" > number seven </bigram>
    <bigram weight="1" > love for </bigram>
    <bigram weight="1" > miles from </bigram>
    <bigram weight="1" > she was </bigram>
    <bigram weight="1" > original man </bigram>
    <bigram weight="1" > a number </bigram>
    <bigram weight="1" > sonification of </bigram>
    <bigram weight="1" > published essay </bigram>
    <bigram weight="1" > not before </bigram>
    <bigram weight="1" > thomas blanding </bigram>
    <bigram weight="1" > precise date </bigram>
    <bigram weight="1" > retained throughout </bigram>
    <bigram weight="1" > the present </bigram>
    <bigram weight="1" > mv self </bigram>
    <bigram weight="1" > long overcoat </bigram>
    <bigram weight="1" > from this </bigram>
    <bigram weight="1" > manv observations </bigram>
    <bigram weight="1" > of concord </bigram>
    <bigram weight="1" > deceased several </bigram>
    <bigram weight="1" > his prolonged </bigram>
    <bigram weight="1" > reminiscences of </bigram>
    <bigram weight="1" > ### h </bigram>
    <bigram weight="1" > hold a </bigram>
    <bigram weight="1" > once felt </bigram>
    <bigram weight="1" > the pages </bigram>
    <bigram weight="1" > in manly </bigram>
    <bigram weight="1" > size # </bigram>
    <bigram weight="1" > and alcott </bigram>
    <bigram weight="1" > had duly </bigram>
    <bigram weight="1" > however passed </bigram>
    <bigram weight="1" > finer relationship </bigram>
    <bigram weight="1" > thither ### </bigram>
    <bigram weight="1" > himself ### </bigram>
    <bigram weight="1" > inferior looking </bigram>
    <bigram weight="1" > fallen during </bigram>
    <bigram weight="1" > all his </bigram>
    <bigram weight="1" > son walton </bigram>
    <bigram weight="1" > name ### </bigram>
    <bigram weight="1" > my ### </bigram>
    <bigram weight="1" > jr ### </bigram>
    <bigram weight="1" > the author </bigram>
    <bigram weight="1" > growth of </bigram>
    <bigram weight="1" > had been </bigram>
    <bigram weight="1" > thoreau sketch </bigram>
    <bigram weight="1" > died early </bigram>
    <bigram weight="1" > daily superintending </bigram>
    <bigram weight="1" > in new </bigram>
    <bigram weight="1" > ol our </bigram>
    <bigram weight="1" > presented the </bigram>
    <bigram weight="1" > none of </bigram>
    <bigram weight="1" > ### including </bigram>
    <bigram weight="1" > thoreau ## </bigram>
    <bigram weight="1" > bedford friend </bigram>
    <bigram weight="1" > ### tiring </bigram>
    <bigram weight="1" > then in </bigram>
    <bigram weight="1" > of emerson </bigram>
    <bigram weight="1" > my family </bigram>
    <bigram weight="1" > too marked </bigram>
    <bigram weight="1" > a copy </bigram>
    <bigram weight="1" > building and </bigram>
    <bigram weight="1" > also played </bigram>
    <bigram weight="1" > in dr </bigram>
    <bigram weight="1" > away an </bigram>
    <bigram weight="1" > blanding # </bigram>
    <bigram weight="1" > aging ### </bigram>
    <bigram weight="1" > my imagination </bigram>
    <bigram weight="1" > natural objects </bigram>
    <bigram weight="1" > this pencil </bigram>
    <bigram weight="1" > december of </bigram>
    <bigram weight="1" > ### or </bigram>
    <bigram weight="1" > these being </bigram>
    <bigram weight="1" > french origin </bigram>
    <bigram weight="1" > through woods </bigram>
    <bigram weight="1" > this year </bigram>
    <bigram weight="1" > to plants </bigram>
    <bigram weight="1" > transcription ### </bigram>
    <bigram weight="1" > so manv </bigram>
    <bigram weight="1" > sophia ### </bigram>
    <bigram weight="1" > during these </bigram>
    <bigram weight="1" > date of </bigram>
    <bigram weight="1" > henrv david </bigram>
    <bigram weight="1" > her choice </bigram>
    <bigram weight="1" > his reply </bigram>
    <bigram weight="1" > whom she </bigram>
    <bigram weight="1" > thumb while </bigram>
    <bigram weight="1" > agricultural operations </bigram>
    <bigram weight="1" > no man </bigram>
    <bigram weight="1" > their father </bigram>
    <bigram weight="1" > paragraph ### </bigram>
    <bigram weight="1" > more original </bigram>
    <bigram weight="1" > aunt louisa </bigram>
    <bigram weight="1" > manuscript and </bigram>
    <bigram weight="1" > am likely </bigram>
    <bigram weight="1" > s reminiscences </bigram>
    <bigram weight="1" > a house </bigram>
    <bigram weight="1" > reply ### </bigram>
    <bigram weight="1" > act of </bigram>
    <bigram weight="1" > that ricketson </bigram>
    <bigram weight="1" > included in </bigram>
    <bigram weight="1" > was gratified </bigram>
    <bigram weight="1" > but delayed </bigram>
    <bigram weight="1" > the symptoms </bigram>
    <bigram weight="1" > one in </bigram>
    <bigram weight="1" > overcoat of </bigram>
    <bigram weight="1" > man could </bigram>
    <bigram weight="1" > wound on </bigram>
    <bigram weight="1" > was intellectually </bigram>
    <bigram weight="1" > edited below </bigram>
    <bigram weight="1" > reference in </bigram>
    <bigram weight="1" > birds and </bigram>
    <bigram weight="1" > a native </bigram>
    <bigram weight="1" > small building </bigram>
    <bigram weight="1" > of that </bigram>
    <bigram weight="1" > tiring out </bigram>
    <bigram weight="1" > name indicated </bigram>
    <bigram weight="1" > had invited </bigram>
    <bigram weight="1" > john and </bigram>
    <bigram weight="1" > also at </bigram>
    <bigram weight="1" > but on </bigram>
    <bigram weight="1" > short of </bigram>
    <bigram weight="1" > assert that </bigram>
    <bigram weight="1" > # of </bigram>
    <bigram weight="1" > ### blake </bigram>
    <bigram weight="1" > miss thoreau </bigram>
    <bigram weight="1" > picion it </bigram>
    <bigram weight="1" > orous a </bigram>
    <bigram weight="1" > helen as </bigram>
    <bigram weight="1" > ning ### </bigram>
    <bigram weight="1" > more thoroughly </bigram>
    <bigram weight="1" > punctuation where </bigram>
    <bigram weight="1" > caused by </bigram>
    <bigram weight="1" > typifies the </bigram>
    <bigram weight="1" > steps ### </bigram>
    <bigram weight="1" > reprinted by </bigram>
    <bigram weight="1" > of its </bigram>
    <bigram weight="1" > found a </bigram>
    <bigram weight="1" > per son </bigram>
    <bigram weight="1" > but a </bigram>
    <bigram weight="1" > # miss </bigram>
    <bigram weight="1" > a tall </bigram>
    <bigram weight="1" > good nautical </bigram>
    <bigram weight="1" > acceptance of </bigram>
    <bigram weight="1" > that during </bigram>
    <bigram weight="1" > afternoon ### </bigram>
    <bigram weight="1" > brown university </bigram>
    <bigram weight="1" > states ### </bigram>
    <bigram weight="1" > result ox </bigram>
    <bigram weight="1" > ### similar </bigram>
    <bigram weight="1" > because i </bigram>
    <bigram weight="1" > its curator </bigram>
    <bigram weight="1" > who had </bigram>
    <bigram weight="1" > portmanteau in </bigram>
    <bigram weight="1" > emerson as </bigram>
    <bigram weight="1" > a correspondent </bigram>
    <bigram weight="1" > pencil sketch </bigram>
    <bigram weight="1" > kane ### </bigram>
    <bigram weight="1" > inserted in </bigram>
    <bigram weight="1" > tom bowline </bigram>
    <bigram weight="1" > ### consisted </bigram>
    <bigram weight="1" > her youth </bigram>
    <bigram weight="1" > helen ### </bigram>
    <bigram weight="1" > it should </bigram>
    <bigram weight="1" > these a </bigram>
    <bigram weight="1" > bowline ### </bigram>
    <bigram weight="1" > and cuckoo </bigram>
    <bigram weight="1" > philosophical conversation </bigram>
    <bigram weight="1" > quite dramatic </bigram>
    <bigram weight="1" > country a </bigram>
    <bigram weight="1" > at a </bigram>
    <bigram weight="1" > marriage she </bigram>
    <bigram weight="1" > several years </bigram>
    <bigram weight="1" > determined ### </bigram>
    <bigram weight="1" > an anomalous </bigram>
    <bigram weight="1" > him so </bigram>
    <bigram weight="1" > while only </bigram>
    <bigram weight="1" > like mv </bigram>
    <bigram weight="1" > this transcription </bigram>
    <bigram weight="1" > small wares </bigram>
    <bigram weight="1" > ### except </bigram>
    <bigram weight="1" > ### she </bigram>
    <bigram weight="1" > ### shanty </bigram>
    <bigram weight="1" > delayed to </bigram>
    <bigram weight="1" > be remembered </bigram>
    <bigram weight="1" > legs short </bigram>
    <bigram weight="1" > to receive </bigram>
    <bigram weight="1" > brave and </bigram>
    <bigram weight="1" > a long </bigram>
    <bigram weight="1" > youth was </bigram>
    <bigram weight="1" > ter ellen </bigram>
    <bigram weight="1" > than he </bigram>
    <bigram weight="1" > person before </bigram>
    <bigram weight="1" > well as </bigram>
    <bigram weight="1" > man before </bigram>
    <bigram weight="1" > alcott of </bigram>
    <bigram weight="1" > frank letter </bigram>
    <bigram weight="1" > most prominent </bigram>
    <bigram weight="1" > he had </bigram>
    <bigram weight="1" > quiet ### </bigram>
    <bigram weight="1" > family than </bigram>
    <bigram weight="1" > cut on </bigram>
    <bigram weight="1" > little building </bigram>
    <bigram weight="1" > one hand </bigram>
    <bigram weight="1" > i quickly </bigram>
    <bigram weight="1" > the dav </bigram>
    <bigram weight="1" > did his </bigram>
    <bigram weight="1" > been deceased </bigram>
    <bigram weight="1" > the idiosyncracies </bigram>
    <bigram weight="1" > nis arms </bigram>
    <bigram weight="1" > a note </bigram>
    <bigram weight="1" > if not </bigram>
    <bigram weight="1" > is edited </bigram>
    <bigram weight="1" > following is </bigram>
    <bigram weight="1" > mv thanks </bigram>
    <bigram weight="1" > d ### </bigram>
    <bigram weight="1" > awaiting him </bigram>
    <bigram weight="1" > often whiled </bigram>
    <bigram weight="1" > ## ## </bigram>
    <bigram weight="1" > the admirers </bigram>
    <bigram weight="1" > feature of </bigram>
    <bigram weight="1" > the day </bigram>
    <bigram weight="1" > figured as </bigram>
    <bigram weight="1" > ### died </bigram>
    <bigram weight="1" > building ### </bigram>
    <bigram weight="1" > of ricketson </bigram>
    <bigram weight="1" > felt that </bigram>
    <bigram weight="1" > spirit ### </bigram>
    <bigram weight="1" > ### tom </bigram>
    <bigram weight="1" > island of </bigram>
    <bigram weight="1" > blowing ### </bigram>
    <bigram weight="1" > a sexagenarian </bigram>
    <bigram weight="1" > guest at </bigram>
    <bigram weight="1" > there are </bigram>
    <bigram weight="1" > a result </bigram>
    <bigram weight="1" > have most </bigram>
    <bigram weight="1" > said ### </bigram>
    <bigram weight="1" > other ob </bigram>
    <bigram weight="1" > nelson and </bigram>
    <bigram weight="1" > henry david </bigram>
    <bigram weight="1" > more humble </bigram>
    <bigram weight="1" > reminiscence in </bigram>
    <bigram weight="1" > ### you </bigram>
    <bigram weight="1" > an act </bigram>
    <bigram weight="1" > ### boston </bigram>
    <bigram weight="1" > found it </bigram>
    <bigram weight="1" > way of </bigram>
    <bigram weight="1" > intellectually ### </bigram>
    <bigram weight="1" > an element </bigram>
    <bigram weight="1" > very kind </bigram>
    <bigram weight="1" > labors ### </bigram>
    <bigram weight="1" > to me </bigram>
    <bigram weight="1" > admirers of </bigram>
    <bigram weight="1" > a younger </bigram>
    <bigram weight="1" > s maiden </bigram>
    <bigram weight="1" > the person </bigram>
    <bigram weight="1" > most original </bigram>
    <bigram weight="1" > ### however </bigram>
    <bigram weight="1" > exchanged visits </bigram>
    <bigram weight="1" > ob servation </bigram>
    <bigram weight="1" > my correspondent </bigram>
    <bigram weight="1" > to some </bigram>
    <bigram weight="1" > thoreau presented </bigram>
    <bigram weight="1" > only time </bigram>
    <bigram weight="1" > tramps through </bigram>
    <bigram weight="1" > building mv </bigram>
    <bigram weight="1" > particular and </bigram>
    <bigram weight="1" > handsome ### </bigram>
    <bigram weight="1" > year ### </bigram>
    <bigram weight="1" > college is </bigram>
    <bigram weight="1" > objects generally </bigram>
    <bigram weight="1" > first acquaintance </bigram>
    <bigram weight="1" > my habits </bigram>
    <bigram weight="1" > of greeting </bigram>
    <bigram weight="1" > in usual </bigram>
    <bigram weight="1" > than mv </bigram>
    <bigram weight="1" > thoreau among </bigram>
    <bigram weight="1" > an extract </bigram>
    <bigram weight="1" > in cleaning </bigram>
    <bigram weight="1" > the family </bigram>
    <bigram weight="1" > morning ### </bigram>
    <bigram weight="1" > his henrv </bigram>
    <bigram weight="1" > the afternoon </bigram>
    <bigram weight="1" > following article </bigram>
    <bigram weight="1" > the ## </bigram>
    <bigram weight="1" > no more </bigram>
    <bigram weight="1" > was strong </bigram>
    <bigram weight="1" > woods and </bigram>
    <bigram weight="1" > once replied </bigram>
    <bigram weight="1" > estimate him </bigram>
    <bigram weight="1" > ### previously </bigram>
    <bigram weight="1" > however i </bigram>
    <bigram weight="1" > shanty at </bigram>
    <bigram weight="1" > dramatic in </bigram>
    <bigram weight="1" > and heartv </bigram>
    <bigram weight="1" > marshes when </bigram>
    <bigram weight="1" > won the </bigram>
    <bigram weight="1" > from his </bigram>
    <bigram weight="1" > humble one </bigram>
    <bigram weight="1" > after her </bigram>
    <bigram weight="1" > vig orous </bigram>
    <bigram weight="1" > this thoreau </bigram>
    <bigram weight="1" > ### marston </bigram>
    <bigram weight="1" > should be </bigram>
    <bigram weight="1" > arrive ### </bigram>
    <bigram weight="1" > portmanteau conducted </bigram>
    <bigram weight="1" > sophia thoreau </bigram>
    <bigram weight="1" > events of </bigram>
    <bigram weight="1" > years oi </bigram>
    <bigram weight="1" > then ### </bigram>
    <bigram weight="1" > sis ter </bigram>
    <bigram weight="1" > their deaths </bigram>
    <bigram weight="1" > letter to </bigram>
    <bigram weight="1" > # there </bigram>
    <bigram weight="1" > had never </bigram>
    <bigram weight="1" > so deeply </bigram>
    <bigram weight="1" > this humble </bigram>
    <bigram weight="1" > little skill </bigram>
    <bigram weight="1" > # after </bigram>
    <bigram weight="1" > an occasional </bigram>
    <bigram weight="1" > a stout </bigram>
    <bigram weight="1" > you something </bigram>
    <bigram weight="1" > your very </bigram>
    <bigram weight="1" > of mr </bigram>
    <bigram weight="1" > expression by </bigram>
    <bigram weight="1" > hardine in </bigram>
    <bigram weight="1" > as adapted </bigram>
    <bigram weight="1" > his family </bigram>
    <bigram weight="1" > wore in </bigram>
    <bigram weight="1" > thoreau not </bigram>
    <bigram weight="1" > and rarely </bigram>
    <bigram weight="1" > door of </bigram>
    <bigram weight="1" > # at </bigram>
    <bigram weight="1" > stropping his </bigram>
    <bigram weight="1" > at noon </bigram>
    <bigram weight="1" > was his </bigram>
    <bigram weight="1" > generally in </bigram>
    <bigram weight="1" > a dark </bigram>
    <bigram weight="1" > if we </bigram>
    <bigram weight="1" > friend ### </bigram>
    <bigram weight="1" > ble ### </bigram>
    <bigram weight="1" > ## living </bigram>
    <bigram weight="1" > even to </bigram>
    <bigram weight="1" > feet rather </bigram>
    <bigram weight="1" > the evening </bigram>
    <bigram weight="1" > ## respectively </bigram>
    <bigram weight="1" > some rare </bigram>
    <bigram weight="1" > plants ### </bigram>
    <bigram weight="1" > him as </bigram>
    <bigram weight="1" > living in </bigram>
    <bigram weight="1" > which had </bigram>
    <bigram weight="1" > on one </bigram>
    <bigram weight="1" > with no </bigram>
    <bigram weight="1" > linger oî </bigram>
    <bigram weight="1" > as an </bigram>
    <bigram weight="1" > death fourteen </bigram>
    <bigram weight="1" > and hospitable </bigram>
    <bigram weight="1" > on ms </bigram>
    <bigram weight="1" > children ### </bigram>
    <bigram weight="1" > dark color </bigram>
    <bigram weight="1" > ### appears </bigram>
    <bigram weight="1" > looking up </bigram>
    <bigram weight="1" > s manuscript </bigram>
    <bigram weight="1" > replied ### </bigram>
    <bigram weight="1" > writer ### </bigram>
    <bigram weight="1" > ellen ### </bigram>
    <bigram weight="1" > an umbrella </bigram>
    <bigram weight="1" > greatly improved </bigram>
    <bigram weight="1" > whiled away </bigram>
    <bigram weight="1" > that ol </bigram>
    <bigram weight="1" > adapted to </bigram>
    <bigram weight="1" > a small </bigram>
    <bigram weight="1" > direful disease </bigram>
    <bigram weight="1" > we exchanged </bigram>
    <bigram weight="1" > umbrella in </bigram>
    <bigram weight="1" > draft of </bigram>
    <bigram weight="1" > jersey ### </bigram>
    <bigram weight="1" > some other </bigram>
    <bigram weight="1" > the risk </bigram>
    <bigram weight="1" > as to </bigram>
    <bigram weight="1" > of natural </bigram>
    <bigram weight="1" > # henry </bigram>
    <bigram weight="1" > and taking </bigram>
    <bigram weight="1" > of humour </bigram>
    <bigram weight="1" > the small </bigram>
    <bigram weight="1" > nat nis </bigram>
    <bigram weight="1" > is mr </bigram>
    <bigram weight="1" > mother but </bigram>
    <bigram weight="1" > and wore </bigram>
    <bigram weight="1" > he came </bigram>
    <bigram weight="1" > snow which </bigram>
    <bigram weight="1" > ricketson pasted </bigram>
    <bigram weight="1" > # this </bigram>
    <bigram weight="1" > deeply sympathized </bigram>
    <bigram weight="1" > expressive feature </bigram>
    <bigram weight="1" > ### while </bigram>
    <bigram weight="1" > it at </bigram>
    <bigram weight="1" > a portmanteau </bigram>
    <bigram weight="1" > of her </bigram>
    <bigram weight="1" > with which </bigram>
    <bigram weight="1" > and definite </bigram>
    <bigram weight="1" > were limited </bigram>
    <bigram weight="1" > was not </bigram>
    <bigram weight="1" > visits annually </bigram>
    <bigram weight="1" > received the </bigram>
    <bigram weight="1" > in full </bigram>
    <bigram weight="1" > the expanded </bigram>
    <bigram weight="1" > where the </bigram>
    <bigram weight="1" > was dressed </bigram>
    <bigram weight="1" > one more </bigram>
    <bigram weight="1" > native ### </bigram>
    <bigram weight="1" > thoreau s </bigram>
    <bigram weight="1" > in daniel </bigram>
    <bigram weight="1" > sloping shoulders </bigram>
    <bigram weight="1" > errors ### </bigram>
    <bigram weight="1" > but when </bigram>
    <bigram weight="1" > presume this </bigram>
    <bigram weight="1" > matrimony from </bigram>
    <bigram weight="1" > congenial spirit </bigram>
    <bigram weight="1" > personal interview </bigram>
    <bigram weight="1" > to my </bigram>
    <bigram weight="1" > interview with </bigram>
    <bigram weight="1" > with excellent </bigram>
    <bigram weight="1" > humour ### </bigram>
    <bigram weight="1" > one i </bigram>
    <bigram weight="1" > his name </bigram>
    <bigram weight="1" > of worcester </bigram>
    <bigram weight="1" > in their </bigram>
    <bigram weight="1" > spirit more </bigram>
    <bigram weight="1" > he informed </bigram>
    <bigram weight="1" > this version </bigram>
    <bigram weight="1" > the ### </bigram>
    <bigram weight="1" > was bound </bigram>
    <bigram weight="1" > if a </bigram>
    <bigram weight="1" > egotism ### </bigram>
    <bigram weight="1" > was an </bigram>
    <bigram weight="1" > he went </bigram>
    <bigram weight="1" > eye ### </bigram>
    <bigram weight="1" > of explanation </bigram>
    <bigram weight="1" > a finer </bigram>
    <bigram weight="1" > ### others </bigram>
    <bigram weight="1" > ### lord </bigram>
    <bigram weight="1" > ### gentlemanly </bigram>
    <bigram weight="1" > his new </bigram>
    <bigram weight="1" > universal ### </bigram>
    <bigram weight="1" > lmerson wearing </bigram>
    <bigram weight="1" > order with </bigram>
    <bigram weight="1" > came near </bigram>
    <bigram weight="1" > speak ### </bigram>
    <bigram weight="1" > anomalous ## </bigram>
    <bigram weight="1" > plant or </bigram>
    <bigram weight="1" > his noble </bigram>
    <bigram weight="1" > cuckoo are </bigram>
    <bigram weight="1" > mark of </bigram>
    <bigram weight="1" > ## to </bigram>
    <bigram weight="1" > reminiscence of </bigram>
    <bigram weight="1" > and generallv </bigram>
    <bigram weight="1" > not thoreau </bigram>
    <bigram weight="1" > relative to </bigram>
    <bigram weight="1" > ### helen </bigram>
    <bigram weight="1" > conflict with </bigram>
    <bigram weight="1" > noble powers </bigram>
    <bigram weight="1" > and heroic </bigram>
    <bigram weight="1" > his eye </bigram>
    <bigram weight="1" > and hands </bigram>
    <bigram weight="1" > found doubtlessly </bigram>
    <bigram weight="1" > has tailed </bigram>
    <bigram weight="1" > # ricketson </bigram>
    <bigram weight="1" > have heard </bigram>
    <bigram weight="1" > short ### </bigram>
    <bigram weight="1" > was thoreau </bigram>
    <bigram weight="1" > his sloping </bigram>
    <bigram weight="1" > walking up </bigram>
    <bigram weight="1" > season ### </bigram>
    <bigram weight="1" > louisa ### </bigram>
    <bigram weight="1" > died as </bigram>
    <bigram weight="1" > to emerson </bigram>
    <bigram weight="1" > ## some </bigram>
    <bigram weight="1" > person ### </bigram>
    <bigram weight="1" > their memorial </bigram>
    <bigram weight="1" > i did </bigram>
    <bigram weight="1" > now in </bigram>
    <bigram weight="1" > his rich </bigram>
    <bigram weight="1" > euest on </bigram>
    <bigram weight="1" > to make </bigram>
    <bigram weight="1" > relationship with </bigram>
    <bigram weight="1" > ## age </bigram>
    <bigram weight="1" > stopped ### </bigram>
    <bigram weight="1" > rich philosophical </bigram>
    <bigram weight="1" > greeting i </bigram>
    <bigram weight="1" > miss sophia </bigram>
    <bigram weight="1" > years we </bigram>
    <bigram weight="1" > particular notice </bigram>
    <bigram weight="1" > interested m </bigram>
    <bigram weight="1" > ### during </bigram>
    <bigram weight="1" > make this </bigram>
    <bigram weight="1" > hand and </bigram>
    <bigram weight="1" > few among </bigram>
    <bigram weight="1" > not to </bigram>
    <bigram weight="1" > revolutionary years </bigram>
    <bigram weight="1" > or other </bigram>
    <bigram weight="1" > he wore </bigram>
    <bigram weight="1" > a man </bigram>
    <bigram weight="1" > results of </bigram>
    <bigram weight="1" > of plymouth </bigram>
    <bigram weight="1" > this manuscript </bigram>
    <bigram weight="1" > below ### </bigram>
    <bigram weight="1" > than the </bigram>
    <bigram weight="1" > me the </bigram>
    <bigram weight="1" > to supply </bigram>
    <bigram weight="1" > survived some </bigram>
    <bigram weight="1" > latter part </bigram>
    <bigram weight="1" > h ### </bigram>
    <bigram weight="1" > which over </bigram>
    <bigram weight="1" > risk of </bigram>
    <bigram weight="1" > sympathized with </bigram>
    <bigram weight="1" > essay a </bigram>
    <bigram weight="1" > most expressive </bigram>
    <bigram weight="1" > # before </bigram>
    <bigram weight="1" > not the </bigram>
    <bigram weight="1" > some accused </bigram>
    <bigram weight="1" > half as </bigram>
    <bigram weight="1" > his conversation </bigram>
    <bigram weight="1" > unsocial ### </bigram>
    <bigram weight="1" > been retained </bigram>
    <bigram weight="1" > the island </bigram>
    <bigram weight="1" > boston ### </bigram>
    <bigram weight="1" > brary and </bigram>
    <bigram weight="1" > our bookseller </bigram>
    <bigram weight="1" > when in </bigram>
    <bigram weight="1" > marston watson </bigram>
    <bigram weight="1" > heroic men </bigram>
    <bigram weight="1" > self ### </bigram>
    <bigram weight="1" > # as </bigram>
    <bigram weight="1" > answer it </bigram>
    <bigram weight="1" > dav ### </bigram>
    <bigram weight="1" > room already </bigram>
    <bigram weight="1" > looking man </bigram>
    <bigram weight="1" > in my </bigram>
    <bigram weight="1" > and other </bigram>
    <bigram weight="1" > of transcendental </bigram>
    <bigram weight="1" > many marine </bigram>
    <bigram weight="1" > narration of </bigram>
    <bigram weight="1" > was daily </bigram>
    <bigram weight="1" > said to </bigram>
    <bigram weight="1" > lecture ### </bigram>
    <bigram weight="1" > day ### </bigram>
    <bigram weight="1" > conversation to </bigram>
    <bigram weight="1" > ### over </bigram>
    <bigram weight="1" > on my </bigram>
    <bigram weight="1" > instead of </bigram>
    <bigram weight="1" > had figured </bigram>
    <bigram weight="1" > vour nrorrmt </bigram>
    <bigram weight="1" > he did </bigram>
    <bigram weight="1" > kicketson has </bigram>
    <bigram weight="1" > and feet </bigram>
    <bigram weight="1" > watson of </bigram>
    <bigram weight="1" > not generally </bigram>
    <bigram weight="1" > style to </bigram>
    <bigram weight="1" > a sixteen </bigram>
    <bigram weight="1" > justify its </bigram>
    <bigram weight="1" > likely to </bigram>
    <bigram weight="1" > went to </bigram>
    <bigram weight="1" > treasures in </bigram>
    <bigram weight="1" > found so </bigram>
    <bigram weight="1" > the botany </bigram>
    <bigram weight="1" > was tne </bigram>
    <bigram weight="1" > concord ### </bigram>
    <bigram weight="1" > that made </bigram>
    <bigram weight="1" > has been </bigram>
    <bigram weight="1" > reporter ### </bigram>
    <bigram weight="1" > ox a </bigram>
    <bigram weight="1" > and wished </bigram>
    <bigram weight="1" > supposed it </bigram>
    <bigram weight="1" > ### had </bigram>
    <bigram weight="1" > serenity of </bigram>
    <bigram weight="1" > generallv as </bigram>
    <bigram weight="1" > i may </bigram>
    <bigram weight="1" > m composition </bigram>
    <bigram weight="1" > only published </bigram>
    <bigram weight="1" > from ## </bigram>
    <bigram weight="1" > your ### </bigram>
    <bigram weight="1" > the father </bigram>
    <bigram weight="1" > habits ### </bigram>
    <bigram weight="1" > a pedlar </bigram>
    <bigram weight="1" > article describes </bigram>
    <bigram weight="1" > not been </bigram>
    <bigram weight="1" > s hat </bigram>
    <bigram weight="1" > was recently </bigram>
    <bigram weight="1" > sister ellen </bigram>
    <bigram weight="1" > he often </bigram>
    <bigram weight="1" > had erected </bigram>
    <bigram weight="1" > while engaged </bigram>
    <bigram weight="1" > i presume </bigram>
    <bigram weight="1" > generally known </bigram>
    <bigram weight="1" > not on </bigram>
    <bigram weight="1" > # now </bigram>
    <bigram weight="1" > his visits </bigram>
    <bigram weight="1" > wearing a </bigram>
    <bigram weight="1" > ### rosenfeld </bigram>
    <bigram weight="1" > air ### </bigram>
    <bigram weight="1" > appearance however </bigram>
    <bigram weight="1" > as the </bigram>
    <bigram weight="1" > before seen </bigram>
    <bigram weight="1" > expected him </bigram>
    <bigram weight="1" > played upon </bigram>
    <bigram weight="1" > annually ### </bigram>
    <bigram weight="1" > hat size </bigram>
    <bigram weight="1" > manly expression </bigram>
    <bigram weight="1" > tne spirit </bigram>
    <bigram weight="1" > him sing </bigram>
    <bigram weight="1" > it is </bigram>
    <bigram weight="1" > his legs </bigram>
    <bigram weight="1" > was much </bigram>
    <bigram weight="1" > m pursuit </bigram>
    <bigram weight="1" > hat ### </bigram>
    <bigram weight="1" > limited to </bigram>
    <bigram weight="1" > definite ### </bigram>
    <bigram weight="1" > not arrive </bigram>
    <bigram weight="1" > ever saw </bigram>
    <bigram weight="1" > in color </bigram>
    <bigram weight="1" > the country </bigram>
    <bigram weight="1" > courtesy of </bigram>
    <bigram weight="1" > saw a </bigram>
    <bigram weight="1" > it more </bigram>
    <bigram weight="1" > and which </bigram>
    <bigram weight="1" > than moral </bigram>
    <bigram weight="1" > in one </bigram>
    <bigram weight="1" > my building </bigram>
    <bigram weight="1" > the results </bigram>
    <bigram weight="1" > offer of </bigram>
    <bigram weight="1" > sketch of </bigram>
    <bigram weight="1" > ### edited </bigram>
    <bigram weight="1" > a character </bigram>
    <bigram weight="1" > written by </bigram>
    <bigram weight="1" > botany ol </bigram>
    <bigram weight="1" > may add </bigram>
    <bigram weight="1" > choice of </bigram>
    <bigram weight="1" > carriage road </bigram>
    <bigram weight="1" > the year </bigram>
    <bigram weight="1" > to send </bigram>
    <bigram weight="1" > but as </bigram>
    <bigram weight="1" > to sophia </bigram>
    <bigram weight="1" > our city </bigram>
    <bigram weight="1" > it dwelt </bigram>
    <bigram weight="1" > element in </bigram>
    <bigram weight="1" > excellent powers </bigram>
    <bigram weight="1" > this is </bigram>
    <bigram weight="1" > sketch between </bigram>
    <bigram weight="1" > me he </bigram>
    <bigram weight="1" > a love </bigram>
    <bigram weight="1" > was the </bigram>
    <bigram weight="1" > my book </bigram>
    <bigram weight="1" > same name </bigram>
    <bigram weight="1" > ### because </bigram>
    <bigram weight="1" > health he </bigram>
    <bigram weight="1" > being inroractica </bigram>
    <bigram weight="1" > remembered ### </bigram>
    <bigram weight="1" > man walking </bigram>
    <bigram weight="1" > which was </bigram>
    <bigram weight="1" > leit nana </bigram>
    <bigram weight="1" > front steps </bigram>
    <bigram weight="1" > anna and </bigram>
    <bigram weight="1" > wares ### </bigram>
    <bigram weight="1" > turned the </bigram>
    <bigram weight="1" > correspondent ### </bigram>
    <bigram weight="1" > manuscript draft </bigram>
    <bigram weight="1" > brother henry </bigram>
    <bigram weight="1" > under the </bigram>
    <bigram weight="1" > this admirable </bigram>
    <bigram weight="1" > the german </bigram>
    <bigram weight="1" > mistakenly reîers </bigram>
    <bigram weight="1" > came him </bigram>
    <bigram weight="1" > in december </bigram>
    <bigram weight="1" > dec ### </bigram>
    <bigram weight="1" > tall woman </bigram>
    <bigram weight="1" > over came </bigram>
    <bigram weight="1" > death his </bigram>
    <bigram weight="1" > deliver a </bigram>
    <bigram weight="1" > and also </bigram>
    <bigram weight="1" > is not </bigram>
    <bigram weight="1" > real breezes </bigram>
    <bigram weight="1" > intelligence ### </bigram>
    <bigram weight="1" > # d </bigram>
    <bigram weight="1" > and brown </bigram>
    <bigram weight="1" > several factual </bigram>
    <bigram weight="1" > humanity and </bigram>
    <bigram weight="1" > ## daniel </bigram>
    <bigram weight="1" > origin ### </bigram>
    <bigram weight="1" > known even </bigram>
    <bigram weight="1" > in ### </bigram>
    <bigram weight="1" > describes the </bigram>
    <bigram weight="1" > to deliver </bigram>
    <bigram weight="1" > with a </bigram>
    <bigram weight="1" > ### finally </bigram>
    <bigram weight="1" > not speak </bigram>
    <bigram weight="1" > mother ### </bigram>
    <bigram weight="1" > when upon </bigram>
    <bigram weight="1" > ## carriage </bigram>
    <bigram weight="1" > the man </bigram>
    <bigram weight="1" > middlebury college </bigram>
    <bigram weight="1" > being unsocial </bigram>
    <bigram weight="1" > indicated of </bigram>
    <bigram weight="1" > for music </bigram>
    <bigram weight="1" > chan ning </bigram>
    <bigram weight="1" > consisted of </bigram>
    <bigram weight="1" > much happier </bigram>
    <bigram weight="1" > strong man </bigram>
    <bigram weight="1" > into his </bigram>
    <bigram weight="1" > thus long </bigram>
    <bigram weight="1" > after his </bigram>
    <bigram weight="1" > flashed on </bigram>
    <bigram weight="1" > prominent were </bigram>
    <bigram weight="1" > size ### </bigram>
    <bigram weight="1" > to nantucket </bigram>
    <bigram weight="1" > been handsome </bigram>
    <bigram weight="1" > apparently ### </bigram>
    <bigram weight="1" > had not </bigram>
    <bigram weight="1" > appears m </bigram>
    <bigram weight="1" > humble edifice </bigram>
    <bigram weight="1" > where kicketson </bigram>
    <bigram weight="1" > ### jr </bigram>
    <bigram weight="1" > whippoorwill and </bigram>
    <bigram weight="1" > ms mumu </bigram>
    <bigram weight="1" > you do </bigram>
    <bigram weight="1" > been determined </bigram>
    <bigram weight="1" > ### caused </bigram>
    <bigram weight="1" > i can </bigram>
    <bigram weight="1" > profile ### </bigram>
    <bigram weight="1" > recently reprinted </bigram>
    <bigram weight="1" > except for </bigram>
    <bigram weight="1" > his beard </bigram>
    <bigram weight="1" > the drawing </bigram>
    <bigram weight="1" > ### great </bigram>
    <bigram weight="1" > has not </bigram>
    <bigram weight="1" > maiden sister </bigram>
    <bigram weight="1" > been an </bigram>
    <bigram weight="1" > wore a </bigram>
    <bigram weight="1" > she received </bigram>
    <bigram weight="1" > hour while </bigram>
    <bigram weight="1" > head was </bigram>
    <bigram weight="1" > his only </bigram>
    <bigram weight="1" > throughout this </bigram>
    <bigram weight="1" > of brown </bigram>
    <bigram weight="1" > his mother </bigram>
    <bigram weight="1" > admiration ### </bigram>
    <bigram weight="1" > present order </bigram>
    <bigram weight="1" > this season </bigram>
    <bigram weight="1" > previous home </bigram>
    <bigram weight="1" > of daniel </bigram>
    <bigram weight="1" > have a </bigram>
    <bigram weight="1" > ject of </bigram>
    <bigram weight="1" > there was </bigram>
    <bigram weight="1" > nautical style </bigram>
    <bigram weight="1" > thoreau caricature </bigram>
    <bigram weight="1" > some fourteen </bigram>
    <bigram weight="1" > an elder </bigram>
    <bigram weight="1" > heartv acceptance </bigram>
    <bigram weight="1" > sister sophia </bigram>
    <bigram weight="1" > his thumb </bigram>
    <bigram weight="1" > mv front </bigram>
    <bigram weight="1" > strong vig </bigram>
    <bigram weight="1" > position in </bigram>
    <bigram weight="1" > the lownes </bigram>
    <bigram weight="1" > up the </bigram>
    <bigram weight="1" > had built </bigram>
    <bigram weight="1" > that vear </bigram>
    <bigram weight="1" > is a </bigram>
    <bigram weight="1" > moral clouds </bigram>
    <bigram weight="1" > draft to </bigram>
    <bigram weight="1" > as in </bigram>
    <bigram weight="1" > noon ### </bigram>
    <bigram weight="1" > both in </bigram>
    <bigram weight="1" > among the </bigram>
    <bigram weight="1" > factual errors </bigram>
    <bigram weight="1" > expanded reminiscence </bigram>
    <bigram weight="1" > and agricultural </bigram>
    <bigram weight="1" > heard him </bigram>
    <bigram weight="1" > and broad </bigram>
    <bigram weight="1" > lord nelson </bigram>
    <bigram weight="1" > the snow </bigram>
    <bigram weight="1" > by way </bigram>
    <bigram weight="1" > him by </bigram>
    <bigram weight="1" > he also </bigram>
    <bigram weight="1" > was greatly </bigram>
    <bigram weight="1" > family during </bigram>
    <bigram weight="1" > were a </bigram>
    <bigram weight="1" > shanty ### </bigram>
    <bigram weight="1" > of dibdin </bigram>
    <bigram weight="1" > still living </bigram>
    <bigram weight="1" > mv euest </bigram>
    <bigram weight="1" > a reporter </bigram>
    <bigram weight="1" > doubtlessly a </bigram>
    <bigram weight="1" > do with </bigram>
    <bigram weight="1" > worcester ### </bigram>
    <bigram weight="1" > transcendental faith </bigram>
    <bigram weight="1" > information ### </bigram>
    <bigram weight="1" > his life </bigram>
    <bigram weight="1" > in good </bigram>
    <bigram weight="1" > add by </bigram>
    <bigram weight="1" > other brave </bigram>
    <bigram weight="1" > and full </bigram>
    <bigram weight="1" > were ### </bigram>
    <bigram weight="1" > extract from </bigram>
    <bigram weight="1" > s death </bigram>
    <bigram weight="1" > for air </bigram>
    <bigram weight="1" > among whom </bigram>
    <bigram weight="1" > had won </bigram>
    <bigram weight="1" > robust per </bigram>
    <bigram weight="1" > never lived </bigram>
    <bigram weight="1" > dibdin ### </bigram>
    <bigram weight="1" > edited by </bigram>
    <bigram weight="1" > to recording </bigram>
    <bigram weight="1" > from a </bigram>
    <bigram weight="1" > been inserted </bigram>
    <bigram weight="1" > more convenient </bigram>
    <bigram weight="1" > beard which </bigram>
    <bigram weight="1" > bound to </bigram>
    <bigram weight="1" > s is </bigram>
    <bigram weight="1" > ### both </bigram>
    <bigram weight="1" > have little </bigram>
    <bigram weight="1" > visits to </bigram>
    <bigram weight="1" > ### in </bigram>
    <bigram weight="1" > kind and </bigram>
    <bigram weight="1" > previously i </bigram>
    <bigram weight="1" > a previous </bigram>
    <bigram weight="1" > road carrying </bigram>
    <bigram weight="1" > skill as </bigram>
    <bigram weight="1" > no sus </bigram>
    <bigram weight="1" > imitator of </bigram>
    <bigram weight="1" > his brother </bigram>
    <bigram weight="1" > i concealed </bigram>
    <bigram weight="1" > happier life </bigram>
    <bigram weight="1" > blue in </bigram>
    <bigram weight="1" > symptoms of </bigram>
    <bigram weight="1" > given the </bigram>
    <bigram weight="1" > his younger </bigram>
    <bigram weight="1" > arms were </bigram>
    <bigram weight="1" > indifference to </bigram>
    <bigram weight="1" > however ### </bigram>
    <bigram weight="1" > of which </bigram>
    <bigram weight="1" > addition of </bigram>
    <bigram weight="1" > the whippoorwill </bigram>
    <bigram weight="1" > letter ### </bigram>
    <bigram weight="1" > commenced in </bigram>
    <bigram weight="1" > an hour </bigram>
    <bigram weight="1" > added a </bigram>
    <bigram weight="1" > medium size </bigram>
    <bigram weight="1" > faith ### </bigram>
    <bigram weight="1" > also interested </bigram>
    <bigram weight="1" > s sister </bigram>
    <bigram weight="1" > composition ### </bigram>
    <bigram weight="1" > wished to </bigram>
    <bigram weight="1" > in mind </bigram>
    <bigram weight="1" > already awaiting </bigram>
    <bigram weight="1" > places the </bigram>
    <bigram weight="1" > inspired this </bigram>
    <bigram weight="1" > informed me </bigram>
    <bigram weight="1" > the precise </bigram>
    <bigram weight="1" > hands and </bigram>
    <bigram weight="1" > ### anna </bigram>
    <bigram weight="1" > ### he </bigram>
    <bigram weight="1" > ### when </bigram>
    <bigram weight="1" > beginning ### </bigram>
    <bigram weight="1" > rather long </bigram>
    <bigram weight="1" > bookseller ### </bigram>
    <bigram weight="1" > ### then </bigram>
    <bigram weight="1" > rather inferior </bigram>
    <bigram weight="1" > page reminiscence </bigram>
    <bigram weight="1" > and a </bigram>
    <bigram weight="1" > of being </bigram>
    <bigram weight="1" > pedlar of </bigram>
    <bigram weight="1" > of jersey </bigram>
    <bigram weight="1" > over the </bigram>
    <bigram weight="1" > with it </bigram>
    <bigram weight="1" > had fallen </bigram>
</article>
