<?xml version="1.0" encoding="UTF-8"?>
<article id="10.2307/23393933" >
    <bigram weight="31" > ### # </bigram>
    <bigram weight="15" > ### ## </bigram>
    <bigram weight="15" > ## ### </bigram>
    <bigram weight="10" > ### ### </bigram>
    <bigram weight="8" > # ### </bigram>
    <bigram weight="7" > ### s </bigram>
    <bigram weight="6" > of the </bigram>
    <bigram weight="6" > p ### </bigram>
    <bigram weight="6" > thoreau ### </bigram>
    <bigram weight="6" > ### p </bigram>
    <bigram weight="5" > in the </bigram>
    <bigram weight="5" > the dew </bigram>
    <bigram weight="3" > therien ### </bigram>
    <bigram weight="3" > ### and </bigram>
    <bigram weight="3" > ed ### </bigram>
    <bigram weight="3" > # ## </bigram>
    <bigram weight="3" > ### ed </bigram>
    <bigram weight="3" > # it </bigram>
    <bigram weight="2" > ### taylor </bigram>
    <bigram weight="2" > ### thoreau </bigram>
    <bigram weight="2" > aspects of </bigram>
    <bigram weight="2" > it was </bigram>
    <bigram weight="2" > press ### </bigram>
    <bigram weight="2" > advice ### </bigram>
    <bigram weight="2" > maiden ### </bigram>
    <bigram weight="2" > symbolic experi </bigram>
    <bigram weight="2" > that the </bigram>
    <bigram weight="2" > with a </bigram>
    <bigram weight="2" > ### i </bigram>
    <bigram weight="2" > one of </bigram>
    <bigram weight="2" > # collected </bigram>
    <bigram weight="2" > of thoreau </bigram>
    <bigram weight="2" > basis in </bigram>
    <bigram weight="2" > ### princeton </bigram>
    <bigram weight="2" > ### like </bigram>
    <bigram weight="2" > # in </bigram>
    <bigram weight="2" > had a </bigram>
    <bigram weight="2" > to the </bigram>
    <bigram weight="2" > in maiden </bigram>
    <bigram weight="2" > for the </bigram>
    <bigram weight="2" > on ### </bigram>
    <bigram weight="2" > dew ### </bigram>
    <bigram weight="2" > paul ## </bigram>
    <bigram weight="2" > ### or </bigram>
    <bigram weight="2" > # williams </bigram>
    <bigram weight="2" > taylor ### </bigram>
    <bigram weight="2" > collected poems </bigram>
    <bigram weight="2" > ### though </bigram>
    <bigram weight="2" > experi ence </bigram>
    <bigram weight="2" > ### was </bigram>
    <bigram weight="2" > of henry </bigram>
    <bigram weight="2" > # he </bigram>
    <bigram weight="1" > all your </bigram>
    <bigram weight="1" > experiential power </bigram>
    <bigram weight="1" > just after </bigram>
    <bigram weight="1" > ### teaches </bigram>
    <bigram weight="1" > the advice </bigram>
    <bigram weight="1" > an eye </bigram>
    <bigram weight="1" > hoe beans </bigram>
    <bigram weight="1" > do many </bigram>
    <bigram weight="1" > many aspects </bigram>
    <bigram weight="1" > it ### </bigram>
    <bigram weight="1" > thoreau society </bigram>
    <bigram weight="1" > ignored had </bigram>
    <bigram weight="1" > of bean </bigram>
    <bigram weight="1" > if possible </bigram>
    <bigram weight="1" > as follows </bigram>
    <bigram weight="1" > # not </bigram>
    <bigram weight="1" > the morning </bigram>
    <bigram weight="1" > henry d </bigram>
    <bigram weight="1" > poem ### </bigram>
    <bigram weight="1" > with this </bigram>
    <bigram weight="1" > dangerously likely </bigram>
    <bigram weight="1" > throw dust </bigram>
    <bigram weight="1" > hoe or </bigram>
    <bigram weight="1" > by paul </bigram>
    <bigram weight="1" > farming by </bigram>
    <bigram weight="1" > # hoeing </bigram>
    <bigram weight="1" > boston ### </bigram>
    <bigram weight="1" > ### cultivate </bigram>
    <bigram weight="1" > éd ### </bigram>
    <bigram weight="1" > there apparently </bigram>
    <bigram weight="1" > no ### </bigram>
    <bigram weight="1" > s agriculture </bigram>
    <bigram weight="1" > time of </bigram>
    <bigram weight="1" > # lyndon </bigram>
    <bigram weight="1" > new pattern </bigram>
    <bigram weight="1" > drop of </bigram>
    <bigram weight="1" > in my </bigram>
    <bigram weight="1" > hoeing in </bigram>
    <bigram weight="1" > any woodchuck </bigram>
    <bigram weight="1" > he spoke </bigram>
    <bigram weight="1" > # never </bigram>
    <bigram weight="1" > was pure </bigram>
    <bigram weight="1" > noumenal becom </bigram>
    <bigram weight="1" > awakening of </bigram>
    <bigram weight="1" > top dressing </bigram>
    <bigram weight="1" > the practical </bigram>
    <bigram weight="1" > ### that </bigram>
    <bigram weight="1" > frequently with </bigram>
    <bigram weight="1" > farmers warned </bigram>
    <bigram weight="1" > to a </bigram>
    <bigram weight="1" > walden water </bigram>
    <bigram weight="1" > the johns </bigram>
    <bigram weight="1" > was a </bigram>
    <bigram weight="1" > haughty weeds </bigram>
    <bigram weight="1" > only do </bigram>
    <bigram weight="1" > sold today </bigram>
    <bigram weight="1" > advise you </bigram>
    <bigram weight="1" > my harvest </bigram>
    <bigram weight="1" > morning or </bigram>
    <bigram weight="1" > the concord </bigram>
    <bigram weight="1" > ### houghton </bigram>
    <bigram weight="1" > ### not </bigram>
    <bigram weight="1" > some leisure </bigram>
    <bigram weight="1" > had confidence </bigram>
    <bigram weight="1" > wet ### </bigram>
    <bigram weight="1" > cultivation of </bigram>
    <bigram weight="1" > to reap </bigram>
    <bigram weight="1" > likely to </bigram>
    <bigram weight="1" > transcendental aspects </bigram>
    <bigram weight="1" > so many </bigram>
    <bigram weight="1" > also remarked </bigram>
    <bigram weight="1" > of haughty </bigram>
    <bigram weight="1" > thoreau disagree </bigram>
    <bigram weight="1" > all the </bigram>
    <bigram weight="1" > preparing tools </bigram>
    <bigram weight="1" > confidence in </bigram>
    <bigram weight="1" > it apparently </bigram>
    <bigram weight="1" > or did </bigram>
    <bigram weight="1" > give similar </bigram>
    <bigram weight="1" > of symbolic </bigram>
    <bigram weight="1" > was ### </bigram>
    <bigram weight="1" > ### éd </bigram>
    <bigram weight="1" > pattern ### </bigram>
    <bigram weight="1" > wrote ### </bigram>
    <bigram weight="1" > got above </bigram>
    <bigram weight="1" > undertaken with </bigram>
    <bigram weight="1" > on he </bigram>
    <bigram weight="1" > # note </bigram>
    <bigram weight="1" > harvest there </bigram>
    <bigram weight="1" > d ### </bigram>
    <bigram weight="1" > is also </bigram>
    <bigram weight="1" > here ### </bigram>
    <bigram weight="1" > weeds in </bigram>
    <bigram weight="1" > ### to </bigram>
    <bigram weight="1" > behind therien </bigram>
    <bigram weight="1" > an aspect </bigram>
    <bigram weight="1" > is wet </bigram>
    <bigram weight="1" > it while </bigram>
    <bigram weight="1" > ### ve </bigram>
    <bigram weight="1" > sort of </bigram>
    <bigram weight="1" > an apt </bigram>
    <bigram weight="1" > disease if </bigram>
    <bigram weight="1" > gardening ### </bigram>
    <bigram weight="1" > encountered in </bigram>
    <bigram weight="1" > as dangerously </bigram>
    <bigram weight="1" > had vanished </bigram>
    <bigram weight="1" > and planning </bigram>
    <bigram weight="1" > and symbolic </bigram>
    <bigram weight="1" > like walden </bigram>
    <bigram weight="1" > dew was </bigram>
    <bigram weight="1" > henry thoreau </bigram>
    <bigram weight="1" > he wrote </bigram>
    <bigram weight="1" > or hand </bigram>
    <bigram weight="1" > entire faith </bigram>
    <bigram weight="1" > s advice </bigram>
    <bigram weight="1" > began to </bigram>
    <bigram weight="1" > wrote in </bigram>
    <bigram weight="1" > tell shakespeare </bigram>
    <bigram weight="1" > of top </bigram>
    <bigram weight="1" > the road </bigram>
    <bigram weight="1" > endnotes ### </bigram>
    <bigram weight="1" > or with </bigram>
    <bigram weight="1" > williams leonard </bigram>
    <bigram weight="1" > air ### </bigram>
    <bigram weight="1" > ### there </bigram>
    <bigram weight="1" > mentions therien </bigram>
    <bigram weight="1" > follows ### </bigram>
    <bigram weight="1" > and clear </bigram>
    <bigram weight="1" > poem he </bigram>
    <bigram weight="1" > had entire </bigram>
    <bigram weight="1" > the summer </bigram>
    <bigram weight="1" > hence was </bigram>
    <bigram weight="1" > example ### </bigram>
    <bigram weight="1" > ### boston </bigram>
    <bigram weight="1" > if implements </bigram>
    <bigram weight="1" > cultivate frequently </bigram>
    <bigram weight="1" > the thoreau </bigram>
    <bigram weight="1" > planning to </bigram>
    <bigram weight="1" > did thoreau </bigram>
    <bigram weight="1" > heads ### </bigram>
    <bigram weight="1" > principia college </bigram>
    <bigram weight="1" > this would </bigram>
    <bigram weight="1" > distilled from </bigram>
    <bigram weight="1" > to spread </bigram>
    <bigram weight="1" > view here </bigram>
    <bigram weight="1" > though ### </bigram>
    <bigram weight="1" > do books </bigram>
    <bigram weight="1" > soil ### </bigram>
    <bigram weight="1" > in farming </bigram>
    <bigram weight="1" > ve busi </bigram>
    <bigram weight="1" > their heads </bigram>
    <bigram weight="1" > ### then </bigram>
    <bigram weight="1" > lyndon shanley </bigram>
    <bigram weight="1" > of dew </bigram>
    <bigram weight="1" > life at </bigram>
    <bigram weight="1" > in one </bigram>
    <bigram weight="1" > practical ### </bigram>
    <bigram weight="1" > the farmers </bigram>
    <bigram weight="1" > carl bode </bigram>
    <bigram weight="1" > in terms </bigram>
    <bigram weight="1" > in observation </bigram>
    <bigram weight="1" > different soil </bigram>
    <bigram weight="1" > the spirit </bigram>
    <bigram weight="1" > editors for </bigram>
    <bigram weight="1" > neufeldt ### </bigram>
    <bigram weight="1" > ol ### </bigram>
    <bigram weight="1" > power of </bigram>
    <bigram weight="1" > clear ### </bigram>
    <bigram weight="1" > them with </bigram>
    <bigram weight="1" > past it </bigram>
    <bigram weight="1" > dust upon </bigram>
    <bigram weight="1" > a different </bigram>
    <bigram weight="1" > disagree ### </bigram>
    <bigram weight="1" > concord saunterer </bigram>
    <bigram weight="1" > appear to </bigram>
    <bigram weight="1" > points to </bigram>
    <bigram weight="1" > ## thoreau </bigram>
    <bigram weight="1" > and is </bigram>
    <bigram weight="1" > another poem </bigram>
    <bigram weight="1" > ### paul </bigram>
    <bigram weight="1" > for example </bigram>
    <bigram weight="1" > in which </bigram>
    <bigram weight="1" > issue of </bigram>
    <bigram weight="1" > to do </bigram>
    <bigram weight="1" > with an </bigram>
    <bigram weight="1" > # endnotes </bigram>
    <bigram weight="1" > encyclopedia of </bigram>
    <bigram weight="1" > is on </bigram>
    <bigram weight="1" > ence or </bigram>
    <bigram weight="1" > until the </bigram>
    <bigram weight="1" > farming ### </bigram>
    <bigram weight="1" > of tfie </bigram>
    <bigram weight="1" > squirrel had </bigram>
    <bigram weight="1" > # all </bigram>
    <bigram weight="1" > a total </bigram>
    <bigram weight="1" > this in </bigram>
    <bigram weight="1" > why ### </bigram>
    <bigram weight="1" > water ### </bigram>
    <bigram weight="1" > beans ### </bigram>
    <bigram weight="1" > princeton ### </bigram>
    <bigram weight="1" > houghton mifflin </bigram>
    <bigram weight="1" > to have </bigram>
    <bigram weight="1" > my seed </bigram>
    <bigram weight="1" > morning ### </bigram>
    <bigram weight="1" > upon their </bigram>
    <bigram weight="1" > then ### </bigram>
    <bigram weight="1" > that time </bigram>
    <bigram weight="1" > thoreau wrote </bigram>
    <bigram weight="1" > warned me </bigram>
    <bigram weight="1" > of farming </bigram>
    <bigram weight="1" > transcendental farming </bigram>
    <bigram weight="1" > leisure hour </bigram>
    <bigram weight="1" > evidence points </bigram>
    <bigram weight="1" > in hoeing </bigram>
    <bigram weight="1" > dew on </bigram>
    <bigram weight="1" > ness with </bigram>
    <bigram weight="1" > to hoe </bigram>
    <bigram weight="1" > the song </bigram>
    <bigram weight="1" > was perhaps </bigram>
    <bigram weight="1" > president of </bigram>
    <bigram weight="1" > and superstition </bigram>
    <bigram weight="1" > i had </bigram>
    <bigram weight="1" > i began </bigram>
    <bigram weight="1" > against it </bigram>
    <bigram weight="1" > the experiential </bigram>
    <bigram weight="1" > after a </bigram>
    <bigram weight="1" > ## why </bigram>
    <bigram weight="1" > i would </bigram>
    <bigram weight="1" > ## in </bigram>
    <bigram weight="1" > to level </bigram>
    <bigram weight="1" > note ### </bigram>
    <bigram weight="1" > eye to </bigram>
    <bigram weight="1" > foliage of </bigram>
    <bigram weight="1" > dew is </bigram>
    <bigram weight="1" > brush past </bigram>
    <bigram weight="1" > observation behind </bigram>
    <bigram weight="1" > never do </bigram>
    <bigram weight="1" > williams ### </bigram>
    <bigram weight="1" > but so </bigram>
    <bigram weight="1" > packages of </bigram>
    <bigram weight="1" > advice he </bigram>
    <bigram weight="1" > though the </bigram>
    <bigram weight="1" > ### the </bigram>
    <bigram weight="1" > particular significance </bigram>
    <bigram weight="1" > while the </bigram>
    <bigram weight="1" > do this </bigram>
    <bigram weight="1" > spirit in </bigram>
    <bigram weight="1" > total and </bigram>
    <bigram weight="1" > not realize </bigram>
    <bigram weight="1" > yet any </bigram>
    <bigram weight="1" > apt metaphor </bigram>
    <bigram weight="1" > one poem </bigram>
    <bigram weight="1" > aspect of </bigram>
    <bigram weight="1" > also the </bigram>
    <bigram weight="1" > apparently distilled </bigram>
    <bigram weight="1" > ### did </bigram>
    <bigram weight="1" > did not </bigram>
    <bigram weight="1" > rather than </bigram>
    <bigram weight="1" > attend some </bigram>
    <bigram weight="1" > would advise </bigram>
    <bigram weight="1" > would appear </bigram>
    <bigram weight="1" > ### for </bigram>
    <bigram weight="1" > becom ing </bigram>
    <bigram weight="1" > rain ### </bigram>
    <bigram weight="1" > on gardening </bigram>
    <bigram weight="1" > alek therien </bigram>
    <bigram weight="1" > teaches at </bigram>
    <bigram weight="1" > phenomenal ### </bigram>
    <bigram weight="1" > ing phenomenal </bigram>
    <bigram weight="1" > hoeing them </bigram>
    <bigram weight="1" > above the </bigram>
    <bigram weight="1" > hour ### </bigram>
    <bigram weight="1" > for now </bigram>
    <bigram weight="1" > books on </bigram>
    <bigram weight="1" > to tame </bigram>
    <bigram weight="1" > or clothing </bigram>
    <bigram weight="1" > implements or </bigram>
    <bigram weight="1" > for thoreau </bigram>
    <bigram weight="1" > interesting article </bigram>
    <bigram weight="1" > ### issue </bigram>
    <bigram weight="1" > a particular </bigram>
    <bigram weight="1" > princeton university </bigram>
    <bigram weight="1" > baltimore ### </bigram>
    <bigram weight="1" > mifflin company </bigram>
    <bigram weight="1" > the noumenal </bigram>
    <bigram weight="1" > based largely </bigram>
    <bigram weight="1" > # for </bigram>
    <bigram weight="1" > ### one </bigram>
    <bigram weight="1" > a reasonable </bigram>
    <bigram weight="1" > hoe ### </bigram>
    <bigram weight="1" > company ### </bigram>
    <bigram weight="1" > possible while </bigram>
    <bigram weight="1" > early morning </bigram>
    <bigram weight="1" > leonard neufeldt </bigram>
    <bigram weight="1" > dew seems </bigram>
    <bigram weight="1" > nowhere ### </bigram>
    <bigram weight="1" > ### but </bigram>
    <bigram weight="1" > a cheap </bigram>
    <bigram weight="1" > he either </bigram>
    <bigram weight="1" > before yet </bigram>
    <bigram weight="1" > ### preparing </bigram>
    <bigram weight="1" > a scuffle </bigram>
    <bigram weight="1" > now i </bigram>
    <bigram weight="1" > ### based </bigram>
    <bigram weight="1" > summer ### </bigram>
    <bigram weight="1" > of new </bigram>
    <bigram weight="1" > perhaps an </bigram>
    <bigram weight="1" > some solid </bigram>
    <bigram weight="1" > of idealism </bigram>
    <bigram weight="1" > your work </bigram>
    <bigram weight="1" > clothing brush </bigram>
    <bigram weight="1" > reasonable basis </bigram>
    <bigram weight="1" > you to </bigram>
    <bigram weight="1" > terms of </bigram>
    <bigram weight="1" > agriculture ### </bigram>
    <bigram weight="1" > work if </bigram>
    <bigram weight="1" > dressing in </bigram>
    <bigram weight="1" > ranks of </bigram>
    <bigram weight="1" > spread disease </bigram>
    <bigram weight="1" > ### while </bigram>
    <bigram weight="1" > today give </bigram>
    <bigram weight="1" > hopkins press </bigram>
    <bigram weight="1" > my ### </bigram>
    <bigram weight="1" > university press </bigram>
    <bigram weight="1" > a rain </bigram>
    <bigram weight="1" > ### of </bigram>
    <bigram weight="1" > tame a </bigram>
    <bigram weight="1" > ### sow </bigram>
    <bigram weight="1" > like so </bigram>
    <bigram weight="1" > ### certain </bigram>
    <bigram weight="1" > song of </bigram>
    <bigram weight="1" > johns hopkins </bigram>
    <bigram weight="1" > bode ### </bigram>
    <bigram weight="1" > there ### </bigram>
    <bigram weight="1" > me against </bigram>
    <bigram weight="1" > of beans </bigram>
    <bigram weight="1" > certain to </bigram>
    <bigram weight="1" > ### mentions </bigram>
    <bigram weight="1" > seed sold </bigram>
    <bigram weight="1" > do all </bigram>
    <bigram weight="1" > he also </bigram>
    <bigram weight="1" > thrasher ### </bigram>
    <bigram weight="1" > the ### </bigram>
    <bigram weight="1" > on hearsay </bigram>
    <bigram weight="1" > with the </bigram>
    <bigram weight="1" > either had </bigram>
    <bigram weight="1" > run across </bigram>
    <bigram weight="1" > in another </bigram>
    <bigram weight="1" > ### tell </bigram>
    <bigram weight="1" > i ### </bigram>
    <bigram weight="1" > vanished ### </bigram>
    <bigram weight="1" > seed broadcast </bigram>
    <bigram weight="1" > it is </bigram>
    <bigram weight="1" > on alek </bigram>
    <bigram weight="1" > ### before </bigram>
    <bigram weight="1" > bean as </bigram>
    <bigram weight="1" > counsels as </bigram>
    <bigram weight="1" > wheel hoe </bigram>
    <bigram weight="1" > ### no </bigram>
    <bigram weight="1" > or just </bigram>
    <bigram weight="1" > his life </bigram>
    <bigram weight="1" > superstition ### </bigram>
    <bigram weight="1" > apparently was </bigram>
    <bigram weight="1" > had got </bigram>
    <bigram weight="1" > had run </bigram>
    <bigram weight="1" > brown thrasher </bigram>
    <bigram weight="1" > from nowhere </bigram>
    <bigram weight="1" > the editors </bigram>
    <bigram weight="1" > gardening counsels </bigram>
    <bigram weight="1" > he ignored </bigram>
    <bigram weight="1" > so do </bigram>
    <bigram weight="1" > # carl </bigram>
    <bigram weight="1" > ### baltimore </bigram>
    <bigram weight="1" > s view </bigram>
    <bigram weight="1" > and throw </bigram>
    <bigram weight="1" > sun had </bigram>
    <bigram weight="1" > spoke of </bigram>
    <bigram weight="1" > to attend </bigram>
    <bigram weight="1" > have had </bigram>
    <bigram weight="1" > was on </bigram>
    <bigram weight="1" > sow my </bigram>
    <bigram weight="1" > or squirrel </bigram>
    <bigram weight="1" > at principia </bigram>
    <bigram weight="1" > while it </bigram>
    <bigram weight="1" > not to </bigram>
    <bigram weight="1" > to ### </bigram>
    <bigram weight="1" > college and </bigram>
    <bigram weight="1" > s interesting </bigram>
    <bigram weight="1" > the early </bigram>
    <bigram weight="1" > across the </bigram>
    <bigram weight="1" > dew had </bigram>
    <bigram weight="1" > poems ### </bigram>
    <bigram weight="1" > of awakening </bigram>
    <bigram weight="1" > reap my </bigram>
    <bigram weight="1" > ### in </bigram>
    <bigram weight="1" > all evidence </bigram>
    <bigram weight="1" > ## this </bigram>
    <bigram weight="1" > bean seed </bigram>
    <bigram weight="1" > poems of </bigram>
    <bigram weight="1" > metaphor for </bigram>
    <bigram weight="1" > beans until </bigram>
    <bigram weight="1" > a wheel </bigram>
    <bigram weight="1" > or the </bigram>
    <bigram weight="1" > the ranks </bigram>
    <bigram weight="1" > saunterer ### </bigram>
    <bigram weight="1" > idealism in </bigram>
    <bigram weight="1" > of gardening </bigram>
    <bigram weight="1" > road ### </bigram>
    <bigram weight="1" > pure and </bigram>
    <bigram weight="1" > hand weeder </bigram>
    <bigram weight="1" > tools ### </bigram>
    <bigram weight="1" > largely on </bigram>
    <bigram weight="1" > the writings </bigram>
    <bigram weight="1" > was encountered </bigram>
    <bigram weight="1" > many packages </bigram>
    <bigram weight="1" > solid basis </bigram>
    <bigram weight="1" > ## dew </bigram>
    <bigram weight="1" > ### some </bigram>
    <bigram weight="1" > practice ### </bigram>
    <bigram weight="1" > cheap sort </bigram>
    <bigram weight="1" > which i </bigram>
    <bigram weight="1" > at walden </bigram>
    <bigram weight="1" > shanley ### </bigram>
    <bigram weight="1" > weeder ### </bigram>
    <bigram weight="1" > realize that </bigram>
    <bigram weight="1" > not only </bigram>
    <bigram weight="1" > scuffle hoe </bigram>
    <bigram weight="1" > busi ness </bigram>
    <bigram weight="1" > the sun </bigram>
    <bigram weight="1" > be one </bigram>
    <bigram weight="1" > significance for </bigram>
    <bigram weight="1" > similar advice </bigram>
    <bigram weight="1" > writings of </bigram>
    <bigram weight="1" > faith ### </bigram>
    <bigram weight="1" > s encyclopedia </bigram>
    <bigram weight="1" > the bean </bigram>
    <bigram weight="1" > was undertaken </bigram>
    <bigram weight="1" > s transcendental </bigram>
    <bigram weight="1" > ### an </bigram>
    <bigram weight="1" > tfie transcendental </bigram>
    <bigram weight="1" > the brown </bigram>
    <bigram weight="1" > ### ol </bigram>
    <bigram weight="1" > broadcast in </bigram>
    <bigram weight="1" > s cultivation </bigram>
    <bigram weight="1" > in air </bigram>
    <bigram weight="1" > level the </bigram>
    <bigram weight="1" > while all </bigram>
    <bigram weight="1" > the foliage </bigram>
    <bigram weight="1" > to be </bigram>
    <bigram weight="1" > seems to </bigram>
    <bigram weight="1" > walden ### </bigram>
    <bigram weight="1" > remarked that </bigram>
    <bigram weight="1" > the president </bigram>
    <bigram weight="1" > farming practice </bigram>
    <bigram weight="1" > this drop </bigram>
    <bigram weight="1" > and hence </bigram>
    <bigram weight="1" > society ### </bigram>
    <bigram weight="1" > hearsay and </bigram>
    <bigram weight="1" > woodchuck or </bigram>
    <bigram weight="1" > shakespeare to </bigram>
    <bigram weight="1" > than to </bigram>
    <bigram weight="1" > of his </bigram>
    <bigram weight="1" > ence rather </bigram>
    <bigram weight="1" > article on </bigram>
</article>
