<?xml version="1.0" encoding="UTF-8"?>
<article id="10.2307/23393354" >
    <bigram weight="47" > ### # </bigram>
    <bigram weight="16" > of the </bigram>
    <bigram weight="16" > # ### </bigram>
    <bigram weight="12" > ### s </bigram>
    <bigram weight="11" > sea ### </bigram>
    <bigram weight="10" > thoreau ### </bigram>
    <bigram weight="10" > the sea </bigram>
    <bigram weight="9" > ### the </bigram>
    <bigram weight="9" > ### ### </bigram>
    <bigram weight="7" > ### and </bigram>
    <bigram weight="7" > ## ### </bigram>
    <bigram weight="7" > ### he </bigram>
    <bigram weight="6" > for the </bigram>
    <bigram weight="6" > ### in </bigram>
    <bigram weight="5" > the week </bigram>
    <bigram weight="5" > river and </bigram>
    <bigram weight="5" > he was </bigram>
    <bigram weight="5" > ### ## </bigram>
    <bigram weight="5" > in the </bigram>
    <bigram weight="4" > river ### </bigram>
    <bigram weight="4" > ### that </bigram>
    <bigram weight="4" > ### to </bigram>
    <bigram weight="4" > it is </bigram>
    <bigram weight="4" > ### a </bigram>
    <bigram weight="4" > is ### </bigram>
    <bigram weight="4" > # he </bigram>
    <bigram weight="3" > was a </bigram>
    <bigram weight="3" > that the </bigram>
    <bigram weight="3" > ### which </bigram>
    <bigram weight="3" > of nature </bigram>
    <bigram weight="3" > of thoreau </bigram>
    <bigram weight="3" > the river </bigram>
    <bigram weight="3" > is the </bigram>
    <bigram weight="3" > to the </bigram>
    <bigram weight="3" > as his </bigram>
    <bigram weight="3" > the world </bigram>
    <bigram weight="3" > ### is </bigram>
    <bigram weight="3" > and of </bigram>
    <bigram weight="3" > from the </bigram>
    <bigram weight="3" > to be </bigram>
    <bigram weight="3" > on the </bigram>
    <bigram weight="3" > the book </bigram>
    <bigram weight="2" > its channel </bigram>
    <bigram weight="2" > that it </bigram>
    <bigram weight="2" > man ### </bigram>
    <bigram weight="2" > in its </bigram>
    <bigram weight="2" > # and </bigram>
    <bigram weight="2" > goes on </bigram>
    <bigram weight="2" > may ## </bigram>
    <bigram weight="2" > and his </bigram>
    <bigram weight="2" > s river </bigram>
    <bigram weight="2" > say ### </bigram>
    <bigram weight="2" > to say </bigram>
    <bigram weight="2" > well as </bigram>
    <bigram weight="2" > be so </bigram>
    <bigram weight="2" > that this </bigram>
    <bigram weight="2" > the more </bigram>
    <bigram weight="2" > ### we </bigram>
    <bigram weight="2" > on to </bigram>
    <bigram weight="2" > as well </bigram>
    <bigram weight="2" > ### massachusetts </bigram>
    <bigram weight="2" > ### paul </bigram>
    <bigram weight="2" > # his </bigram>
    <bigram weight="2" > # thoreau </bigram>
    <bigram weight="2" > ### his </bigram>
    <bigram weight="2" > should be </bigram>
    <bigram weight="2" > week ### </bigram>
    <bigram weight="2" > world ### </bigram>
    <bigram weight="2" > not only </bigram>
    <bigram weight="2" > of rivers </bigram>
    <bigram weight="2" > rivers ### </bigram>
    <bigram weight="2" > ### i </bigram>
    <bigram weight="2" > flow of </bigram>
    <bigram weight="2" > is to </bigram>
    <bigram weight="2" > a good </bigram>
    <bigram weight="2" > ### as </bigram>
    <bigram weight="2" > good deal </bigram>
    <bigram weight="2" > as a </bigram>
    <bigram weight="2" > i find </bigram>
    <bigram weight="2" > ### but </bigram>
    <bigram weight="2" > nature ### </bigram>
    <bigram weight="2" > ### of </bigram>
    <bigram weight="2" > both river </bigram>
    <bigram weight="2" > fuller ### </bigram>
    <bigram weight="2" > of man </bigram>
    <bigram weight="2" > with the </bigram>
    <bigram weight="2" > figure for </bigram>
    <bigram weight="2" > we should </bigram>
    <bigram weight="2" > classic and </bigram>
    <bigram weight="2" > concord river </bigram>
    <bigram weight="2" > for in </bigram>
    <bigram weight="2" > can be </bigram>
    <bigram weight="2" > the journal </bigram>
    <bigram weight="2" > but they </bigram>
    <bigram weight="2" > paul ### </bigram>
    <bigram weight="2" > # it </bigram>
    <bigram weight="2" > ### its </bigram>
    <bigram weight="2" > of his </bigram>
    <bigram weight="2" > ### an </bigram>
    <bigram weight="2" > over the </bigram>
    <bigram weight="1" > the greatest </bigram>
    <bigram weight="1" > # i </bigram>
    <bigram weight="1" > and elevated </bigram>
    <bigram weight="1" > review the </bigram>
    <bigram weight="1" > the sluggish </bigram>
    <bigram weight="1" > than the </bigram>
    <bigram weight="1" > is mediterranean </bigram>
    <bigram weight="1" > voyage over </bigram>
    <bigram weight="1" > seeking ### </bigram>
    <bigram weight="1" > to other </bigram>
    <bigram weight="1" > appropriate to </bigram>
    <bigram weight="1" > were the </bigram>
    <bigram weight="1" > upon sea </bigram>
    <bigram weight="1" > and thoughts </bigram>
    <bigram weight="1" > us fair </bigram>
    <bigram weight="1" > perchance be </bigram>
    <bigram weight="1" > s voyage </bigram>
    <bigram weight="1" > margaret fuller </bigram>
    <bigram weight="1" > river towns </bigram>
    <bigram weight="1" > writes ### </bigram>
    <bigram weight="1" > was to </bigram>
    <bigram weight="1" > of ocean </bigram>
    <bigram weight="1" > like a </bigram>
    <bigram weight="1" > significance of </bigram>
    <bigram weight="1" > true spirit </bigram>
    <bigram weight="1" > starts down </bigram>
    <bigram weight="1" > great parent </bigram>
    <bigram weight="1" > h ### </bigram>
    <bigram weight="1" > it ### </bigram>
    <bigram weight="1" > # but </bigram>
    <bigram weight="1" > have veins </bigram>
    <bigram weight="1" > the fluency </bigram>
    <bigram weight="1" > stellar space </bigram>
    <bigram weight="1" > the following </bigram>
    <bigram weight="1" > a catalyst </bigram>
    <bigram weight="1" > appreciation of </bigram>
    <bigram weight="1" > called ### </bigram>
    <bigram weight="1" > its familiar </bigram>
    <bigram weight="1" > capacity to </bigram>
    <bigram weight="1" > in his </bigram>
    <bigram weight="1" > he goes </bigram>
    <bigram weight="1" > was so </bigram>
    <bigram weight="1" > found on </bigram>
    <bigram weight="1" > ### fuller </bigram>
    <bigram weight="1" > the merrimac </bigram>
    <bigram weight="1" > was ### </bigram>
    <bigram weight="1" > fruitful aspect </bigram>
    <bigram weight="1" > source of </bigram>
    <bigram weight="1" > do serve </bigram>
    <bigram weight="1" > apart from </bigram>
    <bigram weight="1" > died in </bigram>
    <bigram weight="1" > brother was </bigram>
    <bigram weight="1" > ### mere </bigram>
    <bigram weight="1" > a tidal </bigram>
    <bigram weight="1" > ### it </bigram>
    <bigram weight="1" > and beutiful </bigram>
    <bigram weight="1" > lost upon </bigram>
    <bigram weight="1" > cannot be </bigram>
    <bigram weight="1" > the flow </bigram>
    <bigram weight="1" > still more </bigram>
    <bigram weight="1" > it should </bigram>
    <bigram weight="1" > home ### </bigram>
    <bigram weight="1" > sub ject </bigram>
    <bigram weight="1" > primordial nature </bigram>
    <bigram weight="1" > the brink </bigram>
    <bigram weight="1" > famous ### </bigram>
    <bigram weight="1" > sion ### </bigram>
    <bigram weight="1" > the structural </bigram>
    <bigram weight="1" > such a </bigram>
    <bigram weight="1" > stepping outside </bigram>
    <bigram weight="1" > boston ### </bigram>
    <bigram weight="1" > who has </bigram>
    <bigram weight="1" > he found </bigram>
    <bigram weight="1" > in some </bigram>
    <bigram weight="1" > wednesday section </bigram>
    <bigram weight="1" > these fragments </bigram>
    <bigram weight="1" > writing the </bigram>
    <bigram weight="1" > # the </bigram>
    <bigram weight="1" > they were </bigram>
    <bigram weight="1" > born at </bigram>
    <bigram weight="1" > represent the </bigram>
    <bigram weight="1" > of richard </bigram>
    <bigram weight="1" > in favor </bigram>
    <bigram weight="1" > ### henry </bigram>
    <bigram weight="1" > younger brother </bigram>
    <bigram weight="1" > was his </bigram>
    <bigram weight="1" > the grounds </bigram>
    <bigram weight="1" > student ### </bigram>
    <bigram weight="1" > thoreau abounded </bigram>
    <bigram weight="1" > erably ### </bigram>
    <bigram weight="1" > the introductory </bigram>
    <bigram weight="1" > thought and </bigram>
    <bigram weight="1" > he knew </bigram>
    <bigram weight="1" > acute perceptions </bigram>
    <bigram weight="1" > perfect adaptation </bigram>
    <bigram weight="1" > creek within </bigram>
    <bigram weight="1" > to professor </bigram>
    <bigram weight="1" > massachusetts on </bigram>
    <bigram weight="1" > its liberating </bigram>
    <bigram weight="1" > a careful </bigram>
    <bigram weight="1" > foolishly extravagent </bigram>
    <bigram weight="1" > impressive celebration </bigram>
    <bigram weight="1" > graduate of </bigram>
    <bigram weight="1" > ### river </bigram>
    <bigram weight="1" > soul ### </bigram>
    <bigram weight="1" > an inveterate </bigram>
    <bigram weight="1" > his style </bigram>
    <bigram weight="1" > of indian </bigram>
    <bigram weight="1" > rejects the </bigram>
    <bigram weight="1" > he starts </bigram>
    <bigram weight="1" > to a </bigram>
    <bigram weight="1" > elements ### </bigram>
    <bigram weight="1" > parent ### </bigram>
    <bigram weight="1" > ### expanded </bigram>
    <bigram weight="1" > # a </bigram>
    <bigram weight="1" > ### over </bigram>
    <bigram weight="1" > passage stimulated </bigram>
    <bigram weight="1" > gainsaying that </bigram>
    <bigram weight="1" > the moment </bigram>
    <bigram weight="1" > goal of </bigram>
    <bigram weight="1" > the uncharted </bigram>
    <bigram weight="1" > run to </bigram>
    <bigram weight="1" > very first </bigram>
    <bigram weight="1" > needs and </bigram>
    <bigram weight="1" > the fact </bigram>
    <bigram weight="1" > believe ### </bigram>
    <bigram weight="1" > the concord </bigram>
    <bigram weight="1" > ### have </bigram>
    <bigram weight="1" > ### not </bigram>
    <bigram weight="1" > on may </bigram>
    <bigram weight="1" > dominating symbolic </bigram>
    <bigram weight="1" > ### wherein </bigram>
    <bigram weight="1" > ### enterprise </bigram>
    <bigram weight="1" > helped my </bigram>
    <bigram weight="1" > the best </bigram>
    <bigram weight="1" > it begins </bigram>
    <bigram weight="1" > # this </bigram>
    <bigram weight="1" > importance to </bigram>
    <bigram weight="1" > expres sion </bigram>
    <bigram weight="1" > all the </bigram>
    <bigram weight="1" > nature because </bigram>
    <bigram weight="1" > other sailor </bigram>
    <bigram weight="1" > should not </bigram>
    <bigram weight="1" > new england </bigram>
    <bigram weight="1" > companionship ### </bigram>
    <bigram weight="1" > into thought </bigram>
    <bigram weight="1" > voyage symbols </bigram>
    <bigram weight="1" > of pure </bigram>
    <bigram weight="1" > # streams </bigram>
    <bigram weight="1" > spirit ual </bigram>
    <bigram weight="1" > inveterate admirer </bigram>
    <bigram weight="1" > saw it </bigram>
    <bigram weight="1" > concord ### </bigram>
    <bigram weight="1" > uncharted element </bigram>
    <bigram weight="1" > vane would </bigram>
    <bigram weight="1" > young of </bigram>
    <bigram weight="1" > justice to </bigram>
    <bigram weight="1" > ences ### </bigram>
    <bigram weight="1" > the two </bigram>
    <bigram weight="1" > that such </bigram>
    <bigram weight="1" > minute and </bigram>
    <bigram weight="1" > are indebted </bigram>
    <bigram weight="1" > so sharply </bigram>
    <bigram weight="1" > equivalent to </bigram>
    <bigram weight="1" > shores of </bigram>
    <bigram weight="1" > more terrene </bigram>
    <bigram weight="1" > change them </bigram>
    <bigram weight="1" > in this </bigram>
    <bigram weight="1" > to link </bigram>
    <bigram weight="1" > tides as </bigram>
    <bigram weight="1" > and famous </bigram>
    <bigram weight="1" > f ### </bigram>
    <bigram weight="1" > is obscured </bigram>
    <bigram weight="1" > reminded ### </bigram>
    <bigram weight="1" > wrote ### </bigram>
    <bigram weight="1" > than change </bigram>
    <bigram weight="1" > great mental </bigram>
    <bigram weight="1" > culture ### </bigram>
    <bigram weight="1" > influence ### </bigram>
    <bigram weight="1" > continents ### </bigram>
    <bigram weight="1" > character an </bigram>
    <bigram weight="1" > of america </bigram>
    <bigram weight="1" > pond ### </bigram>
    <bigram weight="1" > meditation on </bigram>
    <bigram weight="1" > ### this </bigram>
    <bigram weight="1" > the light </bigram>
    <bigram weight="1" > s di </bigram>
    <bigram weight="1" > sherman paul </bigram>
    <bigram weight="1" > explora tory </bigram>
    <bigram weight="1" > ### cannot </bigram>
    <bigram weight="1" > his drifting </bigram>
    <bigram weight="1" > the benefi </bigram>
    <bigram weight="1" > ### concord </bigram>
    <bigram weight="1" > and set </bigram>
    <bigram weight="1" > when thoreau </bigram>
    <bigram weight="1" > towns are </bigram>
    <bigram weight="1" > seas ### </bigram>
    <bigram weight="1" > position as </bigram>
    <bigram weight="1" > to its </bigram>
    <bigram weight="1" > heavy reli </bigram>
    <bigram weight="1" > ### bonner </bigram>
    <bigram weight="1" > of spirit </bigram>
    <bigram weight="1" > deed ### </bigram>
    <bigram weight="1" > thoreau is </bigram>
    <bigram weight="1" > already alluded </bigram>
    <bigram weight="1" > travels ### </bigram>
    <bigram weight="1" > of going </bigram>
    <bigram weight="1" > never able </bigram>
    <bigram weight="1" > estuaries of </bigram>
    <bigram weight="1" > was thoroughly </bigram>
    <bigram weight="1" > going to </bigram>
    <bigram weight="1" > time will </bigram>
    <bigram weight="1" > terrene earth </bigram>
    <bigram weight="1" > the elements </bigram>
    <bigram weight="1" > the unknown </bigram>
    <bigram weight="1" > and for </bigram>
    <bigram weight="1" > rather apprehended </bigram>
    <bigram weight="1" > his profoundest </bigram>
    <bigram weight="1" > following excerpt </bigram>
    <bigram weight="1" > sort of </bigram>
    <bigram weight="1" > and at </bigram>
    <bigram weight="1" > the ocean </bigram>
    <bigram weight="1" > s heavy </bigram>
    <bigram weight="1" > emphasis consid </bigram>
    <bigram weight="1" > sharply between </bigram>
    <bigram weight="1" > which from </bigram>
    <bigram weight="1" > spirit ### </bigram>
    <bigram weight="1" > the smallest </bigram>
    <bigram weight="1" > attracted me </bigram>
    <bigram weight="1" > matter ### </bigram>
    <bigram weight="1" > lifting these </bigram>
    <bigram weight="1" > enterprise of </bigram>
    <bigram weight="1" > wave than </bigram>
    <bigram weight="1" > establishes the </bigram>
    <bigram weight="1" > fact ### </bigram>
    <bigram weight="1" > broad reach </bigram>
    <bigram weight="1" > he wrote </bigram>
    <bigram weight="1" > england streams </bigram>
    <bigram weight="1" > ject twenty </bigram>
    <bigram weight="1" > thought better </bigram>
    <bigram weight="1" > and the </bigram>
    <bigram weight="1" > his vane </bigram>
    <bigram weight="1" > outside the </bigram>
    <bigram weight="1" > such rivers </bigram>
    <bigram weight="1" > graces not </bigram>
    <bigram weight="1" > the symbol </bigram>
    <bigram weight="1" > sea maintains </bigram>
    <bigram weight="1" > i believe </bigram>
    <bigram weight="1" > stream ### </bigram>
    <bigram weight="1" > bark had </bigram>
    <bigram weight="1" > only attracted </bigram>
    <bigram weight="1" > stir the </bigram>
    <bigram weight="1" > # time </bigram>
    <bigram weight="1" > at the </bigram>
    <bigram weight="1" > but helped </bigram>
    <bigram weight="1" > had a </bigram>
    <bigram weight="1" > liberate him </bigram>
    <bigram weight="1" > # ## </bigram>
    <bigram weight="1" > famous and </bigram>
    <bigram weight="1" > our attention </bigram>
    <bigram weight="1" > more famous </bigram>
    <bigram weight="1" > me to </bigram>
    <bigram weight="1" > relics and </bigram>
    <bigram weight="1" > channel to </bigram>
    <bigram weight="1" > wholly beneficient </bigram>
    <bigram weight="1" > in nature </bigram>
    <bigram weight="1" > the hint </bigram>
    <bigram weight="1" > introductory chapter </bigram>
    <bigram weight="1" > i have </bigram>
    <bigram weight="1" > could read </bigram>
    <bigram weight="1" > ance upon </bigram>
    <bigram weight="1" > america do </bigram>
    <bigram weight="1" > with stellar </bigram>
    <bigram weight="1" > sntered in </bigram>
    <bigram weight="1" > be understood </bigram>
    <bigram weight="1" > by and </bigram>
    <bigram weight="1" > because thoreau </bigram>
    <bigram weight="1" > ## note </bigram>
    <bigram weight="1" > thoroughly unselfish </bigram>
    <bigram weight="1" > ### nor </bigram>
    <bigram weight="1" > comment ## </bigram>
    <bigram weight="1" > journey ### </bigram>
    <bigram weight="1" > because his </bigram>
    <bigram weight="1" > is more </bigram>
    <bigram weight="1" > s sea </bigram>
    <bigram weight="1" > superior ### </bigram>
    <bigram weight="1" > of human </bigram>
    <bigram weight="1" > only run </bigram>
    <bigram weight="1" > first meditation </bigram>
    <bigram weight="1" > critical knowledge </bigram>
    <bigram weight="1" > channel conducts </bigram>
    <bigram weight="1" > beneficient ### </bigram>
    <bigram weight="1" > the ### </bigram>
    <bigram weight="1" > ### primordial </bigram>
    <bigram weight="1" > and flow </bigram>
    <bigram weight="1" > lhe river </bigram>
    <bigram weight="1" > a style </bigram>
    <bigram weight="1" > they are </bigram>
    <bigram weight="1" > led me </bigram>
    <bigram weight="1" > through the </bigram>
    <bigram weight="1" > be in </bigram>
    <bigram weight="1" > clip out </bigram>
    <bigram weight="1" > ### may </bigram>
    <bigram weight="1" > its way </bigram>
    <bigram weight="1" > do justice </bigram>
    <bigram weight="1" > thoreau gave </bigram>
    <bigram weight="1" > fragments from </bigram>
    <bigram weight="1" > my education </bigram>
    <bigram weight="1" > civilization in </bigram>
    <bigram weight="1" > at cambridge </bigram>
    <bigram weight="1" > ### camping </bigram>
    <bigram weight="1" > smaller ocean </bigram>
    <bigram weight="1" > ### then </bigram>
    <bigram weight="1" > richard f </bigram>
    <bigram weight="1" > best comment </bigram>
    <bigram weight="1" > thoughts are </bigram>
    <bigram weight="1" > s spiritual </bigram>
    <bigram weight="1" > practical appreciation </bigram>
    <bigram weight="1" > not lost </bigram>
    <bigram weight="1" > twenty years </bigram>
    <bigram weight="1" > ### were </bigram>
    <bigram weight="1" > ### by </bigram>
    <bigram weight="1" > the first </bigram>
    <bigram weight="1" > # thus </bigram>
    <bigram weight="1" > find not </bigram>
    <bigram weight="1" > concerned with </bigram>
    <bigram weight="1" > to whom </bigram>
    <bigram weight="1" > might not </bigram>
    <bigram weight="1" > high culture </bigram>
    <bigram weight="1" > do not </bigram>
    <bigram weight="1" > more intimately </bigram>
    <bigram weight="1" > ### truly </bigram>
    <bigram weight="1" > her fleeting </bigram>
    <bigram weight="1" > finds ### </bigram>
    <bigram weight="1" > thought ### </bigram>
    <bigram weight="1" > has seen </bigram>
    <bigram weight="1" > for inner </bigram>
    <bigram weight="1" > be concerned </bigram>
    <bigram weight="1" > more massive </bigram>
    <bigram weight="1" > willard h </bigram>
    <bigram weight="1" > journal of </bigram>
    <bigram weight="1" > static lake </bigram>
    <bigram weight="1" > and experi </bigram>
    <bigram weight="1" > winding river </bigram>
    <bigram weight="1" > itself might </bigram>
    <bigram weight="1" > ### too </bigram>
    <bigram weight="1" > him ### </bigram>
    <bigram weight="1" > ## have </bigram>
    <bigram weight="1" > gives us </bigram>
    <bigram weight="1" > not forget </bigram>
    <bigram weight="1" > ocean stream </bigram>
    <bigram weight="1" > power ### </bigram>
    <bigram weight="1" > his very </bigram>
    <bigram weight="1" > unknown ### </bigram>
    <bigram weight="1" > down the </bigram>
    <bigram weight="1" > professor paul </bigram>
    <bigram weight="1" > a smaller </bigram>
    <bigram weight="1" > the indian </bigram>
    <bigram weight="1" > style appropriate </bigram>
    <bigram weight="1" > symbolism of </bigram>
    <bigram weight="1" > more like </bigram>
    <bigram weight="1" > earth ### </bigram>
    <bigram weight="1" > ### are </bigram>
    <bigram weight="1" > writes that </bigram>
    <bigram weight="1" > fact is </bigram>
    <bigram weight="1" > this is </bigram>
    <bigram weight="1" > his boat </bigram>
    <bigram weight="1" > excerpt from </bigram>
    <bigram weight="1" > was the </bigram>
    <bigram weight="1" > gold ### </bigram>
    <bigram weight="1" > ### furnished </bigram>
    <bigram weight="1" > he gives </bigram>
    <bigram weight="1" > his symbolism </bigram>
    <bigram weight="1" > deal of </bigram>
    <bigram weight="1" > metaphor of </bigram>
    <bigram weight="1" > elo quent </bigram>
    <bigram weight="1" > merrimac and </bigram>
    <bigram weight="1" > brink of </bigram>
    <bigram weight="1" > we are </bigram>
    <bigram weight="1" > also ### </bigram>
    <bigram weight="1" > cambridge ### </bigram>
    <bigram weight="1" > ### amous </bigram>
    <bigram weight="1" > expanded and </bigram>
    <bigram weight="1" > to review </bigram>
    <bigram weight="1" > highway to </bigram>
    <bigram weight="1" > the terrify </bigram>
    <bigram weight="1" > controlling figure </bigram>
    <bigram weight="1" > tidal wave </bigram>
    <bigram weight="1" > found something </bigram>
    <bigram weight="1" > i thought </bigram>
    <bigram weight="1" > voyage ### </bigram>
    <bigram weight="1" > wafted by </bigram>
    <bigram weight="1" > begins with </bigram>
    <bigram weight="1" > veins of </bigram>
    <bigram weight="1" > streams in </bigram>
    <bigram weight="1" > unsaid ### </bigram>
    <bigram weight="1" > closer examination </bigram>
    <bigram weight="1" > routes for </bigram>
    <bigram weight="1" > some merrimac </bigram>
    <bigram weight="1" > to all </bigram>
    <bigram weight="1" > to thoreau </bigram>
    <bigram weight="1" > its expres </bigram>
    <bigram weight="1" > from his </bigram>
    <bigram weight="1" > the opposite </bigram>
    <bigram weight="1" > a highway </bigram>
    <bigram weight="1" > that ### </bigram>
    <bigram weight="1" > mediterranean sea </bigram>
    <bigram weight="1" > even the </bigram>
    <bigram weight="1" > ual seeking </bigram>
    <bigram weight="1" > imaginable routes </bigram>
    <bigram weight="1" > a static </bigram>
    <bigram weight="1" > oceanic ### </bigram>
    <bigram weight="1" > indebted to </bigram>
    <bigram weight="1" > july ## </bigram>
    <bigram weight="1" > it might </bigram>
    <bigram weight="1" > he ends </bigram>
    <bigram weight="1" > thoreau later </bigram>
    <bigram weight="1" > as he </bigram>
    <bigram weight="1" > for thought </bigram>
    <bigram weight="1" > way ### </bigram>
    <bigram weight="1" > ### whose </bigram>
    <bigram weight="1" > the revela </bigram>
    <bigram weight="1" > and dominating </bigram>
    <bigram weight="1" > bonner when </bigram>
    <bigram weight="1" > concord for </bigram>
    <bigram weight="1" > printed in </bigram>
    <bigram weight="1" > along with </bigram>
    <bigram weight="1" > conform to </bigram>
    <bigram weight="1" > liberating influence </bigram>
    <bigram weight="1" > trip on </bigram>
    <bigram weight="1" > is no </bigram>
    <bigram weight="1" > sea by </bigram>
    <bigram weight="1" > felt at </bigram>
    <bigram weight="1" > nautical language </bigram>
    <bigram weight="1" > ### sincere </bigram>
    <bigram weight="1" > own italics </bigram>
    <bigram weight="1" > river in </bigram>
    <bigram weight="1" > opposite quarter </bigram>
    <bigram weight="1" > might also </bigram>
    <bigram weight="1" > thus it </bigram>
    <bigram weight="1" > down its </bigram>
    <bigram weight="1" > than a </bigram>
    <bigram weight="1" > however ### </bigram>
    <bigram weight="1" > to culture </bigram>
    <bigram weight="1" > a source </bigram>
    <bigram weight="1" > of high </bigram>
    <bigram weight="1" > to his </bigram>
    <bigram weight="1" > that there </bigram>
    <bigram weight="1" > from ### </bigram>
    <bigram weight="1" > their rivers </bigram>
    <bigram weight="1" > reli ance </bigram>
    <bigram weight="1" > ends ### </bigram>
    <bigram weight="1" > our bodies </bigram>
    <bigram weight="1" > sounded ### </bigram>
    <bigram weight="1" > with a </bigram>
    <bigram weight="1" > l ### </bigram>
    <bigram weight="1" > probing and </bigram>
    <bigram weight="1" > of some </bigram>
    <bigram weight="1" > ### young </bigram>
    <bigram weight="1" > so because </bigram>
    <bigram weight="1" > river symbolism </bigram>
    <bigram weight="1" > the interests </bigram>
    <bigram weight="1" > of her </bigram>
    <bigram weight="1" > experi ences </bigram>
    <bigram weight="1" > and searching </bigram>
    <bigram weight="1" > by a </bigram>
    <bigram weight="1" > tory journey </bigram>
    <bigram weight="1" > richard l </bigram>
    <bigram weight="1" > two in </bigram>
    <bigram weight="1" > was born </bigram>
    <bigram weight="1" > indian relics </bigram>
    <bigram weight="1" > consid erably </bigram>
    <bigram weight="1" > feeling for </bigram>
    <bigram weight="1" > is probing </bigram>
    <bigram weight="1" > should conform </bigram>
    <bigram weight="1" > he is </bigram>
    <bigram weight="1" > in paradox </bigram>
    <bigram weight="1" > inoreau ### </bigram>
    <bigram weight="1" > the asiatic </bigram>
    <bigram weight="1" > whose bark </bigram>
    <bigram weight="1" > as estuaries </bigram>
    <bigram weight="1" > natural bent </bigram>
    <bigram weight="1" > specifically rejects </bigram>
    <bigram weight="1" > human fancy </bigram>
    <bigram weight="1" > the useful </bigram>
    <bigram weight="1" > if we </bigram>
    <bigram weight="1" > a river </bigram>
    <bigram weight="1" > the depths </bigram>
    <bigram weight="1" > before he </bigram>
    <bigram weight="1" > merges the </bigram>
    <bigram weight="1" > art is </bigram>
    <bigram weight="1" > benefi cence </bigram>
    <bigram weight="1" > of companionship </bigram>
    <bigram weight="1" > di mensions </bigram>
    <bigram weight="1" > and pond </bigram>
    <bigram weight="1" > perceptions ### </bigram>
    <bigram weight="1" > boat to </bigram>
    <bigram weight="1" > us the </bigram>
    <bigram weight="1" > quests and </bigram>
    <bigram weight="1" > the affairs </bigram>
    <bigram weight="1" > # inoreau </bigram>
    <bigram weight="1" > apprehended the </bigram>
    <bigram weight="1" > his conversation </bigram>
    <bigram weight="1" > snug harbor </bigram>
    <bigram weight="1" > ### along </bigram>
    <bigram weight="1" > as our </bigram>
    <bigram weight="1" > the savage </bigram>
    <bigram weight="1" > structural metaphor </bigram>
    <bigram weight="1" > depths ### </bigram>
    <bigram weight="1" > varying ways </bigram>
    <bigram weight="1" > hint that </bigram>
    <bigram weight="1" > his ### </bigram>
    <bigram weight="1" > so even </bigram>
    <bigram weight="1" > describing the </bigram>
    <bigram weight="1" > aspect of </bigram>
    <bigram weight="1" > between thoreau </bigram>
    <bigram weight="1" > camping in </bigram>
    <bigram weight="1" > ### down </bigram>
    <bigram weight="1" > around and </bigram>
    <bigram weight="1" > classic seas </bigram>
    <bigram weight="1" > and sntered </bigram>
    <bigram weight="1" > an explora </bigram>
    <bigram weight="1" > and preserve </bigram>
    <bigram weight="1" > s younger </bigram>
    <bigram weight="1" > as an </bigram>
    <bigram weight="1" > write ### </bigram>
    <bigram weight="1" > adjust the </bigram>
    <bigram weight="1" > upon our </bigram>
    <bigram weight="1" > sincere ### </bigram>
    <bigram weight="1" > rather than </bigram>
    <bigram weight="1" > his books </bigram>
    <bigram weight="1" > preserve his </bigram>
    <bigram weight="1" > providing imaginable </bigram>
    <bigram weight="1" > his humor </bigram>
    <bigram weight="1" > ### for </bigram>
    <bigram weight="1" > be strength </bigram>
    <bigram weight="1" > a fruitful </bigram>
    <bigram weight="1" > long boat </bigram>
    <bigram weight="1" > me but </bigram>
    <bigram weight="1" > wayland ### </bigram>
    <bigram weight="1" > the elo </bigram>
    <bigram weight="1" > of opinion </bigram>
    <bigram weight="1" > ### like </bigram>
    <bigram weight="1" > book and </bigram>
    <bigram weight="1" > quarter if </bigram>
    <bigram weight="1" > his statements </bigram>
    <bigram weight="1" > and voyage </bigram>
    <bigram weight="1" > were led </bigram>
    <bigram weight="1" > the time </bigram>
    <bigram weight="1" > are oceanic </bigram>
    <bigram weight="1" > greatest importance </bigram>
    <bigram weight="1" > # in </bigram>
    <bigram weight="1" > ways ### </bigram>
    <bigram weight="1" > of thought </bigram>
    <bigram weight="1" > mensions ### </bigram>
    <bigram weight="1" > ### more </bigram>
    <bigram weight="1" > his minute </bigram>
    <bigram weight="1" > fleeting graces </bigram>
    <bigram weight="1" > link up </bigram>
    <bigram weight="1" > the placid </bigram>
    <bigram weight="1" > favor of </bigram>
    <bigram weight="1" > bent rather </bigram>
    <bigram weight="1" > of writing </bigram>
    <bigram weight="1" > be the </bigram>
    <bigram weight="1" > the real </bigram>
    <bigram weight="1" > is suggesting </bigram>
    <bigram weight="1" > ### otherness </bigram>
    <bigram weight="1" > this merging </bigram>
    <bigram weight="1" > a goal </bigram>
    <bigram weight="1" > deal to </bigram>
    <bigram weight="1" > ocean creek </bigram>
    <bigram weight="1" > doxes ### </bigram>
    <bigram weight="1" > necessary ### </bigram>
    <bigram weight="1" > intimately versed </bigram>
    <bigram weight="1" > affairs of </bigram>
    <bigram weight="1" > allies him </bigram>
    <bigram weight="1" > whom i </bigram>
    <bigram weight="1" > # for </bigram>
    <bigram weight="1" > was never </bigram>
    <bigram weight="1" > thought is </bigram>
    <bigram weight="1" > world should </bigram>
    <bigram weight="1" > and classic </bigram>
    <bigram weight="1" > ocean voyage </bigram>
    <bigram weight="1" > american than </bigram>
    <bigram weight="1" > abounded in </bigram>
    <bigram weight="1" > # we </bigram>
    <bigram weight="1" > asiatic ### </bigram>
    <bigram weight="1" > furnished me </bigram>
    <bigram weight="1" > of concord </bigram>
    <bigram weight="1" > appreciation and </bigram>
    <bigram weight="1" > us ### </bigram>
    <bigram weight="1" > alluded ### </bigram>
    <bigram weight="1" > and travels </bigram>
    <bigram weight="1" > not do </bigram>
    <bigram weight="1" > by describing </bigram>
    <bigram weight="1" > moment ### </bigram>
    <bigram weight="1" > the recollections </bigram>
    <bigram weight="1" > fancy ### </bigram>
    <bigram weight="1" > chapter establishes </bigram>
    <bigram weight="1" > the controlling </bigram>
    <bigram weight="1" > grounds of </bigram>
    <bigram weight="1" > ports ### </bigram>
    <bigram weight="1" > the perfect </bigram>
    <bigram weight="1" > wherein thoreau </bigram>
    <bigram weight="1" > the whole </bigram>
    <bigram weight="1" > land ### </bigram>
    <bigram weight="1" > para doxes </bigram>
    <bigram weight="1" > recollections of </bigram>
    <bigram weight="1" > and allies </bigram>
    <bigram weight="1" > statements ### </bigram>
    <bigram weight="1" > by their </bigram>
    <bigram weight="1" > sea were </bigram>
    <bigram weight="1" > ### even </bigram>
    <bigram weight="1" > language sounded </bigram>
    <bigram weight="1" > a college </bigram>
    <bigram weight="1" > spiritual power </bigram>
    <bigram weight="1" > it necessary </bigram>
    <bigram weight="1" > the land </bigram>
    <bigram weight="1" > s art </bigram>
    <bigram weight="1" > inevitable returning </bigram>
    <bigram weight="1" > in boston </bigram>
    <bigram weight="1" > adaptation of </bigram>
    <bigram weight="1" > this i </bigram>
    <bigram weight="1" > the north </bigram>
    <bigram weight="1" > before ### </bigram>
    <bigram weight="1" > sailor ### </bigram>
    <bigram weight="1" > of way </bigram>
    <bigram weight="1" > in fact </bigram>
    <bigram weight="1" > the long </bigram>
    <bigram weight="1" > amous ports </bigram>
    <bigram weight="1" > and history </bigram>
    <bigram weight="1" > ### privately </bigram>
    <bigram weight="1" > and it </bigram>
    <bigram weight="1" > he specifically </bigram>
    <bigram weight="1" > inner quests </bigram>
    <bigram weight="1" > and when </bigram>
    <bigram weight="1" > an inevitable </bigram>
    <bigram weight="1" > s most </bigram>
    <bigram weight="1" > even before </bigram>
    <bigram weight="1" > lake ### </bigram>
    <bigram weight="1" > are also </bigram>
    <bigram weight="1" > the wednesday </bigram>
    <bigram weight="1" > extravagent as </bigram>
    <bigram weight="1" > equated as </bigram>
    <bigram weight="1" > mental depths </bigram>
    <bigram weight="1" > so foolishly </bigram>
    <bigram weight="1" > of what </bigram>
    <bigram weight="1" > then ### </bigram>
    <bigram weight="1" > unselfish ### </bigram>
    <bigram weight="1" > by closer </bigram>
    <bigram weight="1" > massachusetts ### </bigram>
    <bigram weight="1" > history he </bigram>
    <bigram weight="1" > purpose of </bigram>
    <bigram weight="1" > space ### </bigram>
    <bigram weight="1" > in thoreau </bigram>
    <bigram weight="1" > something equivalent </bigram>
    <bigram weight="1" > streams itself </bigram>
    <bigram weight="1" > not be </bigram>
    <bigram weight="1" > only writer </bigram>
    <bigram weight="1" > # margaret </bigram>
    <bigram weight="1" > eye and </bigram>
    <bigram weight="1" > element providing </bigram>
    <bigram weight="1" > most impressive </bigram>
    <bigram weight="1" > and civilization </bigram>
    <bigram weight="1" > paul finds </bigram>
    <bigram weight="1" > them ### </bigram>
    <bigram weight="1" > boat trip </bigram>
    <bigram weight="1" > a figure </bigram>
    <bigram weight="1" > stimulated by </bigram>
    <bigram weight="1" > his thoughts </bigram>
    <bigram weight="1" > ebb and </bigram>
    <bigram weight="1" > italics are </bigram>
    <bigram weight="1" > ### perchance </bigram>
    <bigram weight="1" > cence of </bigram>
    <bigram weight="1" > thoughts as </bigram>
    <bigram weight="1" > symbol of </bigram>
    <bigram weight="1" > over great </bigram>
    <bigram weight="1" > and critical </bigram>
    <bigram weight="1" > in it </bigram>
    <bigram weight="1" > upon us </bigram>
    <bigram weight="1" > his practical </bigram>
    <bigram weight="1" > ### through </bigram>
    <bigram weight="1" > gave us </bigram>
    <bigram weight="1" > end of </bigram>
    <bigram weight="1" > and sea </bigram>
    <bigram weight="1" > time of </bigram>
    <bigram weight="1" > are ### </bigram>
    <bigram weight="1" > writer on </bigram>
    <bigram weight="1" > which i </bigram>
    <bigram weight="1" > the matter </bigram>
    <bigram weight="1" > # sherman </bigram>
    <bigram weight="1" > book ### </bigram>
    <bigram weight="1" > forget ### </bigram>
    <bigram weight="1" > that thoreau </bigram>
    <bigram weight="1" > education ### </bigram>
    <bigram weight="1" > be reminded </bigram>
    <bigram weight="1" > his nautical </bigram>
    <bigram weight="1" > make the </bigram>
    <bigram weight="1" > ### forced </bigram>
    <bigram weight="1" > sense of </bigram>
    <bigram weight="1" > is thus </bigram>
    <bigram weight="1" > strength ened </bigram>
    <bigram weight="1" > privately printed </bigram>
    <bigram weight="1" > ### eye </bigram>
    <bigram weight="1" > and died </bigram>
    <bigram weight="1" > i saw </bigram>
    <bigram weight="1" > led ### </bigram>
    <bigram weight="1" > their capacity </bigram>
    <bigram weight="1" > try to </bigram>
    <bigram weight="1" > on thoreau </bigram>
    <bigram weight="1" > thus superior </bigram>
    <bigram weight="1" > later felt </bigram>
    <bigram weight="1" > symbols of </bigram>
    <bigram weight="1" > stream is </bigram>
    <bigram weight="1" > symbolic position </bigram>
    <bigram weight="1" > are winged </bigram>
    <bigram weight="1" > within the </bigram>
    <bigram weight="1" > refined ### </bigram>
    <bigram weight="1" > able to </bigram>
    <bigram weight="1" > no gainsaying </bigram>
    <bigram weight="1" > the shores </bigram>
    <bigram weight="1" > him from </bigram>
    <bigram weight="1" > river was </bigram>
    <bigram weight="1" > perchance ### </bigram>
    <bigram weight="1" > ### flowing </bigram>
    <bigram weight="1" > suggesting that </bigram>
    <bigram weight="1" > in their </bigram>
    <bigram weight="1" > probably clip </bigram>
    <bigram weight="1" > pure gold </bigram>
    <bigram weight="1" > henry thoreau </bigram>
    <bigram weight="1" > seen the </bigram>
    <bigram weight="1" > by willard </bigram>
    <bigram weight="1" > be wafted </bigram>
    <bigram weight="1" > way classic </bigram>
    <bigram weight="1" > some other </bigram>
    <bigram weight="1" > ing ### </bigram>
    <bigram weight="1" > flowing river </bigram>
    <bigram weight="1" > and thoreau </bigram>
    <bigram weight="1" > indian over </bigram>
    <bigram weight="1" > his natural </bigram>
    <bigram weight="1" > an ocean </bigram>
    <bigram weight="1" > careful student </bigram>
    <bigram weight="1" > ploughed ### </bigram>
    <bigram weight="1" > understood as </bigram>
    <bigram weight="1" > to stir </bigram>
    <bigram weight="1" > the end </bigram>
    <bigram weight="1" > celebration of </bigram>
    <bigram weight="1" > is that </bigram>
    <bigram weight="1" > journal for </bigram>
    <bigram weight="1" > conversation ### </bigram>
    <bigram weight="1" > ocean tides </bigram>
    <bigram weight="1" > would whip </bigram>
    <bigram weight="1" > searching for </bigram>
    <bigram weight="1" > thoreau merges </bigram>
    <bigram weight="1" > bodies to </bigram>
    <bigram weight="1" > to sea </bigram>
    <bigram weight="1" > a broad </bigram>
    <bigram weight="1" > knew was </bigram>
    <bigram weight="1" > sluggish concord </bigram>
    <bigram weight="1" > in deed </bigram>
    <bigram weight="1" > nor his </bigram>
    <bigram weight="1" > note ### </bigram>
    <bigram weight="1" > his para </bigram>
    <bigram weight="1" > # both </bigram>
    <bigram weight="1" > rivers liberate </bigram>
    <bigram weight="1" > ## lifting </bigram>
    <bigram weight="1" > ### writes </bigram>
    <bigram weight="1" > cod the </bigram>
    <bigram weight="1" > college graduate </bigram>
    <bigram weight="1" > also perchance </bigram>
    <bigram weight="1" > beutiful sense </bigram>
    <bigram weight="1" > fluency of </bigram>
    <bigram weight="1" > in varying </bigram>
    <bigram weight="1" > if the </bigram>
    <bigram weight="1" > ### stepping </bigram>
    <bigram weight="1" > whole story </bigram>
    <bigram weight="1" > ened by </bigram>
    <bigram weight="1" > towns ### </bigram>
    <bigram weight="1" > books ### </bigram>
    <bigram weight="1" > set in </bigram>
    <bigram weight="1" > will probably </bigram>
    <bigram weight="1" > he could </bigram>
    <bigram weight="1" > a true </bigram>
    <bigram weight="1" > ### both </bigram>
    <bigram weight="1" > elevated ### </bigram>
    <bigram weight="1" > this was </bigram>
    <bigram weight="1" > rivers is </bigram>
    <bigram weight="1" > returning home </bigram>
    <bigram weight="1" > massive ebb </bigram>
    <bigram weight="1" > catalyst of </bigram>
    <bigram weight="1" > the great </bigram>
    <bigram weight="1" > humor ### </bigram>
    <bigram weight="1" > s acute </bigram>
    <bigram weight="1" > fair warning </bigram>
    <bigram weight="1" > familiar and </bigram>
    <bigram weight="1" > otherness ### </bigram>
    <bigram weight="1" > drifting sort </bigram>
    <bigram weight="1" > his own </bigram>
    <bigram weight="1" > story ### </bigram>
    <bigram weight="1" > light of </bigram>
    <bigram weight="1" > better unsaid </bigram>
    <bigram weight="1" > but still </bigram>
    <bigram weight="1" > examination of </bigram>
    <bigram weight="1" > ### however </bigram>
    <bigram weight="1" > the high </bigram>
    <bigram weight="1" > they do </bigram>
    <bigram weight="1" > first chapter </bigram>
    <bigram weight="1" > real significance </bigram>
    <bigram weight="1" > there he </bigram>
    <bigram weight="1" > thoreau who </bigram>
    <bigram weight="1" > nature as </bigram>
    <bigram weight="1" > week for </bigram>
    <bigram weight="1" > river is </bigram>
    <bigram weight="1" > serve to </bigram>
    <bigram weight="1" > obscured if </bigram>
    <bigram weight="1" > winged towns </bigram>
    <bigram weight="1" > we try </bigram>
    <bigram weight="1" > not to </bigram>
    <bigram weight="1" > a soul </bigram>
    <bigram weight="1" > nice appreciation </bigram>
    <bigram weight="1" > maintains its </bigram>
    <bigram weight="1" > as symbols </bigram>
    <bigram weight="1" > out his </bigram>
    <bigram weight="1" > truly refined </bigram>
    <bigram weight="1" > and ### </bigram>
    <bigram weight="1" > ### such </bigram>
    <bigram weight="1" > the only </bigram>
    <bigram weight="1" > reach of </bigram>
    <bigram weight="1" > versed in </bigram>
    <bigram weight="1" > are not </bigram>
    <bigram weight="1" > distinguish so </bigram>
    <bigram weight="1" > placid new </bigram>
    <bigram weight="1" > have found </bigram>
    <bigram weight="1" > forced upon </bigram>
    <bigram weight="1" > with ### </bigram>
    <bigram weight="1" > in wayland </bigram>
    <bigram weight="1" > what thoreau </bigram>
    <bigram weight="1" > other continents </bigram>
    <bigram weight="1" > too ### </bigram>
    <bigram weight="1" > his nice </bigram>
    <bigram weight="1" > nature apart </bigram>
    <bigram weight="1" > be equated </bigram>
    <bigram weight="1" > tion that </bigram>
    <bigram weight="1" > symbolism and </bigram>
    <bigram weight="1" > useful ### </bigram>
    <bigram weight="1" > the emphasis </bigram>
    <bigram weight="1" > a winding </bigram>
    <bigram weight="1" > revela tion </bigram>
    <bigram weight="1" > for july </bigram>
    <bigram weight="1" > our thoughts </bigram>
    <bigram weight="1" > smallest stream </bigram>
    <bigram weight="1" > depths of </bigram>
    <bigram weight="1" > warning that </bigram>
    <bigram weight="1" > culture and </bigram>
    <bigram weight="1" > mere is </bigram>
    <bigram weight="1" > paradox ### </bigram>
    <bigram weight="1" > up with </bigram>
    <bigram weight="1" > were wholly </bigram>
    <bigram weight="1" > quent passage </bigram>
    <bigram weight="1" > north american </bigram>
    <bigram weight="1" > me with </bigram>
    <bigram weight="1" > to classic </bigram>
    <bigram weight="1" > which can </bigram>
    <bigram weight="1" > find it </bigram>
    <bigram weight="1" > knowledge of </bigram>
    <bigram weight="1" > week they </bigram>
    <bigram weight="1" > to make </bigram>
    <bigram weight="1" > when paul </bigram>
    <bigram weight="1" > profoundest needs </bigram>
    <bigram weight="1" > years before </bigram>
    <bigram weight="1" > harbor ### </bigram>
    <bigram weight="1" > to distinguish </bigram>
    <bigram weight="1" > and into </bigram>
    <bigram weight="1" > thoughts ### </bigram>
    <bigram weight="1" > opinion rather </bigram>
    <bigram weight="1" > this led </bigram>
    <bigram weight="1" > terrify ing </bigram>
    <bigram weight="1" > at cape </bigram>
    <bigram weight="1" > sailing by </bigram>
    <bigram weight="1" > # of </bigram>
    <bigram weight="1" > symbols ### </bigram>
    <bigram weight="1" > merrimac snug </bigram>
    <bigram weight="1" > read ### </bigram>
    <bigram weight="1" > # lhe </bigram>
    <bigram weight="1" > cape cod </bigram>
    <bigram weight="1" > had ploughed </bigram>
    <bigram weight="1" > have already </bigram>
    <bigram weight="1" > admirer ### </bigram>
    <bigram weight="1" > to adjust </bigram>
    <bigram weight="1" > book was </bigram>
    <bigram weight="1" > whip around </bigram>
    <bigram weight="1" > paul goes </bigram>
    <bigram weight="1" > of a </bigram>
    <bigram weight="1" > merging the </bigram>
    <bigram weight="1" > high purpose </bigram>
    <bigram weight="1" > paul writes </bigram>
    <bigram weight="1" > interests of </bigram>
    <bigram weight="1" > to write </bigram>
    <bigram weight="1" > conducts our </bigram>
    <bigram weight="1" > sea and </bigram>
    <bigram weight="1" > they can </bigram>
    <bigram weight="1" > ### sailing </bigram>
    <bigram weight="1" > he had </bigram>
    <bigram weight="1" > and a </bigram>
    <bigram weight="1" > to richard </bigram>
    <bigram weight="1" > savage character </bigram>
    <bigram weight="1" > chapter called </bigram>
    <bigram weight="1" > style ### </bigram>
    <bigram weight="1" > s feeling </bigram>
    <bigram weight="1" > to represent </bigram>
    <bigram weight="1" > its ### </bigram>
    <bigram weight="1" > the sub </bigram>
    <bigram weight="1" > # they </bigram>
    <bigram weight="1" > it was </bigram>
    <bigram weight="1" > week he </bigram>
    <bigram weight="1" > section of </bigram>
    <bigram weight="1" > attention as </bigram>
    <bigram weight="1" > like his </bigram>
</article>
