<?xml version="1.0" encoding="UTF-8"?>
<article id="10.2307/23394637" >
    <bigram weight="41" > ### # </bigram>
    <bigram weight="27" > ### s </bigram>
    <bigram weight="23" > ### ### </bigram>
    <bigram weight="16" > week ### </bigram>
    <bigram weight="15" > good week </bigram>
    <bigram weight="15" > ## ### </bigram>
    <bigram weight="14" > thoreau ### </bigram>
    <bigram weight="13" > of the </bigram>
    <bigram weight="13" > # ### </bigram>
    <bigram weight="11" > the ### </bigram>
    <bigram weight="10" > ### good </bigram>
    <bigram weight="10" > ### ## </bigram>
    <bigram weight="9" > in the </bigram>
    <bigram weight="8" > ### the </bigram>
    <bigram weight="8" > fuller ### </bigram>
    <bigram weight="7" > in his </bigram>
    <bigram weight="7" > ### and </bigram>
    <bigram weight="7" > book ### </bigram>
    <bigram weight="7" > to the </bigram>
    <bigram weight="7" > ### in </bigram>
    <bigram weight="7" > on the </bigram>
    <bigram weight="6" > paper ### </bigram>
    <bigram weight="6" > pencilled paper </bigram>
    <bigram weight="5" > reference to </bigram>
    <bigram weight="5" > that the </bigram>
    <bigram weight="5" > margaret fuller </bigram>
    <bigram weight="5" > margaret ### </bigram>
    <bigram weight="5" > a week </bigram>
    <bigram weight="4" > that margaret </bigram>
    <bigram weight="4" > ### that </bigram>
    <bigram weight="4" > the concord </bigram>
    <bigram weight="4" > concord and </bigram>
    <bigram weight="4" > merrimack rivers </bigram>
    <bigram weight="4" > emerson ### </bigram>
    <bigram weight="4" > of a </bigram>
    <bigram weight="4" > ### thoreau </bigram>
    <bigram weight="4" > october ## </bigram>
    <bigram weight="4" > the good </bigram>
    <bigram weight="4" > # in </bigram>
    <bigram weight="4" > as a </bigram>
    <bigram weight="4" > and merrimack </bigram>
    <bigram weight="3" > first book </bigram>
    <bigram weight="3" > ### margaret </bigram>
    <bigram weight="3" > s letter </bigram>
    <bigram weight="3" > to a </bigram>
    <bigram weight="3" > ## and </bigram>
    <bigram weight="3" > ### as </bigram>
    <bigram weight="3" > edition of </bigram>
    <bigram weight="3" > s ### </bigram>
    <bigram weight="3" > ### by </bigram>
    <bigram weight="3" > # thus </bigram>
    <bigram weight="3" > to thoreau </bigram>
    <bigram weight="3" > rivers ### </bigram>
    <bigram weight="3" > s reference </bigram>
    <bigram weight="3" > ### pencilled </bigram>
    <bigram weight="3" > records of </bigram>
    <bigram weight="3" > ### october </bigram>
    <bigram weight="3" > ### it </bigram>
    <bigram weight="3" > that ### </bigram>
    <bigram weight="3" > week on </bigram>
    <bigram weight="3" > place ### </bigram>
    <bigram weight="3" > in a </bigram>
    <bigram weight="2" > the rivers </bigram>
    <bigram weight="2" > little room </bigram>
    <bigram weight="2" > about the </bigram>
    <bigram weight="2" > the princeton </bigram>
    <bigram weight="2" > suggests that </bigram>
    <bigram weight="2" > ### on </bigram>
    <bigram weight="2" > ### records </bigram>
    <bigram weight="2" > the manuscript </bigram>
    <bigram weight="2" > in ## </bigram>
    <bigram weight="2" > ### not </bigram>
    <bigram weight="2" > the paper </bigram>
    <bigram weight="2" > concord ### </bigram>
    <bigram weight="2" > evidence that </bigram>
    <bigram weight="2" > ### emerson </bigram>
    <bigram weight="2" > ### to </bigram>
    <bigram weight="2" > the emersons </bigram>
    <bigram weight="2" > ### fuller </bigram>
    <bigram weight="2" > canby ### </bigram>
    <bigram weight="2" > henry ### </bigram>
    <bigram weight="2" > s pencilled </bigram>
    <bigram weight="2" > he was </bigram>
    <bigram weight="2" > room ### </bigram>
    <bigram weight="2" > the first </bigram>
    <bigram weight="2" > do not </bigram>
    <bigram weight="2" > was already </bigram>
    <bigram weight="2" > ## thoreau </bigram>
    <bigram weight="2" > was not </bigram>
    <bigram weight="2" > # thoreau </bigram>
    <bigram weight="2" > a book </bigram>
    <bigram weight="2" > emersons ### </bigram>
    <bigram weight="2" > letter to </bigram>
    <bigram weight="2" > henry thoreau </bigram>
    <bigram weight="2" > have seen </bigram>
    <bigram weight="2" > ### their </bigram>
    <bigram weight="2" > ### for </bigram>
    <bigram weight="2" > saturday ### </bigram>
    <bigram weight="2" > draft of </bigram>
    <bigram weight="2" > ### one </bigram>
    <bigram weight="2" > to henry </bigram>
    <bigram weight="2" > i have </bigram>
    <bigram weight="2" > s nascent </bigram>
    <bigram weight="2" > for the </bigram>
    <bigram weight="2" > to ### </bigram>
    <bigram weight="2" > thoreau was </bigram>
    <bigram weight="2" > jamaica plain </bigram>
    <bigram weight="2" > closing words </bigram>
    <bigram weight="2" > that fuller </bigram>
    <bigram weight="2" > the postscript </bigram>
    <bigram weight="2" > ### of </bigram>
    <bigram weight="2" > # margaret </bigram>
    <bigram weight="2" > account of </bigram>
    <bigram weight="2" > fuller wrote </bigram>
    <bigram weight="2" > that thoreau </bigram>
    <bigram weight="2" > fragment ### </bigram>
    <bigram weight="2" > nascent book </bigram>
    <bigram weight="2" > ### from </bigram>
    <bigram weight="2" > notes ### </bigram>
    <bigram weight="2" > his first </bigram>
    <bigram weight="2" > put into </bigram>
    <bigram weight="2" > thoreau had </bigram>
    <bigram weight="2" > his account </bigram>
    <bigram weight="2" > and ## </bigram>
    <bigram weight="2" > ### but </bigram>
    <bigram weight="2" > s first </bigram>
    <bigram weight="2" > that henry </bigram>
    <bigram weight="2" > on his </bigram>
    <bigram weight="2" > plain ### </bigram>
    <bigram weight="2" > there is </bigram>
    <bigram weight="2" > working on </bigram>
    <bigram weight="2" > ### was </bigram>
    <bigram weight="2" > editors ### </bigram>
    <bigram weight="2" > his book </bigram>
    <bigram weight="2" > thoreau did </bigram>
    <bigram weight="2" > of his </bigram>
    <bigram weight="2" > not to </bigram>
    <bigram weight="1" > fuller brings </bigram>
    <bigram weight="1" > their trip </bigram>
    <bigram weight="1" > very well </bigram>
    <bigram weight="1" > # i </bigram>
    <bigram weight="1" > much hidden </bigram>
    <bigram weight="1" > till after </bigram>
    <bigram weight="1" > published this </bigram>
    <bigram weight="1" > s autobiographical </bigram>
    <bigram weight="1" > been an </bigram>
    <bigram weight="1" > in young </bigram>
    <bigram weight="1" > given to </bigram>
    <bigram weight="1" > flatly ### </bigram>
    <bigram weight="1" > memoirs of </bigram>
    <bigram weight="1" > hudspeth do </bigram>
    <bigram weight="1" > the stairs </bigram>
    <bigram weight="1" > may speak </bigram>
    <bigram weight="1" > manuscript ### </bigram>
    <bigram weight="1" > upon this </bigram>
    <bigram weight="1" > into her </bigram>
    <bigram weight="1" > a journal </bigram>
    <bigram weight="1" > tion to </bigram>
    <bigram weight="1" > it ### </bigram>
    <bigram weight="1" > henry has </bigram>
    <bigram weight="1" > to copy </bigram>
    <bigram weight="1" > book eight </bigram>
    <bigram weight="1" > week might </bigram>
    <bigram weight="1" > # will </bigram>
    <bigram weight="1" > the editor </bigram>
    <bigram weight="1" > pertained to </bigram>
    <bigram weight="1" > ### more </bigram>
    <bigram weight="1" > indicates that </bigram>
    <bigram weight="1" > clear that </bigram>
    <bigram weight="1" > to cite </bigram>
    <bigram weight="1" > ### ironically </bigram>
    <bigram weight="1" > to room </bigram>
    <bigram weight="1" > and that </bigram>
    <bigram weight="1" > way until </bigram>
    <bigram weight="1" > essay ### </bigram>
    <bigram weight="1" > paper mr </bigram>
    <bigram weight="1" > stated flatly </bigram>
    <bigram weight="1" > clearly after </bigram>
    <bigram weight="1" > but rather </bigram>
    <bigram weight="1" > ### mentioned </bigram>
    <bigram weight="1" > roof until </bigram>
    <bigram weight="1" > day my </bigram>
    <bigram weight="1" > henry d </bigram>
    <bigram weight="1" > source of </bigram>
    <bigram weight="1" > write journal </bigram>
    <bigram weight="1" > indicate that </bigram>
    <bigram weight="1" > all assume </bigram>
    <bigram weight="1" > april ### </bigram>
    <bigram weight="1" > conceived his </bigram>
    <bigram weight="1" > his introduc </bigram>
    <bigram weight="1" > if he </bigram>
    <bigram weight="1" > as li </bigram>
    <bigram weight="1" > most ### </bigram>
    <bigram weight="1" > they stated </bigram>
    <bigram weight="1" > seems clear </bigram>
    <bigram weight="1" > following friday </bigram>
    <bigram weight="1" > cannot be </bigram>
    <bigram weight="1" > an autobiographical </bigram>
    <bigram weight="1" > and henry </bigram>
    <bigram weight="1" > circumspectly ### </bigram>
    <bigram weight="1" > pilqrimaqe to </bigram>
    <bigram weight="1" > into fact </bigram>
    <bigram weight="1" > come to </bigram>
    <bigram weight="1" > in this </bigram>
    <bigram weight="1" > yet could </bigram>
    <bigram weight="1" > taken the </bigram>
    <bigram weight="1" > copy it </bigram>
    <bigram weight="1" > such a </bigram>
    <bigram weight="1" > well reter </bigram>
    <bigram weight="1" > send me </bigram>
    <bigram weight="1" > on that </bigram>
    <bigram weight="1" > the pencilled </bigram>
    <bigram weight="1" > you will </bigram>
    <bigram weight="1" > young man </bigram>
    <bigram weight="1" > might well </bigram>
    <bigram weight="1" > each wind </bigram>
    <bigram weight="1" > sketch of </bigram>
    <bigram weight="1" > lecture or </bigram>
    <bigram weight="1" > debate ### </bigram>
    <bigram weight="1" > several years </bigram>
    <bigram weight="1" > ### v </bigram>
    <bigram weight="1" > he obviously </bigram>
    <bigram weight="1" > he then </bigram>
    <bigram weight="1" > brother john </bigram>
    <bigram weight="1" > and thereby </bigram>
    <bigram weight="1" > away at </bigram>
    <bigram weight="1" > work on </bigram>
    <bigram weight="1" > ### harding </bigram>
    <bigram weight="1" > need of </bigram>
    <bigram weight="1" > did not </bigram>
    <bigram weight="1" > room to </bigram>
    <bigram weight="1" > of transcendental </bigram>
    <bigram weight="1" > of ## </bigram>
    <bigram weight="1" > one he </bigram>
    <bigram weight="1" > not send </bigram>
    <bigram weight="1" > of fuller </bigram>
    <bigram weight="1" > and his </bigram>
    <bigram weight="1" > old debate </bigram>
    <bigram weight="1" > follow the </bigram>
    <bigram weight="1" > we come </bigram>
    <bigram weight="1" > either hudspeth </bigram>
    <bigram weight="1" > the correspondence </bigram>
    <bigram weight="1" > transcendental post </bigram>
    <bigram weight="1" > ### quest </bigram>
    <bigram weight="1" > widely enough </bigram>
    <bigram weight="1" > about his </bigram>
    <bigram weight="1" > rinehart edition </bigram>
    <bigram weight="1" > on saturday </bigram>
    <bigram weight="1" > the moment </bigram>
    <bigram weight="1" > her reference </bigram>
    <bigram weight="1" > is built </bigram>
    <bigram weight="1" > he did </bigram>
    <bigram weight="1" > this time </bigram>
    <bigram weight="1" > fuller s </bigram>
    <bigram weight="1" > mind that </bigram>
    <bigram weight="1" > to these </bigram>
    <bigram weight="1" > project was </bigram>
    <bigram weight="1" > into one </bigram>
    <bigram weight="1" > canby stretches </bigram>
    <bigram weight="1" > boston and </bigram>
    <bigram weight="1" > ### first </bigram>
    <bigram weight="1" > entries toward </bigram>
    <bigram weight="1" > ### whence </bigram>
    <bigram weight="1" > obsoli ### </bigram>
    <bigram weight="1" > remarks ### </bigram>
    <bigram weight="1" > hidden thoreau </bigram>
    <bigram weight="1" > the fore </bigram>
    <bigram weight="1" > speak of </bigram>
    <bigram weight="1" > office ### </bigram>
    <bigram weight="1" > not two </bigram>
    <bigram weight="1" > months after </bigram>
    <bigram weight="1" > went to </bigram>
    <bigram weight="1" > unusual about </bigram>
    <bigram weight="1" > meaning in </bigram>
    <bigram weight="1" > will not </bigram>
    <bigram weight="1" > one for </bigram>
    <bigram weight="1" > that little </bigram>
    <bigram weight="1" > volumes ### </bigram>
    <bigram weight="1" > it seems </bigram>
    <bigram weight="1" > before its </bigram>
    <bigram weight="1" > point even </bigram>
    <bigram weight="1" > to ralph </bigram>
    <bigram weight="1" > to miss </bigram>
    <bigram weight="1" > ### upon </bigram>
    <bigram weight="1" > she then </bigram>
    <bigram weight="1" > ### omitting </bigram>
    <bigram weight="1" > he had </bigram>
    <bigram weight="1" > ment ### </bigram>
    <bigram weight="1" > first published </bigram>
    <bigram weight="1" > # during </bigram>
    <bigram weight="1" > accounts as </bigram>
    <bigram weight="1" > journal entries </bigram>
    <bigram weight="1" > the project </bigram>
    <bigram weight="1" > its publication </bigram>
    <bigram weight="1" > princeton own </bigram>
    <bigram weight="1" > judgment when </bigram>
    <bigram weight="1" > quest in </bigram>
    <bigram weight="1" > with literary </bigram>
    <bigram weight="1" > dial ### </bigram>
    <bigram weight="1" > crisis is </bigram>
    <bigram weight="1" > nature ### </bigram>
    <bigram weight="1" > you expressed </bigram>
    <bigram weight="1" > journal ### </bigram>
    <bigram weight="1" > wrote ### </bigram>
    <bigram weight="1" > fuller either </bigram>
    <bigram weight="1" > to submit </bigram>
    <bigram weight="1" > only be </bigram>
    <bigram weight="1" > after john </bigram>
    <bigram weight="1" > hands ### </bigram>
    <bigram weight="1" > # allen </bigram>
    <bigram weight="1" > sure evidence </bigram>
    <bigram weight="1" > revived at </bigram>
    <bigram weight="1" > all ### </bigram>
    <bigram weight="1" > ### this </bigram>
    <bigram weight="1" > we do </bigram>
    <bigram weight="1" > ## journal </bigram>
    <bigram weight="1" > # whether </bigram>
    <bigram weight="1" > ### indicates </bigram>
    <bigram weight="1" > a note </bigram>
    <bigram weight="1" > by thomas </bigram>
    <bigram weight="1" > possibly to </bigram>
    <bigram weight="1" > d ### </bigram>
    <bigram weight="1" > ever since </bigram>
    <bigram weight="1" > from the </bigram>
    <bigram weight="1" > common judgment </bigram>
    <bigram weight="1" > postscript refer </bigram>
    <bigram weight="1" > whatever the </bigram>
    <bigram weight="1" > the old </bigram>
    <bigram weight="1" > hudspeth ### </bigram>
    <bigram weight="1" > no need </bigram>
    <bigram weight="1" > and then </bigram>
    <bigram weight="1" > spurs the </bigram>
    <bigram weight="1" > home to </bigram>
    <bigram weight="1" > henry conceive </bigram>
    <bigram weight="1" > controversial postscript </bigram>
    <bigram weight="1" > ### marchioness </bigram>
    <bigram weight="1" > but to </bigram>
    <bigram weight="1" > passages thoreau </bigram>
    <bigram weight="1" > ### surmises </bigram>
    <bigram weight="1" > dial which </bigram>
    <bigram weight="1" > of margaret </bigram>
    <bigram weight="1" > secretive for </bigram>
    <bigram weight="1" > biographers ### </bigram>
    <bigram weight="1" > reter to </bigram>
    <bigram weight="1" > since sanborn </bigram>
    <bigram weight="1" > reference clearly </bigram>
    <bigram weight="1" > ### can </bigram>
    <bigram weight="1" > ### relates </bigram>
    <bigram weight="1" > ### thinks </bigram>
    <bigram weight="1" > thoreau wrote </bigram>
    <bigram weight="1" > ### already </bigram>
    <bigram weight="1" > to his </bigram>
    <bigram weight="1" > expressed one </bigram>
    <bigram weight="1" > fact ### </bigram>
    <bigram weight="1" > s musketaquid </bigram>
    <bigram weight="1" > # when </bigram>
    <bigram weight="1" > ### refers </bigram>
    <bigram weight="1" > various references </bigram>
    <bigram weight="1" > expanded account </bigram>
    <bigram weight="1" > license into </bigram>
    <bigram weight="1" > book but </bigram>
    <bigram weight="1" > latest authority </bigram>
    <bigram weight="1" > ### exchanged </bigram>
    <bigram weight="1" > # richard </bigram>
    <bigram weight="1" > thus ### </bigram>
    <bigram weight="1" > recopied in </bigram>
    <bigram weight="1" > recently ### </bigram>
    <bigram weight="1" > is almost </bigram>
    <bigram weight="1" > sketch or </bigram>
    <bigram weight="1" > and conjectures </bigram>
    <bigram weight="1" > at the </bigram>
    <bigram weight="1" > cite this </bigram>
    <bigram weight="1" > easily pass </bigram>
    <bigram weight="1" > not till </bigram>
    <bigram weight="1" > enough known </bigram>
    <bigram weight="1" > autobiographical fragment </bigram>
    <bigram weight="1" > it you </bigram>
    <bigram weight="1" > then living </bigram>
    <bigram weight="1" > nek johnson </bigram>
    <bigram weight="1" > robert hudspeth </bigram>
    <bigram weight="1" > henry david </bigram>
    <bigram weight="1" > its own </bigram>
    <bigram weight="1" > and fortunately </bigram>
    <bigram weight="1" > given fuller </bigram>
    <bigram weight="1" > letters of </bigram>
    <bigram weight="1" > from room </bigram>
    <bigram weight="1" > two weeks </bigram>
    <bigram weight="1" > underlining of </bigram>
    <bigram weight="1" > perfectly distinct </bigram>
    <bigram weight="1" > this is </bigram>
    <bigram weight="1" > not be </bigram>
    <bigram weight="1" > hudspeth to </bigram>
    <bigram weight="1" > could easily </bigram>
    <bigram weight="1" > the source </bigram>
    <bigram weight="1" > journey ### </bigram>
    <bigram weight="1" > took two </bigram>
    <bigram weight="1" > publication ### </bigram>
    <bigram weight="1" > a letter </bigram>
    <bigram weight="1" > already begun </bigram>
    <bigram weight="1" > harding ### </bigram>
    <bigram weight="1" > their roof </bigram>
    <bigram weight="1" > the excursion </bigram>
    <bigram weight="1" > living in </bigram>
    <bigram weight="1" > ### somewhat </bigram>
    <bigram weight="1" > the publication </bigram>
    <bigram weight="1" > henry too </bigram>
    <bigram weight="1" > works ### </bigram>
    <bigram weight="1" > weeks and </bigram>
    <bigram weight="1" > first draft </bigram>
    <bigram weight="1" > his transcript </bigram>
    <bigram weight="1" > s underlining </bigram>
    <bigram weight="1" > further ### </bigram>
    <bigram weight="1" > to boston </bigram>
    <bigram weight="1" > we may </bigram>
    <bigram weight="1" > marchioness obsoli </bigram>
    <bigram weight="1" > on to </bigram>
    <bigram weight="1" > further that </bigram>
    <bigram weight="1" > friday or </bigram>
    <bigram weight="1" > it held </bigram>
    <bigram weight="1" > ## or </bigram>
    <bigram weight="1" > first two </bigram>
    <bigram weight="1" > s projected </bigram>
    <bigram weight="1" > relates to </bigram>
    <bigram weight="1" > the works </bigram>
    <bigram weight="1" > yet ### </bigram>
    <bigram weight="1" > be ### </bigram>
    <bigram weight="1" > blanding the </bigram>
    <bigram weight="1" > at concord </bigram>
    <bigram weight="1" > for several </bigram>
    <bigram weight="1" > carl bode </bigram>
    <bigram weight="1" > book on </bigram>
    <bigram weight="1" > well have </bigram>
    <bigram weight="1" > the second </bigram>
    <bigram weight="1" > by margaret </bigram>
    <bigram weight="1" > friends ### </bigram>
    <bigram weight="1" > the hidden </bigram>
    <bigram weight="1" > already in </bigram>
    <bigram weight="1" > postscript ### </bigram>
    <bigram weight="1" > but not </bigram>
    <bigram weight="1" > post office </bigram>
    <bigram weight="1" > died some </bigram>
    <bigram weight="1" > this establishment </bigram>
    <bigram weight="1" > is passed </bigram>
    <bigram weight="1" > ### editors </bigram>
    <bigram weight="1" > emerson had </bigram>
    <bigram weight="1" > him to </bigram>
    <bigram weight="1" > and hudspeth </bigram>
    <bigram weight="1" > be made </bigram>
    <bigram weight="1" > week at </bigram>
    <bigram weight="1" > have taken </bigram>
    <bigram weight="1" > the brothers </bigram>
    <bigram weight="1" > his accounts </bigram>
    <bigram weight="1" > transcript volumes </bigram>
    <bigram weight="1" > first entitled </bigram>
    <bigram weight="1" > ### ever </bigram>
    <bigram weight="1" > textual evidence </bigram>
    <bigram weight="1" > ### spurs </bigram>
    <bigram weight="1" > was soliciting </bigram>
    <bigram weight="1" > s ## </bigram>
    <bigram weight="1" > # whatever </bigram>
    <bigram weight="1" > rusk ### </bigram>
    <bigram weight="1" > tour a </bigram>
    <bigram weight="1" > delicacy ### </bigram>
    <bigram weight="1" > literary license </bigram>
    <bigram weight="1" > passed we </bigram>
    <bigram weight="1" > head of </bigram>
    <bigram weight="1" > guest of </bigram>
    <bigram weight="1" > writes that </bigram>
    <bigram weight="1" > appear to </bigram>
    <bigram weight="1" > as sanborn </bigram>
    <bigram weight="1" > journey of </bigram>
    <bigram weight="1" > stretches his </bigram>
    <bigram weight="1" > already working </bigram>
    <bigram weight="1" > can only </bigram>
    <bigram weight="1" > with nature </bigram>
    <bigram weight="1" > his journey </bigram>
    <bigram weight="1" > so way </bigram>
    <bigram weight="1" > had given </bigram>
    <bigram weight="1" > mentioned by </bigram>
    <bigram weight="1" > ### a </bigram>
    <bigram weight="1" > but ### </bigram>
    <bigram weight="1" > henr ### </bigram>
    <bigram weight="1" > writing his </bigram>
    <bigram weight="1" > meek on </bigram>
    <bigram weight="1" > room at </bigram>
    <bigram weight="1" > john ### </bigram>
    <bigram weight="1" > postscript in </bigram>
    <bigram weight="1" > certainly not </bigram>
    <bigram weight="1" > pass unnoticed </bigram>
    <bigram weight="1" > exchanged notes </bigram>
    <bigram weight="1" > until the </bigram>
    <bigram weight="1" > built ### </bigram>
    <bigram weight="1" > begun to </bigram>
    <bigram weight="1" > margaret was </bigram>
    <bigram weight="1" > a tour </bigram>
    <bigram weight="1" > fore again </bigram>
    <bigram weight="1" > as apparently </bigram>
    <bigram weight="1" > john died </bigram>
    <bigram weight="1" > # all </bigram>
    <bigram weight="1" > his point </bigram>
    <bigram weight="1" > note canby </bigram>
    <bigram weight="1" > made false </bigram>
    <bigram weight="1" > had realized </bigram>
    <bigram weight="1" > ### biographers </bigram>
    <bigram weight="1" > unnoticed by </bigram>
    <bigram weight="1" > s conjecture </bigram>
    <bigram weight="1" > ### his </bigram>
    <bigram weight="1" > ### converts </bigram>
    <bigram weight="1" > book about </bigram>
    <bigram weight="1" > then recopied </bigram>
    <bigram weight="1" > to have </bigram>
    <bigram weight="1" > explanation by </bigram>
    <bigram weight="1" > two years </bigram>
    <bigram weight="1" > not know </bigram>
    <bigram weight="1" > an edifice </bigram>
    <bigram weight="1" > ### week </bigram>
    <bigram weight="1" > submitted ### </bigram>
    <bigram weight="1" > edition chapter </bigram>
    <bigram weight="1" > needing explanation </bigram>
    <bigram weight="1" > ### pilqrimaqe </bigram>
    <bigram weight="1" > at its </bigram>
    <bigram weight="1" > establishment an </bigram>
    <bigram weight="1" > rather as </bigram>
    <bigram weight="1" > soliciting ### </bigram>
    <bigram weight="1" > by the </bigram>
    <bigram weight="1" > planning ### </bigram>
    <bigram weight="1" > stairs ### </bigram>
    <bigram weight="1" > beavered away </bigram>
    <bigram weight="1" > back but </bigram>
    <bigram weight="1" > allusion to </bigram>
    <bigram weight="1" > keeps its </bigram>
    <bigram weight="1" > # there </bigram>
    <bigram weight="1" > at ## </bigram>
    <bigram weight="1" > ### canby </bigram>
    <bigram weight="1" > may very </bigram>
    <bigram weight="1" > shows in </bigram>
    <bigram weight="1" > treating his </bigram>
    <bigram weight="1" > suggest that </bigram>
    <bigram weight="1" > ## the </bigram>
    <bigram weight="1" > to jamaica </bigram>
    <bigram weight="1" > s a </bigram>
    <bigram weight="1" > letter in </bigram>
    <bigram weight="1" > is no </bigram>
    <bigram weight="1" > ### so </bigram>
    <bigram weight="1" > observant eye </bigram>
    <bigram weight="1" > according to </bigram>
    <bigram weight="1" > ### which </bigram>
    <bigram weight="1" > ironically ### </bigram>
    <bigram weight="1" > since april </bigram>
    <bigram weight="1" > that he </bigram>
    <bigram weight="1" > took part </bigram>
    <bigram weight="1" > entitled ### </bigram>
    <bigram weight="1" > a ### </bigram>
    <bigram weight="1" > thus each </bigram>
    <bigram weight="1" > secret ### </bigram>
    <bigram weight="1" > friendship ### </bigram>
    <bigram weight="1" > the reference </bigram>
    <bigram weight="1" > walter harding </bigram>
    <bigram weight="1" > miss fuller </bigram>
    <bigram weight="1" > in robert </bigram>
    <bigram weight="1" > of her </bigram>
    <bigram weight="1" > is much </bigram>
    <bigram weight="1" > river journey </bigram>
    <bigram weight="1" > this latest </bigram>
    <bigram weight="1" > of henry </bigram>
    <bigram weight="1" > and margaret </bigram>
    <bigram weight="1" > undermining their </bigram>
    <bigram weight="1" > volumes in </bigram>
    <bigram weight="1" > three months </bigram>
    <bigram weight="1" > this provocative </bigram>
    <bigram weight="1" > ### revived </bigram>
    <bigram weight="1" > not begin </bigram>
    <bigram weight="1" > and carl </bigram>
    <bigram weight="1" > ### something </bigram>
    <bigram weight="1" > asking him </bigram>
    <bigram weight="1" > this letter </bigram>
    <bigram weight="1" > david thoreau </bigram>
    <bigram weight="1" > ### i </bigram>
    <bigram weight="1" > rough sketch </bigram>
    <bigram weight="1" > a notation </bigram>
    <bigram weight="1" > musketaquid ### </bigram>
    <bigram weight="1" > this game </bigram>
    <bigram weight="1" > one of </bigram>
    <bigram weight="1" > held the </bigram>
    <bigram weight="1" > rivers but </bigram>
    <bigram weight="1" > sanborn and </bigram>
    <bigram weight="1" > s week </bigram>
    <bigram weight="1" > realization ### </bigram>
    <bigram weight="1" > later home </bigram>
    <bigram weight="1" > his mind </bigram>
    <bigram weight="1" > is to </bigram>
    <bigram weight="1" > a meek </bigram>
    <bigram weight="1" > johnson convincingly </bigram>
    <bigram weight="1" > between ## </bigram>
    <bigram weight="1" > curious and </bigram>
    <bigram weight="1" > visited concord </bigram>
    <bigram weight="1" > words of </bigram>
    <bigram weight="1" > docu ment </bigram>
    <bigram weight="1" > dittererit docu </bigram>
    <bigram weight="1" > and yet </bigram>
    <bigram weight="1" > s allusion </bigram>
    <bigram weight="1" > days later </bigram>
    <bigram weight="1" > of it </bigram>
    <bigram weight="1" > ### all </bigram>
    <bigram weight="1" > a lecture </bigram>
    <bigram weight="1" > of thoreau </bigram>
    <bigram weight="1" > after all </bigram>
    <bigram weight="1" > will you </bigram>
    <bigram weight="1" > her hands </bigram>
    <bigram weight="1" > distinct to </bigram>
    <bigram weight="1" > the third </bigram>
    <bigram weight="1" > that i </bigram>
    <bigram weight="1" > s journal </bigram>
    <bigram weight="1" > ### john </bigram>
    <bigram weight="1" > almost certainly </bigram>
    <bigram weight="1" > letter suggests </bigram>
    <bigram weight="1" > something about </bigram>
    <bigram weight="1" > ensconced at </bigram>
    <bigram weight="1" > his ### </bigram>
    <bigram weight="1" > ### appear </bigram>
    <bigram weight="1" > imperfections of </bigram>
    <bigram weight="1" > allen beecher </bigram>
    <bigram weight="1" > purpose was </bigram>
    <bigram weight="1" > time the </bigram>
    <bigram weight="1" > publication of </bigram>
    <bigram weight="1" > introduc tion </bigram>
    <bigram weight="1" > had submitted </bigram>
    <bigram weight="1" > the mountains </bigram>
    <bigram weight="1" > drafted in </bigram>
    <bigram weight="1" > the dial </bigram>
    <bigram weight="1" > ### with </bigram>
    <bigram weight="1" > one day </bigram>
    <bigram weight="1" > to way </bigram>
    <bigram weight="1" > that subject </bigram>
    <bigram weight="1" > for it </bigram>
    <bigram weight="1" > ### indicate </bigram>
    <bigram weight="1" > a crisis </bigram>
    <bigram weight="1" > remained under </bigram>
    <bigram weight="1" > need follow </bigram>
    <bigram weight="1" > own opinion </bigram>
    <bigram weight="1" > the river </bigram>
    <bigram weight="1" > be sorry </bigram>
    <bigram weight="1" > was henry </bigram>
    <bigram weight="1" > ### given </bigram>
    <bigram weight="1" > in concord </bigram>
    <bigram weight="1" > his ## </bigram>
    <bigram weight="1" > ## book </bigram>
    <bigram weight="1" > provocative passage </bigram>
    <bigram weight="1" > sanborn first </bigram>
    <bigram weight="1" > voyage on </bigram>
    <bigram weight="1" > his general </bigram>
    <bigram weight="1" > is ### </bigram>
    <bigram weight="1" > ralph rusk </bigram>
    <bigram weight="1" > fuller and </bigram>
    <bigram weight="1" > until ## </bigram>
    <bigram weight="1" > mr efmerson </bigram>
    <bigram weight="1" > my hands </bigram>
    <bigram weight="1" > strongest textual </bigram>
    <bigram weight="1" > was widely </bigram>
    <bigram weight="1" > doctoral dissertation </bigram>
    <bigram weight="1" > ### possibly </bigram>
    <bigram weight="1" > obviously considered </bigram>
    <bigram weight="1" > concord as </bigram>
    <bigram weight="1" > journal and </bigram>
    <bigram weight="1" > correspondence of </bigram>
    <bigram weight="1" > theme ### </bigram>
    <bigram weight="1" > false ### </bigram>
    <bigram weight="1" > you not </bigram>
    <bigram weight="1" > his doctoral </bigram>
    <bigram weight="1" > thomas blanding </bigram>
    <bigram weight="1" > emerson put </bigram>
    <bigram weight="1" > rivers nor </bigram>
    <bigram weight="1" > and the </bigram>
    <bigram weight="1" > own gloss </bigram>
    <bigram weight="1" > conceive an </bigram>
    <bigram weight="1" > in thoreau </bigram>
    <bigram weight="1" > later chapters </bigram>
    <bigram weight="1" > emerson contained </bigram>
    <bigram weight="1" > v and </bigram>
    <bigram weight="1" > of artifi </bigram>
    <bigram weight="1" > surmises ### </bigram>
    <bigram weight="1" > ### seems </bigram>
    <bigram weight="1" > week as </bigram>
    <bigram weight="1" > some other </bigram>
    <bigram weight="1" > conjecture into </bigram>
    <bigram weight="1" > leads on </bigram>
    <bigram weight="1" > in one </bigram>
    <bigram weight="1" > when walter </bigram>
    <bigram weight="1" > then planning </bigram>
    <bigram weight="1" > and emerson </bigram>
    <bigram weight="1" > begin writing </bigram>
    <bigram weight="1" > as the </bigram>
    <bigram weight="1" > journal fragment </bigram>
    <bigram weight="1" > man thoreau </bigram>
    <bigram weight="1" > the rough </bigram>
    <bigram weight="1" > # henry </bigram>
    <bigram weight="1" > # put </bigram>
    <bigram weight="1" > be a </bigram>
    <bigram weight="1" > cite the </bigram>
    <bigram weight="1" > margaret s </bigram>
    <bigram weight="1" > artifi cial </bigram>
    <bigram weight="1" > submit ### </bigram>
    <bigram weight="1" > # regarding </bigram>
    <bigram weight="1" > clearly is </bigram>
    <bigram weight="1" > references needing </bigram>
    <bigram weight="1" > converts canby </bigram>
    <bigram weight="1" > uppermost in </bigram>
    <bigram weight="1" > in jamaica </bigram>
    <bigram weight="1" > letters ### </bigram>
    <bigram weight="1" > refers not </bigram>
    <bigram weight="1" > account as </bigram>
    <bigram weight="1" > even further </bigram>
    <bigram weight="1" > ### they </bigram>
    <bigram weight="1" > # between </bigram>
    <bigram weight="1" > notation about </bigram>
    <bigram weight="1" > was then </bigram>
    <bigram weight="1" > was working </bigram>
    <bigram weight="1" > letter did </bigram>
    <bigram weight="1" > verse in </bigram>
    <bigram weight="1" > secrecy ### </bigram>
    <bigram weight="1" > the imperfections </bigram>
    <bigram weight="1" > during her </bigram>
    <bigram weight="1" > harding and </bigram>
    <bigram weight="1" > his thoreau </bigram>
    <bigram weight="1" > richard lebeaux </bigram>
    <bigram weight="1" > nor to </bigram>
    <bigram weight="1" > underlying theme </bigram>
    <bigram weight="1" > by october </bigram>
    <bigram weight="1" > sorry that </bigram>
    <bigram weight="1" > then conceived </bigram>
    <bigram weight="1" > has already </bigram>
    <bigram weight="1" > leads edition </bigram>
    <bigram weight="1" > manuscript of </bigram>
    <bigram weight="1" > ### visited </bigram>
    <bigram weight="1" > current back </bigram>
    <bigram weight="1" > other records </bigram>
    <bigram weight="1" > # she </bigram>
    <bigram weight="1" > their notes </bigram>
    <bigram weight="1" > of ### </bigram>
    <bigram weight="1" > the author </bigram>
    <bigram weight="1" > s underlying </bigram>
    <bigram weight="1" > eight years </bigram>
    <bigram weight="1" > refer ence </bigram>
    <bigram weight="1" > the transcendentalist </bigram>
    <bigram weight="1" > bode ### </bigram>
    <bigram weight="1" > opinions in </bigram>
    <bigram weight="1" > possible publication </bigram>
    <bigram weight="1" > s admirable </bigram>
    <bigram weight="1" > ### memoirs </bigram>
    <bigram weight="1" > which do </bigram>
    <bigram weight="1" > week until </bigram>
    <bigram weight="1" > second place </bigram>
    <bigram weight="1" > regarding the </bigram>
    <bigram weight="1" > excursion for </bigram>
    <bigram weight="1" > not treating </bigram>
    <bigram weight="1" > to passages </bigram>
    <bigram weight="1" > have beavered </bigram>
    <bigram weight="1" > so clearly </bigram>
    <bigram weight="1" > more recently </bigram>
    <bigram weight="1" > years yet </bigram>
    <bigram weight="1" > to find </bigram>
    <bigram weight="1" > to an </bigram>
    <bigram weight="1" > thoreau s </bigram>
    <bigram weight="1" > general purpose </bigram>
    <bigram weight="1" > henry s </bigram>
    <bigram weight="1" > margaret may </bigram>
    <bigram weight="1" > by emerson </bigram>
    <bigram weight="1" > subject ### </bigram>
    <bigram weight="1" > his brother </bigram>
    <bigram weight="1" > seen some </bigram>
    <bigram weight="1" > and verse </bigram>
    <bigram weight="1" > the great </bigram>
    <bigram weight="1" > hidden meaning </bigram>
    <bigram weight="1" > of emerson </bigram>
    <bigram weight="1" > s letters </bigram>
    <bigram weight="1" > thereby undermining </bigram>
    <bigram weight="1" > ### according </bigram>
    <bigram weight="1" > omitting fuller </bigram>
    <bigram weight="1" > after fuller </bigram>
    <bigram weight="1" > their friendship </bigram>
    <bigram weight="1" > secrecy pertained </bigram>
    <bigram weight="1" > merrimack s </bigram>
    <bigram weight="1" > her week </bigram>
    <bigram weight="1" > me some </bigram>
    <bigram weight="1" > book we </bigram>
    <bigram weight="1" > the letters </bigram>
    <bigram weight="1" > wrote asking </bigram>
    <bigram weight="1" > seems to </bigram>
    <bigram weight="1" > into my </bigram>
    <bigram weight="1" > two volumes </bigram>
    <bigram weight="1" > liberty to </bigram>
    <bigram weight="1" > all this </bigram>
    <bigram weight="1" > passage in </bigram>
    <bigram weight="1" > hands suggests </bigram>
    <bigram weight="1" > ## voyage </bigram>
    <bigram weight="1" > transcendentalist dial </bigram>
    <bigram weight="1" > have been </bigram>
    <bigram weight="1" > seen the </bigram>
    <bigram weight="1" > editor of </bigram>
    <bigram weight="1" > the later </bigram>
    <bigram weight="1" > whether he </bigram>
    <bigram weight="1" > for possible </bigram>
    <bigram weight="1" > the editors </bigram>
    <bigram weight="1" > she remained </bigram>
    <bigram weight="1" > to her </bigram>
    <bigram weight="1" > ### whatever </bigram>
    <bigram weight="1" > a potential </bigram>
    <bigram weight="1" > eye ### </bigram>
    <bigram weight="1" > ### is </bigram>
    <bigram weight="1" > did write </bigram>
    <bigram weight="1" > which she </bigram>
    <bigram weight="1" > date of </bigram>
    <bigram weight="1" > the common </bigram>
    <bigram weight="1" > fuller might </bigram>
    <bigram weight="1" > the rinehart </bigram>
    <bigram weight="1" > and controversial </bigram>
    <bigram weight="1" > thus you </bigram>
    <bigram weight="1" > records ### </bigram>
    <bigram weight="1" > autobiographical sketch </bigram>
    <bigram weight="1" > of secrecy </bigram>
    <bigram weight="1" > contain various </bigram>
    <bigram weight="1" > then edited </bigram>
    <bigram weight="1" > brings to </bigram>
    <bigram weight="1" > it cannot </bigram>
    <bigram weight="1" > s own </bigram>
    <bigram weight="1" > and critics </bigram>
    <bigram weight="1" > cial delicacy </bigram>
    <bigram weight="1" > toward his </bigram>
    <bigram weight="1" > or ## </bigram>
    <bigram weight="1" > not ### </bigram>
    <bigram weight="1" > s curious </bigram>
    <bigram weight="1" > the following </bigram>
    <bigram weight="1" > do contain </bigram>
    <bigram weight="1" > # he </bigram>
    <bigram weight="1" > edited ### </bigram>
    <bigram weight="1" > rivers and </bigram>
    <bigram weight="1" > s since </bigram>
    <bigram weight="1" > the head </bigram>
    <bigram weight="1" > know ### </bigram>
    <bigram weight="1" > letter as </bigram>
    <bigram weight="1" > whatever thoreau </bigram>
    <bigram weight="1" > first place </bigram>
    <bigram weight="1" > publication in </bigram>
    <bigram weight="1" > # fuller </bigram>
    <bigram weight="1" > by most </bigram>
    <bigram weight="1" > already ensconced </bigram>
    <bigram weight="1" > some three </bigram>
    <bigram weight="1" > way leads </bigram>
    <bigram weight="1" > or a </bigram>
    <bigram weight="1" > direct reference </bigram>
    <bigram weight="1" > be referring </bigram>
    <bigram weight="1" > own secret </bigram>
    <bigram weight="1" > chapter and </bigram>
    <bigram weight="1" > is perfectly </bigram>
    <bigram weight="1" > ence ### </bigram>
    <bigram weight="1" > in that </bigram>
    <bigram weight="1" > words ### </bigram>
    <bigram weight="1" > authority leads </bigram>
    <bigram weight="1" > known that </bigram>
    <bigram weight="1" > again margaret </bigram>
    <bigram weight="1" > contained a </bigram>
    <bigram weight="1" > to henr </bigram>
    <bigram weight="1" > he writes </bigram>
    <bigram weight="1" > and was </bigram>
    <bigram weight="1" > their strongest </bigram>
    <bigram weight="1" > apparently he </bigram>
    <bigram weight="1" > the liberty </bigram>
    <bigram weight="1" > admirable edition </bigram>
    <bigram weight="1" > the closing </bigram>
    <bigram weight="1" > convincingly shows </bigram>
    <bigram weight="1" > efmerson ### </bigram>
    <bigram weight="1" > at this </bigram>
    <bigram weight="1" > her good </bigram>
    <bigram weight="1" > ### closing </bigram>
    <bigram weight="1" > his friends </bigram>
    <bigram weight="1" > game of </bigram>
    <bigram weight="1" > few days </bigram>
    <bigram weight="1" > as sure </bigram>
    <bigram weight="1" > these opinions </bigram>
    <bigram weight="1" > critics have </bigram>
    <bigram weight="1" > account ### </bigram>
    <bigram weight="1" > my own </bigram>
    <bigram weight="1" > thinks there </bigram>
    <bigram weight="1" > wind is </bigram>
    <bigram weight="1" > meaning ### </bigram>
    <bigram weight="1" > dissertation ### </bigram>
    <bigram weight="1" > years ### </bigram>
    <bigram weight="1" > some draft </bigram>
    <bigram weight="1" > this realization </bigram>
    <bigram weight="1" > realized something </bigram>
    <bigram weight="1" > a direct </bigram>
    <bigram weight="1" > own account </bigram>
    <bigram weight="1" > i suggest </bigram>
    <bigram weight="1" > an expanded </bigram>
    <bigram weight="1" > trip took </bigram>
    <bigram weight="1" > the records </bigram>
    <bigram weight="1" > part in </bigram>
    <bigram weight="1" > days ### </bigram>
    <bigram weight="1" > one need </bigram>
    <bigram weight="1" > but ten </bigram>
    <bigram weight="1" > find the </bigram>
    <bigram weight="1" > considered the </bigram>
    <bigram weight="1" > wrote her </bigram>
    <bigram weight="1" > to emerson </bigram>
    <bigram weight="1" > beecher hovey </bigram>
    <bigram weight="1" > had drafted </bigram>
    <bigram weight="1" > moment such </bigram>
    <bigram weight="1" > of their </bigram>
    <bigram weight="1" > conjectures further </bigram>
    <bigram weight="1" > s remarks </bigram>
    <bigram weight="1" > not so </bigram>
    <bigram weight="1" > gloss of </bigram>
    <bigram weight="1" > when he </bigram>
    <bigram weight="1" > assume that </bigram>
    <bigram weight="1" > the date </bigram>
    <bigram weight="1" > paper secretive </bigram>
    <bigram weight="1" > somewhat more </bigram>
    <bigram weight="1" > a little </bigram>
    <bigram weight="1" > john and </bigram>
    <bigram weight="1" > reckoning in </bigram>
    <bigram weight="1" > potential book </bigram>
    <bigram weight="1" > did henry </bigram>
    <bigram weight="1" > ### merrimack </bigram>
    <bigram weight="1" > referring to </bigram>
    <bigram weight="1" > compressed with </bigram>
    <bigram weight="1" > thoreau in </bigram>
    <bigram weight="1" > years before </bigram>
    <bigram weight="1" > did ### </bigram>
    <bigram weight="1" > it keeps </bigram>
    <bigram weight="1" > or essay </bigram>
    <bigram weight="1" > ten days </bigram>
    <bigram weight="1" > her letter </bigram>
    <bigram weight="1" > the current </bigram>
    <bigram weight="1" > opinion that </bigram>
    <bigram weight="1" > and cite </bigram>
    <bigram weight="1" > whence she </bigram>
    <bigram weight="1" > or saturday </bigram>
    <bigram weight="1" > a few </bigram>
    <bigram weight="1" > under their </bigram>
    <bigram weight="1" > the secrecy </bigram>
    <bigram weight="1" > mountains ### </bigram>
    <bigram weight="1" > to work </bigram>
    <bigram weight="1" > something unusual </bigram>
    <bigram weight="1" > to be </bigram>
    <bigram weight="1" > hovey ### </bigram>
    <bigram weight="1" > a dittererit </bigram>
    <bigram weight="1" > until we </bigram>
    <bigram weight="1" > an observant </bigram>
    <bigram weight="1" > projected ## </bigram>
    <bigram weight="1" > about this </bigram>
    <bigram weight="1" > was uppermost </bigram>
    <bigram weight="1" > brothers ### </bigram>
    <bigram weight="1" > third place </bigram>
    <bigram weight="1" > she went </bigram>
    <bigram weight="1" > ### then </bigram>
    <bigram weight="1" > fortunately ### </bigram>
    <bigram weight="1" > lebeaux ### </bigram>
    <bigram weight="1" > princeton edition </bigram>
    <bigram weight="1" > edifice is </bigram>
    <bigram weight="1" > li nek </bigram>
    <bigram weight="1" > and a </bigram>
    <bigram weight="1" > its meaning </bigram>
    <bigram weight="1" > chapters ### </bigram>
    <bigram weight="1" > not compressed </bigram>
    <bigram weight="1" > too took </bigram>
    <bigram weight="1" > more circumspectly </bigram>
    <bigram weight="1" > might be </bigram>
    <bigram weight="1" > author if </bigram>
    <bigram weight="1" > his henry </bigram>
    <bigram weight="1" > great reckoning </bigram>
    <bigram weight="1" > a guest </bigram>
    <bigram weight="1" > the book </bigram>
    <bigram weight="1" > ## emerson </bigram>
</article>
