<?xml version="1.0" encoding="UTF-8"?>
<article id="10.2307/23394048" >
    <bigram weight="27" > ### # </bigram>
    <bigram weight="10" > ### ### </bigram>
    <bigram weight="7" > ### and </bigram>
    <bigram weight="7" > ### the </bigram>
    <bigram weight="6" > of the </bigram>
    <bigram weight="6" > # ### </bigram>
    <bigram weight="6" > ### s </bigram>
    <bigram weight="5" > it ### </bigram>
    <bigram weight="3" > # the </bigram>
    <bigram weight="3" > and the </bigram>
    <bigram weight="3" > ### a </bigram>
    <bigram weight="3" > loren eiseley </bigram>
    <bigram weight="3" > a ### </bigram>
    <bigram weight="3" > immense journey </bigram>
    <bigram weight="3" > eiseley ### </bigram>
    <bigram weight="3" > ### it </bigram>
    <bigram weight="3" > francis bacon </bigram>
    <bigram weight="2" > man ### </bigram>
    <bigram weight="2" > with this </bigram>
    <bigram weight="2" > ### man </bigram>
    <bigram weight="2" > was a </bigram>
    <bigram weight="2" > thoreau ### </bigram>
    <bigram weight="2" > ### to </bigram>
    <bigram weight="2" > in the </bigram>
    <bigram weight="2" > at the </bigram>
    <bigram weight="2" > # here </bigram>
    <bigram weight="2" > the spirit </bigram>
    <bigram weight="2" > which he </bigram>
    <bigram weight="2" > # thoreau </bigram>
    <bigram weight="2" > ### surely </bigram>
    <bigram weight="2" > understand it </bigram>
    <bigram weight="2" > ### which </bigram>
    <bigram weight="2" > # and </bigram>
    <bigram weight="2" > reflections of </bigram>
    <bigram weight="2" > the immense </bigram>
    <bigram weight="2" > heaven ### </bigram>
    <bigram weight="2" > to the </bigram>
    <bigram weight="2" > # for </bigram>
    <bigram weight="2" > is an </bigram>
    <bigram weight="2" > years of </bigram>
    <bigram weight="2" > ### but </bigram>
    <bigram weight="2" > be a </bigram>
    <bigram weight="2" > more than </bigram>
    <bigram weight="2" > with the </bigram>
    <bigram weight="2" > ### or </bigram>
    <bigram weight="2" > attempt to </bigram>
    <bigram weight="2" > ### is </bigram>
    <bigram weight="2" > ### in </bigram>
    <bigram weight="2" > will be </bigram>
    <bigram weight="2" > bacon and </bigram>
    <bigram weight="2" > to be </bigram>
    <bigram weight="2" > on the </bigram>
    <bigram weight="2" > of loren </bigram>
    <bigram weight="2" > of a </bigram>
    <bigram weight="2" > still ### </bigram>
    <bigram weight="2" > the book </bigram>
    <bigram weight="2" > of his </bigram>
    <bigram weight="2" > he must </bigram>
    <bigram weight="1" > its opening </bigram>
    <bigram weight="1" > horseback through </bigram>
    <bigram weight="1" > beagle ### </bigram>
    <bigram weight="1" > indeed com </bigram>
    <bigram weight="1" > about body </bigram>
    <bigram weight="1" > of more </bigram>
    <bigram weight="1" > it descended </bigram>
    <bigram weight="1" > firmament ## </bigram>
    <bigram weight="1" > near eiseley </bigram>
    <bigram weight="1" > guest speaker </bigram>
    <bigram weight="1" > only with </bigram>
    <bigram weight="1" > theme of </bigram>
    <bigram weight="1" > macdonald ### </bigram>
    <bigram weight="1" > thoreau society </bigram>
    <bigram weight="1" > the relationship </bigram>
    <bigram weight="1" > a ministerial </bigram>
    <bigram weight="1" > in aignation </bigram>
    <bigram weight="1" > modern dilemma </bigram>
    <bigram weight="1" > how charles </bigram>
    <bigram weight="1" > a naturalist </bigram>
    <bigram weight="1" > many parts </bigram>
    <bigram weight="1" > a sort </bigram>
    <bigram weight="1" > aptly named </bigram>
    <bigram weight="1" > essay ### </bigram>
    <bigram weight="1" > remarkable hundred </bigram>
    <bigram weight="1" > rewrite men </bigram>
    <bigram weight="1" > early theme </bigram>
    <bigram weight="1" > eiseley will </bigram>
    <bigram weight="1" > volume is </bigram>
    <bigram weight="1" > facts ### </bigram>
    <bigram weight="1" > palimpsests with </bigram>
    <bigram weight="1" > aignation at </bigram>
    <bigram weight="1" > ine firmament </bigram>
    <bigram weight="1" > nebraska ### </bigram>
    <bigram weight="1" > together against </bigram>
    <bigram weight="1" > and beyond </bigram>
    <bigram weight="1" > mystical overtones </bigram>
    <bigram weight="1" > is notes </bigram>
    <bigram weight="1" > interest ### </bigram>
    <bigram weight="1" > named ### </bigram>
    <bigram weight="1" > more fre </bigram>
    <bigram weight="1" > her ### </bigram>
    <bigram weight="1" > s message </bigram>
    <bigram weight="1" > an alchemist </bigram>
    <bigram weight="1" > his travels </bigram>
    <bigram weight="1" > satisfy his </bigram>
    <bigram weight="1" > agui ### </bigram>
    <bigram weight="1" > men ### </bigram>
    <bigram weight="1" > was his </bigram>
    <bigram weight="1" > woods around </bigram>
    <bigram weight="1" > during july </bigram>
    <bigram weight="1" > as high </bigram>
    <bigram weight="1" > be of </bigram>
    <bigram weight="1" > afford to </bigram>
    <bigram weight="1" > from tho </bigram>
    <bigram weight="1" > ### describes </bigram>
    <bigram weight="1" > an elusive </bigram>
    <bigram weight="1" > as theodore </bigram>
    <bigram weight="1" > the woods </bigram>
    <bigram weight="1" > magazine articles </bigram>
    <bigram weight="1" > the times </bigram>
    <bigram weight="1" > both at </bigram>
    <bigram weight="1" > me still </bigram>
    <bigram weight="1" > respected if </bigram>
    <bigram weight="1" > to a </bigram>
    <bigram weight="1" > the scent </bigram>
    <bigram weight="1" > ## lime </bigram>
    <bigram weight="1" > both an </bigram>
    <bigram weight="1" > # a </bigram>
    <bigram weight="1" > ### over </bigram>
    <bigram weight="1" > transient interest </bigram>
    <bigram weight="1" > withdrawing room </bigram>
    <bigram weight="1" > out ### </bigram>
    <bigram weight="1" > writing sparsely </bigram>
    <bigram weight="1" > turn led </bigram>
    <bigram weight="1" > ### will </bigram>
    <bigram weight="1" > school ### </bigram>
    <bigram weight="1" > of an </bigram>
    <bigram weight="1" > perfect cross </bigram>
    <bigram weight="1" > treated with </bigram>
    <bigram weight="1" > in ## </bigram>
    <bigram weight="1" > nis ine </bigram>
    <bigram weight="1" > this quotation </bigram>
    <bigram weight="1" > loren eiselev </bigram>
    <bigram weight="1" > was an </bigram>
    <bigram weight="1" > or under </bigram>
    <bigram weight="1" > dis play </bigram>
    <bigram weight="1" > describes in </bigram>
    <bigram weight="1" > audience ### </bigram>
    <bigram weight="1" > nature rather </bigram>
    <bigram weight="1" > potential firewood </bigram>
    <bigram weight="1" > com pared </bigram>
    <bigram weight="1" > a problem </bigram>
    <bigram weight="1" > not treated </bigram>
    <bigram weight="1" > play at </bigram>
    <bigram weight="1" > walden pond </bigram>
    <bigram weight="1" > after francis </bigram>
    <bigram weight="1" > is both </bigram>
    <bigram weight="1" > a perfect </bigram>
    <bigram weight="1" > is similarly </bigram>
    <bigram weight="1" > pared to </bigram>
    <bigram weight="1" > we understand </bigram>
    <bigram weight="1" > body width </bigram>
    <bigram weight="1" > look through </bigram>
    <bigram weight="1" > understanding of </bigram>
    <bigram weight="1" > tho reau </bigram>
    <bigram weight="1" > and will </bigram>
    <bigram weight="1" > and darwin </bigram>
    <bigram weight="1" > to believe </bigram>
    <bigram weight="1" > was ### </bigram>
    <bigram weight="1" > harvard divinity </bigram>
    <bigram weight="1" > and emerson </bigram>
    <bigram weight="1" > on horseback </bigram>
    <bigram weight="1" > believe that </bigram>
    <bigram weight="1" > the atlan </bigram>
    <bigram weight="1" > and before </bigram>
    <bigram weight="1" > to tower </bigram>
    <bigram weight="1" > and this </bigram>
    <bigram weight="1" > representative magazine </bigram>
    <bigram weight="1" > section through </bigram>
    <bigram weight="1" > ## in </bigram>
    <bigram weight="1" > to look </bigram>
    <bigram weight="1" > # these </bigram>
    <bigram weight="1" > a wider </bigram>
    <bigram weight="1" > ### this </bigram>
    <bigram weight="1" > which as </bigram>
    <bigram weight="1" > if not </bigram>
    <bigram weight="1" > directly ### </bigram>
    <bigram weight="1" > parts of </bigram>
    <bigram weight="1" > that joshua </bigram>
    <bigram weight="1" > presumably near </bigram>
    <bigram weight="1" > sent of </bigram>
    <bigram weight="1" > version ot </bigram>
    <bigram weight="1" > for reconcilii </bigram>
    <bigram weight="1" > believe to </bigram>
    <bigram weight="1" > m ### </bigram>
    <bigram weight="1" > of puzzling </bigram>
    <bigram weight="1" > ### as </bigram>
    <bigram weight="1" > pond were </bigram>
    <bigram weight="1" > through time </bigram>
    <bigram weight="1" > of heaven </bigram>
    <bigram weight="1" > l ne </bigram>
    <bigram weight="1" > inquiry and </bigram>
    <bigram weight="1" > ### who </bigram>
    <bigram weight="1" > in its </bigram>
    <bigram weight="1" > against the </bigram>
    <bigram weight="1" > the lyceum </bigram>
    <bigram weight="1" > ago ### </bigram>
    <bigram weight="1" > belief was </bigram>
    <bigram weight="1" > of bacon </bigram>
    <bigram weight="1" > felt that </bigram>
    <bigram weight="1" > who is </bigram>
    <bigram weight="1" > thoreau opposed </bigram>
    <bigram weight="1" > spirit of </bigram>
    <bigram weight="1" > few rewrite </bigram>
    <bigram weight="1" > literality ### </bigram>
    <bigram weight="1" > mountain men </bigram>
    <bigram weight="1" > pioneering mountain </bigram>
    <bigram weight="1" > part of </bigram>
    <bigram weight="1" > # part </bigram>
    <bigram weight="1" > primitive man </bigram>
    <bigram weight="1" > landscapes which </bigram>
    <bigram weight="1" > quently remained </bigram>
    <bigram weight="1" > ### paso </bigram>
    <bigram weight="1" > dark and </bigram>
    <bigram weight="1" > ne iviina </bigram>
    <bigram weight="1" > even if </bigram>
    <bigram weight="1" > made the </bigram>
    <bigram weight="1" > emerson ### </bigram>
    <bigram weight="1" > society guest </bigram>
    <bigram weight="1" > trees ### </bigram>
    <bigram weight="1" > me that </bigram>
    <bigram weight="1" > as the </bigram>
    <bigram weight="1" > ### there </bigram>
    <bigram weight="1" > message ### </bigram>
    <bigram weight="1" > was here </bigram>
    <bigram weight="1" > times of </bigram>
    <bigram weight="1" > million years </bigram>
    <bigram weight="1" > an early </bigram>
    <bigram weight="1" > came the </bigram>
    <bigram weight="1" > to anticipate </bigram>
    <bigram weight="1" > to tell </bigram>
    <bigram weight="1" > to satisfy </bigram>
    <bigram weight="1" > he deals </bigram>
    <bigram weight="1" > the sent </bigram>
    <bigram weight="1" > this was </bigram>
    <bigram weight="1" > contemporaries and </bigram>
    <bigram weight="1" > journey ### </bigram>
    <bigram weight="1" > a similar </bigram>
    <bigram weight="1" > are reflections </bigram>
    <bigram weight="1" > g or </bigram>
    <bigram weight="1" > ### whatever </bigram>
    <bigram weight="1" > go to </bigram>
    <bigram weight="1" > speaker by </bigram>
    <bigram weight="1" > pine tree </bigram>
    <bigram weight="1" > naturalist ### </bigram>
    <bigram weight="1" > relationship between </bigram>
    <bigram weight="1" > ior ### </bigram>
    <bigram weight="1" > lime ### </bigram>
    <bigram weight="1" > lyceum during </bigram>
    <bigram weight="1" > significantly ### </bigram>
    <bigram weight="1" > of francis </bigram>
    <bigram weight="1" > scarce version </bigram>
    <bigram weight="1" > a tough </bigram>
    <bigram weight="1" > in lincoln </bigram>
    <bigram weight="1" > humanist ### </bigram>
    <bigram weight="1" > parker called </bigram>
    <bigram weight="1" > has more </bigram>
    <bigram weight="1" > s ### </bigram>
    <bigram weight="1" > the harvard </bigram>
    <bigram weight="1" > room ### </bigram>
    <bigram weight="1" > bacon prepared </bigram>
    <bigram weight="1" > elusive mote </bigram>
    <bigram weight="1" > lot more </bigram>
    <bigram weight="1" > sive literality </bigram>
    <bigram weight="1" > a few </bigram>
    <bigram weight="1" > man warmed </bigram>
    <bigram weight="1" > under standing </bigram>
    <bigram weight="1" > do not </bigram>
    <bigram weight="1" > ### thoreau </bigram>
    <bigram weight="1" > monthly a </bigram>
    <bigram weight="1" > shook the </bigram>
    <bigram weight="1" > the precise </bigram>
    <bigram weight="1" > was again </bigram>
    <bigram weight="1" > british acquaintance </bigram>
    <bigram weight="1" > ### significantly </bigram>
    <bigram weight="1" > europe ### </bigram>
    <bigram weight="1" > that was </bigram>
    <bigram weight="1" > acquaintance to </bigram>
    <bigram weight="1" > him to </bigram>
    <bigram weight="1" > observation that </bigram>
    <bigram weight="1" > much older </bigram>
    <bigram weight="1" > bonfires lighted </bigram>
    <bigram weight="1" > called it </bigram>
    <bigram weight="1" > articles ### </bigram>
    <bigram weight="1" > est trees </bigram>
    <bigram weight="1" > cannot afford </bigram>
    <bigram weight="1" > prompted a </bigram>
    <bigram weight="1" > unobliterated ### </bigram>
    <bigram weight="1" > these are </bigram>
    <bigram weight="1" > ### presumably </bigram>
    <bigram weight="1" > led to </bigram>
    <bigram weight="1" > than europe </bigram>
    <bigram weight="1" > ### oweli </bigram>
    <bigram weight="1" > # possible </bigram>
    <bigram weight="1" > if it </bigram>
    <bigram weight="1" > long ago </bigram>
    <bigram weight="1" > handiwork ### </bigram>
    <bigram weight="1" > the beagle </bigram>
    <bigram weight="1" > theme and </bigram>
    <bigram weight="1" > that jonah </bigram>
    <bigram weight="1" > ### too </bigram>
    <bigram weight="1" > than potential </bigram>
    <bigram weight="1" > hundred years </bigram>
    <bigram weight="1" > in which </bigram>
    <bigram weight="1" > ### expurgating </bigram>
    <bigram weight="1" > older world </bigram>
    <bigram weight="1" > with an </bigram>
    <bigram weight="1" > cold ### </bigram>
    <bigram weight="1" > an enlarged </bigram>
    <bigram weight="1" > ### nis </bigram>
    <bigram weight="1" > begins with </bigram>
    <bigram weight="1" > man who </bigram>
    <bigram weight="1" > beam of </bigram>
    <bigram weight="1" > ### ferguson </bigram>
    <bigram weight="1" > the night </bigram>
    <bigram weight="1" > in george </bigram>
    <bigram weight="1" > who saw </bigram>
    <bigram weight="1" > opposed ### </bigram>
    <bigram weight="1" > # transcendentalism </bigram>
    <bigram weight="1" > divinity school </bigram>
    <bigram weight="1" > their contemporaries </bigram>
    <bigram weight="1" > and with </bigram>
    <bigram weight="1" > or that </bigram>
    <bigram weight="1" > this in </bigram>
    <bigram weight="1" > quotation from </bigram>
    <bigram weight="1" > and put </bigram>
    <bigram weight="1" > to understand </bigram>
    <bigram weight="1" > it might </bigram>
    <bigram weight="1" > selection of </bigram>
    <bigram weight="1" > the modern </bigram>
    <bigram weight="1" > is the </bigram>
    <bigram weight="1" > definition ### </bigram>
    <bigram weight="1" > stand still </bigram>
    <bigram weight="1" > intervening millenia </bigram>
    <bigram weight="1" > succession ## </bigram>
    <bigram weight="1" > crack in </bigram>
    <bigram weight="1" > kilroy was </bigram>
    <bigram weight="1" > precise quiddity </bigram>
    <bigram weight="1" > tough land </bigram>
    <bigram weight="1" > above me </bigram>
    <bigram weight="1" > wider audience </bigram>
    <bigram weight="1" > theodore parker </bigram>
    <bigram weight="1" > a phrase </bigram>
    <bigram weight="1" > a leviathan </bigram>
    <bigram weight="1" > width ### </bigram>
    <bigram weight="1" > travels on </bigram>
    <bigram weight="1" > # another </bigram>
    <bigram weight="1" > country ### </bigram>
    <bigram weight="1" > overtones in </bigram>
    <bigram weight="1" > purchance will </bigram>
    <bigram weight="1" > the royal </bigram>
    <bigram weight="1" > leviathan ### </bigram>
    <bigram weight="1" > as it </bigram>
    <bigram weight="1" > darwin on </bigram>
    <bigram weight="1" > that the </bigram>
    <bigram weight="1" > himself and </bigram>
    <bigram weight="1" > but only </bigram>
    <bigram weight="1" > perhaps ### </bigram>
    <bigram weight="1" > bacon came </bigram>
    <bigram weight="1" > thoreau felt </bigram>
    <bigram weight="1" > off inquiry </bigram>
    <bigram weight="1" > expurgating ### </bigram>
    <bigram weight="1" > will appear </bigram>
    <bigram weight="1" > ### irom </bigram>
    <bigram weight="1" > sun stand </bigram>
    <bigram weight="1" > s observation </bigram>
    <bigram weight="1" > by a </bigram>
    <bigram weight="1" > ten million </bigram>
    <bigram weight="1" > over the </bigram>
    <bigram weight="1" > sparsely on </bigram>
    <bigram weight="1" > will go </bigram>
    <bigram weight="1" > s in </bigram>
    <bigram weight="1" > possible definition </bigram>
    <bigram weight="1" > before him </bigram>
    <bigram weight="1" > in turn </bigram>
    <bigram weight="1" > man cannot </bigram>
    <bigram weight="1" > the man </bigram>
    <bigram weight="1" > but with </bigram>
    <bigram weight="1" > backward unwinding </bigram>
    <bigram weight="1" > the invisible </bigram>
    <bigram weight="1" > the backward </bigram>
    <bigram weight="1" > for after </bigram>
    <bigram weight="1" > establishment of </bigram>
    <bigram weight="1" > through and </bigram>
    <bigram weight="1" > recording and </bigram>
    <bigram weight="1" > a crack </bigram>
    <bigram weight="1" > ### poems </bigram>
    <bigram weight="1" > appear in </bigram>
    <bigram weight="1" > george macdonald </bigram>
    <bigram weight="1" > slavery which </bigram>
    <bigram weight="1" > of it </bigram>
    <bigram weight="1" > sort ing </bigram>
    <bigram weight="1" > similar attempt </bigram>
    <bigram weight="1" > put darwin </bigram>
    <bigram weight="1" > ### kilroy </bigram>
    <bigram weight="1" > the trail </bigram>
    <bigram weight="1" > high a </bigram>
    <bigram weight="1" > is in </bigram>
    <bigram weight="1" > slate of </bigram>
    <bigram weight="1" > than being </bigram>
    <bigram weight="1" > be they </bigram>
    <bigram weight="1" > july ### </bigram>
    <bigram weight="1" > ancient landscapes </bigram>
    <bigram weight="1" > remained unobliterated </bigram>
    <bigram weight="1" > obses sive </bigram>
    <bigram weight="1" > darwin and </bigram>
    <bigram weight="1" > a pine </bigram>
    <bigram weight="1" > rather than </bigram>
    <bigram weight="1" > beyond her </bigram>
    <bigram weight="1" > the slate </bigram>
    <bigram weight="1" > of time </bigram>
    <bigram weight="1" > his kind </bigram>
    <bigram weight="1" > an anthropologist </bigram>
    <bigram weight="1" > pyramid ### </bigram>
    <bigram weight="1" > indians or </bigram>
    <bigram weight="1" > the earlier </bigram>
    <bigram weight="1" > unwinding of </bigram>
    <bigram weight="1" > his fellow </bigram>
    <bigram weight="1" > it were </bigram>
    <bigram weight="1" > firewood ### </bigram>
    <bigram weight="1" > noble myths </bigram>
    <bigram weight="1" > scent of </bigram>
    <bigram weight="1" > find mystical </bigram>
    <bigram weight="1" > around walden </bigram>
    <bigram weight="1" > # in </bigram>
    <bigram weight="1" > ministers was </bigram>
    <bigram weight="1" > problem ### </bigram>
    <bigram weight="1" > whereby primitive </bigram>
    <bigram weight="1" > a humanist </bigram>
    <bigram weight="1" > tree ### </bigram>
    <bigram weight="1" > s handiwork </bigram>
    <bigram weight="1" > the intervening </bigram>
    <bigram weight="1" > again and </bigram>
    <bigram weight="1" > ### recording </bigram>
    <bigram weight="1" > to as </bigram>
    <bigram weight="1" > a whale </bigram>
    <bigram weight="1" > the noble </bigram>
    <bigram weight="1" > whale or </bigram>
    <bigram weight="1" > the establishment </bigram>
    <bigram weight="1" > tell me </bigram>
    <bigram weight="1" > james kusseii </bigram>
    <bigram weight="1" > puzzling out </bigram>
    <bigram weight="1" > opening essay </bigram>
    <bigram weight="1" > or perhaps </bigram>
    <bigram weight="1" > # loren </bigram>
    <bigram weight="1" > fellow unitarian </bigram>
    <bigram weight="1" > journey the </bigram>
    <bigram weight="1" > of god </bigram>
    <bigram weight="1" > as immortal </bigram>
    <bigram weight="1" > as i </bigram>
    <bigram weight="1" > introduced him </bigram>
    <bigram weight="1" > quiddity ### </bigram>
    <bigram weight="1" > ### whereby </bigram>
    <bigram weight="1" > and purchance </bigram>
    <bigram weight="1" > surely loren </bigram>
    <bigram weight="1" > land ### </bigram>
    <bigram weight="1" > too ### </bigram>
    <bigram weight="1" > they indians </bigram>
    <bigram weight="1" > the beam </bigram>
    <bigram weight="1" > ## introduced </bigram>
    <bigram weight="1" > dilemma ### </bigram>
    <bigram weight="1" > phrase is </bigram>
    <bigram weight="1" > fre quently </bigram>
    <bigram weight="1" > ### even </bigram>
    <bigram weight="1" > the side </bigram>
    <bigram weight="1" > at james </bigram>
    <bigram weight="1" > will include </bigram>
    <bigram weight="1" > a selection </bigram>
    <bigram weight="1" > lot he </bigram>
    <bigram weight="1" > only a </bigram>
    <bigram weight="1" > weighing of </bigram>
    <bigram weight="1" > # this </bigram>
    <bigram weight="1" > night country </bigram>
    <bigram weight="1" > the unexpected </bigram>
    <bigram weight="1" > malcolm m </bigram>
    <bigram weight="1" > and how </bigram>
    <bigram weight="1" > nature ### </bigram>
    <bigram weight="1" > atlan tic </bigram>
    <bigram weight="1" > ### shook </bigram>
    <bigram weight="1" > am ### </bigram>
    <bigram weight="1" > is a </bigram>
    <bigram weight="1" > be on </bigram>
    <bigram weight="1" > ### l </bigram>
    <bigram weight="1" > time is </bigram>
    <bigram weight="1" > birthplace ## </bigram>
    <bigram weight="1" > deals with </bigram>
    <bigram weight="1" > universe ### </bigram>
    <bigram weight="1" > the ancient </bigram>
    <bigram weight="1" > similarly significant </bigram>
    <bigram weight="1" > at nature </bigram>
    <bigram weight="1" > unitarian ministers </bigram>
    <bigram weight="1" > the slit </bigram>
    <bigram weight="1" > and again </bigram>
    <bigram weight="1" > world than </bigram>
    <bigram weight="1" > surveying ### </bigram>
    <bigram weight="1" > in how </bigram>
    <bigram weight="1" > iviina as </bigram>
    <bigram weight="1" > saw through </bigram>
    <bigram weight="1" > millenia be </bigram>
    <bigram weight="1" > was swallowed </bigram>
    <bigram weight="1" > kusseii i </bigram>
    <bigram weight="1" > a heaven </bigram>
    <bigram weight="1" > ### reflections </bigram>
    <bigram weight="1" > time ### </bigram>
    <bigram weight="1" > man as </bigram>
    <bigram weight="1" > ### saw </bigram>
    <bigram weight="1" > be respected </bigram>
    <bigram weight="1" > unexpected universe </bigram>
    <bigram weight="1" > were a </bigram>
    <bigram weight="1" > version ### </bigram>
    <bigram weight="1" > reconcilii g </bigram>
    <bigram weight="1" > of man </bigram>
    <bigram weight="1" > animals ### </bigram>
    <bigram weight="1" > book ### </bigram>
    <bigram weight="1" > prepared their </bigram>
    <bigram weight="1" > mote indeed </bigram>
    <bigram weight="1" > ministerial lot </bigram>
    <bigram weight="1" > by malcolm </bigram>
    <bigram weight="1" > must look </bigram>
    <bigram weight="1" > jonah was </bigram>
    <bigram weight="1" > i ### </bigram>
    <bigram weight="1" > of facts </bigram>
    <bigram weight="1" > anthropologist and </bigram>
    <bigram weight="1" > on dis </bigram>
    <bigram weight="1" > lighted long </bigram>
    <bigram weight="1" > lincoln ### </bigram>
    <bigram weight="1" > whatever that </bigram>
    <bigram weight="1" > inquiry ### </bigram>
    <bigram weight="1" > or pioneering </bigram>
    <bigram weight="1" > in place </bigram>
    <bigram weight="1" > as nature </bigram>
    <bigram weight="1" > place of </bigram>
    <bigram weight="1" > eiselev ### </bigram>
    <bigram weight="1" > darwin ### </bigram>
    <bigram weight="1" > ### nebraska </bigram>
    <bigram weight="1" > transcendentalism was </bigram>
    <bigram weight="1" > irom the </bigram>
    <bigram weight="1" > here are </bigram>
    <bigram weight="1" > ### british </bigram>
    <bigram weight="1" > an obses </bigram>
    <bigram weight="1" > ing ### </bigram>
    <bigram weight="1" > tic monthly </bigram>
    <bigram weight="1" > paso por </bigram>
    <bigram weight="1" > being obliged </bigram>
    <bigram weight="1" > were ### </bigram>
    <bigram weight="1" > there to </bigram>
    <bigram weight="1" > and thoreau </bigram>
    <bigram weight="1" > standing the </bigram>
    <bigram weight="1" > the voyage </bigram>
    <bigram weight="1" > tower above </bigram>
    <bigram weight="1" > eye ### </bigram>
    <bigram weight="1" > are palimpsests </bigram>
    <bigram weight="1" > must believe </bigram>
    <bigram weight="1" > trail has </bigram>
    <bigram weight="1" > some of </bigram>
    <bigram weight="1" > saw man </bigram>
    <bigram weight="1" > than transient </bigram>
    <bigram weight="1" > in ### </bigram>
    <bigram weight="1" > warmed himself </bigram>
    <bigram weight="1" > and predatory </bigram>
    <bigram weight="1" > kind together </bigram>
    <bigram weight="1" > it is </bigram>
    <bigram weight="1" > for est </bigram>
    <bigram weight="1" > which in </bigram>
    <bigram weight="1" > ### begins </bigram>
    <bigram weight="1" > # he </bigram>
    <bigram weight="1" > and scarce </bigram>
    <bigram weight="1" > the plains </bigram>
    <bigram weight="1" > through perhaps </bigram>
    <bigram weight="1" > the dark </bigram>
    <bigram weight="1" > joshua made </bigram>
    <bigram weight="1" > ### both </bigram>
    <bigram weight="1" > poems ### </bigram>
    <bigram weight="1" > our immense </bigram>
    <bigram weight="1" > i am </bigram>
    <bigram weight="1" > i do </bigram>
    <bigram weight="1" > through some </bigram>
    <bigram weight="1" > or a </bigram>
    <bigram weight="1" > reprint of </bigram>
    <bigram weight="1" > royal society </bigram>
    <bigram weight="1" > obliged to </bigram>
    <bigram weight="1" > perhaps ten </bigram>
    <bigram weight="1" > successors with </bigram>
    <bigram weight="1" > swallowed by </bigram>
    <bigram weight="1" > of slavery </bigram>
    <bigram weight="1" > is as </bigram>
    <bigram weight="1" > not attempt </bigram>
    <bigram weight="1" > oi inquiry </bigram>
    <bigram weight="1" > attractive volume </bigram>
    <bigram weight="1" > and weighing </bigram>
    <bigram weight="1" > ### version </bigram>
    <bigram weight="1" > journey is </bigram>
    <bigram weight="1" > slit ### </bigram>
    <bigram weight="1" > of our </bigram>
    <bigram weight="1" > charles darwin </bigram>
    <bigram weight="1" > he was </bigram>
    <bigram weight="1" > between the </bigram>
    <bigram weight="1" > myths ### </bigram>
    <bigram weight="1" > with a </bigram>
    <bigram weight="1" > the writings </bigram>
    <bigram weight="1" > which prompted </bigram>
    <bigram weight="1" > that ### </bigram>
    <bigram weight="1" > ferguson bonfires </bigram>
    <bigram weight="1" > men writing </bigram>
    <bigram weight="1" > of belief </bigram>
    <bigram weight="1" > nature directly </bigram>
    <bigram weight="1" > his eye </bigram>
    <bigram weight="1" > him francis </bigram>
    <bigram weight="1" > surely in </bigram>
    <bigram weight="1" > the cold </bigram>
    <bigram weight="1" > his withdrawing </bigram>
    <bigram weight="1" > this theme </bigram>
    <bigram weight="1" > notes of </bigram>
    <bigram weight="1" > descended in </bigram>
    <bigram weight="1" > reau ### </bigram>
    <bigram weight="1" > only about </bigram>
    <bigram weight="1" > and our </bigram>
    <bigram weight="1" > and drew </bigram>
    <bigram weight="1" > another attractive </bigram>
    <bigram weight="1" > the sun </bigram>
    <bigram weight="1" > in many </bigram>
    <bigram weight="1" > a remarkable </bigram>
    <bigram weight="1" > ## for </bigram>
    <bigram weight="1" > again a </bigram>
    <bigram weight="1" > in nature </bigram>
    <bigram weight="1" > it a </bigram>
    <bigram weight="1" > significant ### </bigram>
    <bigram weight="1" > how we </bigram>
    <bigram weight="1" > anticipate ### </bigram>
    <bigram weight="1" > plains ### </bigram>
    <bigram weight="1" > enlarged reprint </bigram>
    <bigram weight="1" > put off </bigram>
    <bigram weight="1" > writings of </bigram>
    <bigram weight="1" > god ### </bigram>
    <bigram weight="1" > that science </bigram>
    <bigram weight="1" > which i </bigram>
    <bigram weight="1" > oweli ior </bigram>
    <bigram weight="1" > west the </bigram>
    <bigram weight="1" > book which </bigram>
    <bigram weight="1" > predatory animals </bigram>
    <bigram weight="1" > ### aptly </bigram>
    <bigram weight="1" > means to </bigram>
    <bigram weight="1" > ### put </bigram>
    <bigram weight="1" > and successors </bigram>
    <bigram weight="1" > earlier ### </bigram>
    <bigram weight="1" > ot thoreau </bigram>
    <bigram weight="1" > to find </bigram>
    <bigram weight="1" > science is </bigram>
    <bigram weight="1" > the succession </bigram>
    <bigram weight="1" > invisible pyramid </bigram>
    <bigram weight="1" > alchemist ### </bigram>
    <bigram weight="1" > immortal as </bigram>
    <bigram weight="1" > might be </bigram>
    <bigram weight="1" > spirit oi </bigram>
    <bigram weight="1" > a lot </bigram>
    <bigram weight="1" > s birthplace </bigram>
    <bigram weight="1" > side of </bigram>
    <bigram weight="1" > was surveying </bigram>
    <bigram weight="1" > society ### </bigram>
    <bigram weight="1" > the west </bigram>
    <bigram weight="1" > drew his </bigram>
    <bigram weight="1" > voyage of </bigram>
    <bigram weight="1" > the means </bigram>
    <bigram weight="1" > with only </bigram>
    <bigram weight="1" > ### only </bigram>
    <bigram weight="1" > cross section </bigram>
    <bigram weight="1" > here was </bigram>
    <bigram weight="1" > and a </bigram>
    <bigram weight="1" > here ### </bigram>
    <bigram weight="1" > include representative </bigram>
    <bigram weight="1" > a much </bigram>
    <bigram weight="1" > por agui </bigram>
    <bigram weight="1" > this will </bigram>
    <bigram weight="1" > ### he </bigram>
    <bigram weight="1" > look at </bigram>
    <bigram weight="1" > our understanding </bigram>
    <bigram weight="1" > with it </bigram>
    <bigram weight="1" > he and </bigram>
</article>
