<?xml version="1.0" encoding="UTF-8"?>
<article id="10.2307/23394006" >
    <bigram weight="17" > ### # </bigram>
    <bigram weight="17" > ### ### </bigram>
    <bigram weight="12" > ## ### </bigram>
    <bigram weight="8" > of the </bigram>
    <bigram weight="8" > ### ## </bigram>
    <bigram weight="6" > page ## </bigram>
    <bigram weight="6" > ### s </bigram>
    <bigram weight="5" > ### and </bigram>
    <bigram weight="4" > at the </bigram>
    <bigram weight="4" > # ### </bigram>
    <bigram weight="3" > his death </bigram>
    <bigram weight="3" > in his </bigram>
    <bigram weight="3" > ### on </bigram>
    <bigram weight="3" > good sailing </bigram>
    <bigram weight="3" > on page </bigram>
    <bigram weight="3" > in the </bigram>
    <bigram weight="3" > could not </bigram>
    <bigram weight="3" > ## of </bigram>
    <bigram weight="3" > sailing ### </bigram>
    <bigram weight="3" > sparrow ### </bigram>
    <bigram weight="2" > chipping sparrow </bigram>
    <bigram weight="2" > walden edition </bigram>
    <bigram weight="2" > s last </bigram>
    <bigram weight="2" > greene s </bigram>
    <bigram weight="2" > thoreau ### </bigram>
    <bigram weight="2" > tho reau </bigram>
    <bigram weight="2" > edition text </bigram>
    <bigram weight="2" > ### good </bigram>
    <bigram weight="2" > thomas woodson </bigram>
    <bigram weight="2" > permission of </bigram>
    <bigram weight="2" > by permission </bigram>
    <bigram weight="2" > to his </bigram>
    <bigram weight="2" > ### of </bigram>
    <bigram weight="2" > ### at </bigram>
    <bigram weight="2" > ### quoted </bigram>
    <bigram weight="2" > of a </bigram>
    <bigram weight="2" > quoted by </bigram>
    <bigram weight="2" > week ### </bigram>
    <bigram weight="2" > ### which </bigram>
    <bigram weight="2" > his sister </bigram>
    <bigram weight="2" > ### channing </bigram>
    <bigram weight="2" > ### new </bigram>
    <bigram weight="2" > may ## </bigram>
    <bigram weight="2" > york public </bigram>
    <bigram weight="2" > library ### </bigram>
    <bigram weight="2" > # this </bigram>
    <bigram weight="2" > of ### </bigram>
    <bigram weight="2" > new york </bigram>
    <bigram weight="2" > on thoreau </bigram>
    <bigram weight="2" > the ### </bigram>
    <bigram weight="2" > sophia ### </bigram>
    <bigram weight="2" > public library </bigram>
    <bigram weight="2" > from a </bigram>
    <bigram weight="2" > he could </bigram>
    <bigram weight="2" > april ## </bigram>
    <bigram weight="2" > a week </bigram>
    <bigram weight="2" > to him </bigram>
    <bigram weight="2" > the chipping </bigram>
    <bigram weight="2" > on the </bigram>
    <bigram weight="2" > # he </bigram>
    <bigram weight="1" > thoreau and </bigram>
    <bigram weight="1" > note about </bigram>
    <bigram weight="1" > mentioned the </bigram>
    <bigram weight="1" > give greater </bigram>
    <bigram weight="1" > text ### </bigram>
    <bigram weight="1" > thoreau spoke </bigram>
    <bigram weight="1" > than the </bigram>
    <bigram weight="1" > is page </bigram>
    <bigram weight="1" > a repetition </bigram>
    <bigram weight="1" > channing s </bigram>
    <bigram weight="1" > s reading </bigram>
    <bigram weight="1" > the win </bigram>
    <bigram weight="1" > h ### </bigram>
    <bigram weight="1" > other articles </bigram>
    <bigram weight="1" > his allegash </bigram>
    <bigram weight="1" > glided past </bigram>
    <bigram weight="1" > foundations ### </bigram>
    <bigram weight="1" > thursday ### </bigram>
    <bigram weight="1" > greene ### </bigram>
    <bigram weight="1" > and that </bigram>
    <bigram weight="1" > several other </bigram>
    <bigram weight="1" > ended his </bigram>
    <bigram weight="1" > # channing </bigram>
    <bigram weight="1" > written ### </bigram>
    <bigram weight="1" > not see </bigram>
    <bigram weight="1" > from page </bigram>
    <bigram weight="1" > university ### </bigram>
    <bigram weight="1" > by ### </bigram>
    <bigram weight="1" > we glided </bigram>
    <bigram weight="1" > passage is </bigram>
    <bigram weight="1" > ### it </bigram>
    <bigram weight="1" > bright ### </bigram>
    <bigram weight="1" > sister sophia </bigram>
    <bigram weight="1" > later jour </bigram>
    <bigram weight="1" > his whispered </bigram>
    <bigram weight="1" > to page </bigram>
    <bigram weight="1" > a deathbed </bigram>
    <bigram weight="1" > death ### </bigram>
    <bigram weight="1" > when near </bigram>
    <bigram weight="1" > statement that </bigram>
    <bigram weight="1" > without more </bigram>
    <bigram weight="1" > is presently </bigram>
    <bigram weight="1" > knot he </bigram>
    <bigram weight="1" > ### henry </bigram>
    <bigram weight="1" > a meek </bigram>
    <bigram weight="1" > ### without </bigram>
    <bigram weight="1" > repetition of </bigram>
    <bigram weight="1" > days which </bigram>
    <bigram weight="1" > nal ### </bigram>
    <bigram weight="1" > ohio state </bigram>
    <bigram weight="1" > april and </bigram>
    <bigram weight="1" > was quite </bigram>
    <bigram weight="1" > tion ### </bigram>
    <bigram weight="1" > quoted in </bigram>
    <bigram weight="1" > lenox and </bigram>
    <bigram weight="1" > woodson is </bigram>
    <bigram weight="1" > was replaced </bigram>
    <bigram weight="1" > this passage </bigram>
    <bigram weight="1" > whispered utterance </bigram>
    <bigram weight="1" > this corrected </bigram>
    <bigram weight="1" > ## and </bigram>
    <bigram weight="1" > live to </bigram>
    <bigram weight="1" > his first </bigram>
    <bigram weight="1" > work ing </bigram>
    <bigram weight="1" > ### probably </bigram>
    <bigram weight="1" > the new </bigram>
    <bigram weight="1" > channing noted </bigram>
    <bigram weight="1" > wrote at </bigram>
    <bigram weight="1" > page ### </bigram>
    <bigram weight="1" > # notes </bigram>
    <bigram weight="1" > the two </bigram>
    <bigram weight="1" > channing marked </bigram>
    <bigram weight="1" > ## # </bigram>
    <bigram weight="1" > response to </bigram>
    <bigram weight="1" > the page </bigram>
    <bigram weight="1" > of english </bigram>
    <bigram weight="1" > quite bright </bigram>
    <bigram weight="1" > not untie </bigram>
    <bigram weight="1" > # note </bigram>
    <bigram weight="1" > a note </bigram>
    <bigram weight="1" > by thomas </bigram>
    <bigram weight="1" > more pause </bigram>
    <bigram weight="1" > to greene </bigram>
    <bigram weight="1" > paper ### </bigram>
    <bigram weight="1" > credence to </bigram>
    <bigram weight="1" > the swift </bigram>
    <bigram weight="1" > morning of </bigram>
    <bigram weight="1" > long after </bigram>
    <bigram weight="1" > made a </bigram>
    <bigram weight="1" > edition ### </bigram>
    <bigram weight="1" > ### who </bigram>
    <bigram weight="1" > had written </bigram>
    <bigram weight="1" > corrected april </bigram>
    <bigram weight="1" > have this </bigram>
    <bigram weight="1" > brother ### </bigram>
    <bigram weight="1" > thomas blandinq </bigram>
    <bigram weight="1" > basis of </bigram>
    <bigram weight="1" > between april </bigram>
    <bigram weight="1" > and not </bigram>
    <bigram weight="1" > word on </bigram>
    <bigram weight="1" > s advice </bigram>
    <bigram weight="1" > journal ### </bigram>
    <bigram weight="1" > edition of </bigram>
    <bigram weight="1" > albert a </bigram>
    <bigram weight="1" > several times </bigram>
    <bigram weight="1" > in response </bigram>
    <bigram weight="1" > of walden </bigram>
    <bigram weight="1" > name for </bigram>
    <bigram weight="1" > or tertiary </bigram>
    <bigram weight="1" > # ## </bigram>
    <bigram weight="1" > division of </bigram>
    <bigram weight="1" > that ended </bigram>
    <bigram weight="1" > or channing </bigram>
    <bigram weight="1" > the morning </bigram>
    <bigram weight="1" > this is </bigram>
    <bigram weight="1" > tertiary source </bigram>
    <bigram weight="1" > reading to </bigram>
    <bigram weight="1" > reasonable that </bigram>
    <bigram weight="1" > ### astor </bigram>
    <bigram weight="1" > it is </bigram>
    <bigram weight="1" > confirmed by </bigram>
    <bigram weight="1" > ing on </bigram>
    <bigram weight="1" > ## h </bigram>
    <bigram weight="1" > it was </bigram>
    <bigram weight="1" > ### chip </bigram>
    <bigram weight="1" > he was </bigram>
    <bigram weight="1" > reading from </bigram>
    <bigram weight="1" > walden ### </bigram>
    <bigram weight="1" > ### by </bigram>
    <bigram weight="1" > ## sophia </bigram>
    <bigram weight="1" > copy of </bigram>
    <bigram weight="1" > was in </bigram>
    <bigram weight="1" > ### remembering </bigram>
    <bigram weight="1" > that her </bigram>
    <bigram weight="1" > october ## </bigram>
    <bigram weight="1" > pages in </bigram>
    <bigram weight="1" > pause than </bigram>
    <bigram weight="1" > revised edition </bigram>
    <bigram weight="1" > greater credence </bigram>
    <bigram weight="1" > him ### </bigram>
    <bigram weight="1" > the winter </bigram>
    <bigram weight="1" > horsehair ### </bigram>
    <bigram weight="1" > ### lenox </bigram>
    <bigram weight="1" > ### now </bigram>
    <bigram weight="1" > advice ### </bigram>
    <bigram weight="1" > death a </bigram>
    <bigram weight="1" > allegash paper </bigram>
    <bigram weight="1" > win ### </bigram>
    <bigram weight="1" > and is </bigram>
    <bigram weight="1" > astor ### </bigram>
    <bigram weight="1" > testament is </bigram>
    <bigram weight="1" > in part </bigram>
    <bigram weight="1" > # his </bigram>
    <bigram weight="1" > is on </bigram>
    <bigram weight="1" > s two </bigram>
    <bigram weight="1" > made his </bigram>
    <bigram weight="1" > noted ### </bigram>
    <bigram weight="1" > complete his </bigram>
    <bigram weight="1" > of ## </bigram>
    <bigram weight="1" > henry to </bigram>
    <bigram weight="1" > his later </bigram>
    <bigram weight="1" > to have </bigram>
    <bigram weight="1" > her brother </bigram>
    <bigram weight="1" > by ellery </bigram>
    <bigram weight="1" > sophia had </bigram>
    <bigram weight="1" > ellery chanmng </bigram>
    <bigram weight="1" > as late </bigram>
    <bigram weight="1" > the point </bigram>
    <bigram weight="1" > piece of </bigram>
    <bigram weight="1" > of salmon </bigram>
    <bigram weight="1" > reau mentioned </bigram>
    <bigram weight="1" > the beginning </bigram>
    <bigram weight="1" > replaced by </bigram>
    <bigram weight="1" > comparative literature </bigram>
    <bigram weight="1" > # another </bigram>
    <bigram weight="1" > that there </bigram>
    <bigram weight="1" > nashua ### </bigram>
    <bigram weight="1" > to correct </bigram>
    <bigram weight="1" > and as </bigram>
    <bigram weight="1" > another note </bigram>
    <bigram weight="1" > not long </bigram>
    <bigram weight="1" > new and </bigram>
    <bigram weight="1" > ### could </bigram>
    <bigram weight="1" > nevertheless by </bigram>
    <bigram weight="1" > that he </bigram>
    <bigram weight="1" > the nashua </bigram>
    <bigram weight="1" > a ### </bigram>
    <bigram weight="1" > in her </bigram>
    <bigram weight="1" > there were </bigram>
    <bigram weight="1" > part from </bigram>
    <bigram weight="1" > saunterer thomas </bigram>
    <bigram weight="1" > reports on </bigram>
    <bigram weight="1" > ### berg </bigram>
    <bigram weight="1" > said he </bigram>
    <bigram weight="1" > times in </bigram>
    <bigram weight="1" > on calvin </bigram>
    <bigram weight="1" > beginning of </bigram>
    <bigram weight="1" > ### nevertheless </bigram>
    <bigram weight="1" > swift return </bigram>
    <bigram weight="1" > never live </bigram>
    <bigram weight="1" > has written </bigram>
    <bigram weight="1" > berg collec </bigram>
    <bigram weight="1" > s or </bigram>
    <bigram weight="1" > ### journal </bigram>
    <bigram weight="1" > by his </bigram>
    <bigram weight="1" > her reading </bigram>
    <bigram weight="1" > made another </bigram>
    <bigram weight="1" > the henry </bigram>
    <bigram weight="1" > s copy </bigram>
    <bigram weight="1" > death may </bigram>
    <bigram weight="1" > not fairly </bigram>
    <bigram weight="1" > first major </bigram>
    <bigram weight="1" > channing made </bigram>
    <bigram weight="1" > past the </bigram>
    <bigram weight="1" > that in </bigram>
    <bigram weight="1" > when she </bigram>
    <bigram weight="1" > down stream </bigram>
    <bigram weight="1" > fairly rouse </bigram>
    <bigram weight="1" > book that </bigram>
    <bigram weight="1" > with horsehair </bigram>
    <bigram weight="1" > of comparative </bigram>
    <bigram weight="1" > source ### </bigram>
    <bigram weight="1" > collec tion </bigram>
    <bigram weight="1" > of sophia </bigram>
    <bigram weight="1" > professor of </bigram>
    <bigram weight="1" > who also </bigram>
    <bigram weight="1" > ## channing </bigram>
    <bigram weight="1" > meek ### </bigram>
    <bigram weight="1" > # in </bigram>
    <bigram weight="1" > chairman of </bigram>
    <bigram weight="1" > of tho </bigram>
    <bigram weight="1" > ### more </bigram>
    <bigram weight="1" > a professor </bigram>
    <bigram weight="1" > point where </bigram>
    <bigram weight="1" > woodson in </bigram>
    <bigram weight="1" > nest with </bigram>
    <bigram weight="1" > of writing </bigram>
    <bigram weight="1" > brook ### </bigram>
    <bigram weight="1" > home down </bigram>
    <bigram weight="1" > ### thursday </bigram>
    <bigram weight="1" > probably on </bigram>
    <bigram weight="1" > but said </bigram>
    <bigram weight="1" > ### but </bigram>
    <bigram weight="1" > tree sparrow </bigram>
    <bigram weight="1" > see to </bigram>
    <bigram weight="1" > ## saunterer </bigram>
    <bigram weight="1" > the standard </bigram>
    <bigram weight="1" > # greene </bigram>
    <bigram weight="1" > ### we </bigram>
    <bigram weight="1" > another name </bigram>
    <bigram weight="1" > jour nal </bigram>
    <bigram weight="1" > english and </bigram>
    <bigram weight="1" > tilden foundations </bigram>
    <bigram weight="1" > for the </bigram>
    <bigram weight="1" > major piece </bigram>
    <bigram weight="1" > and october </bigram>
    <bigram weight="1" > himself ### </bigram>
    <bigram weight="1" > an annotated </bigram>
    <bigram weight="1" > henry w </bigram>
    <bigram weight="1" > and albert </bigram>
    <bigram weight="1" > return home </bigram>
    <bigram weight="1" > a secondary </bigram>
    <bigram weight="1" > is a </bigram>
    <bigram weight="1" > his end </bigram>
    <bigram weight="1" > comes good </bigram>
    <bigram weight="1" > which lines </bigram>
    <bigram weight="1" > which records </bigram>
    <bigram weight="1" > has quoted </bigram>
    <bigram weight="1" > another word </bigram>
    <bigram weight="1" > marked the </bigram>
    <bigram weight="1" > weeks between </bigram>
    <bigram weight="1" > records a </bigram>
    <bigram weight="1" > secondary or </bigram>
    <bigram weight="1" > lines its </bigram>
    <bigram weight="1" > the ohio </bigram>
    <bigram weight="1" > earlier ### </bigram>
    <bigram weight="1" > written several </bigram>
    <bigram weight="1" > note in </bigram>
    <bigram weight="1" > word ### </bigram>
    <bigram weight="1" > ### tree </bigram>
    <bigram weight="1" > that thoreau </bigram>
    <bigram weight="1" > and chairman </bigram>
    <bigram weight="1" > notes give </bigram>
    <bigram weight="1" > s testament </bigram>
    <bigram weight="1" > ### thomas </bigram>
    <bigram weight="1" > where thoreau </bigram>
    <bigram weight="1" > read this </bigram>
    <bigram weight="1" > two notes </bigram>
    <bigram weight="1" > him from </bigram>
    <bigram weight="1" > chanmng ### </bigram>
    <bigram weight="1" > w ### </bigram>
    <bigram weight="1" > remembering that </bigram>
    <bigram weight="1" > blandinq reports </bigram>
    <bigram weight="1" > statement of </bigram>
    <bigram weight="1" > were ### </bigram>
    <bigram weight="1" > notes ### </bigram>
    <bigram weight="1" > stream that </bigram>
    <bigram weight="1" > salmon brook </bigram>
    <bigram weight="1" > ### is </bigram>
    <bigram weight="1" > deathbed statement </bigram>
    <bigram weight="1" > ### wished </bigram>
    <bigram weight="1" > last ### </bigram>
    <bigram weight="1" > spoke of </bigram>
    <bigram weight="1" > s statement </bigram>
    <bigram weight="1" > copy ### </bigram>
    <bigram weight="1" > correct ### </bigram>
    <bigram weight="1" > note ### </bigram>
    <bigram weight="1" > channing ### </bigram>
    <bigram weight="1" > utterance made </bigram>
    <bigram weight="1" > he has </bigram>
    <bigram weight="1" > sister when </bigram>
    <bigram weight="1" > thoreau had </bigram>
    <bigram weight="1" > and may </bigram>
    <bigram weight="1" > to complete </bigram>
    <bigram weight="1" > he would </bigram>
    <bigram weight="1" > presently work </bigram>
    <bigram weight="1" > chip sparrow </bigram>
    <bigram weight="1" > untie ### </bigram>
    <bigram weight="1" > calvin greene </bigram>
    <bigram weight="1" > and revised </bigram>
    <bigram weight="1" > his copy </bigram>
    <bigram weight="1" > # tho </bigram>
    <bigram weight="1" > text of </bigram>
    <bigram weight="1" > she read </bigram>
    <bigram weight="1" > writing ### </bigram>
    <bigram weight="1" > on an </bigram>
    <bigram weight="1" > ## to </bigram>
    <bigram weight="1" > rouse himself </bigram>
    <bigram weight="1" > foot of </bigram>
    <bigram weight="1" > about thoreau </bigram>
    <bigram weight="1" > two weeks </bigram>
    <bigram weight="1" > also made </bigram>
    <bigram weight="1" > the word </bigram>
    <bigram weight="1" > and tilden </bigram>
    <bigram weight="1" > more pages </bigram>
    <bigram weight="1" > sparrow several </bigram>
    <bigram weight="1" > its nest </bigram>
    <bigram weight="1" > the basis </bigram>
    <bigram weight="1" > is another </bigram>
    <bigram weight="1" > end ### </bigram>
    <bigram weight="1" > winter ## </bigram>
    <bigram weight="1" > # it </bigram>
    <bigram weight="1" > late as </bigram>
    <bigram weight="1" > state university </bigram>
    <bigram weight="1" > annotated edition </bigram>
    <bigram weight="1" > which blanding </bigram>
    <bigram weight="1" > ### was </bigram>
    <bigram weight="1" > of his </bigram>
    <bigram weight="1" > near his </bigram>
    <bigram weight="1" > the division </bigram>
    <bigram weight="1" > wished to </bigram>
    <bigram weight="1" > this to </bigram>
    <bigram weight="1" > literature at </bigram>
    <bigram weight="1" > is confirmed </bigram>
    <bigram weight="1" > the foot </bigram>
    <bigram weight="1" > is reasonable </bigram>
    <bigram weight="1" > after ### </bigram>
    <bigram weight="1" > would never </bigram>
    <bigram weight="1" > progressed in </bigram>
    <bigram weight="1" > ### when </bigram>
    <bigram weight="1" > blanding has </bigram>
    <bigram weight="1" > ### earlier </bigram>
    <bigram weight="1" > in a </bigram>
    <bigram weight="1" > now comes </bigram>
    <bigram weight="1" > standard walden </bigram>
    <bigram weight="1" > the walden </bigram>
    <bigram weight="1" > reau in </bigram>
    <bigram weight="1" > a knot </bigram>
    <bigram weight="1" > had progressed </bigram>
    <bigram weight="1" > as april </bigram>
    <bigram weight="1" > last days </bigram>
    <bigram weight="1" > his book </bigram>
    <bigram weight="1" > and wrote </bigram>
    <bigram weight="1" > articles on </bigram>
</article>
