<?xml version="1.0" encoding="UTF-8"?>
<article id="10.2307/23393319" >
    <bigram weight="81" > ### # </bigram>
    <bigram weight="29" > of the </bigram>
    <bigram weight="21" > ### ### </bigram>
    <bigram weight="19" > # ### </bigram>
    <bigram weight="18" > ### s </bigram>
    <bigram weight="16" > thoreau ### </bigram>
    <bigram weight="15" > ### and </bigram>
    <bigram weight="11" > in the </bigram>
    <bigram weight="11" > ### the </bigram>
    <bigram weight="9" > ### thoreau </bigram>
    <bigram weight="9" > in his </bigram>
    <bigram weight="9" > ## ### </bigram>
    <bigram weight="9" > it is </bigram>
    <bigram weight="8" > in ## </bigram>
    <bigram weight="8" > ### it </bigram>
    <bigram weight="8" > ### in </bigram>
    <bigram weight="7" > # the </bigram>
    <bigram weight="7" > the journal </bigram>
    <bigram weight="7" > the same </bigram>
    <bigram weight="7" > to the </bigram>
    <bigram weight="7" > the seasons </bigram>
    <bigram weight="7" > on the </bigram>
    <bigram weight="6" > man ### </bigram>
    <bigram weight="6" > ### a </bigram>
    <bigram weight="6" > year ### </bigram>
    <bigram weight="6" > # i </bigram>
    <bigram weight="6" > ### as </bigram>
    <bigram weight="6" > a book </bigram>
    <bigram weight="5" > henry d </bigram>
    <bigram weight="5" > a new </bigram>
    <bigram weight="5" > to be </bigram>
    <bigram weight="5" > wrote ### </bigram>
    <bigram weight="5" > he was </bigram>
    <bigram weight="5" > had been </bigram>
    <bigram weight="5" > d ### </bigram>
    <bigram weight="5" > ### i </bigram>
    <bigram weight="5" > # this </bigram>
    <bigram weight="5" > nature ### </bigram>
    <bigram weight="5" > spring ### </bigram>
    <bigram weight="5" > # it </bigram>
    <bigram weight="5" > his journal </bigram>
    <bigram weight="5" > is a </bigram>
    <bigram weight="4" > the first </bigram>
    <bigram weight="4" > in its </bigram>
    <bigram weight="4" > in which </bigram>
    <bigram weight="4" > publication of </bigram>
    <bigram weight="4" > life ### </bigram>
    <bigram weight="4" > i am </bigram>
    <bigram weight="4" > of nature </bigram>
    <bigram weight="4" > # in </bigram>
    <bigram weight="4" > ### from </bigram>
    <bigram weight="4" > # he </bigram>
    <bigram weight="4" > the publication </bigram>
    <bigram weight="4" > it was </bigram>
    <bigram weight="4" > ### ## </bigram>
    <bigram weight="4" > of thoreau </bigram>
    <bigram weight="3" > he wrote </bigram>
    <bigram weight="3" > journal ### </bigram>
    <bigram weight="3" > of spring </bigram>
    <bigram weight="3" > and it </bigram>
    <bigram weight="3" > the thoreau </bigram>
    <bigram weight="3" > him ### </bigram>
    <bigram weight="3" > that the </bigram>
    <bigram weight="3" > published in </bigram>
    <bigram weight="3" > of life </bigram>
    <bigram weight="3" > which the </bigram>
    <bigram weight="3" > blake ### </bigram>
    <bigram weight="3" > was a </bigram>
    <bigram weight="3" > of henry </bigram>
    <bigram weight="3" > ### but </bigram>
    <bigram weight="3" > i have </bigram>
    <bigram weight="3" > of his </bigram>
    <bigram weight="3" > was published </bigram>
    <bigram weight="3" > ### thus </bigram>
    <bigram weight="3" > journal of </bigram>
    <bigram weight="3" > a ### </bigram>
    <bigram weight="3" > for the </bigram>
    <bigram weight="3" > it may </bigram>
    <bigram weight="2" > thoreau was </bigram>
    <bigram weight="2" > # a </bigram>
    <bigram weight="2" > am sure </bigram>
    <bigram weight="2" > for his </bigram>
    <bigram weight="2" > ### to </bigram>
    <bigram weight="2" > ### of </bigram>
    <bigram weight="2" > might have </bigram>
    <bigram weight="2" > its own </bigram>
    <bigram weight="2" > an early </bigram>
    <bigram weight="2" > naturalist ### </bigram>
    <bigram weight="2" > as well </bigram>
    <bigram weight="2" > ### if </bigram>
    <bigram weight="2" > spring was </bigram>
    <bigram weight="2" > # and </bigram>
    <bigram weight="2" > month in </bigram>
    <bigram weight="2" > life which </bigram>
    <bigram weight="2" > have said </bigram>
    <bigram weight="2" > with the </bigram>
    <bigram weight="2" > same day </bigram>
    <bigram weight="2" > and company </bigram>
    <bigram weight="2" > journal is </bigram>
    <bigram weight="2" > later the </bigram>
    <bigram weight="2" > days ### </bigram>
    <bigram weight="2" > morning and </bigram>
    <bigram weight="2" > interest in </bigram>
    <bigram weight="2" > he loved </bigram>
    <bigram weight="2" > was his </bigram>
    <bigram weight="2" > his first </bigram>
    <bigram weight="2" > ### not </bigram>
    <bigram weight="2" > first editions </bigram>
    <bigram weight="2" > and spring </bigram>
    <bigram weight="2" > the editing </bigram>
    <bigram weight="2" > and the </bigram>
    <bigram weight="2" > may be </bigram>
    <bigram weight="2" > # ## </bigram>
    <bigram weight="2" > february ### </bigram>
    <bigram weight="2" > which thoreau </bigram>
    <bigram weight="2" > # thus </bigram>
    <bigram weight="2" > the winter </bigram>
    <bigram weight="2" > be ### </bigram>
    <bigram weight="2" > # thoreau </bigram>
    <bigram weight="2" > mifflin and </bigram>
    <bigram weight="2" > of ## </bigram>
    <bigram weight="2" > the writer </bigram>
    <bigram weight="2" > that he </bigram>
    <bigram weight="2" > the above </bigram>
    <bigram weight="2" > by a </bigram>
    <bigram weight="2" > to see </bigram>
    <bigram weight="2" > again ### </bigram>
    <bigram weight="2" > rather than </bigram>
    <bigram weight="2" > i had </bigram>
    <bigram weight="2" > # blake </bigram>
    <bigram weight="2" > ### mifflin </bigram>
    <bigram weight="2" > seasons ### </bigram>
    <bigram weight="2" > ### or </bigram>
    <bigram weight="2" > would have </bigram>
    <bigram weight="2" > beginning to </bigram>
    <bigram weight="2" > what had </bigram>
    <bigram weight="2" > out of </bigram>
    <bigram weight="2" > my own </bigram>
    <bigram weight="2" > philosophy ### </bigram>
    <bigram weight="2" > ### blake </bigram>
    <bigram weight="2" > when it </bigram>
    <bigram weight="2" > ### he </bigram>
    <bigram weight="2" > houghton ### </bigram>
    <bigram weight="2" > that it </bigram>
    <bigram weight="2" > does not </bigram>
    <bigram weight="2" > to publish </bigram>
    <bigram weight="2" > title page </bigram>
    <bigram weight="2" > well as </bigram>
    <bigram weight="2" > he had </bigram>
    <bigram weight="2" > from thoreau </bigram>
    <bigram weight="2" > him a </bigram>
    <bigram weight="2" > this was </bigram>
    <bigram weight="2" > breaks up </bigram>
    <bigram weight="2" > on its </bigram>
    <bigram weight="2" > ### however </bigram>
    <bigram weight="2" > from his </bigram>
    <bigram weight="2" > thoreau would </bigram>
    <bigram weight="2" > that time </bigram>
    <bigram weight="2" > the character </bigram>
    <bigram weight="2" > him as </bigram>
    <bigram weight="2" > by ## </bigram>
    <bigram weight="2" > time to </bigram>
    <bigram weight="2" > # on </bigram>
    <bigram weight="2" > as he </bigram>
    <bigram weight="2" > day of </bigram>
    <bigram weight="2" > that a </bigram>
    <bigram weight="2" > thoreau first </bigram>
    <bigram weight="2" > been considered </bigram>
    <bigram weight="2" > some of </bigram>
    <bigram weight="2" > to him </bigram>
    <bigram weight="2" > are not </bigram>
    <bigram weight="2" > the months </bigram>
    <bigram weight="2" > to make </bigram>
    <bigram weight="2" > ## he </bigram>
    <bigram weight="2" > it ### </bigram>
    <bigram weight="2" > such a </bigram>
    <bigram weight="2" > book collector </bigram>
    <bigram weight="2" > day ### </bigram>
    <bigram weight="2" > of an </bigram>
    <bigram weight="2" > volumes ### </bigram>
    <bigram weight="2" > in of </bigram>
    <bigram weight="2" > has been </bigram>
    <bigram weight="2" > the month </bigram>
    <bigram weight="2" > and i </bigram>
    <bigram weight="2" > as the </bigram>
    <bigram weight="2" > his thoughts </bigram>
    <bigram weight="2" > a few </bigram>
    <bigram weight="2" > book on </bigram>
    <bigram weight="2" > the year </bigram>
    <bigram weight="2" > wont to </bigram>
    <bigram weight="2" > only a </bigram>
    <bigram weight="2" > book of </bigram>
    <bigram weight="2" > time ### </bigram>
    <bigram weight="2" > it would </bigram>
    <bigram weight="2" > note ### </bigram>
    <bigram weight="2" > a life </bigram>
    <bigram weight="2" > if the </bigram>
    <bigram weight="2" > from the </bigram>
    <bigram weight="2" > his friends </bigram>
    <bigram weight="2" > blake wrote </bigram>
    <bigram weight="2" > there is </bigram>
    <bigram weight="2" > months of </bigram>
    <bigram weight="2" > and april </bigram>
    <bigram weight="2" > he started </bigram>
    <bigram weight="2" > a certain </bigram>
    <bigram weight="2" > page and </bigram>
    <bigram weight="2" > might be </bigram>
    <bigram weight="1" > the hurry </bigram>
    <bigram weight="1" > the farmer </bigram>
    <bigram weight="1" > intimate confidant </bigram>
    <bigram weight="1" > journal entry </bigram>
    <bigram weight="1" > and first </bigram>
    <bigram weight="1" > on a </bigram>
    <bigram weight="1" > could have </bigram>
    <bigram weight="1" > mornings arrive </bigram>
    <bigram weight="1" > very well </bigram>
    <bigram weight="1" > certain completeness </bigram>
    <bigram weight="1" > # but </bigram>
    <bigram weight="1" > day dawning </bigram>
    <bigram weight="1" > the world </bigram>
    <bigram weight="1" > takes his </bigram>
    <bigram weight="1" > the following </bigram>
    <bigram weight="1" > year to </bigram>
    <bigram weight="1" > same year </bigram>
    <bigram weight="1" > were rather </bigram>
    <bigram weight="1" > and that </bigram>
    <bigram weight="1" > sea sons </bigram>
    <bigram weight="1" > and lo </bigram>
    <bigram weight="1" > was largely </bigram>
    <bigram weight="1" > of walden </bigram>
    <bigram weight="1" > his transition </bigram>
    <bigram weight="1" > preacher applied </bigram>
    <bigram weight="1" > river ### </bigram>
    <bigram weight="1" > issued and </bigram>
    <bigram weight="1" > leading book </bigram>
    <bigram weight="1" > authors ### </bigram>
    <bigram weight="1" > grin of </bigram>
    <bigram weight="1" > is highly </bigram>
    <bigram weight="1" > j entered </bigram>
    <bigram weight="1" > on that </bigram>
    <bigram weight="1" > torpid began </bigram>
    <bigram weight="1" > entered upon </bigram>
    <bigram weight="1" > was also </bigram>
    <bigram weight="1" > delights of </bigram>
    <bigram weight="1" > volume was </bigram>
    <bigram weight="1" > the catacombs </bigram>
    <bigram weight="1" > locality ### </bigram>
    <bigram weight="1" > of fered </bigram>
    <bigram weight="1" > is cer </bigram>
    <bigram weight="1" > response in </bigram>
    <bigram weight="1" > man in </bigram>
    <bigram weight="1" > awakening of </bigram>
    <bigram weight="1" > placing him </bigram>
    <bigram weight="1" > and in </bigram>
    <bigram weight="1" > probable ### </bigram>
    <bigram weight="1" > day to </bigram>
    <bigram weight="1" > being given </bigram>
    <bigram weight="1" > smuggle away </bigram>
    <bigram weight="1" > with morning </bigram>
    <bigram weight="1" > riser ### </bigram>
    <bigram weight="1" > walk does </bigram>
    <bigram weight="1" > winter of </bigram>
    <bigram weight="1" > collector with </bigram>
    <bigram weight="1" > were beginning </bigram>
    <bigram weight="1" > his philosophy </bigram>
    <bigram weight="1" > and to </bigram>
    <bigram weight="1" > the literary </bigram>
    <bigram weight="1" > completed his </bigram>
    <bigram weight="1" > had acquired </bigram>
    <bigram weight="1" > the appetite </bigram>
    <bigram weight="1" > past ### </bigram>
    <bigram weight="1" > the final </bigram>
    <bigram weight="1" > years with </bigram>
    <bigram weight="1" > a volume </bigram>
    <bigram weight="1" > so many </bigram>
    <bigram weight="1" > so serene </bigram>
    <bigram weight="1" > writing but </bigram>
    <bigram weight="1" > as every </bigram>
    <bigram weight="1" > a year </bigram>
    <bigram weight="1" > own interest </bigram>
    <bigram weight="1" > thoreau loved </bigram>
    <bigram weight="1" > observer and </bigram>
    <bigram weight="1" > a de </bigram>
    <bigram weight="1" > the delights </bigram>
    <bigram weight="1" > a genial </bigram>
    <bigram weight="1" > of february </bigram>
    <bigram weight="1" > masses of </bigram>
    <bigram weight="1" > interest ### </bigram>
    <bigram weight="1" > own eyes </bigram>
    <bigram weight="1" > time i </bigram>
    <bigram weight="1" > his text </bigram>
    <bigram weight="1" > but perhaps </bigram>
    <bigram weight="1" > must be </bigram>
    <bigram weight="1" > volume might </bigram>
    <bigram weight="1" > few months </bigram>
    <bigram weight="1" > ### cape </bigram>
    <bigram weight="1" > continue that </bigram>
    <bigram weight="1" > charming ### </bigram>
    <bigram weight="1" > respectively ### </bigram>
    <bigram weight="1" > substance ### </bigram>
    <bigram weight="1" > seasons of </bigram>
    <bigram weight="1" > largely due </bigram>
    <bigram weight="1" > was so </bigram>
    <bigram weight="1" > tie related </bigram>
    <bigram weight="1" > done them </bigram>
    <bigram weight="1" > ob scurity </bigram>
    <bigram weight="1" > called him </bigram>
    <bigram weight="1" > eighteen inches </bigram>
    <bigram weight="1" > individuality ### </bigram>
    <bigram weight="1" > not thrill </bigram>
    <bigram weight="1" > the road </bigram>
    <bigram weight="1" > the days </bigram>
    <bigram weight="1" > emerson ### </bigram>
    <bigram weight="1" > a freshet </bigram>
    <bigram weight="1" > sounds ### </bigram>
    <bigram weight="1" > sensible moral </bigram>
    <bigram weight="1" > giving a </bigram>
    <bigram weight="1" > not quite </bigram>
    <bigram weight="1" > first time </bigram>
    <bigram weight="1" > been thoreau </bigram>
    <bigram weight="1" > next volume </bigram>
    <bigram weight="1" > i hoped </bigram>
    <bigram weight="1" > ### bronson </bigram>
    <bigram weight="1" > of dates </bigram>
    <bigram weight="1" > no doubt </bigram>
    <bigram weight="1" > the latter </bigram>
    <bigram weight="1" > to spread </bigram>
    <bigram weight="1" > who regard </bigram>
    <bigram weight="1" > years ### </bigram>
    <bigram weight="1" > # contrast </bigram>
    <bigram weight="1" > ent years </bigram>
    <bigram weight="1" > walden ### </bigram>
    <bigram weight="1" > scurity he </bigram>
    <bigram weight="1" > but were </bigram>
    <bigram weight="1" > so nearly </bigram>
    <bigram weight="1" > s rose </bigram>
    <bigram weight="1" > but because </bigram>
    <bigram weight="1" > date are </bigram>
    <bigram weight="1" > his editing </bigram>
    <bigram weight="1" > all to </bigram>
    <bigram weight="1" > choice ### </bigram>
    <bigram weight="1" > thoreau seasons </bigram>
    <bigram weight="1" > ## # </bigram>
    <bigram weight="1" > by james </bigram>
    <bigram weight="1" > suggestive treatise </bigram>
    <bigram weight="1" > manner ### </bigram>
    <bigram weight="1" > on chinese </bigram>
    <bigram weight="1" > ### sophia </bigram>
    <bigram weight="1" > which ### </bigram>
    <bigram weight="1" > book weekly </bigram>
    <bigram weight="1" > earth ### </bigram>
    <bigram weight="1" > volume entitled </bigram>
    <bigram weight="1" > of thebes </bigram>
    <bigram weight="1" > corning in </bigram>
    <bigram weight="1" > or at </bigram>
    <bigram weight="1" > a chickadee </bigram>
    <bigram weight="1" > well worth </bigram>
    <bigram weight="1" > to man </bigram>
    <bigram weight="1" > the interspersed </bigram>
    <bigram weight="1" > his time </bigram>
    <bigram weight="1" > with graphic </bigram>
    <bigram weight="1" > back to </bigram>
    <bigram weight="1" > and became </bigram>
    <bigram weight="1" > # with </bigram>
    <bigram weight="1" > waked by </bigram>
    <bigram weight="1" > lifetimes of </bigram>
    <bigram weight="1" > ### having </bigram>
    <bigram weight="1" > transcendentalists ### </bigram>
    <bigram weight="1" > sentences should </bigram>
    <bigram weight="1" > standard collection </bigram>
    <bigram weight="1" > # march </bigram>
    <bigram weight="1" > nick of </bigram>
    <bigram weight="1" > started his </bigram>
    <bigram weight="1" > known as </bigram>
    <bigram weight="1" > by many </bigram>
    <bigram weight="1" > by lowell </bigram>
    <bigram weight="1" > however ### </bigram>
    <bigram weight="1" > but verily </bigram>
    <bigram weight="1" > unwin and </bigram>
    <bigram weight="1" > he might </bigram>
    <bigram weight="1" > better than </bigram>
    <bigram weight="1" > new title </bigram>
    <bigram weight="1" > am surprised </bigram>
    <bigram weight="1" > other year </bigram>
    <bigram weight="1" > by the </bigram>
    <bigram weight="1" > developing in </bigram>
    <bigram weight="1" > when a </bigram>
    <bigram weight="1" > dred and </bigram>
    <bigram weight="1" > joyful and </bigram>
    <bigram weight="1" > him among </bigram>
    <bigram weight="1" > may feel </bigram>
    <bigram weight="1" > picture of </bigram>
    <bigram weight="1" > the scene </bigram>
    <bigram weight="1" > is no </bigram>
    <bigram weight="1" > satisfac tion </bigram>
    <bigram weight="1" > born ### </bigram>
    <bigram weight="1" > ### which </bigram>
    <bigram weight="1" > perhaps ### </bigram>
    <bigram weight="1" > familiar letters </bigram>
    <bigram weight="1" > editing went </bigram>
    <bigram weight="1" > at a </bigram>
    <bigram weight="1" > with or </bigram>
    <bigram weight="1" > by some </bigram>
    <bigram weight="1" > find myself </bigram>
    <bigram weight="1" > ivhittier ### </bigram>
    <bigram weight="1" > of readers </bigram>
    <bigram weight="1" > fisher unwin </bigram>
    <bigram weight="1" > teresting to </bigram>
    <bigram weight="1" > chickadee ### </bigram>
    <bigram weight="1" > journal books </bigram>
    <bigram weight="1" > new editions </bigram>
    <bigram weight="1" > strange but </bigram>
    <bigram weight="1" > thus giving </bigram>
    <bigram weight="1" > the river </bigram>
    <bigram weight="1" > and reassuring </bigram>
    <bigram weight="1" > weekly of </bigram>
    <bigram weight="1" > with one </bigram>
    <bigram weight="1" > congealed substance </bigram>
    <bigram weight="1" > days later </bigram>
    <bigram weight="1" > collector to </bigram>
    <bigram weight="1" > certainly spring </bigram>
    <bigram weight="1" > was anxious </bigram>
    <bigram weight="1" > ### woodman </bigram>
    <bigram weight="1" > glimpses of </bigram>
    <bigram weight="1" > time when </bigram>
    <bigram weight="1" > that i </bigram>
    <bigram weight="1" > thoreau might </bigram>
    <bigram weight="1" > was deep </bigram>
    <bigram weight="1" > was wont </bigram>
    <bigram weight="1" > ### march </bigram>
    <bigram weight="1" > not a </bigram>
    <bigram weight="1" > puts on </bigram>
    <bigram weight="1" > and congealed </bigram>
    <bigram weight="1" > and religion </bigram>
    <bigram weight="1" > ### with </bigram>
    <bigram weight="1" > lecting what </bigram>
    <bigram weight="1" > ### ears </bigram>
    <bigram weight="1" > and view </bigram>
    <bigram weight="1" > those serine </bigram>
    <bigram weight="1" > birds sing </bigram>
    <bigram weight="1" > blake continued </bigram>
    <bigram weight="1" > man for </bigram>
    <bigram weight="1" > his ## </bigram>
    <bigram weight="1" > jacket and </bigram>
    <bigram weight="1" > written in </bigram>
    <bigram weight="1" > his fellow </bigram>
    <bigram weight="1" > it were </bigram>
    <bigram weight="1" > sing ### </bigram>
    <bigram weight="1" > ## m </bigram>
    <bigram weight="1" > book to </bigram>
    <bigram weight="1" > secrets she </bigram>
    <bigram weight="1" > less un </bigram>
    <bigram weight="1" > as those </bigram>
    <bigram weight="1" > ### several </bigram>
    <bigram weight="1" > volume ### </bigram>
    <bigram weight="1" > and walden </bigram>
    <bigram weight="1" > in massachusetts </bigram>
    <bigram weight="1" > by houghton </bigram>
    <bigram weight="1" > bored him </bigram>
    <bigram weight="1" > about nature </bigram>
    <bigram weight="1" > highest ideal </bigram>
    <bigram weight="1" > the progress </bigram>
    <bigram weight="1" > up within </bigram>
    <bigram weight="1" > to almost </bigram>
    <bigram weight="1" > was added </bigram>
    <bigram weight="1" > am waked </bigram>
    <bigram weight="1" > their effect </bigram>
    <bigram weight="1" > weaned ### </bigram>
    <bigram weight="1" > new year </bigram>
    <bigram weight="1" > of optimism </bigram>
    <bigram weight="1" > thus the </bigram>
    <bigram weight="1" > england immortals </bigram>
    <bigram weight="1" > remarked in </bigram>
    <bigram weight="1" > writer by </bigram>
    <bigram weight="1" > walden were </bigram>
    <bigram weight="1" > struck up </bigram>
    <bigram weight="1" > me by </bigram>
    <bigram weight="1" > con tinuing </bigram>
    <bigram weight="1" > and refreshment </bigram>
    <bigram weight="1" > reality ### </bigram>
    <bigram weight="1" > been written </bigram>
    <bigram weight="1" > down by </bigram>
    <bigram weight="1" > health by </bigram>
    <bigram weight="1" > thoughts like </bigram>
    <bigram weight="1" > be good </bigram>
    <bigram weight="1" > you may </bigram>
    <bigram weight="1" > to posterity </bigram>
    <bigram weight="1" > on her </bigram>
    <bigram weight="1" > april christens </bigram>
    <bigram weight="1" > editing and </bigram>
    <bigram weight="1" > and fifty </bigram>
    <bigram weight="1" > she revealed </bigram>
    <bigram weight="1" > # some </bigram>
    <bigram weight="1" > the critic </bigram>
    <bigram weight="1" > # that </bigram>
    <bigram weight="1" > walks ### </bigram>
    <bigram weight="1" > thoreau noticed </bigram>
    <bigram weight="1" > the oldest </bigram>
    <bigram weight="1" > pher of </bigram>
    <bigram weight="1" > simple wants </bigram>
    <bigram weight="1" > air mollifies </bigram>
    <bigram weight="1" > on febru </bigram>
    <bigram weight="1" > sensible superior </bigram>
    <bigram weight="1" > s discontent </bigram>
    <bigram weight="1" > before my </bigram>
    <bigram weight="1" > to strange </bigram>
    <bigram weight="1" > sale ### </bigram>
    <bigram weight="1" > the pharanic </bigram>
    <bigram weight="1" > already born </bigram>
    <bigram weight="1" > interspersed philosophy </bigram>
    <bigram weight="1" > on thoreau </bigram>
    <bigram weight="1" > was thawing </bigram>
    <bigram weight="1" > assured that </bigram>
    <bigram weight="1" > thomson in </bigram>
    <bigram weight="1" > was becoming </bigram>
    <bigram weight="1" > as that </bigram>
    <bigram weight="1" > from time </bigram>
    <bigram weight="1" > point in </bigram>
    <bigram weight="1" > the nature </bigram>
    <bigram weight="1" > pliant and </bigram>
    <bigram weight="1" > first bluebird </bigram>
    <bigram weight="1" > thus providing </bigram>
    <bigram weight="1" > is that </bigram>
    <bigram weight="1" > thoreau bequeathed </bigram>
    <bigram weight="1" > because man </bigram>
    <bigram weight="1" > being ## </bigram>
    <bigram weight="1" > thoreau influence </bigram>
    <bigram weight="1" > wealth of </bigram>
    <bigram weight="1" > bit at </bigram>
    <bigram weight="1" > ine record </bigram>
    <bigram weight="1" > old song </bigram>
    <bigram weight="1" > life is </bigram>
    <bigram weight="1" > instant it </bigram>
    <bigram weight="1" > was on </bigram>
    <bigram weight="1" > two ### </bigram>
    <bigram weight="1" > and may </bigram>
    <bigram weight="1" > cheerful sentence </bigram>
    <bigram weight="1" > known entirety </bigram>
    <bigram weight="1" > which in </bigram>
    <bigram weight="1" > feet ### </bigram>
    <bigram weight="1" > to ### </bigram>
    <bigram weight="1" > attend each </bigram>
    <bigram weight="1" > thoreau chose </bigram>
    <bigram weight="1" > ### scholar </bigram>
    <bigram weight="1" > ### so </bigram>
    <bigram weight="1" > ### points </bigram>
    <bigram weight="1" > that of </bigram>
    <bigram weight="1" > a period </bigram>
    <bigram weight="1" > in what </bigram>
    <bigram weight="1" > quite weaned </bigram>
    <bigram weight="1" > in ob </bigram>
    <bigram weight="1" > rare occasions </bigram>
    <bigram weight="1" > s works </bigram>
    <bigram weight="1" > of your </bigram>
    <bigram weight="1" > road ### </bigram>
    <bigram weight="1" > critic ### </bigram>
    <bigram weight="1" > of our </bigram>
    <bigram weight="1" > s journal </bigram>
    <bigram weight="1" > how with </bigram>
    <bigram weight="1" > character and </bigram>
    <bigram weight="1" > ary ## </bigram>
    <bigram weight="1" > the word </bigram>
    <bigram weight="1" > boxes of </bigram>
    <bigram weight="1" > few days </bigram>
    <bigram weight="1" > company in </bigram>
    <bigram weight="1" > nature never </bigram>
    <bigram weight="1" > massachusetts ### </bigram>
    <bigram weight="1" > seemed that </bigram>
    <bigram weight="1" > which has </bigram>
    <bigram weight="1" > one on </bigram>
    <bigram weight="1" > and ### </bigram>
    <bigram weight="1" > which seemed </bigram>
    <bigram weight="1" > and life </bigram>
    <bigram weight="1" > world ### </bigram>
    <bigram weight="1" > not only </bigram>
    <bigram weight="1" > jottings of </bigram>
    <bigram weight="1" > possible have </bigram>
    <bigram weight="1" > while nature </bigram>
    <bigram weight="1" > inches of </bigram>
    <bigram weight="1" > thawing as </bigram>
    <bigram weight="1" > objective observer </bigram>
    <bigram weight="1" > or again </bigram>
    <bigram weight="1" > produced a </bigram>
    <bigram weight="1" > known a </bigram>
    <bigram weight="1" > the years </bigram>
    <bigram weight="1" > prospect of </bigram>
    <bigram weight="1" > thread to </bigram>
    <bigram weight="1" > harding ### </bigram>
    <bigram weight="1" > written on </bigram>
    <bigram weight="1" > expecting the </bigram>
    <bigram weight="1" > possibilities in </bigram>
    <bigram weight="1" > every preacher </bigram>
    <bigram weight="1" > graphic fidelity </bigram>
    <bigram weight="1" > time that </bigram>
    <bigram weight="1" > format of </bigram>
    <bigram weight="1" > spring days </bigram>
    <bigram weight="1" > make from </bigram>
    <bigram weight="1" > in a </bigram>
    <bigram weight="1" > civilization is </bigram>
    <bigram weight="1" > that all </bigram>
    <bigram weight="1" > by him </bigram>
    <bigram weight="1" > man always </bigram>
    <bigram weight="1" > m the </bigram>
    <bigram weight="1" > a much </bigram>
    <bigram weight="1" > bluebird does </bigram>
    <bigram weight="1" > reactions to </bigram>
    <bigram weight="1" > as any </bigram>
    <bigram weight="1" > soon as </bigram>
    <bigram weight="1" > this way </bigram>
    <bigram weight="1" > it can </bigram>
    <bigram weight="1" > loved all </bigram>
    <bigram weight="1" > and rebirth </bigram>
    <bigram weight="1" > more of </bigram>
    <bigram weight="1" > clearly and </bigram>
    <bigram weight="1" > journal entries </bigram>
    <bigram weight="1" > reassuring day </bigram>
    <bigram weight="1" > ### tie </bigram>
    <bigram weight="1" > the next </bigram>
    <bigram weight="1" > there in </bigram>
    <bigram weight="1" > the frost </bigram>
    <bigram weight="1" > this third </bigram>
    <bigram weight="1" > adds ### </bigram>
    <bigram weight="1" > over ### </bigram>
    <bigram weight="1" > his death </bigram>
    <bigram weight="1" > book would </bigram>
    <bigram weight="1" > measure your </bigram>
    <bigram weight="1" > spring how </bigram>
    <bigram weight="1" > me ### </bigram>
    <bigram weight="1" > # april </bigram>
    <bigram weight="1" > the morning </bigram>
    <bigram weight="1" > editions ### </bigram>
    <bigram weight="1" > deepest interest </bigram>
    <bigram weight="1" > am heaving </bigram>
    <bigram weight="1" > and rush </bigram>
    <bigram weight="1" > thousand scholars </bigram>
    <bigram weight="1" > melodies and </bigram>
    <bigram weight="1" > verily j </bigram>
    <bigram weight="1" > and dis </bigram>
    <bigram weight="1" > and describing </bigram>
    <bigram weight="1" > time he </bigram>
    <bigram weight="1" > ray borst </bigram>
    <bigram weight="1" > the journals </bigram>
    <bigram weight="1" > thus celebrate </bigram>
    <bigram weight="1" > the few </bigram>
    <bigram weight="1" > started to </bigram>
    <bigram weight="1" > or ine </bigram>
    <bigram weight="1" > r ### </bigram>
    <bigram weight="1" > cer tainly </bigram>
    <bigram weight="1" > # walden </bigram>
    <bigram weight="1" > view of </bigram>
    <bigram weight="1" > continued his </bigram>
    <bigram weight="1" > in magazines </bigram>
    <bigram weight="1" > phenom ena </bigram>
    <bigram weight="1" > present civilization </bigram>
    <bigram weight="1" > not composed </bigram>
    <bigram weight="1" > of editions </bigram>
    <bigram weight="1" > march and </bigram>
    <bigram weight="1" > and dating </bigram>
    <bigram weight="1" > he adds </bigram>
    <bigram weight="1" > ### hawthorne </bigram>
    <bigram weight="1" > has written </bigram>
    <bigram weight="1" > and steadily </bigram>
    <bigram weight="1" > ena of </bigram>
    <bigram weight="1" > them might </bigram>
    <bigram weight="1" > james thomson </bigram>
    <bigram weight="1" > refreshment for </bigram>
    <bigram weight="1" > the fact </bigram>
    <bigram weight="1" > is coming </bigram>
    <bigram weight="1" > nature rather </bigram>
    <bigram weight="1" > can muse </bigram>
    <bigram weight="1" > borst is </bigram>
    <bigram weight="1" > thoughts on </bigram>
    <bigram weight="1" > and ivhittier </bigram>
    <bigram weight="1" > blake completed </bigram>
    <bigram weight="1" > serene and </bigram>
    <bigram weight="1" > appointment with </bigram>
    <bigram weight="1" > mere warmth </bigram>
    <bigram weight="1" > wrote at </bigram>
    <bigram weight="1" > seasons book </bigram>
    <bigram weight="1" > to view </bigram>
    <bigram weight="1" > volume which </bigram>
    <bigram weight="1" > muse again </bigram>
    <bigram weight="1" > closer look </bigram>
    <bigram weight="1" > our own </bigram>
    <bigram weight="1" > ### g </bigram>
    <bigram weight="1" > s seminars </bigram>
    <bigram weight="1" > compiled from </bigram>
    <bigram weight="1" > know that </bigram>
    <bigram weight="1" > first journal </bigram>
    <bigram weight="1" > wants and </bigram>
    <bigram weight="1" > ## in </bigram>
    <bigram weight="1" > ## had </bigram>
    <bigram weight="1" > date on </bigram>
    <bigram weight="1" > was no </bigram>
    <bigram weight="1" > # hardly </bigram>
    <bigram weight="1" > because he </bigram>
    <bigram weight="1" > that had </bigram>
    <bigram weight="1" > had lain </bigram>
    <bigram weight="1" > holmes ### </bigram>
    <bigram weight="1" > the awakening </bigram>
    <bigram weight="1" > indicators ### </bigram>
    <bigram weight="1" > it all </bigram>
    <bigram weight="1" > oldest written </bigram>
    <bigram weight="1" > ### who </bigram>
    <bigram weight="1" > harper ### </bigram>
    <bigram weight="1" > no longer </bigram>
    <bigram weight="1" > riverside edition </bigram>
    <bigram weight="1" > an interesting </bigram>
    <bigram weight="1" > cold disdain </bigram>
    <bigram weight="1" > forth ### </bigram>
    <bigram weight="1" > printings in </bigram>
    <bigram weight="1" > but memorable </bigram>
    <bigram weight="1" > it forth </bigram>
    <bigram weight="1" > to his </bigram>
    <bigram weight="1" > like a </bigram>
    <bigram weight="1" > have come </bigram>
    <bigram weight="1" > of renewal </bigram>
    <bigram weight="1" > rebirth ### </bigram>
    <bigram weight="1" > ductile again </bigram>
    <bigram weight="1" > filled with </bigram>
    <bigram weight="1" > his house </bigram>
    <bigram weight="1" > i sit </bigram>
    <bigram weight="1" > literary world </bigram>
    <bigram weight="1" > at least </bigram>
    <bigram weight="1" > in preparation </bigram>
    <bigram weight="1" > though not </bigram>
    <bigram weight="1" > way by </bigram>
    <bigram weight="1" > banish sleep </bigram>
    <bigram weight="1" > of selections </bigram>
    <bigram weight="1" > stevenson ### </bigram>
    <bigram weight="1" > opened and </bigram>
    <bigram weight="1" > a turning </bigram>
    <bigram weight="1" > being shown </bigram>
    <bigram weight="1" > is past </bigram>
    <bigram weight="1" > and who </bigram>
    <bigram weight="1" > inaudible melodies </bigram>
    <bigram weight="1" > many years </bigram>
    <bigram weight="1" > ciple ### </bigram>
    <bigram weight="1" > praised his </bigram>
    <bigram weight="1" > loved nature </bigram>
    <bigram weight="1" > giving the </bigram>
    <bigram weight="1" > tainly well </bigram>
    <bigram weight="1" > if there </bigram>
    <bigram weight="1" > ### lowell </bigram>
    <bigram weight="1" > friend of </bigram>
    <bigram weight="1" > inheritance ### </bigram>
    <bigram weight="1" > scene ### </bigram>
    <bigram weight="1" > so the </bigram>
    <bigram weight="1" > bristled a </bigram>
    <bigram weight="1" > na ture </bigram>
    <bigram weight="1" > sons books </bigram>
    <bigram weight="1" > preface to </bigram>
    <bigram weight="1" > # harper </bigram>
    <bigram weight="1" > nearer to </bigram>
    <bigram weight="1" > to justify </bigram>
    <bigram weight="1" > and trou </bigram>
    <bigram weight="1" > look was </bigram>
    <bigram weight="1" > house at </bigram>
    <bigram weight="1" > nature through </bigram>
    <bigram weight="1" > material ### </bigram>
    <bigram weight="1" > was already </bigram>
    <bigram weight="1" > editions of </bigram>
    <bigram weight="1" > ## by </bigram>
    <bigram weight="1" > and out </bigram>
    <bigram weight="1" > a grin </bigram>
    <bigram weight="1" > which he </bigram>
    <bigram weight="1" > doors ### </bigram>
    <bigram weight="1" > led to </bigram>
    <bigram weight="1" > sights ### </bigram>
    <bigram weight="1" > in reading </bigram>
    <bigram weight="1" > be concluded </bigram>
    <bigram weight="1" > new spring </bigram>
    <bigram weight="1" > make an </bigram>
    <bigram weight="1" > partook of </bigram>
    <bigram weight="1" > satisfaction of </bigram>
    <bigram weight="1" > the prospect </bigram>
    <bigram weight="1" > by t </bigram>
    <bigram weight="1" > # summer </bigram>
    <bigram weight="1" > then writing </bigram>
    <bigram weight="1" > shown henry </bigram>
    <bigram weight="1" > fidelity ### </bigram>
    <bigram weight="1" > of manuscript </bigram>
    <bigram weight="1" > considered cold </bigram>
    <bigram weight="1" > a smothered </bigram>
    <bigram weight="1" > notice ### </bigram>
    <bigram weight="1" > g ### </bigram>
    <bigram weight="1" > up as </bigram>
    <bigram weight="1" > # all </bigram>
    <bigram weight="1" > treatise on </bigram>
    <bigram weight="1" > ### viz </bigram>
    <bigram weight="1" > receive letters </bigram>
    <bigram weight="1" > first printings </bigram>
    <bigram weight="1" > london in </bigram>
    <bigram weight="1" > spread ### </bigram>
    <bigram weight="1" > and not </bigram>
    <bigram weight="1" > optimism ### </bigram>
    <bigram weight="1" > year begun </bigram>
    <bigram weight="1" > contrived to </bigram>
    <bigram weight="1" > thoreau book </bigram>
    <bigram weight="1" > scholar ### </bigram>
    <bigram weight="1" > gave him </bigram>
    <bigram weight="1" > become ### </bigram>
    <bigram weight="1" > suggested the </bigram>
    <bigram weight="1" > of autumn </bigram>
    <bigram weight="1" > that there </bigram>
    <bigram weight="1" > sure to </bigram>
    <bigram weight="1" > references to </bigram>
    <bigram weight="1" > introductory of </bigram>
    <bigram weight="1" > latter being </bigram>
    <bigram weight="1" > as it </bigram>
    <bigram weight="1" > within us </bigram>
    <bigram weight="1" > himself and </bigram>
    <bigram weight="1" > ### rather </bigram>
    <bigram weight="1" > to year </bigram>
    <bigram weight="1" > commentator to </bigram>
    <bigram weight="1" > winter ### </bigram>
    <bigram weight="1" > walter harding </bigram>
    <bigram weight="1" > placed man </bigram>
    <bigram weight="1" > his revisions </bigram>
    <bigram weight="1" > season ### </bigram>
    <bigram weight="1" > it seemed </bigram>
    <bigram weight="1" > meet with </bigram>
    <bigram weight="1" > to book </bigram>
    <bigram weight="1" > message in </bigram>
    <bigram weight="1" > ### despite </bigram>
    <bigram weight="1" > beautifully about </bigram>
    <bigram weight="1" > thoreau made </bigram>
    <bigram weight="1" > be written </bigram>
    <bigram weight="1" > considered ### </bigram>
    <bigram weight="1" > one of </bigram>
    <bigram weight="1" > may puts </bigram>
    <bigram weight="1" > third volume </bigram>
    <bigram weight="1" > he is </bigram>
    <bigram weight="1" > duty which </bigram>
    <bigram weight="1" > nature struck </bigram>
    <bigram weight="1" > was time </bigram>
    <bigram weight="1" > thoreau very </bigram>
    <bigram weight="1" > a writer </bigram>
    <bigram weight="1" > by his </bigram>
    <bigram weight="1" > to autumn </bigram>
    <bigram weight="1" > at that </bigram>
    <bigram weight="1" > each page </bigram>
    <bigram weight="1" > and has </bigram>
    <bigram weight="1" > brought nearer </bigram>
    <bigram weight="1" > few thoreau </bigram>
    <bigram weight="1" > ### most </bigram>
    <bigram weight="1" > is in </bigram>
    <bigram weight="1" > the third </bigram>
    <bigram weight="1" > not new </bigram>
    <bigram weight="1" > spring on </bigram>
    <bigram weight="1" > poet naturalist </bigram>
    <bigram weight="1" > well during </bigram>
    <bigram weight="1" > a transition </bigram>
    <bigram weight="1" > also the </bigram>
    <bigram weight="1" > the satisfaction </bigram>
    <bigram weight="1" > manuscript to </bigram>
    <bigram weight="1" > in such </bigram>
    <bigram weight="1" > related it </bigram>
    <bigram weight="1" > t ### </bigram>
    <bigram weight="1" > same sights </bigram>
    <bigram weight="1" > the rare </bigram>
    <bigram weight="1" > for it </bigram>
    <bigram weight="1" > spent two </bigram>
    <bigram weight="1" > wor cester </bigram>
    <bigram weight="1" > eyes and </bigram>
    <bigram weight="1" > in you </bigram>
    <bigram weight="1" > very charming </bigram>
    <bigram weight="1" > a closer </bigram>
    <bigram weight="1" > an objective </bigram>
    <bigram weight="1" > love for </bigram>
    <bigram weight="1" > was beginning </bigram>
    <bigram weight="1" > the soft </bigram>
    <bigram weight="1" > ways to </bigram>
    <bigram weight="1" > a sensible </bigram>
    <bigram weight="1" > my love </bigram>
    <bigram weight="1" > legend as </bigram>
    <bigram weight="1" > genius of </bigram>
    <bigram weight="1" > or receive </bigram>
    <bigram weight="1" > lo # </bigram>
    <bigram weight="1" > have also </bigram>
    <bigram weight="1" > expression of </bigram>
    <bigram weight="1" > of porcelain </bigram>
    <bigram weight="1" > ### etc </bigram>
    <bigram weight="1" > having been </bigram>
    <bigram weight="1" > dawning ### </bigram>
    <bigram weight="1" > about spring </bigram>
    <bigram weight="1" > from this </bigram>
    <bigram weight="1" > to smuggle </bigram>
    <bigram weight="1" > had sometimes </bigram>
    <bigram weight="1" > books ### </bigram>
    <bigram weight="1" > transition period </bigram>
    <bigram weight="1" > letters was </bigram>
    <bigram weight="1" > by se </bigram>
    <bigram weight="1" > coming in </bigram>
    <bigram weight="1" > during ### </bigram>
    <bigram weight="1" > expectant a </bigram>
    <bigram weight="1" > scholars ### </bigram>
    <bigram weight="1" > of deepest </bigram>
    <bigram weight="1" > the season </bigram>
    <bigram weight="1" > hun dred </bigram>
    <bigram weight="1" > early as </bigram>
    <bigram weight="1" > s heart </bigram>
    <bigram weight="1" > ### wherever </bigram>
    <bigram weight="1" > be brought </bigram>
    <bigram weight="1" > in september </bigram>
    <bigram weight="1" > with references </bigram>
    <bigram weight="1" > instructive in </bigram>
    <bigram weight="1" > those who </bigram>
    <bigram weight="1" > the grass </bigram>
    <bigram weight="1" > i contrived </bigram>
    <bigram weight="1" > ### each </bigram>
    <bigram weight="1" > public in </bigram>
    <bigram weight="1" > to time </bigram>
    <bigram weight="1" > see if </bigram>
    <bigram weight="1" > large paper </bigram>
    <bigram weight="1" > june ## </bigram>
    <bigram weight="1" > food and </bigram>
    <bigram weight="1" > see possibilities </bigram>
    <bigram weight="1" > ### taking </bigram>
    <bigram weight="1" > a mood </bigram>
    <bigram weight="1" > amounts to </bigram>
    <bigram weight="1" > some were </bigram>
    <bigram weight="1" > our present </bigram>
    <bigram weight="1" > immortals ### </bigram>
    <bigram weight="1" > first choice </bigram>
    <bigram weight="1" > leanings and </bigram>
    <bigram weight="1" > genial and </bigram>
    <bigram weight="1" > a leading </bigram>
    <bigram weight="1" > sufficiently to </bigram>
    <bigram weight="1" > magazine in </bigram>
    <bigram weight="1" > ## during </bigram>
    <bigram weight="1" > literary leanings </bigram>
    <bigram weight="1" > the flowers </bigram>
    <bigram weight="1" > upon me </bigram>
    <bigram weight="1" > lyceum ### </bigram>
    <bigram weight="1" > wind amounts </bigram>
    <bigram weight="1" > of emerson </bigram>
    <bigram weight="1" > fact that </bigram>
    <bigram weight="1" > morning walk </bigram>
    <bigram weight="1" > itself ### </bigram>
    <bigram weight="1" > despite eighteen </bigram>
    <bigram weight="1" > feel sure </bigram>
    <bigram weight="1" > for sale </bigram>
    <bigram weight="1" > went on </bigram>
    <bigram weight="1" > own dry </bigram>
    <bigram weight="1" > same old </bigram>
    <bigram weight="1" > genius ### </bigram>
    <bigram weight="1" > de lightful </bigram>
    <bigram weight="1" > applied to </bigram>
    <bigram weight="1" > of satisfaction </bigram>
    <bigram weight="1" > your sympathy </bigram>
    <bigram weight="1" > the preface </bigram>
    <bigram weight="1" > numbered copies </bigram>
    <bigram weight="1" > first standard </bigram>
    <bigram weight="1" > its phebe </bigram>
    <bigram weight="1" > to me </bigram>
    <bigram weight="1" > early morning </bigram>
    <bigram weight="1" > your life </bigram>
    <bigram weight="1" > who are </bigram>
    <bigram weight="1" > seasons is </bigram>
    <bigram weight="1" > times have </bigram>
    <bigram weight="1" > as early </bigram>
    <bigram weight="1" > the public </bigram>
    <bigram weight="1" > noted on </bigram>
    <bigram weight="1" > have bristled </bigram>
    <bigram weight="1" > written sentences </bigram>
    <bigram weight="1" > the riverside </bigram>
    <bigram weight="1" > i do </bigram>
    <bigram weight="1" > fifty numbered </bigram>
    <bigram weight="1" > i feel </bigram>
    <bigram weight="1" > # such </bigram>
    <bigram weight="1" > additional expression </bigram>
    <bigram weight="1" > and genius </bigram>
    <bigram weight="1" > my genius </bigram>
    <bigram weight="1" > his own </bigram>
    <bigram weight="1" > the continuity </bigram>
    <bigram weight="1" > calendar of </bigram>
    <bigram weight="1" > s journals </bigram>
    <bigram weight="1" > se lecting </bigram>
    <bigram weight="1" > own locality </bigram>
    <bigram weight="1" > would seem </bigram>
    <bigram weight="1" > it pipes </bigram>
    <bigram weight="1" > by observing </bigram>
    <bigram weight="1" > of ice </bigram>
    <bigram weight="1" > thebes ### </bigram>
    <bigram weight="1" > ### egypt </bigram>
    <bigram weight="1" > bewildered by </bigram>
    <bigram weight="1" > an individual </bigram>
    <bigram weight="1" > vessels of </bigram>
    <bigram weight="1" > flits over </bigram>
    <bigram weight="1" > ### pshaw </bigram>
    <bigram weight="1" > come down </bigram>
    <bigram weight="1" > the flower </bigram>
    <bigram weight="1" > see the </bigram>
    <bigram weight="1" > edited a </bigram>
    <bigram weight="1" > at walden </bigram>
    <bigram weight="1" > is filled </bigram>
    <bigram weight="1" > winter breaks </bigram>
    <bigram weight="1" > true ### </bigram>
    <bigram weight="1" > life must </bigram>
    <bigram weight="1" > paper edition </bigram>
    <bigram weight="1" > and snow </bigram>
    <bigram weight="1" > again to </bigram>
    <bigram weight="1" > justify the </bigram>
    <bigram weight="1" > with simple </bigram>
    <bigram weight="1" > other two </bigram>
    <bigram weight="1" > ### though </bigram>
    <bigram weight="1" > of that </bigram>
    <bigram weight="1" > its way </bigram>
    <bigram weight="1" > book collectors </bigram>
    <bigram weight="1" > pulse ### </bigram>
    <bigram weight="1" > or nis </bigram>
    <bigram weight="1" > other boxes </bigram>
    <bigram weight="1" > popularity ### </bigram>
    <bigram weight="1" > us ### </bigram>
    <bigram weight="1" > nearly severed </bigram>
    <bigram weight="1" > ## only </bigram>
    <bigram weight="1" > the copyright </bigram>
    <bigram weight="1" > to find </bigram>
    <bigram weight="1" > the lifetimes </bigram>
    <bigram weight="1" > season for </bigram>
    <bigram weight="1" > then known </bigram>
    <bigram weight="1" > book became </bigram>
    <bigram weight="1" > de volve </bigram>
    <bigram weight="1" > to those </bigram>
    <bigram weight="1" > said before </bigram>
    <bigram weight="1" > nature commentator </bigram>
    <bigram weight="1" > the innumerable </bigram>
    <bigram weight="1" > celebrate the </bigram>
    <bigram weight="1" > rush of </bigram>
    <bigram weight="1" > death in </bigram>
    <bigram weight="1" > me for </bigram>
    <bigram weight="1" > light to </bigram>
    <bigram weight="1" > passages under </bigram>
    <bigram weight="1" > an appointment </bigram>
    <bigram weight="1" > ## while </bigram>
    <bigram weight="1" > on henry </bigram>
    <bigram weight="1" > letters from </bigram>
    <bigram weight="1" > a suggestive </bigram>
    <bigram weight="1" > one hun </bigram>
    <bigram weight="1" > twelve years </bigram>
    <bigram weight="1" > next door </bigram>
    <bigram weight="1" > and thoughts </bigram>
    <bigram weight="1" > most notably </bigram>
    <bigram weight="1" > and ended </bigram>
    <bigram weight="1" > ideal ### </bigram>
    <bigram weight="1" > autumn ### </bigram>
    <bigram weight="1" > fluences ### </bigram>
    <bigram weight="1" > who had </bigram>
    <bigram weight="1" > eagerly welcome </bigram>
    <bigram weight="1" > down unwonted </bigram>
    <bigram weight="1" > discovered in </bigram>
    <bigram weight="1" > if possible </bigram>
    <bigram weight="1" > innumerable secrets </bigram>
    <bigram weight="1" > memorable in </bigram>
    <bigram weight="1" > tinuing to </bigram>
    <bigram weight="1" > prove a </bigram>
    <bigram weight="1" > these volumes </bigram>
    <bigram weight="1" > etc ### </bigram>
    <bigram weight="1" > occasions when </bigram>
    <bigram weight="1" > nis observations </bigram>
    <bigram weight="1" > phebe note </bigram>
    <bigram weight="1" > longfellow ### </bigram>
    <bigram weight="1" > he enjoyed </bigram>
    <bigram weight="1" > a bit </bigram>
    <bigram weight="1" > death ### </bigram>
    <bigram weight="1" > statement that </bigram>
    <bigram weight="1" > then by </bigram>
    <bigram weight="1" > released to </bigram>
    <bigram weight="1" > to what </bigram>
    <bigram weight="1" > gil bert </bigram>
    <bigram weight="1" > they were </bigram>
    <bigram weight="1" > perhaps in </bigram>
    <bigram weight="1" > ### borst </bigram>
    <bigram weight="1" > is of </bigram>
    <bigram weight="1" > the introductory </bigram>
    <bigram weight="1" > was known </bigram>
    <bigram weight="1" > the warble </bigram>
    <bigram weight="1" > a message </bigram>
    <bigram weight="1" > tion ### </bigram>
    <bigram weight="1" > lain torpid </bigram>
    <bigram weight="1" > his concord </bigram>
    <bigram weight="1" > sec ond </bigram>
    <bigram weight="1" > ### except </bigram>
    <bigram weight="1" > catacombs of </bigram>
    <bigram weight="1" > no response </bigram>
    <bigram weight="1" > song m </bigram>
    <bigram weight="1" > to a </bigram>
    <bigram weight="1" > dating back </bigram>
    <bigram weight="1" > snow dissolve </bigram>
    <bigram weight="1" > s year </bigram>
    <bigram weight="1" > ### lie </bigram>
    <bigram weight="1" > effect on </bigram>
    <bigram weight="1" > warmth of </bigram>
    <bigram weight="1" > sublime in </bigram>
    <bigram weight="1" > follow that </bigram>
    <bigram weight="1" > the new </bigram>
    <bigram weight="1" > worth attending </bigram>
    <bigram weight="1" > many times </bigram>
    <bigram weight="1" > porcelain discovered </bigram>
    <bigram weight="1" > # editor </bigram>
    <bigram weight="1" > than he </bigram>
    <bigram weight="1" > ### desiring </bigram>
    <bigram weight="1" > to follow </bigram>
    <bigram weight="1" > the nick </bigram>
    <bigram weight="1" > deep in </bigram>
    <bigram weight="1" > new england </bigram>
    <bigram weight="1" > ### spring </bigram>
    <bigram weight="1" > spring of </bigram>
    <bigram weight="1" > concluded that </bigram>
    <bigram weight="1" > the critics </bigram>
    <bigram weight="1" > so to </bigram>
    <bigram weight="1" > viz ### </bigram>
    <bigram weight="1" > frost is </bigram>
    <bigram weight="1" > pipes it </bigram>
    <bigram weight="1" > is evident </bigram>
    <bigram weight="1" > regard him </bigram>
    <bigram weight="1" > ### winter </bigram>
    <bigram weight="1" > one ### </bigram>
    <bigram weight="1" > all ### </bigram>
    <bigram weight="1" > m ten </bigram>
    <bigram weight="1" > is something </bigram>
    <bigram weight="1" > ### holmes </bigram>
    <bigram weight="1" > who ### </bigram>
    <bigram weight="1" > third thoreau </bigram>
    <bigram weight="1" > ### pliant </bigram>
    <bigram weight="1" > points so </bigram>
    <bigram weight="1" > ### ray </bigram>
    <bigram weight="1" > a thousand </bigram>
    <bigram weight="1" > above legend </bigram>
    <bigram weight="1" > and brings </bigram>
    <bigram weight="1" > copies a </bigram>
    <bigram weight="1" > philosopher ### </bigram>
    <bigram weight="1" > the day </bigram>
    <bigram weight="1" > sleep ### </bigram>
    <bigram weight="1" > be an </bigram>
    <bigram weight="1" > nature quickened </bigram>
    <bigram weight="1" > felt that </bigram>
    <bigram weight="1" > season and </bigram>
    <bigram weight="1" > published there </bigram>
    <bigram weight="1" > spring in </bigram>
    <bigram weight="1" > good book </bigram>
    <bigram weight="1" > book material </bigram>
    <bigram weight="1" > began to </bigram>
    <bigram weight="1" > said ### </bigram>
    <bigram weight="1" > and their </bigram>
    <bigram weight="1" > un studied </bigram>
    <bigram weight="1" > lightful volume </bigram>
    <bigram weight="1" > ture writing </bigram>
    <bigram weight="1" > ### there </bigram>
    <bigram weight="1" > s writing </bigram>
    <bigram weight="1" > a history </bigram>
    <bigram weight="1" > to inaudible </bigram>
    <bigram weight="1" > ## first </bigram>
    <bigram weight="1" > ### giving </bigram>
    <bigram weight="1" > in differ </bigram>
    <bigram weight="1" > and am </bigram>
    <bigram weight="1" > editions and </bigram>
    <bigram weight="1" > than in </bigram>
    <bigram weight="1" > several of </bigram>
    <bigram weight="1" > autumn blake </bigram>
    <bigram weight="1" > september ## </bigram>
    <bigram weight="1" > but thoreau </bigram>
    <bigram weight="1" > wall to </bigram>
    <bigram weight="1" > for nature </bigram>
    <bigram weight="1" > be in </bigram>
    <bigram weight="1" > not an </bigram>
    <bigram weight="1" > nevertheless done </bigram>
    <bigram weight="1" > is one </bigram>
    <bigram weight="1" > due to </bigram>
    <bigram weight="1" > world sufficiently </bigram>
    <bigram weight="1" > what he </bigram>
    <bigram weight="1" > this statement </bigram>
    <bigram weight="1" > ### by </bigram>
    <bigram weight="1" > welcome any </bigram>
    <bigram weight="1" > studied and </bigram>
    <bigram weight="1" > sure of </bigram>
    <bigram weight="1" > is time </bigram>
    <bigram weight="1" > done before </bigram>
    <bigram weight="1" > annually thus </bigram>
    <bigram weight="1" > friends ### </bigram>
    <bigram weight="1" > hear its </bigram>
    <bigram weight="1" > with blake </bigram>
    <bigram weight="1" > warble of </bigram>
    <bigram weight="1" > fine thread </bigram>
    <bigram weight="1" > period was </bigram>
    <bigram weight="1" > to himself </bigram>
    <bigram weight="1" > remarks in </bigram>
    <bigram weight="1" > freshet pour </bigram>
    <bigram weight="1" > although blake </bigram>
    <bigram weight="1" > another year </bigram>
    <bigram weight="1" > an account </bigram>
    <bigram weight="1" > quickened by </bigram>
    <bigram weight="1" > the format </bigram>
    <bigram weight="1" > journal thoreau </bigram>
    <bigram weight="1" > providing food </bigram>
    <bigram weight="1" > superior manner </bigram>
    <bigram weight="1" > dry and </bigram>
    <bigram weight="1" > above preface </bigram>
    <bigram weight="1" > have placed </bigram>
    <bigram weight="1" > thus making </bigram>
    <bigram weight="1" > desiring thus </bigram>
    <bigram weight="1" > progress of </bigram>
    <bigram weight="1" > made his </bigram>
    <bigram weight="1" > pleasant spring </bigram>
    <bigram weight="1" > soft ness </bigram>
    <bigram weight="1" > philoso pher </bigram>
    <bigram weight="1" > the air </bigram>
    <bigram weight="1" > publish more </bigram>
    <bigram weight="1" > as february </bigram>
    <bigram weight="1" > ### his </bigram>
    <bigram weight="1" > acquired a </bigram>
    <bigram weight="1" > should be </bigram>
    <bigram weight="1" > door in </bigram>
    <bigram weight="1" > thus placing </bigram>
    <bigram weight="1" > hoped to </bigram>
    <bigram weight="1" > sophia thoreau </bigram>
    <bigram weight="1" > dawn in </bigram>
    <bigram weight="1" > year but </bigram>
    <bigram weight="1" > a member </bigram>
    <bigram weight="1" > this no </bigram>
    <bigram weight="1" > interested in </bigram>
    <bigram weight="1" > that day </bigram>
    <bigram weight="1" > pharanic period </bigram>
    <bigram weight="1" > so clearly </bigram>
    <bigram weight="1" > rather bewildered </bigram>
    <bigram weight="1" > friends could </bigram>
    <bigram weight="1" > to build </bigram>
    <bigram weight="1" > west wind </bigram>
    <bigram weight="1" > yearly average </bigram>
    <bigram weight="1" > least to </bigram>
    <bigram weight="1" > history of </bigram>
    <bigram weight="1" > page of </bigram>
    <bigram weight="1" > would be </bigram>
    <bigram weight="1" > # after </bigram>
    <bigram weight="1" > that instant </bigram>
    <bigram weight="1" > new and </bigram>
    <bigram weight="1" > and certainly </bigram>
    <bigram weight="1" > each day </bigram>
    <bigram weight="1" > wake to </bigram>
    <bigram weight="1" > book spring </bigram>
    <bigram weight="1" > renewal and </bigram>
    <bigram weight="1" > s seasons </bigram>
    <bigram weight="1" > journals by </bigram>
    <bigram weight="1" > first book </bigram>
    <bigram weight="1" > concord days </bigram>
    <bigram weight="1" > followed the </bigram>
    <bigram weight="1" > weave a </bigram>
    <bigram weight="1" > and so </bigram>
    <bigram weight="1" > persons who </bigram>
    <bigram weight="1" > ### journal </bigram>
    <bigram weight="1" > done as </bigram>
    <bigram weight="1" > day from </bigram>
    <bigram weight="1" > completeness and </bigram>
    <bigram weight="1" > preacher takes </bigram>
    <bigram weight="1" > woodman ### </bigram>
    <bigram weight="1" > ## respectively </bigram>
    <bigram weight="1" > from year </bigram>
    <bigram weight="1" > sometimes been </bigram>
    <bigram weight="1" > having spent </bigram>
    <bigram weight="1" > of wor </bigram>
    <bigram weight="1" > which had </bigram>
    <bigram weight="1" > copyright date </bigram>
    <bigram weight="1" > severed first </bigram>
    <bigram weight="1" > as an </bigram>
    <bigram weight="1" > he become </bigram>
    <bigram weight="1" > journal in </bigram>
    <bigram weight="1" > will eagerly </bigram>
    <bigram weight="1" > confidant and </bigram>
    <bigram weight="1" > a duty </bigram>
    <bigram weight="1" > revisions of </bigram>
    <bigram weight="1" > but from </bigram>
    <bigram weight="1" > in my </bigram>
    <bigram weight="1" > it less </bigram>
    <bigram weight="1" > winter lisp </bigram>
    <bigram weight="1" > period ### </bigram>
    <bigram weight="1" > average of </bigram>
    <bigram weight="1" > written beautifully </bigram>
    <bigram weight="1" > writer ### </bigram>
    <bigram weight="1" > eyes ### </bigram>
    <bigram weight="1" > ### called </bigram>
    <bigram weight="1" > all were </bigram>
    <bigram weight="1" > same deep </bigram>
    <bigram weight="1" > character of </bigram>
    <bigram weight="1" > would prove </bigram>
    <bigram weight="1" > and expectant </bigram>
    <bigram weight="1" > sure ### </bigram>
    <bigram weight="1" > thoreau lyceum </bigram>
    <bigram weight="1" > that studying </bigram>
    <bigram weight="1" > view nature </bigram>
    <bigram weight="1" > from american </bigram>
    <bigram weight="1" > to de </bigram>
    <bigram weight="1" > should thus </bigram>
    <bigram weight="1" > some other </bigram>
    <bigram weight="1" > to notice </bigram>
    <bigram weight="1" > attending to </bigram>
    <bigram weight="1" > farmer ### </bigram>
    <bigram weight="1" > blake of </bigram>
    <bigram weight="1" > after he </bigram>
    <bigram weight="1" > but nevertheless </bigram>
    <bigram weight="1" > never did </bigram>
    <bigram weight="1" > brings de </bigram>
    <bigram weight="1" > as i </bigram>
    <bigram weight="1" > quite probable </bigram>
    <bigram weight="1" > averaged ## </bigram>
    <bigram weight="1" > years later </bigram>
    <bigram weight="1" > could see </bigram>
    <bigram weight="1" > interesting picture </bigram>
    <bigram weight="1" > works had </bigram>
    <bigram weight="1" > ### they </bigram>
    <bigram weight="1" > critics praised </bigram>
    <bigram weight="1" > time for </bigram>
    <bigram weight="1" > its jacket </bigram>
    <bigram weight="1" > company felt </bigram>
    <bigram weight="1" > his life </bigram>
    <bigram weight="1" > for my </bigram>
    <bigram weight="1" > except by </bigram>
    <bigram weight="1" > discontent was </bigram>
    <bigram weight="1" > dis ciple </bigram>
    <bigram weight="1" > lowell and </bigram>
    <bigram weight="1" > ### while </bigram>
    <bigram weight="1" > do ### </bigram>
    <bigram weight="1" > by your </bigram>
    <bigram weight="1" > the dawn </bigram>
    <bigram weight="1" > lowell ### </bigram>
    <bigram weight="1" > opening remarks </bigram>
    <bigram weight="1" > perhaps the </bigram>
    <bigram weight="1" > stretch itself </bigram>
    <bigram weight="1" > was not </bigram>
    <bigram weight="1" > been to </bigram>
    <bigram weight="1" > earnest company </bigram>
    <bigram weight="1" > ended by </bigram>
    <bigram weight="1" > many ways </bigram>
    <bigram weight="1" > its review </bigram>
    <bigram weight="1" > in fluences </bigram>
    <bigram weight="1" > ten volumes </bigram>
    <bigram weight="1" > its winter </bigram>
    <bigram weight="1" > how many </bigram>
    <bigram weight="1" > account of </bigram>
    <bigram weight="1" > chose nature </bigram>
    <bigram weight="1" > year in </bigram>
    <bigram weight="1" > of man </bigram>
    <bigram weight="1" > seasons ends </bigram>
    <bigram weight="1" > excerpts for </bigram>
    <bigram weight="1" > two months </bigram>
    <bigram weight="1" > ine book </bigram>
    <bigram weight="1" > upon existence </bigram>
    <bigram weight="1" > in great </bigram>
    <bigram weight="1" > the ice </bigram>
    <bigram weight="1" > whetted the </bigram>
    <bigram weight="1" > have my </bigram>
    <bigram weight="1" > anxious to </bigram>
    <bigram weight="1" > as a </bigram>
    <bigram weight="1" > writings ### </bigram>
    <bigram weight="1" > observing the </bigram>
    <bigram weight="1" > readers ### </bigram>
    <bigram weight="1" > be led </bigram>
    <bigram weight="1" > journals in </bigram>
    <bigram weight="1" > journal for </bigram>
    <bigram weight="1" > appetite of </bigram>
    <bigram weight="1" > ### is </bigram>
    <bigram weight="1" > certain date </bigram>
    <bigram weight="1" > following pages </bigram>
    <bigram weight="1" > the reader </bigram>
    <bigram weight="1" > white ### </bigram>
    <bigram weight="1" > notes the </bigram>
    <bigram weight="1" > s philosophy </bigram>
    <bigram weight="1" > the phenomena </bigram>
    <bigram weight="1" > the arrangement </bigram>
    <bigram weight="1" > be published </bigram>
    <bigram weight="1" > channels ### </bigram>
    <bigram weight="1" > and when </bigram>
    <bigram weight="1" > he partook </bigram>
    <bigram weight="1" > same ### </bigram>
    <bigram weight="1" > hardly worth </bigram>
    <bigram weight="1" > can be </bigram>
    <bigram weight="1" > ### will </bigram>
    <bigram weight="1" > much deeper </bigram>
    <bigram weight="1" > hardly a </bigram>
    <bigram weight="1" > of philosopher </bigram>
    <bigram weight="1" > to attend </bigram>
    <bigram weight="1" > mollifies our </bigram>
    <bigram weight="1" > a reality </bigram>
    <bigram weight="1" > the coming </bigram>
    <bigram weight="1" > to weave </bigram>
    <bigram weight="1" > in so </bigram>
    <bigram weight="1" > feel your </bigram>
    <bigram weight="1" > thus you </bigram>
    <bigram weight="1" > that with </bigram>
    <bigram weight="1" > in teresting </bigram>
    <bigram weight="1" > # nature </bigram>
    <bigram weight="1" > realize that </bigram>
    <bigram weight="1" > if i </bigram>
    <bigram weight="1" > a calendar </bigram>
    <bigram weight="1" > ### know </bigram>
    <bigram weight="1" > of doors </bigram>
    <bigram weight="1" > one man </bigram>
    <bigram weight="1" > while to </bigram>
    <bigram weight="1" > was perhaps </bigram>
    <bigram weight="1" > while he </bigram>
    <bigram weight="1" > april from </bigram>
    <bigram weight="1" > first by </bigram>
    <bigram weight="1" > ## blake </bigram>
    <bigram weight="1" > ### cod </bigram>
    <bigram weight="1" > working on </bigram>
    <bigram weight="1" > of time </bigram>
    <bigram weight="1" > and earnest </bigram>
    <bigram weight="1" > when he </bigram>
    <bigram weight="1" > member and </bigram>
    <bigram weight="1" > thrill you </bigram>
    <bigram weight="1" > a very </bigram>
    <bigram weight="1" > on ### </bigram>
    <bigram weight="1" > his companion </bigram>
    <bigram weight="1" > only because </bigram>
    <bigram weight="1" > also issued </bigram>
    <bigram weight="1" > and uniform </bigram>
    <bigram weight="1" > differ ent </bigram>
    <bigram weight="1" > did ### </bigram>
    <bigram weight="1" > as thoreau </bigram>
    <bigram weight="1" > fered for </bigram>
    <bigram weight="1" > thoughts ### </bigram>
    <bigram weight="1" > every finite </bigram>
    <bigram weight="1" > coming out </bigram>
    <bigram weight="1" > insight into </bigram>
    <bigram weight="1" > ice and </bigram>
    <bigram weight="1" > close glimpses </bigram>
    <bigram weight="1" > entirety in </bigram>
    <bigram weight="1" > record or </bigram>
    <bigram weight="1" > ### measure </bigram>
    <bigram weight="1" > and as </bigram>
    <bigram weight="1" > i wake </bigram>
    <bigram weight="1" > be compiled </bigram>
    <bigram weight="1" > us # </bigram>
    <bigram weight="1" > any additional </bigram>
    <bigram weight="1" > in con </bigram>
    <bigram weight="1" > sympathy with </bigram>
    <bigram weight="1" > # if </bigram>
    <bigram weight="1" > lie started </bigram>
    <bigram weight="1" > ### although </bigram>
    <bigram weight="1" > selections ### </bigram>
    <bigram weight="1" > on morals </bigram>
    <bigram weight="1" > reading the </bigram>
    <bigram weight="1" > thoreau and </bigram>
    <bigram weight="1" > wherever it </bigram>
    <bigram weight="1" > collectors on </bigram>
    <bigram weight="1" > s opening </bigram>
    <bigram weight="1" > a man </bigram>
    <bigram weight="1" > habit suggested </bigram>
    <bigram weight="1" > than the </bigram>
    <bigram weight="1" > given to </bigram>
    <bigram weight="1" > ond volume </bigram>
    <bigram weight="1" > h ### </bigram>
    <bigram weight="1" > in an </bigram>
    <bigram weight="1" > opens ### </bigram>
    <bigram weight="1" > turning point </bigram>
    <bigram weight="1" > notably perhaps </bigram>
    <bigram weight="1" > later he </bigram>
    <bigram weight="1" > your health </bigram>
    <bigram weight="1" > early riser </bigram>
    <bigram weight="1" > knew thoreau </bigram>
    <bigram weight="1" > cester who </bigram>
    <bigram weight="1" > period of </bigram>
    <bigram weight="1" > partial ### </bigram>
    <bigram weight="1" > were pleasant </bigram>
    <bigram weight="1" > the week </bigram>
    <bigram weight="1" > not the </bigram>
    <bigram weight="1" > than a </bigram>
    <bigram weight="1" > felt the </bigram>
    <bigram weight="1" > making better </bigram>
    <bigram weight="1" > to them </bigram>
    <bigram weight="1" > discharging a </bigram>
    <bigram weight="1" > own season </bigram>
    <bigram weight="1" > who has </bigram>
    <bigram weight="1" > in some </bigram>
    <bigram weight="1" > ness of </bigram>
    <bigram weight="1" > and joyful </bigram>
    <bigram weight="1" > have done </bigram>
    <bigram weight="1" > than man </bigram>
    <bigram weight="1" > s note </bigram>
    <bigram weight="1" > bringing together </bigram>
    <bigram weight="1" > had produced </bigram>
    <bigram weight="1" > had published </bigram>
    <bigram weight="1" > to us </bigram>
    <bigram weight="1" > grass ### </bigram>
    <bigram weight="1" > early spring </bigram>
    <bigram weight="1" > and other </bigram>
    <bigram weight="1" > that fine </bigram>
    <bigram weight="1" > copies was </bigram>
    <bigram weight="1" > ### sounds </bigram>
    <bigram weight="1" > ### longfellow </bigram>
    <bigram weight="1" > ### that </bigram>
    <bigram weight="1" > not every </bigram>
    <bigram weight="1" > great britain </bigram>
    <bigram weight="1" > to realize </bigram>
    <bigram weight="1" > de light </bigram>
    <bigram weight="1" > s most </bigram>
    <bigram weight="1" > been done </bigram>
    <bigram weight="1" > existence ### </bigram>
    <bigram weight="1" > became the </bigram>
    <bigram weight="1" > ## and </bigram>
    <bigram weight="1" > flower opens </bigram>
    <bigram weight="1" > dates in </bigram>
    <bigram weight="1" > and feet </bigram>
    <bigram weight="1" > was developing </bigram>
    <bigram weight="1" > new day </bigram>
    <bigram weight="1" > of me </bigram>
    <bigram weight="1" > ## copies </bigram>
    <bigram weight="1" > bert white </bigram>
    <bigram weight="1" > of passages </bigram>
    <bigram weight="1" > till ### </bigram>
    <bigram weight="1" > started out </bigram>
    <bigram weight="1" > word preacher </bigram>
    <bigram weight="1" > rose to </bigram>
    <bigram weight="1" > were from </bigram>
    <bigram weight="1" > it had </bigram>
    <bigram weight="1" > in him </bigram>
    <bigram weight="1" > companion ### </bigram>
    <bigram weight="1" > for a </bigram>
    <bigram weight="1" > editor ### </bigram>
    <bigram weight="1" > his writings </bigram>
    <bigram weight="1" > and friend </bigram>
    <bigram weight="1" > and ductile </bigram>
    <bigram weight="1" > ice in </bigram>
    <bigram weight="1" > his the </bigram>
    <bigram weight="1" > with literary </bigram>
    <bigram weight="1" > in this </bigram>
    <bigram weight="1" > to hear </bigram>
    <bigram weight="1" > a more </bigram>
    <bigram weight="1" > highly probable </bigram>
    <bigram weight="1" > contrast the </bigram>
    <bigram weight="1" > balminess ### </bigram>
    <bigram weight="1" > # these </bigram>
    <bigram weight="1" > the mere </bigram>
    <bigram weight="1" > egypt and </bigram>
    <bigram weight="1" > had averaged </bigram>
    <bigram weight="1" > and then </bigram>
    <bigram weight="1" > longer only </bigram>
    <bigram weight="1" > # twelve </bigram>
    <bigram weight="1" > nature better </bigram>
    <bigram weight="1" > accumulated masses </bigram>
    <bigram weight="1" > to continue </bigram>
    <bigram weight="1" > from persons </bigram>
    <bigram weight="1" > morals and </bigram>
    <bigram weight="1" > in london </bigram>
    <bigram weight="1" > not been </bigram>
    <bigram weight="1" > into thoreau </bigram>
    <bigram weight="1" > a large </bigram>
    <bigram weight="1" > autumn thoreau </bigram>
    <bigram weight="1" > together of </bigram>
    <bigram weight="1" > febru ary </bigram>
    <bigram weight="1" > from that </bigram>
    <bigram weight="1" > noticed ### </bigram>
    <bigram weight="1" > publish these </bigram>
    <bigram weight="1" > spring or </bigram>
    <bigram weight="1" > finite life </bigram>
    <bigram weight="1" > phenomena which </bigram>
    <bigram weight="1" > ### at </bigram>
    <bigram weight="1" > large one </bigram>
    <bigram weight="1" > is true </bigram>
    <bigram weight="1" > always bored </bigram>
    <bigram weight="1" > at the </bigram>
    <bigram weight="1" > from till </bigram>
    <bigram weight="1" > sit down </bigram>
    <bigram weight="1" > entitled summer </bigram>
    <bigram weight="1" > to stretch </bigram>
    <bigram weight="1" > own satisfac </bigram>
    <bigram weight="1" > dissolve ### </bigram>
    <bigram weight="1" > by stevenson </bigram>
    <bigram weight="1" > edition limited </bigram>
    <bigram weight="1" > thus to </bigram>
    <bigram weight="1" > during his </bigram>
    <bigram weight="1" > out long </bigram>
    <bigram weight="1" > limited to </bigram>
    <bigram weight="1" > raymond r </bigram>
    <bigram weight="1" > any kind </bigram>
    <bigram weight="1" > heart breaks </bigram>
    <bigram weight="1" > through the </bigram>
    <bigram weight="1" > seasons by </bigram>
    <bigram weight="1" > the birds </bigram>
    <bigram weight="1" > bequeathed the </bigram>
    <bigram weight="1" > himself but </bigram>
    <bigram weight="1" > walden he </bigram>
    <bigram weight="1" > of a </bigram>
    <bigram weight="1" > borst ### </bigram>
    <bigram weight="1" > way i </bigram>
    <bigram weight="1" > still very </bigram>
    <bigram weight="1" > months next </bigram>
    <bigram weight="1" > an eager </bigram>
    <bigram weight="1" > pour down </bigram>
    <bigram weight="1" > edition ### </bigram>
    <bigram weight="1" > build his </bigram>
    <bigram weight="1" > moral into </bigram>
    <bigram weight="1" > on september </bigram>
    <bigram weight="1" > time on </bigram>
    <bigram weight="1" > continuity of </bigram>
    <bigram weight="1" > mood ### </bigram>
    <bigram weight="1" > fans it </bigram>
    <bigram weight="1" > added later </bigram>
    <bigram weight="1" > delightful jottings </bigram>
    <bigram weight="1" > the earth </bigram>
    <bigram weight="1" > uniform edition </bigram>
    <bigram weight="1" > preparation for </bigram>
    <bigram weight="1" > be assured </bigram>
    <bigram weight="1" > and is </bigram>
    <bigram weight="1" > was being </bigram>
    <bigram weight="1" > ears and </bigram>
    <bigram weight="1" > becoming more </bigram>
    <bigram weight="1" > the date </bigram>
    <bigram weight="1" > months after </bigram>
    <bigram weight="1" > cod and </bigram>
    <bigram weight="1" > also ### </bigram>
    <bigram weight="1" > its then </bigram>
    <bigram weight="1" > composed as </bigram>
    <bigram weight="1" > bronson alcott </bigram>
    <bigram weight="1" > which was </bigram>
    <bigram weight="1" > the transcendentalists </bigram>
    <bigram weight="1" > s indicators </bigram>
    <bigram weight="1" > ends ### </bigram>
    <bigram weight="1" > to thoreau </bigram>
    <bigram weight="1" > under the </bigram>
    <bigram weight="1" > to h </bigram>
    <bigram weight="1" > # by </bigram>
    <bigram weight="1" > pages ### </bigram>
    <bigram weight="1" > his popularity </bigram>
    <bigram weight="1" > published a </bigram>
    <bigram weight="1" > week ### </bigram>
    <bigram weight="1" > revealed to </bigram>
    <bigram weight="1" > too was </bigram>
    <bigram weight="1" > more cheerful </bigram>
    <bigram weight="1" > been working </bigram>
    <bigram weight="1" > christens it </bigram>
    <bigram weight="1" > summer was </bigram>
    <bigram weight="1" > hurry and </bigram>
    <bigram weight="1" > for so </bigram>
    <bigram weight="1" > the philoso </bigram>
    <bigram weight="1" > surprised to </bigram>
    <bigram weight="1" > # another </bigram>
    <bigram weight="1" > and followed </bigram>
    <bigram weight="1" > posterity which </bigram>
    <bigram weight="1" > from ### </bigram>
    <bigram weight="1" > plates with </bigram>
    <bigram weight="1" > evident from </bigram>
    <bigram weight="1" > in ### </bigram>
    <bigram weight="1" > probable that </bigram>
    <bigram weight="1" > smothered ### </bigram>
    <bigram weight="1" > that some </bigram>
    <bigram weight="1" > blake knew </bigram>
    <bigram weight="1" > however partial </bigram>
    <bigram weight="1" > a yearly </bigram>
    <bigram weight="1" > them himself </bigram>
    <bigram weight="1" > with a </bigram>
    <bigram weight="1" > kind of </bigram>
    <bigram weight="1" > seem hardly </bigram>
    <bigram weight="1" > and if </bigram>
    <bigram weight="1" > taking excerpts </bigram>
    <bigram weight="1" > note that </bigram>
    <bigram weight="1" > him with </bigram>
    <bigram weight="1" > who felt </bigram>
    <bigram weight="1" > on june </bigram>
    <bigram weight="1" > his sensible </bigram>
    <bigram weight="1" > entries a </bigram>
    <bigram weight="1" > of walter </bigram>
    <bigram weight="1" > snow ### </bigram>
    <bigram weight="1" > the highest </bigram>
    <bigram weight="1" > writing was </bigram>
    <bigram weight="1" > influence was </bigram>
    <bigram weight="1" > story of </bigram>
    <bigram weight="1" > enjoyed the </bigram>
    <bigram weight="1" > disdain for </bigram>
    <bigram weight="1" > varying degrees </bigram>
    <bigram weight="1" > i think </bigram>
    <bigram weight="1" > the title </bigram>
    <bigram weight="1" > reader close </bigram>
    <bigram weight="1" > was released </bigram>
    <bigram weight="1" > all of </bigram>
    <bigram weight="1" > long today </bigram>
    <bigram weight="1" > with its </bigram>
    <bigram weight="1" > very large </bigram>
    <bigram weight="1" > into his </bigram>
    <bigram weight="1" > life that </bigram>
    <bigram weight="1" > by inheritance </bigram>
    <bigram weight="1" > american plates </bigram>
    <bigram weight="1" > surely not </bigram>
    <bigram weight="1" > after his </bigram>
    <bigram weight="1" > describing the </bigram>
    <bigram weight="1" > the wealth </bigram>
    <bigram weight="1" > hawthorne and </bigram>
    <bigram weight="1" > days of </bigram>
    <bigram weight="1" > ### ine </bigram>
    <bigram weight="1" > by raymond </bigram>
    <bigram weight="1" > chinese vessels </bigram>
    <bigram weight="1" > down to </bigram>
    <bigram weight="1" > with spring </bigram>
    <bigram weight="1" > had not </bigram>
    <bigram weight="1" > been wont </bigram>
    <bigram weight="1" > not banish </bigram>
    <bigram weight="1" > sers ### </bigram>
    <bigram weight="1" > arrive in </bigram>
    <bigram weight="1" > worth while </bigram>
    <bigram weight="1" > preface with </bigram>
    <bigram weight="1" > out to </bigram>
    <bigram weight="1" > seminars on </bigram>
    <bigram weight="1" > he named </bigram>
    <bigram weight="1" > today when </bigram>
    <bigram weight="1" > of discharging </bigram>
    <bigram weight="1" > welcomer of </bigram>
    <bigram weight="1" > arrangement of </bigram>
    <bigram weight="1" > i can </bigram>
    <bigram weight="1" > is quite </bigram>
    <bigram weight="1" > eleventh familiar </bigram>
    <bigram weight="1" > journal and </bigram>
    <bigram weight="1" > and welcomer </bigram>
    <bigram weight="1" > writer who </bigram>
    <bigram weight="1" > through thoreau </bigram>
    <bigram weight="1" > have the </bigram>
    <bigram weight="1" > were published </bigram>
    <bigram weight="1" > to blake </bigram>
    <bigram weight="1" > seasons and </bigram>
    <bigram weight="1" > britain ### </bigram>
    <bigram weight="1" > he intended </bigram>
    <bigram weight="1" > middle of </bigram>
    <bigram weight="1" > seem to </bigram>
    <bigram weight="1" > years of </bigram>
    <bigram weight="1" > became a </bigram>
    <bigram weight="1" > a poet </bigram>
    <bigram weight="1" > ### than </bigram>
    <bigram weight="1" > ### how </bigram>
    <bigram weight="1" > text from </bigram>
    <bigram weight="1" > ### fisher </bigram>
    <bigram weight="1" > book wrote </bigram>
    <bigram weight="1" > begun # </bigram>
    <bigram weight="1" > this habit </bigram>
    <bigram weight="1" > date annually </bigram>
    <bigram weight="1" > observations ### </bigram>
    <bigram weight="1" > unwonted channels </bigram>
    <bigram weight="1" > be instructive </bigram>
    <bigram weight="1" > books was </bigram>
    <bigram weight="1" > summer ### </bigram>
    <bigram weight="1" > company of </bigram>
    <bigram weight="1" > a sec </bigram>
    <bigram weight="1" > september of </bigram>
    <bigram weight="1" > his na </bigram>
    <bigram weight="1" > was then </bigram>
    <bigram weight="1" > you to </bigram>
    <bigram weight="1" > first thoreau </bigram>
    <bigram weight="1" > the phenom </bigram>
    <bigram weight="1" > flowers opened </bigram>
    <bigram weight="1" > not especially </bigram>
    <bigram weight="1" > myself expecting </bigram>
    <bigram weight="1" > more than </bigram>
    <bigram weight="1" > among the </bigram>
    <bigram weight="1" > something sublime </bigram>
    <bigram weight="1" > philosophy of </bigram>
    <bigram weight="1" > s magazine </bigram>
    <bigram weight="1" > review or </bigram>
    <bigram weight="1" > pshaw # </bigram>
    <bigram weight="1" > volve upon </bigram>
    <bigram weight="1" > which should </bigram>
    <bigram weight="1" > sentence could </bigram>
    <bigram weight="1" > alcott noted </bigram>
    <bigram weight="1" > to note </bigram>
    <bigram weight="1" > collection of </bigram>
    <bigram weight="1" > your pulse </bigram>
    <bigram weight="1" > ### accumulated </bigram>
    <bigram weight="1" > eager and </bigram>
    <bigram weight="1" > you ### </bigram>
    <bigram weight="1" > is still </bigram>
    <bigram weight="1" > my walks </bigram>
    <bigram weight="1" > as soon </bigram>
    <bigram weight="1" > doubt was </bigram>
    <bigram weight="1" > degrees and </bigram>
    <bigram weight="1" > ## houghton </bigram>
    <bigram weight="1" > were ### </bigram>
    <bigram weight="1" > s eyes </bigram>
    <bigram weight="1" > think it </bigram>
    <bigram weight="1" > editing gave </bigram>
    <bigram weight="1" > better known </bigram>
    <bigram weight="1" > and by </bigram>
    <bigram weight="1" > s reactions </bigram>
    <bigram weight="1" > loved man </bigram>
    <bigram weight="1" > most intimate </bigram>
    <bigram weight="1" > inscribed on </bigram>
    <bigram weight="1" > thoreau notes </bigram>
    <bigram weight="1" > an eleventh </bigram>
    <bigram weight="1" > books whetted </bigram>
    <bigram weight="1" > a time </bigram>
    <bigram weight="1" > sales which </bigram>
    <bigram weight="1" > in varying </bigram>
    <bigram weight="1" > # not </bigram>
    <bigram weight="1" > the delightful </bigram>
    <bigram weight="1" > it too </bigram>
    <bigram weight="1" > editions in </bigram>
    <bigram weight="1" > magazines ### </bigram>
    <bigram weight="1" > heaving like </bigram>
    <bigram weight="1" > walden sales </bigram>
    <bigram weight="1" > up ### </bigram>
    <bigram weight="1" > april ## </bigram>
    <bigram weight="1" > serine mornings </bigram>
    <bigram weight="1" > ### surely </bigram>
    <bigram weight="1" > deep interest </bigram>
    <bigram weight="1" > transition from </bigram>
    <bigram weight="1" > the story </bigram>
    <bigram weight="1" > individual ### </bigram>
    <bigram weight="1" > ### edited </bigram>
    <bigram weight="1" > thoreau sea </bigram>
    <bigram weight="1" > almost balminess </bigram>
    <bigram weight="1" > the bringing </bigram>
    <bigram weight="1" > seemed to </bigram>
    <bigram weight="1" > entry about </bigram>
    <bigram weight="1" > final volume </bigram>
    <bigram weight="1" > i meet </bigram>
    <bigram weight="1" > volume autumn </bigram>
    <bigram weight="1" > cape ### </bigram>
    <bigram weight="1" > of which </bigram>
    <bigram weight="1" > the corning </bigram>
    <bigram weight="1" > in many </bigram>
    <bigram weight="1" > his season </bigram>
    <bigram weight="1" > especially interested </bigram>
    <bigram weight="1" > that individuality </bigram>
    <bigram weight="1" > may seem </bigram>
    <bigram weight="1" > edition and </bigram>
    <bigram weight="1" > satisfaction by </bigram>
    <bigram weight="1" > her death </bigram>
    <bigram weight="1" > intended to </bigram>
    <bigram weight="1" > the naturalist </bigram>
    <bigram weight="1" > away a </bigram>
    <bigram weight="1" > to one </bigram>
    <bigram weight="1" > named early </bigram>
    <bigram weight="1" > before by </bigram>
    <bigram weight="1" > ### an </bigram>
    <bigram weight="1" > deeper insight </bigram>
    <bigram weight="1" > there was </bigram>
    <bigram weight="1" > many authors </bigram>
    <bigram weight="1" > lisp ### </bigram>
    <bigram weight="1" > as having </bigram>
    <bigram weight="1" > the middle </bigram>
    <bigram weight="1" > of gil </bigram>
    <bigram weight="1" > march fans </bigram>
    <bigram weight="1" > these books </bigram>
    <bigram weight="1" > steadily towards </bigram>
    <bigram weight="1" > seasons through </bigram>
    <bigram weight="1" > towards the </bigram>
    <bigram weight="1" > a wall </bigram>
    <bigram weight="1" > religion also </bigram>
    <bigram weight="1" > studying the </bigram>
    <bigram weight="1" > been out </bigram>
    <bigram weight="1" > of snow </bigram>
    <bigram weight="1" > have an </bigram>
    <bigram weight="1" > fellow man </bigram>
    <bigram weight="1" > the west </bigram>
    <bigram weight="1" > been inscribed </bigram>
    <bigram weight="1" > like the </bigram>
    <bigram weight="1" > trou sers </bigram>
    <bigram weight="1" > writing one </bigram>
    <bigram weight="1" > by my </bigram>
    <bigram weight="1" > and a </bigram>
    <bigram weight="1" > by being </bigram>
    <bigram weight="1" > the book </bigram>
    <bigram weight="1" > published by </bigram>
    <bigram weight="1" > ### flits </bigram>
    <bigram weight="1" > or in </bigram>
    <bigram weight="1" > he remarked </bigram>
    <bigram weight="1" > the other </bigram>
</article>
