<?xml version="1.0" encoding="UTF-8"?>
<article id="10.2307/23394565" >
    <bigram weight="30" > ### # </bigram>
    <bigram weight="7" > ### s </bigram>
    <bigram weight="6" > bigelow ### </bigram>
    <bigram weight="5" > in ## </bigram>
    <bigram weight="5" > ## ### </bigram>
    <bigram weight="4" > # auburn </bigram>
    <bigram weight="4" > mt ### </bigram>
    <bigram weight="3" > of the </bigram>
    <bigram weight="3" > ### bigelow </bigram>
    <bigram weight="3" > to the </bigram>
    <bigram weight="3" > dr ### </bigram>
    <bigram weight="2" > ### and </bigram>
    <bigram weight="2" > auburn cemetery </bigram>
    <bigram weight="2" > in the </bigram>
    <bigram weight="2" > jacob bigelow </bigram>
    <bigram weight="2" > ### thoreau </bigram>
    <bigram weight="2" > # in </bigram>
    <bigram weight="2" > # for </bigram>
    <bigram weight="2" > # ### </bigram>
    <bigram weight="2" > # bigelow </bigram>
    <bigram weight="2" > # he </bigram>
    <bigram weight="2" > ### in </bigram>
    <bigram weight="2" > s first </bigram>
    <bigram weight="2" > thoreau ### </bigram>
    <bigram weight="2" > ### ### </bigram>
    <bigram weight="2" > # it </bigram>
    <bigram weight="2" > at mt </bigram>
    <bigram weight="1" > that his </bigram>
    <bigram weight="1" > ### delivered </bigram>
    <bigram weight="1" > a walk </bigram>
    <bigram weight="1" > met ### </bigram>
    <bigram weight="1" > # mechanics </bigram>
    <bigram weight="1" > he advised </bigram>
    <bigram weight="1" > a few </bigram>
    <bigram weight="1" > was to </bigram>
    <bigram weight="1" > thoreau and </bigram>
    <bigram weight="1" > by anton </bigram>
    <bigram weight="1" > he entered </bigram>
    <bigram weight="1" > his finger </bigram>
    <bigram weight="1" > confirms that </bigram>
    <bigram weight="1" > it ### </bigram>
    <bigram weight="1" > lifted to </bigram>
    <bigram weight="1" > his death </bigram>
    <bigram weight="1" > in his </bigram>
    <bigram weight="1" > botany ### </bigram>
    <bigram weight="1" > as is </bigram>
    <bigram weight="1" > hundred feet </bigram>
    <bigram weight="1" > # before </bigram>
    <bigram weight="1" > individual the </bigram>
    <bigram weight="1" > native flora </bigram>
    <bigram weight="1" > came as </bigram>
    <bigram weight="1" > he began </bigram>
    <bigram weight="1" > recuperative powers </bigram>
    <bigram weight="1" > enigmatic countenance </bigram>
    <bigram weight="1" > death ### </bigram>
    <bigram weight="1" > boston ### </bigram>
    <bigram weight="1" > botany was </bigram>
    <bigram weight="1" > bigelow living </bigram>
    <bigram weight="1" > lectured on </bigram>
    <bigram weight="1" > ### plants </bigram>
    <bigram weight="1" > # as </bigram>
    <bigram weight="1" > sylvarna college </bigram>
    <bigram weight="1" > invent the </bigram>
    <bigram weight="1" > plants of </bigram>
    <bigram weight="1" > # jacob </bigram>
    <bigram weight="1" > a stone </bigram>
    <bigram weight="1" > more compre </bigram>
    <bigram weight="1" > hope that </bigram>
    <bigram weight="1" > devoted to </bigram>
    <bigram weight="1" > # a </bigram>
    <bigram weight="1" > the patient </bigram>
    <bigram weight="1" > the enigmatic </bigram>
    <bigram weight="1" > civil war </bigram>
    <bigram weight="1" > ### the </bigram>
    <bigram weight="1" > founding of </bigram>
    <bigram weight="1" > trace with </bigram>
    <bigram weight="1" > was an </bigram>
    <bigram weight="1" > harvard college </bigram>
    <bigram weight="1" > before his </bigram>
    <bigram weight="1" > latin doggerel </bigram>
    <bigram weight="1" > the chair </bigram>
    <bigram weight="1" > he lectured </bigram>
    <bigram weight="1" > massachusetts ### </bigram>
    <bigram weight="1" > which led </bigram>
    <bigram weight="1" > he translated </bigram>
    <bigram weight="1" > is better </bigram>
    <bigram weight="1" > throughout his </bigram>
    <bigram weight="1" > eleven years </bigram>
    <bigram weight="1" > diseases ### </bigram>
    <bigram weight="1" > new england </bigram>
    <bigram weight="1" > college ### </bigram>
    <bigram weight="1" > he had </bigram>
    <bigram weight="1" > became impaired </bigram>
    <bigram weight="1" > the preparation </bigram>
    <bigram weight="1" > a sort </bigram>
    <bigram weight="1" > ### dr </bigram>
    <bigram weight="1" > translated mother </bigram>
    <bigram weight="1" > use bigelow </bigram>
    <bigram weight="1" > compre hensive </bigram>
    <bigram weight="1" > in later </bigram>
    <bigram weight="1" > ### this </bigram>
    <bigram weight="1" > for his </bigram>
    <bigram weight="1" > vicinity ### </bigram>
    <bigram weight="1" > bigelow s </bigram>
    <bigram weight="1" > private practice </bigram>
    <bigram weight="1" > from ## </bigram>
    <bigram weight="1" > the soace </bigram>
    <bigram weight="1" > appointed bigelow </bigram>
    <bigram weight="1" > holmes ### </bigram>
    <bigram weight="1" > biographers will </bigram>
    <bigram weight="1" > his career </bigram>
    <bigram weight="1" > ## to </bigram>
    <bigram weight="1" > sort of </bigram>
    <bigram weight="1" > ### technology </bigram>
    <bigram weight="1" > harvard appointed </bigram>
    <bigram weight="1" > at its </bigram>
    <bigram weight="1" > to use </bigram>
    <bigram weight="1" > as anatomy </bigram>
    <bigram weight="1" > influence in </bigram>
    <bigram weight="1" > intriguing possibility </bigram>
    <bigram weight="1" > gray ### </bigram>
    <bigram weight="1" > my first </bigram>
    <bigram weight="1" > journal ### </bigram>
    <bigram weight="1" > finger the </bigram>
    <bigram weight="1" > edition of </bigram>
    <bigram weight="1" > to come </bigram>
    <bigram weight="1" > delivered the </bigram>
    <bigram weight="1" > that thoreau </bigram>
    <bigram weight="1" > writing in </bigram>
    <bigram weight="1" > sixteen ### </bigram>
    <bigram weight="1" > boston and </bigram>
    <bigram weight="1" > mother goose </bigram>
    <bigram weight="1" > an intriguing </bigram>
    <bigram weight="1" > term ### </bigram>
    <bigram weight="1" > first edition </bigram>
    <bigram weight="1" > ### my </bigram>
    <bigram weight="1" > important influence </bigram>
    <bigram weight="1" > # dr </bigram>
    <bigram weight="1" > cited bigelow </bigram>
    <bigram weight="1" > doctorate from </bigram>
    <bigram weight="1" > later years </bigram>
    <bigram weight="1" > it is </bigram>
    <bigram weight="1" > monument ### </bigram>
    <bigram weight="1" > earlv as </bigram>
    <bigram weight="1" > deserves ### </bigram>
    <bigram weight="1" > it was </bigram>
    <bigram weight="1" > history in </bigram>
    <bigram weight="1" > ness ### </bigram>
    <bigram weight="1" > to boston </bigram>
    <bigram weight="1" > believed that </bigram>
    <bigram weight="1" > auburn ### </bigram>
    <bigram weight="1" > due to </bigram>
    <bigram weight="1" > cemetery in </bigram>
    <bigram weight="1" > s ### </bigram>
    <bigram weight="1" > of a </bigram>
    <bigram weight="1" > bigelow was </bigram>
    <bigram weight="1" > of materia </bigram>
    <bigram weight="1" > realized ### </bigram>
    <bigram weight="1" > bigelow often </bigram>
    <bigram weight="1" > the first </bigram>
    <bigram weight="1" > prevented him </bigram>
    <bigram weight="1" > book on </bigram>
    <bigram weight="1" > bigelow is </bigram>
    <bigram weight="1" > ordinarily devoted </bigram>
    <bigram weight="1" > ### massachusetts </bigram>
    <bigram weight="1" > and vicinity </bigram>
    <bigram weight="1" > ## harvard </bigram>
    <bigram weight="1" > in july </bigram>
    <bigram weight="1" > of sudbury </bigram>
    <bigram weight="1" > american pharmacopia </bigram>
    <bigram weight="1" > him to </bigram>
    <bigram weight="1" > ### prevented </bigram>
    <bigram weight="1" > no book </bigram>
    <bigram weight="1" > he published </bigram>
    <bigram weight="1" > which he </bigram>
    <bigram weight="1" > mechanics was </bigram>
    <bigram weight="1" > building at </bigram>
    <bigram weight="1" > his which </bigram>
    <bigram weight="1" > walk through </bigram>
    <bigram weight="1" > ## thoreau </bigram>
    <bigram weight="1" > three volume </bigram>
    <bigram weight="1" > s conviction </bigram>
    <bigram weight="1" > this remarkable </bigram>
    <bigram weight="1" > thoreau beaan </bigram>
    <bigram weight="1" > in which </bigram>
    <bigram weight="1" > cambridge ### </bigram>
    <bigram weight="1" > # his </bigram>
    <bigram weight="1" > mechanics ### </bigram>
    <bigram weight="1" > ### education </bigram>
    <bigram weight="1" > impaired ### </bigram>
    <bigram weight="1" > disorders would </bigram>
    <bigram weight="1" > ### oliver </bigram>
    <bigram weight="1" > # thoreau </bigram>
    <bigram weight="1" > the term </bigram>
    <bigram weight="1" > authority on </bigram>
    <bigram weight="1" > an important </bigram>
    <bigram weight="1" > remarkable individual </bigram>
    <bigram weight="1" > calling it </bigram>
    <bigram weight="1" > his three </bigram>
    <bigram weight="1" > anton kovar </bigram>
    <bigram weight="1" > powers of </bigram>
    <bigram weight="1" > would disappear </bigram>
    <bigram weight="1" > july ## </bigram>
    <bigram weight="1" > was bigelow </bigram>
    <bigram weight="1" > first botanical </bigram>
    <bigram weight="1" > thoreau mentions </bigram>
    <bigram weight="1" > that future </bigram>
    <bigram weight="1" > returning to </bigram>
    <bigram weight="1" > ### graduated </bigram>
    <bigram weight="1" > the american </bigram>
    <bigram weight="1" > practice from </bigram>
    <bigram weight="1" > possibility ### </bigram>
    <bigram weight="1" > known to </bigram>
    <bigram weight="1" > bigelow met </bigram>
    <bigram weight="1" > this remains </bigram>
    <bigram weight="1" > commemorate the </bigram>
    <bigram weight="1" > s grave </bigram>
    <bigram weight="1" > study of </bigram>
    <bigram weight="1" > wendell holmes </bigram>
    <bigram weight="1" > gardens ### </bigram>
    <bigram weight="1" > of boston </bigram>
    <bigram weight="1" > flora ### </bigram>
    <bigram weight="1" > to private </bigram>
    <bigram weight="1" > ### due </bigram>
    <bigram weight="1" > forty years </bigram>
    <bigram weight="1" > erection at </bigram>
    <bigram weight="1" > beaan to </bigram>
    <bigram weight="1" > is ordinarily </bigram>
    <bigram weight="1" > private gardens </bigram>
    <bigram weight="1" > playful genius </bigram>
    <bigram weight="1" > was born </bigram>
    <bigram weight="1" > his colleague </bigram>
    <bigram weight="1" > # at </bigram>
    <bigram weight="1" > grave is </bigram>
    <bigram weight="1" > present ### </bigram>
    <bigram weight="1" > acquiring more </bigram>
    <bigram weight="1" > often in </bigram>
    <bigram weight="1" > patient ### </bigram>
    <bigram weight="1" > my knowledge </bigram>
    <bigram weight="1" > genius he </bigram>
    <bigram weight="1" > materia medica </bigram>
    <bigram weight="1" > professional authority </bigram>
    <bigram weight="1" > kovar to </bigram>
    <bigram weight="1" > stone sphinx </bigram>
    <bigram weight="1" > smaller drug </bigram>
    <bigram weight="1" > is it </bigram>
    <bigram weight="1" > left to </bigram>
    <bigram weight="1" > of professor </bigram>
    <bigram weight="1" > receive the </bigram>
    <bigram weight="1" > led him </bigram>
    <bigram weight="1" > living in </bigram>
    <bigram weight="1" > anatomy ### </bigram>
    <bigram weight="1" > sphinx to </bigram>
    <bigram weight="1" > public however </bigram>
    <bigram weight="1" > first professional </bigram>
    <bigram weight="1" > his founding </bigram>
    <bigram weight="1" > will give </bigram>
    <bigram weight="1" > to trace </bigram>
    <bigram weight="1" > # on </bigram>
    <bigram weight="1" > as ## </bigram>
    <bigram weight="1" > many disorders </bigram>
    <bigram weight="1" > volume american </bigram>
    <bigram weight="1" > his journal </bigram>
    <bigram weight="1" > town of </bigram>
    <bigram weight="1" > professor of </bigram>
    <bigram weight="1" > that many </bigram>
    <bigram weight="1" > and mechanics </bigram>
    <bigram weight="1" > on such </bigram>
    <bigram weight="1" > as a </bigram>
    <bigram weight="1" > to ## </bigram>
    <bigram weight="1" > treatise was </bigram>
    <bigram weight="1" > cemetery confirms </bigram>
    <bigram weight="1" > doggerel ### </bigram>
    <bigram weight="1" > ## sylvarna </bigram>
    <bigram weight="1" > natural recuperative </bigram>
    <bigram weight="1" > s botany </bigram>
    <bigram weight="1" > remains but </bigram>
    <bigram weight="1" > a favorite </bigram>
    <bigram weight="1" > but an </bigram>
    <bigram weight="1" > ### diseases </bigram>
    <bigram weight="1" > auburn of </bigram>
    <bigram weight="1" > war dead </bigram>
    <bigram weight="1" > ### new </bigram>
    <bigram weight="1" > to cataracts </bigram>
    <bigram weight="1" > a doctorate </bigram>
    <bigram weight="1" > feet from </bigram>
    <bigram weight="1" > cemeteries should </bigram>
    <bigram weight="1" > to invent </bigram>
    <bigram weight="1" > blind ness </bigram>
    <bigram weight="1" > of playful </bigram>
    <bigram weight="1" > later received </bigram>
    <bigram weight="1" > for forty </bigram>
    <bigram weight="1" > he believed </bigram>
    <bigram weight="1" > penn ## </bigram>
    <bigram weight="1" > from the </bigram>
    <bigram weight="1" > drug dosages </bigram>
    <bigram weight="1" > years later </bigram>
    <bigram weight="1" > medica ### </bigram>
    <bigram weight="1" > for the </bigram>
    <bigram weight="1" > knowledge ### </bigram>
    <bigram weight="1" > ### even </bigram>
    <bigram weight="1" > dead ### </bigram>
    <bigram weight="1" > source by </bigram>
    <bigram weight="1" > come eleven </bigram>
    <bigram weight="1" > of gray </bigram>
    <bigram weight="1" > # this </bigram>
    <bigram weight="1" > the civil </bigram>
    <bigram weight="1" > the natural </bigram>
    <bigram weight="1" > on returning </bigram>
    <bigram weight="1" > few hundred </bigram>
    <bigram weight="1" > american medical </bigram>
    <bigram weight="1" > my hope </bigram>
    <bigram weight="1" > and bigelow </bigram>
    <bigram weight="1" > the present </bigram>
    <bigram weight="1" > thoreau cited </bigram>
    <bigram weight="1" > medical history </bigram>
    <bigram weight="1" > sponsored the </bigram>
    <bigram weight="1" > was a </bigram>
    <bigram weight="1" > years he </bigram>
    <bigram weight="1" > with his </bigram>
    <bigram weight="1" > ### writing </bigram>
    <bigram weight="1" > ### mentions </bigram>
    <bigram weight="1" > future biographers </bigram>
    <bigram weight="1" > into latin </bigram>
    <bigram weight="1" > england ### </bigram>
    <bigram weight="1" > graduated in </bigram>
    <bigram weight="1" > at age </bigram>
    <bigram weight="1" > the same </bigram>
    <bigram weight="1" > in cambridge </bigram>
    <bigram weight="1" > received a </bigram>
    <bigram weight="1" > dedication he </bigram>
    <bigram weight="1" > bigelow sponsored </bigram>
    <bigram weight="1" > his hopes </bigram>
    <bigram weight="1" > on thoreau </bigram>
    <bigram weight="1" > neighboring town </bigram>
    <bigram weight="1" > pharmacopia ### </bigram>
    <bigram weight="1" > to my </bigram>
    <bigram weight="1" > he deserves </bigram>
    <bigram weight="1" > published his </bigram>
    <bigram weight="1" > possible that </bigram>
    <bigram weight="1" > born in </bigram>
    <bigram weight="1" > him from </bigram>
    <bigram weight="1" > countenance ### </bigram>
    <bigram weight="1" > ### no </bigram>
    <bigram weight="1" > dosages ### </bigram>
    <bigram weight="1" > the monument </bigram>
    <bigram weight="1" > a blessing </bigram>
    <bigram weight="1" > soace he </bigram>
    <bigram weight="1" > education ### </bigram>
    <bigram weight="1" > s death </bigram>
    <bigram weight="1" > entered harvard </bigram>
    <bigram weight="1" > ### calling </bigram>
    <bigram weight="1" > located a </bigram>
    <bigram weight="1" > even after </bigram>
    <bigram weight="1" > chair of </bigram>
    <bigram weight="1" > as earlv </bigram>
    <bigram weight="1" > better known </bigram>
    <bigram weight="1" > through mt </bigram>
    <bigram weight="1" > first botany </bigram>
    <bigram weight="1" > increasing blind </bigram>
    <bigram weight="1" > technology ### </bigram>
    <bigram weight="1" > should receive </bigram>
    <bigram weight="1" > college at </bigram>
    <bigram weight="1" > the public </bigram>
    <bigram weight="1" > however for </bigram>
    <bigram weight="1" > on native </bigram>
    <bigram weight="1" > conviction that </bigram>
    <bigram weight="1" > mentions bigelow </bigram>
    <bigram weight="1" > that cemeteries </bigram>
    <bigram weight="1" > and later </bigram>
    <bigram weight="1" > age sixteen </bigram>
    <bigram weight="1" > death came </bigram>
    <bigram weight="1" > goose into </bigram>
    <bigram weight="1" > years bigelow </bigram>
    <bigram weight="1" > bigelow to </bigram>
    <bigram weight="1" > colleague ### </bigram>
    <bigram weight="1" > # increasing </bigram>
    <bigram weight="1" > botanical source </bigram>
    <bigram weight="1" > blessing in </bigram>
    <bigram weight="1" > career ### </bigram>
    <bigram weight="1" > began private </bigram>
    <bigram weight="1" > disappear if </bigram>
    <bigram weight="1" > hopes were </bigram>
    <bigram weight="1" > sudbury ### </bigram>
    <bigram weight="1" > this treatise </bigram>
    <bigram weight="1" > ### jacob </bigram>
    <bigram weight="1" > hensive guides </bigram>
    <bigram weight="1" > eulogy ### </bigram>
    <bigram weight="1" > # throughout </bigram>
    <bigram weight="1" > were realized </bigram>
    <bigram weight="1" > the eulogy </bigram>
    <bigram weight="1" > cataracts ### </bigram>
    <bigram weight="1" > the administration </bigram>
    <bigram weight="1" > its dedication </bigram>
    <bigram weight="1" > such subjects </bigram>
    <bigram weight="1" > advised smaller </bigram>
    <bigram weight="1" > it possible </bigram>
    <bigram weight="1" > after acquiring </bigram>
    <bigram weight="1" > mentions dr </bigram>
    <bigram weight="1" > same attention </bigram>
    <bigram weight="1" > s mind </bigram>
    <bigram weight="1" > later ### </bigram>
    <bigram weight="1" > the neighboring </bigram>
    <bigram weight="1" > from penn </bigram>
    <bigram weight="1" > # is </bigram>
    <bigram weight="1" > give this </bigram>
    <bigram weight="1" > if left </bigram>
    <bigram weight="1" > is located </bigram>
    <bigram weight="1" > administration building </bigram>
    <bigram weight="1" > seeing the </bigram>
    <bigram weight="1" > to be </bigram>
    <bigram weight="1" > ## he </bigram>
    <bigram weight="1" > had to </bigram>
    <bigram weight="1" > favorite study </bigram>
    <bigram weight="1" > is my </bigram>
    <bigram weight="1" > subjects as </bigram>
    <bigram weight="1" > preparation of </bigram>
    <bigram weight="1" > mind became </bigram>
    <bigram weight="1" > oliver wendell </bigram>
    <bigram weight="1" > in a </bigram>
    <bigram weight="1" > from seeing </bigram>
    <bigram weight="1" > attention as </bigram>
    <bigram weight="1" > be lifted </bigram>
    <bigram weight="1" > of his </bigram>
    <bigram weight="1" > the erection </bigram>
    <bigram weight="1" > guides ### </bigram>
    <bigram weight="1" > ### he </bigram>
    <bigram weight="1" > the mt </bigram>
    <bigram weight="1" > to commemorate </bigram>
</article>
