<?xml version="1.0" encoding="UTF-8"?>
<article id="10.2307/23393985" >
    <bigram weight="19" > ### ### </bigram>
    <bigram weight="16" > ## ### </bigram>
    <bigram weight="15" > ### # </bigram>
    <bigram weight="15" > ### ## </bigram>
    <bigram weight="7" > ### boston </bigram>
    <bigram weight="7" > boston ### </bigram>
    <bigram weight="7" > thoreau ### </bigram>
    <bigram weight="6" > henry d </bigram>
    <bigram weight="6" > ### thoreau </bigram>
    <bigram weight="6" > ### henry </bigram>
    <bigram weight="6" > ### inscribed </bigram>
    <bigram weight="6" > d ### </bigram>
    <bigram weight="5" > inscribed ### </bigram>
    <bigram weight="5" > ### and </bigram>
    <bigram weight="4" > # ## </bigram>
    <bigram weight="4" > essays ### </bigram>
    <bigram weight="4" > s library </bigram>
    <bigram weight="3" > by emerson </bigram>
    <bigram weight="3" > second series </bigram>
    <bigram weight="3" > w ### </bigram>
    <bigram weight="3" > ### essays </bigram>
    <bigram weight="3" > thoreau from </bigram>
    <bigram weight="3" > ### second </bigram>
    <bigram weight="3" > r ### </bigram>
    <bigram weight="3" > james munroe </bigram>
    <bigram weight="3" > ### s </bigram>
    <bigram weight="3" > ### james </bigram>
    <bigram weight="3" > munroe ### </bigram>
    <bigram weight="3" > ### w </bigram>
    <bigram weight="3" > e ### </bigram>
    <bigram weight="3" > series ### </bigram>
    <bigram weight="3" > ### e </bigram>
    <bigram weight="2" > addresses ### </bigram>
    <bigram weight="2" > ### addresses </bigram>
    <bigram weight="2" > and the </bigram>
    <bigram weight="2" > and lectures </bigram>
    <bigram weight="2" > at the </bigram>
    <bigram weight="2" > from r </bigram>
    <bigram weight="2" > author ### </bigram>
    <bigram weight="2" > books by </bigram>
    <bigram weight="2" > fields ### </bigram>
    <bigram weight="2" > press ### </bigram>
    <bigram weight="2" > edition ### </bigram>
    <bigram weight="2" > sampson ### </bigram>
    <bigram weight="2" > ### in </bigram>
    <bigram weight="2" > of the </bigram>
    <bigram weight="2" > ### the </bigram>
    <bigram weight="2" > phillips ### </bigram>
    <bigram weight="2" > and fields </bigram>
    <bigram weight="2" > ### phillips </bigram>
    <bigram weight="2" > ticknor and </bigram>
    <bigram weight="2" > ### sampson </bigram>
    <bigram weight="2" > to thoreau </bigram>
    <bigram weight="2" > library ### </bigram>
    <bigram weight="2" > books are </bigram>
    <bigram weight="2" > sophia thoreau </bigram>
    <bigram weight="2" > ### ticknor </bigram>
    <bigram weight="2" > nature ### </bigram>
    <bigram weight="2" > is a </bigram>
    <bigram weight="2" > from the </bigram>
    <bigram weight="2" > the author </bigram>
    <bigram weight="2" > copy of </bigram>
    <bigram weight="2" > ### todd </bigram>
    <bigram weight="2" > have been </bigram>
    <bigram weight="1" > ### mi </bigram>
    <bigram weight="1" > part of </bigram>
    <bigram weight="1" > j ### </bigram>
    <bigram weight="1" > # i </bigram>
    <bigram weight="1" > of these </bigram>
    <bigram weight="1" > todd by </bigram>
    <bigram weight="1" > ### information </bigram>
    <bigram weight="1" > mechanics ### </bigram>
    <bigram weight="1" > to be </bigram>
    <bigram weight="1" > on shakespeare </bigram>
    <bigram weight="1" > the new </bigram>
    <bigram weight="1" > the copy </bigram>
    <bigram weight="1" > joel myerson </bigram>
    <bigram weight="1" > lectures ### </bigram>
    <bigram weight="1" > englishi traits </bigram>
    <bigram weight="1" > library by </bigram>
    <bigram weight="1" > a copy </bigram>
    <bigram weight="1" > four of </bigram>
    <bigram weight="1" > the remaining </bigram>
    <bigram weight="1" > in addition </bigram>
    <bigram weight="1" > in nature </bigram>
    <bigram weight="1" > ### there </bigram>
    <bigram weight="1" > the reformer </bigram>
    <bigram weight="1" > ### concerning </bigram>
    <bigram weight="1" > mi ### </bigram>
    <bigram weight="1" > friend ### </bigram>
    <bigram weight="1" > ### r </bigram>
    <bigram weight="1" > ### poems </bigram>
    <bigram weight="1" > at that </bigram>
    <bigram weight="1" > out and </bigram>
    <bigram weight="1" > ### respectively </bigram>
    <bigram weight="1" > had listed </bigram>
    <bigram weight="1" > the following </bigram>
    <bigram weight="1" > peter dzwonkoski </bigram>
    <bigram weight="1" > all of </bigram>
    <bigram weight="1" > beinecke rare </bigram>
    <bigram weight="1" > by joel </bigram>
    <bigram weight="1" > mr ### </bigram>
    <bigram weight="1" > ### charlottesville </bigram>
    <bigram weight="1" > in his </bigram>
    <bigram weight="1" > ### have </bigram>
    <bigram weight="1" > university ### </bigram>
    <bigram weight="1" > ### mr </bigram>
    <bigram weight="1" > representative men </bigram>
    <bigram weight="1" > sale ### </bigram>
    <bigram weight="1" > ### from </bigram>
    <bigram weight="1" > ### nature </bigram>
    <bigram weight="1" > a clipping </bigram>
    <bigram weight="1" > thes books </bigram>
    <bigram weight="1" > ### third </bigram>
    <bigram weight="1" > annotated ### </bigram>
    <bigram weight="1" > the thoreau </bigram>
    <bigram weight="1" > ### institute </bigram>
    <bigram weight="1" > loomis todd </bigram>
    <bigram weight="1" > emerson known </bigram>
    <bigram weight="1" > and essays </bigram>
    <bigram weight="1" > man the </bigram>
    <bigram weight="1" > # from </bigram>
    <bigram weight="1" > ### man </bigram>
    <bigram weight="1" > library are </bigram>
    <bigram weight="1" > his friend </bigram>
    <bigram weight="1" > wakeman sale </bigram>
    <bigram weight="1" > following volumes </bigram>
    <bigram weight="1" > charlottesville ### </bigram>
    <bigram weight="1" > emerson in </bigram>
    <bigram weight="1" > of virginia </bigram>
    <bigram weight="1" > locates only </bigram>
    <bigram weight="1" > rare book </bigram>
    <bigram weight="1" > the conduct </bigram>
    <bigram weight="1" > method of </bigram>
    <bigram weight="1" > ripped out </bigram>
    <bigram weight="1" > ### berkeley </bigram>
    <bigram weight="1" > remaining six </bigram>
    <bigram weight="1" > ## december </bigram>
    <bigram weight="1" > these ### </bigram>
    <bigram weight="1" > library and </bigram>
    <bigram weight="1" > unidentified newspaper </bigram>
    <bigram weight="1" > two ### </bigram>
    <bigram weight="1" > lectures pages </bigram>
    <bigram weight="1" > reformer ### </bigram>
    <bigram weight="1" > oriole press </bigram>
    <bigram weight="1" > emerson ### </bigram>
    <bigram weight="1" > men ### </bigram>
    <bigram weight="1" > by sophia </bigram>
    <bigram weight="1" > concerning his </bigram>
    <bigram weight="1" > the method </bigram>
    <bigram weight="1" > ### signed </bigram>
    <bigram weight="1" > other pieces </bigram>
    <bigram weight="1" > ## september </bigram>
    <bigram weight="1" > given to </bigram>
    <bigram weight="1" > of representative </bigram>
    <bigram weight="1" > book and </bigram>
    <bigram weight="1" > the wakeman </bigram>
    <bigram weight="1" > ### harding </bigram>
    <bigram weight="1" > # none </bigram>
    <bigram weight="1" > nature at </bigram>
    <bigram weight="1" > poems ### </bigram>
    <bigram weight="1" > virginia press </bigram>
    <bigram weight="1" > march ## </bigram>
    <bigram weight="1" > traits ### </bigram>
    <bigram weight="1" > and other </bigram>
    <bigram weight="1" > life ### </bigram>
    <bigram weight="1" > sity ### </bigram>
    <bigram weight="1" > and nature </bigram>
    <bigram weight="1" > # in </bigram>
    <bigram weight="1" > are annotated </bigram>
    <bigram weight="1" > family two </bigram>
    <bigram weight="1" > lecture at </bigram>
    <bigram weight="1" > ## edition </bigram>
    <bigram weight="1" > and manuscript </bigram>
    <bigram weight="1" > pool lecture </bigram>
    <bigram weight="1" > todd s </bigram>
    <bigram weight="1" > and inserted </bigram>
    <bigram weight="1" > volumes given </bigram>
    <bigram weight="1" > harvard univer </bigram>
    <bigram weight="1" > have located </bigram>
    <bigram weight="1" > univer sity </bigram>
    <bigram weight="1" > to sophia </bigram>
    <bigram weight="1" > pieces ### </bigram>
    <bigram weight="1" > at ### </bigram>
    <bigram weight="1" > in thoreau </bigram>
    <bigram weight="1" > to the </bigram>
    <bigram weight="1" > harding had </bigram>
    <bigram weight="1" > ### part </bigram>
    <bigram weight="1" > two more </bigram>
    <bigram weight="1" > the list </bigram>
    <bigram weight="1" > free public </bigram>
    <bigram weight="1" > new entries </bigram>
    <bigram weight="1" > # emerson </bigram>
    <bigram weight="1" > inscribed to </bigram>
    <bigram weight="1" > in mabel </bigram>
    <bigram weight="1" > concord free </bigram>
    <bigram weight="1" > his liver </bigram>
    <bigram weight="1" > are englishi </bigram>
    <bigram weight="1" > two generations </bigram>
    <bigram weight="1" > and harvard </bigram>
    <bigram weight="1" > ago ### </bigram>
    <bigram weight="1" > the concord </bigram>
    <bigram weight="1" > listed the </bigram>
    <bigram weight="1" > can add </bigram>
    <bigram weight="1" > books ### </bigram>
    <bigram weight="1" > manuscript library </bigram>
    <bigram weight="1" > ## # </bigram>
    <bigram weight="1" > inserted at </bigram>
    <bigram weight="1" > he locates </bigram>
    <bigram weight="1" > nov ### </bigram>
    <bigram weight="1" > an unidentified </bigram>
    <bigram weight="1" > todd bing </bigram>
    <bigram weight="1" > the mechanics </bigram>
    <bigram weight="1" > signed ### </bigram>
    <bigram weight="1" > ### english </bigram>
    <bigram weight="1" > conduct of </bigram>
    <bigram weight="1" > ### sold </bigram>
    <bigram weight="1" > list ### </bigram>
    <bigram weight="1" > the beinecke </bigram>
    <bigram weight="1" > located four </bigram>
    <bigram weight="1" > myerson walter </bigram>
    <bigram weight="1" > six books </bigram>
    <bigram weight="1" > university of </bigram>
    <bigram weight="1" > there is </bigram>
    <bigram weight="1" > and can </bigram>
    <bigram weight="1" > point is </bigram>
    <bigram weight="1" > addition ### </bigram>
    <bigram weight="1" > i have </bigram>
    <bigram weight="1" > of thes </bigram>
    <bigram weight="1" > ham lists </bigram>
    <bigram weight="1" > ### university </bigram>
    <bigram weight="1" > from his </bigram>
    <bigram weight="1" > # all </bigram>
    <bigram weight="1" > the books </bigram>
    <bigram weight="1" > library of </bigram>
    <bigram weight="1" > generations ago </bigram>
    <bigram weight="1" > are now </bigram>
    <bigram weight="1" > ### n </bigram>
    <bigram weight="1" > pages ### </bigram>
    <bigram weight="1" > in the </bigram>
    <bigram weight="1" > traits and </bigram>
    <bigram weight="1" > # ### </bigram>
    <bigram weight="1" > thoreau by </bigram>
    <bigram weight="1" > add two </bigram>
    <bigram weight="1" > ### y </bigram>
    <bigram weight="1" > september ### </bigram>
    <bigram weight="1" > lists the </bigram>
    <bigram weight="1" > to have </bigram>
    <bigram weight="1" > two books </bigram>
    <bigram weight="1" > however ### </bigram>
    <bigram weight="1" > december ### </bigram>
    <bigram weight="1" > third edition </bigram>
    <bigram weight="1" > # nov </bigram>
    <bigram weight="1" > now in </bigram>
    <bigram weight="1" > only two </bigram>
    <bigram weight="1" > eight books </bigram>
    <bigram weight="1" > english traits </bigram>
    <bigram weight="1" > of life </bigram>
    <bigram weight="1" > # this </bigram>
    <bigram weight="1" > be located </bigram>
    <bigram weight="1" > information from </bigram>
    <bigram weight="1" > his thoreau </bigram>
    <bigram weight="1" > public library </bigram>
    <bigram weight="1" > berkeley heights </bigram>
    <bigram weight="1" > additions to </bigram>
    <bigram weight="1" > mabel loomis </bigram>
    <bigram weight="1" > of yale </bigram>
    <bigram weight="1" > the ## </bigram>
    <bigram weight="1" > harding lists </bigram>
    <bigram weight="1" > ### j </bigram>
    <bigram weight="1" > bing ham </bigram>
    <bigram weight="1" > ### emerson </bigram>
    <bigram weight="1" > nature and </bigram>
    <bigram weight="1" > # of </bigram>
    <bigram weight="1" > known to </bigram>
    <bigram weight="1" > more titles </bigram>
    <bigram weight="1" > mrs ### </bigram>
    <bigram weight="1" > # the </bigram>
    <bigram weight="1" > this leaves </bigram>
    <bigram weight="1" > from peter </bigram>
    <bigram weight="1" > ### to </bigram>
    <bigram weight="1" > of ### </bigram>
    <bigram weight="1" > located ### </bigram>
    <bigram weight="1" > newspaper titled </bigram>
    <bigram weight="1" > to mrs </bigram>
    <bigram weight="1" > ## march </bigram>
    <bigram weight="1" > entries to </bigram>
    <bigram weight="1" > from an </bigram>
    <bigram weight="1" > n ### </bigram>
    <bigram weight="1" > dzwonkoski ### </bigram>
    <bigram weight="1" > yale university </bigram>
    <bigram weight="1" > that point </bigram>
    <bigram weight="1" > institute ### </bigram>
    <bigram weight="1" > s the </bigram>
    <bigram weight="1" > shakespeare ### </bigram>
    <bigram weight="1" > sold at </bigram>
    <bigram weight="1" > respectively ### </bigram>
    <bigram weight="1" > thoreau family </bigram>
    <bigram weight="1" > lists eight </bigram>
    <bigram weight="1" > been in </bigram>
    <bigram weight="1" > titled ### </bigram>
    <bigram weight="1" > emerson on </bigram>
    <bigram weight="1" > of nature </bigram>
    <bigram weight="1" > liver pool </bigram>
    <bigram weight="1" > walter harding </bigram>
    <bigram weight="1" > been ripped </bigram>
    <bigram weight="1" > none of </bigram>
    <bigram weight="1" > ### oriole </bigram>
    <bigram weight="1" > heights ### </bigram>
    <bigram weight="1" > titles to </bigram>
    <bigram weight="1" > emerson additions </bigram>
    <bigram weight="1" > leaves two </bigram>
    <bigram weight="1" > ### he </bigram>
    <bigram weight="1" > of ma </bigram>
    <bigram weight="1" > clipping from </bigram>
    <bigram weight="1" > y and </bigram>
    <bigram weight="1" > thoreau s </bigram>
    <bigram weight="1" > ma ### </bigram>
    <bigram weight="1" > # however </bigram>
</article>
