<?xml version="1.0" encoding="UTF-8"?>
<article id="10.2307/23394604" >
    <bigram weight="34" > ### # </bigram>
    <bigram weight="8" > quincy sewall </bigram>
    <bigram weight="8" > ### s </bigram>
    <bigram weight="7" > edmund quincy </bigram>
    <bigram weight="7" > sewall ### </bigram>
    <bigram weight="6" > thoreau ### </bigram>
    <bigram weight="6" > ### ### </bigram>
    <bigram weight="5" > abbot ### </bigram>
    <bigram weight="4" > # i </bigram>
    <bigram weight="4" > of the </bigram>
    <bigram weight="4" > you will </bigram>
    <bigram weight="4" > sewall and </bigram>
    <bigram weight="4" > ### ## </bigram>
    <bigram weight="4" > when i </bigram>
    <bigram weight="4" > jr ### </bigram>
    <bigram weight="4" > ### jr </bigram>
    <bigram weight="4" > ## ### </bigram>
    <bigram weight="4" > i have </bigram>
    <bigram weight="3" > and his </bigram>
    <bigram weight="3" > and quincy </bigram>
    <bigram weight="3" > boy ### </bigram>
    <bigram weight="3" > spirit ### </bigram>
    <bigram weight="3" > in the </bigram>
    <bigram weight="3" > ward sewall </bigram>
    <bigram weight="3" > uncompromising spirit </bigram>
    <bigram weight="3" > ### i </bigram>
    <bigram weight="3" > # when </bigram>
    <bigram weight="3" > pure uncompromising </bigram>
    <bigram weight="3" > # ### </bigram>
    <bigram weight="3" > you ### </bigram>
    <bigram weight="3" > have been </bigram>
    <bigram weight="3" > edmund ### </bigram>
    <bigram weight="3" > caroline ward </bigram>
    <bigram weight="3" > ### but </bigram>
    <bigram weight="3" > a very </bigram>
    <bigram weight="3" > # he </bigram>
    <bigram weight="2" > ### wearing </bigram>
    <bigram weight="2" > very pleasant </bigram>
    <bigram weight="2" > # and </bigram>
    <bigram weight="2" > # the </bigram>
    <bigram weight="2" > quincy abbot </bigram>
    <bigram weight="2" > ### that </bigram>
    <bigram weight="2" > # a </bigram>
    <bigram weight="2" > hand ### </bigram>
    <bigram weight="2" > theodore and </bigram>
    <bigram weight="2" > with edmund </bigram>
    <bigram weight="2" > and caroline </bigram>
    <bigram weight="2" > great many </bigram>
    <bigram weight="2" > write composition </bigram>
    <bigram weight="2" > and qyuncy </bigram>
    <bigram weight="2" > ### as </bigram>
    <bigram weight="2" > made ### </bigram>
    <bigram weight="2" > ### pure </bigram>
    <bigram weight="2" > the cap </bigram>
    <bigram weight="2" > mr thoreau </bigram>
    <bigram weight="2" > a tavern </bigram>
    <bigram weight="2" > courtesy of </bigram>
    <bigram weight="2" > s ### </bigram>
    <bigram weight="2" > a great </bigram>
    <bigram weight="2" > cap he </bigram>
    <bigram weight="2" > while you </bigram>
    <bigram weight="2" > cou uej </bigram>
    <bigram weight="2" > to you </bigram>
    <bigram weight="2" > with a </bigram>
    <bigram weight="2" > will have </bigram>
    <bigram weight="2" > are gone </bigram>
    <bigram weight="2" > i suppose </bigram>
    <bigram weight="2" > your mother </bigram>
    <bigram weight="2" > wearing the </bigram>
    <bigram weight="2" > henry thoreau </bigram>
    <bigram weight="2" > ### y </bigram>
    <bigram weight="2" > # do </bigram>
    <bigram weight="2" > or ## </bigram>
    <bigram weight="2" > ### cou </bigram>
    <bigram weight="2" > you are </bigram>
    <bigram weight="2" > pleasant time </bigram>
    <bigram weight="2" > his brother </bigram>
    <bigram weight="2" > have a </bigram>
    <bigram weight="2" > thaodoie ### </bigram>
    <bigram weight="2" > ### thaodoie </bigram>
    <bigram weight="2" > he made </bigram>
    <bigram weight="2" > i came </bigram>
    <bigram weight="2" > gentle boy </bigram>
    <bigram weight="2" > me a </bigram>
    <bigram weight="2" > i hope </bigram>
    <bigram weight="2" > uej ### </bigram>
    <bigram weight="2" > from home </bigram>
    <bigram weight="2" > sewall abbot </bigram>
    <bigram weight="2" > qyuncy abbot </bigram>
    <bigram weight="2" > ## or </bigram>
    <bigram weight="2" > ### sewall </bigram>
    <bigram weight="2" > ### courtesy </bigram>
    <bigram weight="2" > that ### </bigram>
    <bigram weight="2" > of theodore </bigram>
    <bigram weight="2" > and ### </bigram>
    <bigram weight="2" > y ## </bigram>
    <bigram weight="2" > has a </bigram>
    <bigram weight="2" > of edmund </bigram>
    <bigram weight="2" > do you </bigram>
    <bigram weight="2" > reverend edmund </bigram>
    <bigram weight="2" > gone ### </bigram>
    <bigram weight="1" > very well </bigram>
    <bigram weight="1" > s grandson </bigram>
    <bigram weight="1" > i received </bigram>
    <bigram weight="1" > letter edmund </bigram>
    <bigram weight="1" > the next </bigram>
    <bigram weight="1" > s mould </bigram>
    <bigram weight="1" > send love </bigram>
    <bigram weight="1" > school ### </bigram>
    <bigram weight="1" > i heard </bigram>
    <bigram weight="1" > thoreau society </bigram>
    <bigram weight="1" > who had </bigram>
    <bigram weight="1" > the bright </bigram>
    <bigram weight="1" > is somewhere </bigram>
    <bigram weight="1" > careful not </bigram>
    <bigram weight="1" > going to </bigram>
    <bigram weight="1" > in his </bigram>
    <bigram weight="1" > held his </bigram>
    <bigram weight="1" > have no </bigram>
    <bigram weight="1" > made themselves </bigram>
    <bigram weight="1" > offer any </bigram>
    <bigram weight="1" > would send </bigram>
    <bigram weight="1" > ## henry </bigram>
    <bigram weight="1" > reproduce photo </bigram>
    <bigram weight="1" > last few </bigram>
    <bigram weight="1" > ### theodore </bigram>
    <bigram weight="1" > chance to </bigram>
    <bigram weight="1" > if he </bigram>
    <bigram weight="1" > hope you </bigram>
    <bigram weight="1" > that is </bigram>
    <bigram weight="1" > said that </bigram>
    <bigram weight="1" > in existence </bigram>
    <bigram weight="1" > i knew </bigram>
    <bigram weight="1" > be careful </bigram>
    <bigram weight="1" > come to </bigram>
    <bigram weight="1" > queer i </bigram>
    <bigram weight="1" > boarders in </bigram>
    <bigram weight="1" > tavern ### </bigram>
    <bigram weight="1" > mothers hand </bigram>
    <bigram weight="1" > boston ### </bigram>
    <bigram weight="1" > graphs in </bigram>
    <bigram weight="1" > # your </bigram>
    <bigram weight="1" > ### thoreau </bigram>
    <bigram weight="1" > at a </bigram>
    <bigram weight="1" > for her </bigram>
    <bigram weight="1" > ### henry </bigram>
    <bigram weight="1" > master ### </bigram>
    <bigram weight="1" > brother john </bigram>
    <bigram weight="1" > he is </bigram>
    <bigram weight="1" > to visit </bigram>
    <bigram weight="1" > manuscript now </bigram>
    <bigram weight="1" > quite high </bigram>
    <bigram weight="1" > a hymn </bigram>
    <bigram weight="1" > ### and </bigram>
    <bigram weight="1" > not with </bigram>
    <bigram weight="1" > in my </bigram>
    <bigram weight="1" > # perhaps </bigram>
    <bigram weight="1" > office and </bigram>
    <bigram weight="1" > and we </bigram>
    <bigram weight="1" > but i </bigram>
    <bigram weight="1" > you must </bigram>
    <bigram weight="1" > that one </bigram>
    <bigram weight="1" > the post </bigram>
    <bigram weight="1" > here in </bigram>
    <bigram weight="1" > to a </bigram>
    <bigram weight="1" > one real </bigram>
    <bigram weight="1" > at your </bigram>
    <bigram weight="1" > s biographers </bigram>
    <bigram weight="1" > hand cant </bigram>
    <bigram weight="1" > some in </bigram>
    <bigram weight="1" > school here </bigram>
    <bigram weight="1" > edmund as </bigram>
    <bigram weight="1" > that so </bigram>
    <bigram weight="1" > bright and </bigram>
    <bigram weight="1" > a long </bigram>
    <bigram weight="1" > wandering in </bigram>
    <bigram weight="1" > to tumble </bigram>
    <bigram weight="1" > good boat </bigram>
    <bigram weight="1" > then quite </bigram>
    <bigram weight="1" > and to </bigram>
    <bigram weight="1" > going a </bigram>
    <bigram weight="1" > father bought </bigram>
    <bigram weight="1" > at once </bigram>
    <bigram weight="1" > the concord </bigram>
    <bigram weight="1" > your hand </bigram>
    <bigram weight="1" > ### not </bigram>
    <bigram weight="1" > for us </bigram>
    <bigram weight="1" > thoreau home </bigram>
    <bigram weight="1" > him was </bigram>
    <bigram weight="1" > own stronghold </bigram>
    <bigram weight="1" > settles not </bigram>
    <bigram weight="1" > the pleasant </bigram>
    <bigram weight="1" > dinner at </bigram>
    <bigram weight="1" > do nothing </bigram>
    <bigram weight="1" > atmosphere ### </bigram>
    <bigram weight="1" > school master </bigram>
    <bigram weight="1" > high and </bigram>
    <bigram weight="1" > am going </bigram>
    <bigram weight="1" > a good </bigram>
    <bigram weight="1" > ### caroline </bigram>
    <bigram weight="1" > mother to </bigram>
    <bigram weight="1" > ### typescript </bigram>
    <bigram weight="1" > received no </bigram>
    <bigram weight="1" > figs for </bigram>
    <bigram weight="1" > him for </bigram>
    <bigram weight="1" > so engaged </bigram>
    <bigram weight="1" > and edmund </bigram>
    <bigram weight="1" > still in </bigram>
    <bigram weight="1" > all ### </bigram>
    <bigram weight="1" > we do </bigram>
    <bigram weight="1" > overboard but </bigram>
    <bigram weight="1" > by thomas </bigram>
    <bigram weight="1" > must be </bigram>
    <bigram weight="1" > features of </bigram>
    <bigram weight="1" > my place </bigram>
    <bigram weight="1" > ever since </bigram>
    <bigram weight="1" > visit begins </bigram>
    <bigram weight="1" > in spencer </bigram>
    <bigram weight="1" > any to </bigram>
    <bigram weight="1" > tells me </bigram>
    <bigram weight="1" > ### to </bigram>
    <bigram weight="1" > a pleasant </bigram>
    <bigram weight="1" > but keep </bigram>
    <bigram weight="1" > to the </bigram>
    <bigram weight="1" > will sail </bigram>
    <bigram weight="1" > tomorrow i </bigram>
    <bigram weight="1" > spencer ### </bigram>
    <bigram weight="1" > his parents </bigram>
    <bigram weight="1" > their possession </bigram>
    <bigram weight="1" > cousin aunt </bigram>
    <bigram weight="1" > somewhere wandering </bigram>
    <bigram weight="1" > possession of </bigram>
    <bigram weight="1" > suppose to </bigram>
    <bigram weight="1" > one end </bigram>
    <bigram weight="1" > who is </bigram>
    <bigram weight="1" > sister ellen </bigram>
    <bigram weight="1" > were cast </bigram>
    <bigram weight="1" > composition at </bigram>
    <bigram weight="1" > was very </bigram>
    <bigram weight="1" > thoreau wrote </bigram>
    <bigram weight="1" > concord with </bigram>
    <bigram weight="1" > he wrote </bigram>
    <bigram weight="1" > journal ### </bigram>
    <bigram weight="1" > pleasant personality </bigram>
    <bigram weight="1" > handle is </bigram>
    <bigram weight="1" > as one </bigram>
    <bigram weight="1" > wrote in </bigram>
    <bigram weight="1" > fast hold </bigram>
    <bigram weight="1" > his cousin </bigram>
    <bigram weight="1" > now ### </bigram>
    <bigram weight="1" > cast in </bigram>
    <bigram weight="1" > if so </bigram>
    <bigram weight="1" > begins the </bigram>
    <bigram weight="1" > and aunt </bigram>
    <bigram weight="1" > bundle from </bigram>
    <bigram weight="1" > # edmund </bigram>
    <bigram weight="1" > me that </bigram>
    <bigram weight="1" > my little </bigram>
    <bigram weight="1" > ### reverend </bigram>
    <bigram weight="1" > mary in </bigram>
    <bigram weight="1" > sit down </bigram>
    <bigram weight="1" > thoreaus ### </bigram>
    <bigram weight="1" > a part </bigram>
    <bigram weight="1" > # tell </bigram>
    <bigram weight="1" > ### you </bigram>
    <bigram weight="1" > in mr </bigram>
    <bigram weight="1" > society archives </bigram>
    <bigram weight="1" > not to </bigram>
    <bigram weight="1" > been thoreau </bigram>
    <bigram weight="1" > his grandmother </bigram>
    <bigram weight="1" > cousin mary </bigram>
    <bigram weight="1" > the thoreau </bigram>
    <bigram weight="1" > once by </bigram>
    <bigram weight="1" > contact with </bigram>
    <bigram weight="1" > taught by </bigram>
    <bigram weight="1" > go to </bigram>
    <bigram weight="1" > sail once </bigram>
    <bigram weight="1" > to get </bigram>
    <bigram weight="1" > now lost </bigram>
    <bigram weight="1" > mother that </bigram>
    <bigram weight="1" > no doubt </bigram>
    <bigram weight="1" > ## reverend </bigram>
    <bigram weight="1" > cousin edmund </bigram>
    <bigram weight="1" > the one </bigram>
    <bigram weight="1" > through the </bigram>
    <bigram weight="1" > meals with </bigram>
    <bigram weight="1" > but write </bigram>
    <bigram weight="1" > april ### </bigram>
    <bigram weight="1" > a gentle </bigram>
    <bigram weight="1" > home lately </bigram>
    <bigram weight="1" > photo graphs </bigram>
    <bigram weight="1" > is broken </bigram>
    <bigram weight="1" > ### by </bigram>
    <bigram weight="1" > nothing but </bigram>
    <bigram weight="1" > real romance </bigram>
    <bigram weight="1" > took cider </bigram>
    <bigram weight="1" > steam boats </bigram>
    <bigram weight="1" > ### massachusetts </bigram>
    <bigram weight="1" > was still </bigram>
    <bigram weight="1" > eleven year </bigram>
    <bigram weight="1" > in june </bigram>
    <bigram weight="1" > alas ### </bigram>
    <bigram weight="1" > lately he </bigram>
    <bigram weight="1" > goodbye i </bigram>
    <bigram weight="1" > which he </bigram>
    <bigram weight="1" > down to </bigram>
    <bigram weight="1" > the kindness </bigram>
    <bigram weight="1" > doubt that </bigram>
    <bigram weight="1" > and sugar </bigram>
    <bigram weight="1" > boat ### </bigram>
    <bigram weight="1" > it will </bigram>
    <bigram weight="1" > brother george </bigram>
    <bigram weight="1" > home ### </bigram>
    <bigram weight="1" > many people </bigram>
    <bigram weight="1" > # here </bigram>
    <bigram weight="1" > see a </bigram>
    <bigram weight="1" > are the </bigram>
    <bigram weight="1" > ### jonas </bigram>
    <bigram weight="1" > your affectionate </bigram>
    <bigram weight="1" > good many </bigram>
    <bigram weight="1" > john ### </bigram>
    <bigram weight="1" > last he </bigram>
    <bigram weight="1" > i thought </bigram>
    <bigram weight="1" > of manuscript </bigram>
    <bigram weight="1" > a pure </bigram>
    <bigram weight="1" > spring edmund </bigram>
    <bigram weight="1" > # thoreau </bigram>
    <bigram weight="1" > sympathy ### </bigram>
    <bigram weight="1" > archives ### </bigram>
    <bigram weight="1" > time and </bigram>
    <bigram weight="1" > things while </bigram>
    <bigram weight="1" > many new </bigram>
    <bigram weight="1" > while mother </bigram>
    <bigram weight="1" > part of </bigram>
    <bigram weight="1" > wrote me </bigram>
    <bigram weight="1" > write letters </bigram>
    <bigram weight="1" > water ### </bigram>
    <bigram weight="1" > ## edmund </bigram>
    <bigram weight="1" > boat which </bigram>
    <bigram weight="1" > if they </bigram>
    <bigram weight="1" > way ### </bigram>
    <bigram weight="1" > ### whose </bigram>
    <bigram weight="1" > toy ### </bigram>
    <bigram weight="1" > injury except </bigram>
    <bigram weight="1" > you if </bigram>
    <bigram weight="1" > ### gentle </bigram>
    <bigram weight="1" > you remember </bigram>
    <bigram weight="1" > by the </bigram>
    <bigram weight="1" > gave him </bigram>
    <bigram weight="1" > drink ### </bigram>
    <bigram weight="1" > s holding </bigram>
    <bigram weight="1" > to his </bigram>
    <bigram weight="1" > hope if </bigram>
    <bigram weight="1" > ### stories </bigram>
    <bigram weight="1" > kindness of </bigram>
    <bigram weight="1" > a previously </bigram>
    <bigram weight="1" > heard from </bigram>
    <bigram weight="1" > has received </bigram>
    <bigram weight="1" > that the </bigram>
    <bigram weight="1" > journey and </bigram>
    <bigram weight="1" > lost ### </bigram>
    <bigram weight="1" > that he </bigram>
    <bigram weight="1" > can write </bigram>
    <bigram weight="1" > few days </bigram>
    <bigram weight="1" > mug she </bigram>
    <bigram weight="1" > post office </bigram>
    <bigram weight="1" > came up </bigram>
    <bigram weight="1" > but after </bigram>
    <bigram weight="1" > mother ### </bigram>
    <bigram weight="1" > a chance </bigram>
    <bigram weight="1" > aunt tells </bigram>
    <bigram weight="1" > blanding lately </bigram>
    <bigram weight="1" > wrote to </bigram>
    <bigram weight="1" > she gave </bigram>
    <bigram weight="1" > your school </bigram>
    <bigram weight="1" > i would </bigram>
    <bigram weight="1" > s boat </bigram>
    <bigram weight="1" > ### sr </bigram>
    <bigram weight="1" > milk in </bigram>
    <bigram weight="1" > visit his </bigram>
    <bigram weight="1" > we reproduce </bigram>
    <bigram weight="1" > as some </bigram>
    <bigram weight="1" > story of </bigram>
    <bigram weight="1" > brother made </bigram>
    <bigram weight="1" > of mothers </bigram>
    <bigram weight="1" > you intend </bigram>
    <bigram weight="1" > were here </bigram>
    <bigram weight="1" > was captivated </bigram>
    <bigram weight="1" > will seem </bigram>
    <bigram weight="1" > but with </bigram>
    <bigram weight="1" > captivated at </bigram>
    <bigram weight="1" > ### the </bigram>
    <bigram weight="1" > of thoreau </bigram>
    <bigram weight="1" > love to </bigram>
    <bigram weight="1" > some would </bigram>
    <bigram weight="1" > away and </bigram>
    <bigram weight="1" > sewall through </bigram>
    <bigram weight="1" > youth who </bigram>
    <bigram weight="1" > s life </bigram>
    <bigram weight="1" > letter while </bigram>
    <bigram weight="1" > the handle </bigram>
    <bigram weight="1" > to send </bigram>
    <bigram weight="1" > the wards </bigram>
    <bigram weight="1" > year old </bigram>
    <bigram weight="1" > themselves ### </bigram>
    <bigram weight="1" > took dinner </bigram>
    <bigram weight="1" > ### alas </bigram>
    <bigram weight="1" > the river </bigram>
    <bigram weight="1" > affectionate cousin </bigram>
    <bigram weight="1" > long journey </bigram>
    <bigram weight="1" > his journal </bigram>
    <bigram weight="1" > into contact </bigram>
    <bigram weight="1" > out to </bigram>
    <bigram weight="1" > here now </bigram>
    <bigram weight="1" > here at </bigram>
    <bigram weight="1" > book and </bigram>
    <bigram weight="1" > hold of </bigram>
    <bigram weight="1" > all were </bigram>
    <bigram weight="1" > whose features </bigram>
    <bigram weight="1" > henry and </bigram>
    <bigram weight="1" > and happy </bigram>
    <bigram weight="1" > happy ### </bigram>
    <bigram weight="1" > ellen ### </bigram>
    <bigram weight="1" > thomas blanding </bigram>
    <bigram weight="1" > # my </bigram>
    <bigram weight="1" > ### april </bigram>
    <bigram weight="1" > in thoreau </bigram>
    <bigram weight="1" > designed for </bigram>
    <bigram weight="1" > features all </bigram>
    <bigram weight="1" > # for </bigram>
    <bigram weight="1" > that you </bigram>
    <bigram weight="1" > father and </bigram>
    <bigram weight="1" > come into </bigram>
    <bigram weight="1" > here father </bigram>
    <bigram weight="1" > ### sympathy </bigram>
    <bigram weight="1" > the people </bigram>
    <bigram weight="1" > some oranges </bigram>
    <bigram weight="1" > i took </bigram>
    <bigram weight="1" > reveals the </bigram>
    <bigram weight="1" > his mother </bigram>
    <bigram weight="1" > in steam </bigram>
    <bigram weight="1" > little brother </bigram>
    <bigram weight="1" > perhaps you </bigram>
    <bigram weight="1" > # henry </bigram>
    <bigram weight="1" > composition ### </bigram>
    <bigram weight="1" > typescript of </bigram>
    <bigram weight="1" > but settles </bigram>
    <bigram weight="1" > intend going </bigram>
    <bigram weight="1" > suppose you </bigram>
    <bigram weight="1" > engaged the </bigram>
    <bigram weight="1" > ### we </bigram>
    <bigram weight="1" > enrolled in </bigram>
    <bigram weight="1" > you write </bigram>
    <bigram weight="1" > so you </bigram>
    <bigram weight="1" > tavern in </bigram>
    <bigram weight="1" > lately ### </bigram>
    <bigram weight="1" > came ## </bigram>
    <bigram weight="1" > in boston </bigram>
    <bigram weight="1" > sailed very </bigram>
    <bigram weight="1" > in virtue </bigram>
    <bigram weight="1" > was then </bigram>
    <bigram weight="1" > he were </bigram>
    <bigram weight="1" > unpublished letter </bigram>
    <bigram weight="1" > send tomorrow </bigram>
    <bigram weight="1" > no injury </bigram>
    <bigram weight="1" > edmund enrolled </bigram>
    <bigram weight="1" > get milk </bigram>
    <bigram weight="1" > edmund wrote </bigram>
    <bigram weight="1" > except that </bigram>
    <bigram weight="1" > write you </bigram>
    <bigram weight="1" > biographers ever </bigram>
    <bigram weight="1" > is a </bigram>
    <bigram weight="1" > had come </bigram>
    <bigram weight="1" > concord academy </bigram>
    <bigram weight="1" > end of </bigram>
    <bigram weight="1" > boats while </bigram>
    <bigram weight="1" > to concord </bigram>
    <bigram weight="1" > george ### </bigram>
    <bigram weight="1" > in their </bigram>
    <bigram weight="1" > parents ### </bigram>
    <bigram weight="1" > massachusetts ### </bigram>
    <bigram weight="1" > ### boarders </bigram>
    <bigram weight="1" > wards ### </bigram>
    <bigram weight="1" > bought me </bigram>
    <bigram weight="1" > new things </bigram>
    <bigram weight="1" > june ## </bigram>
    <bigram weight="1" > very queer </bigram>
    <bigram weight="1" > well and </bigram>
    <bigram weight="1" > letters without </bigram>
    <bigram weight="1" > of figs </bigram>
    <bigram weight="1" > with his </bigram>
    <bigram weight="1" > to go </bigram>
    <bigram weight="1" > guess you </bigram>
    <bigram weight="1" > time ### </bigram>
    <bigram weight="1" > tumble overboard </bigram>
    <bigram weight="1" > for this </bigram>
    <bigram weight="1" > sail some </bigram>
    <bigram weight="1" > knew a </bigram>
    <bigram weight="1" > cider to </bigram>
    <bigram weight="1" > is big </bigram>
    <bigram weight="1" > not positively </bigram>
    <bigram weight="1" > tell your </bigram>
    <bigram weight="1" > one she </bigram>
    <bigram weight="1" > broken ### </bigram>
    <bigram weight="1" > received a </bigram>
    <bigram weight="1" > had designed </bigram>
    <bigram weight="1" > sugar plums </bigram>
    <bigram weight="1" > ### edmund </bigram>
    <bigram weight="1" > this visit </bigram>
    <bigram weight="1" > henry was </bigram>
    <bigram weight="1" > hymn book </bigram>
    <bigram weight="1" > without your </bigram>
    <bigram weight="1" > after manned </bigram>
    <bigram weight="1" > to school </bigram>
    <bigram weight="1" > within the </bigram>
    <bigram weight="1" > the thoreaus </bigram>
    <bigram weight="1" > river was </bigram>
    <bigram weight="1" > ### father </bigram>
    <bigram weight="1" > since ### </bigram>
    <bigram weight="1" > to sit </bigram>
    <bigram weight="1" > manned him </bigram>
    <bigram weight="1" > ### reveals </bigram>
    <bigram weight="1" > the ### </bigram>
    <bigram weight="1" > would have </bigram>
    <bigram weight="1" > last are </bigram>
    <bigram weight="1" > ### mug </bigram>
    <bigram weight="1" > very good </bigram>
    <bigram weight="1" > drum of </bigram>
    <bigram weight="1" > she has </bigram>
    <bigram weight="1" > to meals </bigram>
    <bigram weight="1" > aunt ### </bigram>
    <bigram weight="1" > the atmosphere </bigram>
    <bigram weight="1" > witty boy </bigram>
    <bigram weight="1" > seem very </bigram>
    <bigram weight="1" > days come </bigram>
    <bigram weight="1" > grandmother and </bigram>
    <bigram weight="1" > enough to </bigram>
    <bigram weight="1" > big enough </bigram>
    <bigram weight="1" > my dear </bigram>
    <bigram weight="1" > fast a </bigram>
    <bigram weight="1" > very fast </bigram>
    <bigram weight="1" > the way </bigram>
    <bigram weight="1" > to drink </bigram>
    <bigram weight="1" > pleasant school </bigram>
    <bigram weight="1" > positively anywhere </bigram>
    <bigram weight="1" > the last </bigram>
    <bigram weight="1" > next spring </bigram>
    <bigram weight="1" > he would </bigram>
    <bigram weight="1" > abbot and </bigram>
    <bigram weight="1" > it but </bigram>
    <bigram weight="1" > thought i </bigram>
    <bigram weight="1" > previously unpublished </bigram>
    <bigram weight="1" > sr ### </bigram>
    <bigram weight="1" > us all </bigram>
    <bigram weight="1" > would write </bigram>
    <bigram weight="1" > anywhere ### </bigram>
    <bigram weight="1" > once since </bigram>
    <bigram weight="1" > you can </bigram>
    <bigram weight="1" > personality that </bigram>
    <bigram weight="1" > i am </bigram>
    <bigram weight="1" > q ### </bigram>
    <bigram weight="1" > life ### </bigram>
    <bigram weight="1" > ### in </bigram>
    <bigram weight="1" > and see </bigram>
    <bigram weight="1" > ## away </bigram>
    <bigram weight="1" > her own </bigram>
    <bigram weight="1" > the features </bigram>
    <bigram weight="1" > have within </bigram>
    <bigram weight="1" > for water </bigram>
    <bigram weight="1" > we sailed </bigram>
    <bigram weight="1" > for beauty </bigram>
    <bigram weight="1" > ask for </bigram>
    <bigram weight="1" > stories ### </bigram>
    <bigram weight="1" > cant you </bigram>
    <bigram weight="1" > since i </bigram>
    <bigram weight="1" > by henry </bigram>
    <bigram weight="1" > as she </bigram>
    <bigram weight="1" > and i </bigram>
    <bigram weight="1" > he was </bigram>
    <bigram weight="1" > as have </bigram>
    <bigram weight="1" > edmund q </bigram>
    <bigram weight="1" > have it </bigram>
    <bigram weight="1" > mother held </bigram>
    <bigram weight="1" > the story </bigram>
    <bigram weight="1" > # goodbye </bigram>
    <bigram weight="1" > stronghold ### </bigram>
    <bigram weight="1" > a mr </bigram>
    <bigram weight="1" > dear cousin </bigram>
    <bigram weight="1" > beauty s </bigram>
    <bigram weight="1" > people took </bigram>
    <bigram weight="1" > at last </bigram>
    <bigram weight="1" > they offer </bigram>
    <bigram weight="1" > # saturdays </bigram>
    <bigram weight="1" > academy taught </bigram>
    <bigram weight="1" > saturdays we </bigram>
    <bigram weight="1" > ### ned </bigram>
    <bigram weight="1" > and some </bigram>
    <bigram weight="1" > # it </bigram>
    <bigram weight="1" > and has </bigram>
    <bigram weight="1" > s toy </bigram>
    <bigram weight="1" > he has </bigram>
    <bigram weight="1" > place ### </bigram>
    <bigram weight="1" > ### was </bigram>
    <bigram weight="1" > holding your </bigram>
    <bigram weight="1" > mould ### </bigram>
    <bigram weight="1" > virtue s </bigram>
    <bigram weight="1" > a little </bigram>
    <bigram weight="1" > his hand </bigram>
    <bigram weight="1" > ### an </bigram>
    <bigram weight="1" > i guess </bigram>
    <bigram weight="1" > s sister </bigram>
    <bigram weight="1" > up here </bigram>
    <bigram weight="1" > been here </bigram>
    <bigram weight="1" > jonas ### </bigram>
    <bigram weight="1" > many of </bigram>
    <bigram weight="1" > he said </bigram>
    <bigram weight="1" > existence when </bigram>
    <bigram weight="1" > plums and </bigram>
    <bigram weight="1" > remember my </bigram>
    <bigram weight="1" > ned ### </bigram>
    <bigram weight="1" > home last </bigram>
    <bigram weight="1" > a bundle </bigram>
    <bigram weight="1" > grandson and </bigram>
    <bigram weight="1" > was edmund </bigram>
    <bigram weight="1" > little letter </bigram>
    <bigram weight="1" > will ask </bigram>
    <bigram weight="1" > people in </bigram>
    <bigram weight="1" > an eleven </bigram>
    <bigram weight="1" > been out </bigram>
    <bigram weight="1" > and as </bigram>
    <bigram weight="1" > in a </bigram>
    <bigram weight="1" > thoreau who </bigram>
    <bigram weight="1" > keep fast </bigram>
    <bigram weight="1" > and a </bigram>
    <bigram weight="1" > here ### </bigram>
    <bigram weight="1" > # if </bigram>
    <bigram weight="1" > theodore sewall </bigram>
    <bigram weight="1" > to sail </bigram>
    <bigram weight="1" > romance in </bigram>
    <bigram weight="1" > old youth </bigram>
    <bigram weight="1" > and witty </bigram>
    <bigram weight="1" > a drum </bigram>
    <bigram weight="1" > she had </bigram>
    <bigram weight="1" > he and </bigram>
    <bigram weight="1" > oranges and </bigram>
</article>
