<?xml version="1.0" encoding="UTF-8"?>
<article id="10.2307/23394607" >
    <bigram weight="88" > ### # </bigram>
    <bigram weight="45" > ## ### </bigram>
    <bigram weight="41" > ### ### </bigram>
    <bigram weight="29" > ### s </bigram>
    <bigram weight="28" > ### ## </bigram>
    <bigram weight="20" > week ### </bigram>
    <bigram weight="19" > # ### </bigram>
    <bigram weight="18" > a week </bigram>
    <bigram weight="16" > thoreau ### </bigram>
    <bigram weight="15" > of the </bigram>
    <bigram weight="14" > good week </bigram>
    <bigram weight="12" > in a </bigram>
    <bigram weight="12" > fuller ### </bigram>
    <bigram weight="11" > in the </bigram>
    <bigram weight="10" > ### the </bigram>
    <bigram weight="10" > on the </bigram>
    <bigram weight="9" > ### good </bigram>
    <bigram weight="9" > # ## </bigram>
    <bigram weight="9" > margaret fuller </bigram>
    <bigram weight="9" > to the </bigram>
    <bigram weight="8" > ### which </bigram>
    <bigram weight="8" > ### a </bigram>
    <bigram weight="8" > concord and </bigram>
    <bigram weight="8" > the concord </bigram>
    <bigram weight="7" > did not </bigram>
    <bigram weight="7" > ### and </bigram>
    <bigram weight="7" > merrimack rivers </bigram>
    <bigram weight="7" > rivers ### </bigram>
    <bigram weight="7" > # in </bigram>
    <bigram weight="7" > week on </bigram>
    <bigram weight="6" > ### p </bigram>
    <bigram weight="6" > s ### </bigram>
    <bigram weight="6" > ### of </bigram>
    <bigram weight="6" > and merrimack </bigram>
    <bigram weight="6" > that ### </bigram>
    <bigram weight="6" > ### ed </bigram>
    <bigram weight="6" > ed ### </bigram>
    <bigram weight="6" > ### i </bigram>
    <bigram weight="6" > the good </bigram>
    <bigram weight="6" > p ### </bigram>
    <bigram weight="6" > at the </bigram>
    <bigram weight="6" > of a </bigram>
    <bigram weight="6" > records of </bigram>
    <bigram weight="6" > ### in </bigram>
    <bigram weight="5" > # the </bigram>
    <bigram weight="5" > ### thoreau </bigram>
    <bigram weight="5" > the ### </bigram>
    <bigram weight="5" > reference to </bigram>
    <bigram weight="5" > phrase ### </bigram>
    <bigram weight="5" > october ## </bigram>
    <bigram weight="5" > the brothers </bigram>
    <bigram weight="5" > book ### </bigram>
    <bigram weight="5" > pencilled paper </bigram>
    <bigram weight="5" > that fuller </bigram>
    <bigram weight="5" > paper ### </bigram>
    <bigram weight="5" > of thoreau </bigram>
    <bigram weight="4" > ### to </bigram>
    <bigram weight="4" > emerson ### </bigram>
    <bigram weight="4" > ### with </bigram>
    <bigram weight="4" > until ## </bigram>
    <bigram weight="4" > eight days </bigram>
    <bigram weight="4" > days ### </bigram>
    <bigram weight="4" > brothers ### </bigram>
    <bigram weight="4" > white mountains </bigram>
    <bigram weight="4" > ### who </bigram>
    <bigram weight="4" > that the </bigram>
    <bigram weight="4" > to a </bigram>
    <bigram weight="4" > fuller had </bigram>
    <bigram weight="4" > the white </bigram>
    <bigram weight="4" > ### it </bigram>
    <bigram weight="4" > ## and </bigram>
    <bigram weight="4" > concord ### </bigram>
    <bigram weight="4" > a letter </bigram>
    <bigram weight="4" > the title </bigram>
    <bigram weight="4" > have been </bigram>
    <bigram weight="4" > ### when </bigram>
    <bigram weight="4" > and a </bigram>
    <bigram weight="3" > the trip </bigram>
    <bigram weight="3" > of course </bigram>
    <bigram weight="3" > ### emerson </bigram>
    <bigram weight="3" > to draft </bigram>
    <bigram weight="3" > on concord </bigram>
    <bigram weight="3" > been a </bigram>
    <bigram weight="3" > had spent </bigram>
    <bigram weight="3" > course ### </bigram>
    <bigram weight="3" > with ellen </bigram>
    <bigram weight="3" > the letters </bigram>
    <bigram weight="3" > w ### </bigram>
    <bigram weight="3" > about the </bigram>
    <bigram weight="3" > george bradford </bigram>
    <bigram weight="3" > ### records </bigram>
    <bigram weight="3" > in ## </bigram>
    <bigram weight="3" > ### not </bigram>
    <bigram weight="3" > mind ### </bigram>
    <bigram weight="3" > john ### </bigram>
    <bigram weight="3" > the emersons </bigram>
    <bigram weight="3" > case ### </bigram>
    <bigram weight="3" > the time </bigram>
    <bigram weight="3" > henry and </bigram>
    <bigram weight="3" > the postscript </bigram>
    <bigram weight="3" > projected essay </bigram>
    <bigram weight="3" > of that </bigram>
    <bigram weight="3" > ## vols </bigram>
    <bigram weight="3" > ### fuller </bigram>
    <bigram weight="3" > the phrase </bigram>
    <bigram weight="3" > excursion ### </bigram>
    <bigram weight="3" > ### by </bigram>
    <bigram weight="3" > ### his </bigram>
    <bigram weight="3" > of her </bigram>
    <bigram weight="3" > of henry </bigram>
    <bigram weight="3" > ### pencilled </bigram>
    <bigram weight="3" > his brother </bigram>
    <bigram weight="3" > i have </bigram>
    <bigram weight="3" > seven days </bigram>
    <bigram weight="3" > account of </bigram>
    <bigram weight="3" > vol ### </bigram>
    <bigram weight="3" > as a </bigram>
    <bigram weight="3" > and thoreau </bigram>
    <bigram weight="3" > mountains ### </bigram>
    <bigram weight="3" > may have </bigram>
    <bigram weight="3" > vols ### </bigram>
    <bigram weight="3" > thoreau did </bigram>
    <bigram weight="3" > and his </bigram>
    <bigram weight="3" > visited concord </bigram>
    <bigram weight="3" > for a </bigram>
    <bigram weight="3" > n ### </bigram>
    <bigram weight="3" > al ### </bigram>
    <bigram weight="3" > letters of </bigram>
    <bigram weight="3" > it is </bigram>
    <bigram weight="3" > a book </bigram>
    <bigram weight="3" > et al </bigram>
    <bigram weight="3" > ### so </bigram>
    <bigram weight="3" > time ### </bigram>
    <bigram weight="3" > i ### </bigram>
    <bigram weight="3" > thoreau had </bigram>
    <bigram weight="3" > the book </bigram>
    <bigram weight="2" > waldo emerson </bigram>
    <bigram weight="2" > and merri </bigram>
    <bigram weight="2" > heard that </bigram>
    <bigram weight="2" > plausibly argues </bigram>
    <bigram weight="2" > henry d </bigram>
    <bigram weight="2" > a connection </bigram>
    <bigram weight="2" > list of </bigram>
    <bigram weight="2" > observed in </bigram>
    <bigram weight="2" > # a </bigram>
    <bigram weight="2" > # but </bigram>
    <bigram weight="2" > blandmg plausibly </bigram>
    <bigram weight="2" > musketaquid ### </bigram>
    <bigram weight="2" > relationship between </bigram>
    <bigram weight="2" > letter written </bigram>
    <bigram weight="2" > it as </bigram>
    <bigram weight="2" > is no </bigram>
    <bigram weight="2" > in her </bigram>
    <bigram weight="2" > had by </bigram>
    <bigram weight="2" > of it </bigram>
    <bigram weight="2" > took two </bigram>
    <bigram weight="2" > to limit </bigram>
    <bigram weight="2" > alluding to </bigram>
    <bigram weight="2" > new york </bigram>
    <bigram weight="2" > # that </bigram>
    <bigram weight="2" > on thoreau </bigram>
    <bigram weight="2" > york ### </bigram>
    <bigram weight="2" > essay was </bigram>
    <bigram weight="2" > to date </bigram>
    <bigram weight="2" > to ### </bigram>
    <bigram weight="2" > s first </bigram>
    <bigram weight="2" > y ### </bigram>
    <bigram weight="2" > c ### </bigram>
    <bigram weight="2" > fuller visited </bigram>
    <bigram weight="2" > again visited </bigram>
    <bigram weight="2" > i heard </bigram>
    <bigram weight="2" > bradford had </bigram>
    <bigram weight="2" > depicted in </bigram>
    <bigram weight="2" > on august </bigram>
    <bigram weight="2" > that had </bigram>
    <bigram weight="2" > hudspeth ### </bigram>
    <bigram weight="2" > of margaret </bigram>
    <bigram weight="2" > which thoreau </bigram>
    <bigram weight="2" > the projected </bigram>
    <bigram weight="2" > which he </bigram>
    <bigram weight="2" > # thoreau </bigram>
    <bigram weight="2" > ### n </bigram>
    <bigram weight="2" > of ## </bigram>
    <bigram weight="2" > is possible </bigram>
    <bigram weight="2" > to take </bigram>
    <bigram weight="2" > s a </bigram>
    <bigram weight="2" > walter harding </bigram>
    <bigram weight="2" > placed in </bigram>
    <bigram weight="2" > was alluding </bigram>
    <bigram weight="2" > fuller was </bigram>
    <bigram weight="2" > june ## </bigram>
    <bigram weight="2" > postscript to </bigram>
    <bigram weight="2" > indeed ### </bigram>
    <bigram weight="2" > itself ### </bigram>
    <bigram weight="2" > ## voyage </bigram>
    <bigram weight="2" > not ### </bigram>
    <bigram weight="2" > its ### </bigram>
    <bigram weight="2" > rivers and </bigram>
    <bigram weight="2" > ### excursion </bigram>
    <bigram weight="2" > date ### </bigram>
    <bigram weight="2" > reference in </bigram>
    <bigram weight="2" > s mind </bigram>
    <bigram weight="2" > ### merrimack </bigram>
    <bigram weight="2" > ### vol </bigram>
    <bigram weight="2" > ### he </bigram>
    <bigram weight="2" > in tne </bigram>
    <bigram weight="2" > tion to </bigram>
    <bigram weight="2" > visit to </bigram>
    <bigram weight="2" > portions of </bigram>
    <bigram weight="2" > sewell ### </bigram>
    <bigram weight="2" > d ### </bigram>
    <bigram weight="2" > fuller may </bigram>
    <bigram weight="2" > ### y </bigram>
    <bigram weight="2" > # indeed </bigram>
    <bigram weight="2" > exactly seven </bigram>
    <bigram weight="2" > connection between </bigram>
    <bigram weight="2" > the ## </bigram>
    <bigram weight="2" > voyage ### </bigram>
    <bigram weight="2" > a tour </bigram>
    <bigram weight="2" > instead ### </bigram>
    <bigram weight="2" > by then </bigram>
    <bigram weight="2" > as he </bigram>
    <bigram weight="2" > between fuller </bigram>
    <bigram weight="2" > the top </bigram>
    <bigram weight="2" > first book </bigram>
    <bigram weight="2" > s reference </bigram>
    <bigram weight="2" > trip ### </bigram>
    <bigram weight="2" > excursion on </bigram>
    <bigram weight="2" > that thoreau </bigram>
    <bigram weight="2" > possible that </bigram>
    <bigram weight="2" > august ## </bigram>
    <bigram weight="2" > the voyage </bigram>
    <bigram weight="2" > some of </bigram>
    <bigram weight="2" > not have </bigram>
    <bigram weight="2" > the writings </bigram>
    <bigram weight="2" > newcomb ### </bigram>
    <bigram weight="2" > into a </bigram>
    <bigram weight="2" > ellen sewell </bigram>
    <bigram weight="2" > he and </bigram>
    <bigram weight="2" > h ### </bigram>
    <bigram weight="2" > top of </bigram>
    <bigram weight="2" > brother john </bigram>
    <bigram weight="2" > in my </bigram>
    <bigram weight="2" > ### that </bigram>
    <bigram weight="2" > sought to </bigram>
    <bigram weight="2" > in october </bigram>
    <bigram weight="2" > of essay </bigram>
    <bigram weight="2" > begin to </bigram>
    <bigram weight="2" > essay topics </bigram>
    <bigram weight="2" > ### as </bigram>
    <bigram weight="2" > river excursion </bigram>
    <bigram weight="2" > two weeks </bigram>
    <bigram weight="2" > ### blanding </bigram>
    <bigram weight="2" > a few </bigram>
    <bigram weight="2" > mack rivers </bigram>
    <bigram weight="2" > # emerson </bigram>
    <bigram weight="2" > to thoreau </bigram>
    <bigram weight="2" > merrimack musketaquid </bigram>
    <bigram weight="2" > a ### </bigram>
    <bigram weight="2" > and margaret </bigram>
    <bigram weight="2" > is ### </bigram>
    <bigram weight="2" > the narrative </bigram>
    <bigram weight="2" > friendship that </bigram>
    <bigram weight="2" > for the </bigram>
    <bigram weight="2" > a list </bigram>
    <bigram weight="2" > have sought </bigram>
    <bigram weight="2" > decided to </bigram>
    <bigram weight="2" > ralph waldo </bigram>
    <bigram weight="2" > and john </bigram>
    <bigram weight="2" > ### new </bigram>
    <bigram weight="2" > it may </bigram>
    <bigram weight="2" > letter ### </bigram>
    <bigram weight="2" > writings of </bigram>
    <bigram weight="2" > weeks ### </bigram>
    <bigram weight="2" > that fall </bigram>
    <bigram weight="2" > furness ### </bigram>
    <bigram weight="1" > the rivers </bigram>
    <bigram weight="1" > cousin george </bigram>
    <bigram weight="1" > have known </bigram>
    <bigram weight="1" > journal entry </bigram>
    <bigram weight="1" > to live </bigram>
    <bigram weight="1" > the first </bigram>
    <bigram weight="1" > thoreau planned </bigram>
    <bigram weight="1" > accepted but </bigram>
    <bigram weight="1" > who tried </bigram>
    <bigram weight="1" > the relationship </bigram>
    <bigram weight="1" > lecture or </bigram>
    <bigram weight="1" > love of </bigram>
    <bigram weight="1" > a crucial </bigram>
    <bigram weight="1" > paper mr </bigram>
    <bigram weight="1" > uay excursion </bigram>
    <bigram weight="1" > journal as </bigram>
    <bigram weight="1" > s effort </bigram>
    <bigram weight="1" > river ### </bigram>
    <bigram weight="1" > cannot be </bigram>
    <bigram weight="1" > entry later </bigram>
    <bigram weight="1" > wrote thoreau </bigram>
    <bigram weight="1" > one such </bigram>
    <bigram weight="1" > fallen in </bigram>
    <bigram weight="1" > had visited </bigram>
    <bigram weight="1" > believe it </bigram>
    <bigram weight="1" > all three </bigram>
    <bigram weight="1" > he told </bigram>
    <bigram weight="1" > an unfortunate </bigram>
    <bigram weight="1" > no ### </bigram>
    <bigram weight="1" > prose in </bigram>
    <bigram weight="1" > mountains took </bigram>
    <bigram weight="1" > ### on </bigram>
    <bigram weight="1" > # finally </bigram>
    <bigram weight="1" > taken eleven </bigram>
    <bigram weight="1" > tor a </bigram>
    <bigram weight="1" > were orobably </bigram>
    <bigram weight="1" > # cf </bigram>
    <bigram weight="1" > tried to </bigram>
    <bigram weight="1" > finally ### </bigram>
    <bigram weight="1" > january ## </bigram>
    <bigram weight="1" > y furness </bigram>
    <bigram weight="1" > sky ### </bigram>
    <bigram weight="1" > for some </bigram>
    <bigram weight="1" > out ### </bigram>
    <bigram weight="1" > in love </bigram>
    <bigram weight="1" > in fact </bigram>
    <bigram weight="1" > project was </bigram>
    <bigram weight="1" > ### probably </bigram>
    <bigram weight="1" > hints at </bigram>
    <bigram weight="1" > home in </bigram>
    <bigram weight="1" > other reasons </bigram>
    <bigram weight="1" > may well </bigram>
    <bigram weight="1" > that title </bigram>
    <bigram weight="1" > supports his </bigram>
    <bigram weight="1" > ### where </bigram>
    <bigram weight="1" > free even </bigram>
    <bigram weight="1" > odviousiy on </bigram>
    <bigram weight="1" > offer a </bigram>
    <bigram weight="1" > with george </bigram>
    <bigram weight="1" > pleasant week </bigram>
    <bigram weight="1" > blanding does </bigram>
    <bigram weight="1" > in fart </bigram>
    <bigram weight="1" > grow ### </bigram>
    <bigram weight="1" > letters written </bigram>
    <bigram weight="1" > the discovery </bigram>
    <bigram weight="1" > emerson first </bigram>
    <bigram weight="1" > # john </bigram>
    <bigram weight="1" > soon after </bigram>
    <bigram weight="1" > suggested a </bigram>
    <bigram weight="1" > after john </bigram>
    <bigram weight="1" > so much </bigram>
    <bigram weight="1" > the connection </bigram>
    <bigram weight="1" > when thoreau </bigram>
    <bigram weight="1" > practice illustrates </bigram>
    <bigram weight="1" > second cousin </bigram>
    <bigram weight="1" > ellen again </bigram>
    <bigram weight="1" > in all </bigram>
    <bigram weight="1" > called ### </bigram>
    <bigram weight="1" > impres sions </bigram>
    <bigram weight="1" > week before </bigram>
    <bigram weight="1" > what margaret </bigram>
    <bigram weight="1" > bonds of </bigram>
    <bigram weight="1" > critique of </bigram>
    <bigram weight="1" > six months </bigram>
    <bigram weight="1" > biographers ### </bigram>
    <bigram weight="1" > ence to </bigram>
    <bigram weight="1" > thoreau wrote </bigram>
    <bigram weight="1" > title was </bigram>
    <bigram weight="1" > ### vaguely </bigram>
    <bigram weight="1" > and spirit </bigram>
    <bigram weight="1" > emersons earlier </bigram>
    <bigram weight="1" > light on </bigram>
    <bigram weight="1" > the days </bigram>
    <bigram weight="1" > saw more </bigram>
    <bigram weight="1" > again when </bigram>
    <bigram weight="1" > when ne </bigram>
    <bigram weight="1" > emersoris only </bigram>
    <bigram weight="1" > robert hudspeth </bigram>
    <bigram weight="1" > its own </bigram>
    <bigram weight="1" > living tnere </bigram>
    <bigram weight="1" > example ### </bigram>
    <bigram weight="1" > jood week </bigram>
    <bigram weight="1" > artificial delicacy </bigram>
    <bigram weight="1" > connection would </bigram>
    <bigram weight="1" > earlier thoreau </bigram>
    <bigram weight="1" > spent on </bigram>
    <bigram weight="1" > the sting </bigram>
    <bigram weight="1" > brothers spent </bigram>
    <bigram weight="1" > as early </bigram>
    <bigram weight="1" > refer ence </bigram>
    <bigram weight="1" > topics made </bigram>
    <bigram weight="1" > years ### </bigram>
    <bigram weight="1" > calls our </bigram>
    <bigram weight="1" > ### inoreau </bigram>
    <bigram weight="1" > immediate impres </bigram>
    <bigram weight="1" > revised for </bigram>
    <bigram weight="1" > tne relationship </bigram>
    <bigram weight="1" > having asked </bigram>
    <bigram weight="1" > ### were </bigram>
    <bigram weight="1" > number ### </bigram>
    <bigram weight="1" > he ### </bigram>
    <bigram weight="1" > well have </bigram>
    <bigram weight="1" > by linck </bigram>
    <bigram weight="1" > do not </bigram>
    <bigram weight="1" > tor six </bigram>
    <bigram weight="1" > cal introduction </bigram>
    <bigram weight="1" > the emer </bigram>
    <bigram weight="1" > crucial turning </bigram>
    <bigram weight="1" > of mind </bigram>
    <bigram weight="1" > memoirs of </bigram>
    <bigram weight="1" > making a </bigram>
    <bigram weight="1" > would not </bigram>
    <bigram weight="1" > rusk ### </bigram>
    <bigram weight="1" > sends you </bigram>
    <bigram weight="1" > doubting the </bigram>
    <bigram weight="1" > germ out </bigram>
    <bigram weight="1" > probably did </bigram>
    <bigram weight="1" > more on </bigram>
    <bigram weight="1" > their ## </bigram>
    <bigram weight="1" > emerson had </bigram>
    <bigram weight="1" > henr ### </bigram>
    <bigram weight="1" > immediate foreground </bigram>
    <bigram weight="1" > postscript in </bigram>
    <bigram weight="1" > the back </bigram>
    <bigram weight="1" > only six </bigram>
    <bigram weight="1" > ### visit </bigram>
    <bigram weight="1" > # instead </bigram>
    <bigram weight="1" > stand your </bigram>
    <bigram weight="1" > not begin </bigram>
    <bigram weight="1" > made false </bigram>
    <bigram weight="1" > some years </bigram>
    <bigram weight="1" > narrative to </bigram>
    <bigram weight="1" > not fit </bigram>
    <bigram weight="1" > however ### </bigram>
    <bigram weight="1" > mean a </bigram>
    <bigram weight="1" > or two </bigram>
    <bigram weight="1" > boating with </bigram>
    <bigram weight="1" > william henr </bigram>
    <bigram weight="1" > you his </bigram>
    <bigram weight="1" > tour much </bigram>
    <bigram weight="1" > sat in </bigram>
    <bigram weight="1" > piece of </bigram>
    <bigram weight="1" > by the </bigram>
    <bigram weight="1" > comments blanding </bigram>
    <bigram weight="1" > ### if </bigram>
    <bigram weight="1" > when inoreau </bigram>
    <bigram weight="1" > such ### </bigram>
    <bigram weight="1" > thorpau had </bigram>
    <bigram weight="1" > if what </bigram>
    <bigram weight="1" > l ### </bigram>
    <bigram weight="1" > chal lenging </bigram>
    <bigram weight="1" > also supports </bigram>
    <bigram weight="1" > many of </bigram>
    <bigram weight="1" > who stayed </bigram>
    <bigram weight="1" > ### moreover </bigram>
    <bigram weight="1" > spent at </bigram>
    <bigram weight="1" > wnen fuller </bigram>
    <bigram weight="1" > ### passing </bigram>
    <bigram weight="1" > # blanding </bigram>
    <bigram weight="1" > gloss of </bigram>
    <bigram weight="1" > in either </bigram>
    <bigram weight="1" > by emerson </bigram>
    <bigram weight="1" > a trip </bigram>
    <bigram weight="1" > wrote furness </bigram>
    <bigram weight="1" > limit the </bigram>
    <bigram weight="1" > tne otner </bigram>
    <bigram weight="1" > pastoral as </bigram>
    <bigram weight="1" > reau embarked </bigram>
    <bigram weight="1" > the love </bigram>
    <bigram weight="1" > a good </bigram>
    <bigram weight="1" > illustration or </bigram>
    <bigram weight="1" > ## took </bigram>
    <bigram weight="1" > a lecture </bigram>
    <bigram weight="1" > altered the </bigram>
    <bigram weight="1" > tn believe </bigram>
    <bigram weight="1" > musketaauid ### </bigram>
    <bigram weight="1" > a beautiîul </bigram>
    <bigram weight="1" > that i </bigram>
    <bigram weight="1" > ### third </bigram>
    <bigram weight="1" > atten tion </bigram>
    <bigram weight="1" > have seen </bigram>
    <bigram weight="1" > ### may </bigram>
    <bigram weight="1" > ### george </bigram>
    <bigram weight="1" > into between </bigram>
    <bigram weight="1" > ### march </bigram>
    <bigram weight="1" > not a </bigram>
    <bigram weight="1" > felt guilty </bigram>
    <bigram weight="1" > on tne </bigram>
    <bigram weight="1" > jottings about </bigram>
    <bigram weight="1" > a possible </bigram>
    <bigram weight="1" > le ### </bigram>
    <bigram weight="1" > tne project </bigram>
    <bigram weight="1" > tmerson wrote </bigram>
    <bigram weight="1" > john c </bigram>
    <bigram weight="1" > a crisis </bigram>
    <bigram weight="1" > essay about </bigram>
    <bigram weight="1" > unspecified period </bigram>
    <bigram weight="1" > cf ### </bigram>
    <bigram weight="1" > s declining </bigram>
    <bigram weight="1" > written in </bigram>
    <bigram weight="1" > common one </bigram>
    <bigram weight="1" > my hands </bigram>
    <bigram weight="1" > in chal </bigram>
    <bigram weight="1" > may not </bigram>
    <bigram weight="1" > to reaffirm </bigram>
    <bigram weight="1" > her to </bigram>
    <bigram weight="1" > already rejected </bigram>
    <bigram weight="1" > inoreau wrote </bigram>
    <bigram weight="1" > much on </bigram>
    <bigram weight="1" > for doubting </bigram>
    <bigram weight="1" > fuller wrote </bigram>
    <bigram weight="1" > a fairly </bigram>
    <bigram weight="1" > # for </bigram>
    <bigram weight="1" > ### one </bigram>
    <bigram weight="1" > other day </bigram>
    <bigram weight="1" > his eight </bigram>
    <bigram weight="1" > she sat </bigram>
    <bigram weight="1" > ### portions </bigram>
    <bigram weight="1" > simplicity and </bigram>
    <bigram weight="1" > trip to </bigram>
    <bigram weight="1" > the immediate </bigram>
    <bigram weight="1" > narrative into </bigram>
    <bigram weight="1" > described as </bigram>
    <bigram weight="1" > until after </bigram>
    <bigram weight="1" > live with </bigram>
    <bigram weight="1" > recent article </bigram>
    <bigram weight="1" > few weeks </bigram>
    <bigram weight="1" > # thorpau </bigram>
    <bigram weight="1" > it keeps </bigram>
    <bigram weight="1" > boat a </bigram>
    <bigram weight="1" > either case </bigram>
    <bigram weight="1" > ## meant </bigram>
    <bigram weight="1" > novemder y </bigram>
    <bigram weight="1" > a guest </bigram>
    <bigram weight="1" > no aoudt </bigram>
    <bigram weight="1" > during christmas </bigram>
    <bigram weight="1" > rrom the </bigram>
    <bigram weight="1" > ### no </bigram>
    <bigram weight="1" > aoudt wnen </bigram>
    <bigram weight="1" > to william </bigram>
    <bigram weight="1" > quotes and </bigram>
    <bigram weight="1" > an indefinite </bigram>
    <bigram weight="1" > secrecy ### </bigram>
    <bigram weight="1" > discovery of </bigram>
    <bigram weight="1" > a severe </bigram>
    <bigram weight="1" > bcituate rthere </bigram>
    <bigram weight="1" > mav have </bigram>
    <bigram weight="1" > davs ### </bigram>
    <bigram weight="1" > ## fuller </bigram>
    <bigram weight="1" > ### pencil </bigram>
    <bigram weight="1" > ### ellen </bigram>
    <bigram weight="1" > along the </bigram>
    <bigram weight="1" > the fall </bigram>
    <bigram weight="1" > before henry </bigram>
    <bigram weight="1" > tllen in </bigram>
    <bigram weight="1" > not be </bigram>
    <bigram weight="1" > nascent book </bigram>
    <bigram weight="1" > been strained </bigram>
    <bigram weight="1" > little rps </bigram>
    <bigram weight="1" > days earlier </bigram>
    <bigram weight="1" > records or </bigram>
    <bigram weight="1" > not last </bigram>
    <bigram weight="1" > embarked from </bigram>
    <bigram weight="1" > menu ### </bigram>
    <bigram weight="1" > with the </bigram>
    <bigram weight="1" > which forced </bigram>
    <bigram weight="1" > days there </bigram>
    <bigram weight="1" > jonn isited </bigram>
    <bigram weight="1" > dut i </bigram>
    <bigram weight="1" > tantalizing puzzle </bigram>
    <bigram weight="1" > cunsuilmy her </bigram>
    <bigram weight="1" > a publisher </bigram>
    <bigram weight="1" > from concord </bigram>
    <bigram weight="1" > her host </bigram>
    <bigram weight="1" > early ## </bigram>
    <bigram weight="1" > john had </bigram>
    <bigram weight="1" > her week </bigram>
    <bigram weight="1" > second drafts </bigram>
    <bigram weight="1" > and october </bigram>
    <bigram weight="1" > point in </bigram>
    <bigram weight="1" > liberty to </bigram>
    <bigram weight="1" > up in </bigram>
    <bigram weight="1" > their competition </bigram>
    <bigram weight="1" > cites other </bigram>
    <bigram weight="1" > stern and </bigram>
    <bigram weight="1" > last ### </bigram>
    <bigram weight="1" > wrote newcomb </bigram>
    <bigram weight="1" > day i </bigram>
    <bigram weight="1" > tour a </bigram>
    <bigram weight="1" > of them </bigram>
    <bigram weight="1" > aid not </bigram>
    <bigram weight="1" > meant that </bigram>
    <bigram weight="1" > ## or </bigram>
    <bigram weight="1" > two ### </bigram>
    <bigram weight="1" > and critics </bigram>
    <bigram weight="1" > called so </bigram>
    <bigram weight="1" > ### pp </bigram>
    <bigram weight="1" > # carl </bigram>
    <bigram weight="1" > ot unruly </bigram>
    <bigram weight="1" > life ### </bigram>
    <bigram weight="1" > or a </bigram>
    <bigram weight="1" > direct reference </bigram>
    <bigram weight="1" > had passed </bigram>
    <bigram weight="1" > thoreau wisely </bigram>
    <bigram weight="1" > ### trip </bigram>
    <bigram weight="1" > host the </bigram>
    <bigram weight="1" > years after </bigram>
    <bigram weight="1" > so tne </bigram>
    <bigram weight="1" > the liberty </bigram>
    <bigram weight="1" > my boat </bigram>
    <bigram weight="1" > mountains in </bigram>
    <bigram weight="1" > week for </bigram>
    <bigram weight="1" > chose an </bigram>
    <bigram weight="1" > the word </bigram>
    <bigram weight="1" > cryptic reference </bigram>
    <bigram weight="1" > few days </bigram>
    <bigram weight="1" > marry him </bigram>
    <bigram weight="1" > much like </bigram>
    <bigram weight="1" > conroress the </bigram>
    <bigram weight="1" > broken ott </bigram>
    <bigram weight="1" > early inovemder </bigram>
    <bigram weight="1" > their school </bigram>
    <bigram weight="1" > hands thoreau </bigram>
    <bigram weight="1" > i rowed </bigram>
    <bigram weight="1" > conceive of </bigram>
    <bigram weight="1" > orobably intensified </bigram>
    <bigram weight="1" > not that </bigram>
    <bigram weight="1" > ### was </bigram>
    <bigram weight="1" > after she </bigram>
    <bigram weight="1" > ground ### </bigram>
    <bigram weight="1" > tions of </bigram>
    <bigram weight="1" > entries ### </bigram>
    <bigram weight="1" > love with </bigram>
    <bigram weight="1" > in early </bigram>
    <bigram weight="1" > ### w </bigram>
    <bigram weight="1" > her letter </bigram>
    <bigram weight="1" > # hereafter </bigram>
    <bigram weight="1" > harding ### </bigram>
    <bigram weight="1" > the oxford </bigram>
    <bigram weight="1" > me and </bigram>
    <bigram weight="1" > week or </bigram>
    <bigram weight="1" > to be </bigram>
    <bigram weight="1" > lady and </bigram>
    <bigram weight="1" > her postscript </bigram>
    <bigram weight="1" > points out </bigram>
    <bigram weight="1" > mind wnen </bigram>
    <bigram weight="1" > which blandmg </bigram>
    <bigram weight="1" > then i </bigram>
    <bigram weight="1" > newcomb wrote </bigram>
    <bigram weight="1" > on or </bigram>
    <bigram weight="1" > ot le </bigram>
    <bigram weight="1" > its nature </bigram>
    <bigram weight="1" > emerson used </bigram>
    <bigram weight="1" > j ### </bigram>
    <bigram weight="1" > more of </bigram>
    <bigram weight="1" > i suggested </bigram>
    <bigram weight="1" > one among </bigram>
    <bigram weight="1" > tho reau </bigram>
    <bigram weight="1" > the germ </bigram>
    <bigram weight="1" > recreation ### </bigram>
    <bigram weight="1" > before their </bigram>
    <bigram weight="1" > # records </bigram>
    <bigram weight="1" > book would </bigram>
    <bigram weight="1" > third ### </bigram>
    <bigram weight="1" > christmas vacation </bigram>
    <bigram weight="1" > his working </bigram>
    <bigram weight="1" > wrote emerson </bigram>
    <bigram weight="1" > day my </bigram>
    <bigram weight="1" > ### blandmg </bigram>
    <bigram weight="1" > est in </bigram>
    <bigram weight="1" > emerson briefly </bigram>
    <bigram weight="1" > before you </bigram>
    <bigram weight="1" > compressed his </bigram>
    <bigram weight="1" > document concerned </bigram>
    <bigram weight="1" > the princeton </bigram>
    <bigram weight="1" > july john </bigram>
    <bigram weight="1" > the letter </bigram>
    <bigram weight="1" > taken the </bigram>
    <bigram weight="1" > copy it </bigram>
    <bigram weight="1" > and there </bigram>
    <bigram weight="1" > proposal ### </bigram>
    <bigram weight="1" > send me </bigram>
    <bigram weight="1" > the pencilled </bigram>
    <bigram weight="1" > love and </bigram>
    <bigram weight="1" > time he </bigram>
    <bigram weight="1" > a tantalizing </bigram>
    <bigram weight="1" > certain youth </bigram>
    <bigram weight="1" > tne tmersons </bigram>
    <bigram weight="1" > naa oeen </bigram>
    <bigram weight="1" > took eight </bigram>
    <bigram weight="1" > and friendship </bigram>
    <bigram weight="1" > my historical </bigram>
    <bigram weight="1" > nana ### </bigram>
    <bigram weight="1" > to margaret </bigram>
    <bigram weight="1" > ### broderick </bigram>
    <bigram weight="1" > asked her </bigram>
    <bigram weight="1" > risis in </bigram>
    <bigram weight="1" > ## nonetheless </bigram>
    <bigram weight="1" > our atten </bigram>
    <bigram weight="1" > assumption that </bigram>
    <bigram weight="1" > was apparently </bigram>
    <bigram weight="1" > to demonstrate </bigram>
    <bigram weight="1" > advice about </bigram>
    <bigram weight="1" > book until </bigram>
    <bigram weight="1" > success of </bigram>
    <bigram weight="1" > conceived of </bigram>
    <bigram weight="1" > an excursion </bigram>
    <bigram weight="1" > that has </bigram>
    <bigram weight="1" > a moderate </bigram>
    <bigram weight="1" > written to </bigram>
    <bigram weight="1" > first and </bigram>
    <bigram weight="1" > julv ### </bigram>
    <bigram weight="1" > for all </bigram>
    <bigram weight="1" > tne tail </bigram>
    <bigram weight="1" > even lovely </bigram>
    <bigram weight="1" > # first </bigram>
    <bigram weight="1" > lifelong friendship </bigram>
    <bigram weight="1" > a visit </bigram>
    <bigram weight="1" > brother ### </bigram>
    <bigram weight="1" > mournful note </bigram>
    <bigram weight="1" > ## river </bigram>
    <bigram weight="1" > which con </bigram>
    <bigram weight="1" > was very </bigram>
    <bigram weight="1" > inovemder ### </bigram>
    <bigram weight="1" > he joined </bigram>
    <bigram weight="1" > expressed one </bigram>
    <bigram weight="1" > fact ### </bigram>
    <bigram weight="1" > s journal </bigram>
    <bigram weight="1" > edition of </bigram>
    <bigram weight="1" > ### atter </bigram>
    <bigram weight="1" > ### implying </bigram>
    <bigram weight="1" > merrimack musketaauid </bigram>
    <bigram weight="1" > ### instead </bigram>
    <bigram weight="1" > he intended </bigram>
    <bigram weight="1" > though not </bigram>
    <bigram weight="1" > carl hovde </bigram>
    <bigram weight="1" > evidently meant </bigram>
    <bigram weight="1" > ### crisis </bigram>
    <bigram weight="1" > after the </bigram>
    <bigram weight="1" > appeared to </bigram>
    <bigram weight="1" > isited ellen </bigram>
    <bigram weight="1" > the one </bigram>
    <bigram weight="1" > john again </bigram>
    <bigram weight="1" > the journal </bigram>
    <bigram weight="1" > memory in </bigram>
    <bigram weight="1" > apparently a </bigram>
    <bigram weight="1" > i observed </bigram>
    <bigram weight="1" > make ### </bigram>
    <bigram weight="1" > ot artificial </bigram>
    <bigram weight="1" > # ihere </bigram>
    <bigram weight="1" > feelinas were </bigram>
    <bigram weight="1" > nothing but </bigram>
    <bigram weight="1" > # thus </bigram>
    <bigram weight="1" > ### love </bigram>
    <bigram weight="1" > if he </bigram>
    <bigram weight="1" > that case </bigram>
    <bigram weight="1" > in june </bigram>
    <bigram weight="1" > is passed </bigram>
    <bigram weight="1" > confirms my </bigram>
    <bigram weight="1" > ### editors </bigram>
    <bigram weight="1" > be made </bigram>
    <bigram weight="1" > week at </bigram>
    <bigram weight="1" > histori cal </bigram>
    <bigram weight="1" > him ### </bigram>
    <bigram weight="1" > her in </bigram>
    <bigram weight="1" > introduc tion </bigram>
    <bigram weight="1" > projected account </bigram>
    <bigram weight="1" > # h </bigram>
    <bigram weight="1" > passed on </bigram>
    <bigram weight="1" > endnotes i </bigram>
    <bigram weight="1" > had already </bigram>
    <bigram weight="1" > either ### </bigram>
    <bigram weight="1" > the jood </bigram>
    <bigram weight="1" > lenging the </bigram>
    <bigram weight="1" > long line </bigram>
    <bigram weight="1" > good deal </bigram>
    <bigram weight="1" > him portions </bigram>
    <bigram weight="1" > week was </bigram>
    <bigram weight="1" > not know </bigram>
    <bigram weight="1" > isaak walton </bigram>
    <bigram weight="1" > merri mack </bigram>
    <bigram weight="1" > engagement was </bigram>
    <bigram weight="1" > a title </bigram>
    <bigram weight="1" > ## letter </bigram>
    <bigram weight="1" > to close </bigram>
    <bigram weight="1" > overtones of </bigram>
    <bigram weight="1" > their family </bigram>
    <bigram weight="1" > stayed with </bigram>
    <bigram weight="1" > stuck in </bigram>
    <bigram weight="1" > reasons for </bigram>
    <bigram weight="1" > # barring </bigram>
    <bigram weight="1" > emerson probably </bigram>
    <bigram weight="1" > ellen on </bigram>
    <bigram weight="1" > # it </bigram>
    <bigram weight="1" > by a </bigram>
    <bigram weight="1" > opinion that </bigram>
    <bigram weight="1" > y it </bigram>
    <bigram weight="1" > ### given </bigram>
    <bigram weight="1" > asking him </bigram>
    <bigram weight="1" > journal ### </bigram>
    <bigram weight="1" > a cycle </bigram>
    <bigram weight="1" > attacked by </bigram>
    <bigram weight="1" > suaaests that </bigram>
    <bigram weight="1" > critics ### </bigram>
    <bigram weight="1" > title ### </bigram>
    <bigram weight="1" > ### relationship </bigram>
    <bigram weight="1" > actually begin </bigram>
    <bigram weight="1" > barring the </bigram>
    <bigram weight="1" > week is </bigram>
    <bigram weight="1" > a short </bigram>
    <bigram weight="1" > theory attacked </bigram>
    <bigram weight="1" > could not </bigram>
    <bigram weight="1" > some jottings </bigram>
    <bigram weight="1" > love congratulations </bigram>
    <bigram weight="1" > school in </bigram>
    <bigram weight="1" > one day </bigram>
    <bigram weight="1" > title indicates </bigram>
    <bigram weight="1" > visited bcituate </bigram>
    <bigram weight="1" > guilty about </bigram>
    <bigram weight="1" > ellen at </bigram>
    <bigram weight="1" > out of </bigram>
    <bigram weight="1" > be sorry </bigram>
    <bigram weight="1" > or ### </bigram>
    <bigram weight="1" > uctoder ## </bigram>
    <bigram weight="1" > ### nascent </bigram>
    <bigram weight="1" > word week </bigram>
    <bigram weight="1" > in any </bigram>
    <bigram weight="1" > congratulations on </bigram>
    <bigram weight="1" > s early </bigram>
    <bigram weight="1" > as many </bigram>
    <bigram weight="1" > false ### </bigram>
    <bigram weight="1" > bradford confirms </bigram>
    <bigram weight="1" > a reference </bigram>
    <bigram weight="1" > not mention </bigram>
    <bigram weight="1" > lovely young </bigram>
    <bigram weight="1" > walton ### </bigram>
    <bigram weight="1" > any cer </bigram>
    <bigram weight="1" > sions of </bigram>
    <bigram weight="1" > fit that </bigram>
    <bigram weight="1" > so detached </bigram>
    <bigram weight="1" > ### h </bigram>
    <bigram weight="1" > was hardly </bigram>
    <bigram weight="1" > health ### </bigram>
    <bigram weight="1" > oeen living </bigram>
    <bigram weight="1" > or seven </bigram>
    <bigram weight="1" > relationship with </bigram>
    <bigram weight="1" > not do </bigram>
    <bigram weight="1" > when ellen </bigram>
    <bigram weight="1" > attention to </bigram>
    <bigram weight="1" > ott ### </bigram>
    <bigram weight="1" > ### nearly </bigram>
    <bigram weight="1" > tacts ### </bigram>
    <bigram weight="1" > title emerson </bigram>
    <bigram weight="1" > ### mav </bigram>
    <bigram weight="1" > ### between </bigram>
    <bigram weight="1" > demonstrate that </bigram>
    <bigram weight="1" > so fuller </bigram>
    <bigram weight="1" > early as </bigram>
    <bigram weight="1" > simply a </bigram>
    <bigram weight="1" > by october </bigram>
    <bigram weight="1" > sorry that </bigram>
    <bigram weight="1" > then conceived </bigram>
    <bigram weight="1" > manuscript of </bigram>
    <bigram weight="1" > as w </bigram>
    <bigram weight="1" > from her </bigram>
    <bigram weight="1" > to concord </bigram>
    <bigram weight="1" > is frequently </bigram>
    <bigram weight="1" > ### boston </bigram>
    <bigram weight="1" > about having </bigram>
    <bigram weight="1" > had been </bigram>
    <bigram weight="1" > ellen sewall </bigram>
    <bigram weight="1" > by expressing </bigram>
    <bigram weight="1" > ana again </bigram>
    <bigram weight="1" > i still </bigram>
    <bigram weight="1" > him after </bigram>
    <bigram weight="1" > week until </bigram>
    <bigram weight="1" > working title </bigram>
    <bigram weight="1" > led paper </bigram>
    <bigram weight="1" > like margaret </bigram>
    <bigram weight="1" > maiden ### </bigram>
    <bigram weight="1" > scituate ### </bigram>
    <bigram weight="1" > in scituate </bigram>
    <bigram weight="1" > ithaca ### </bigram>
    <bigram weight="1" > passing over </bigram>
    <bigram weight="1" > fact that </bigram>
    <bigram weight="1" > after fuller </bigram>
    <bigram weight="1" > # walter </bigram>
    <bigram weight="1" > passed by </bigram>
    <bigram weight="1" > scituate during </bigram>
    <bigram weight="1" > then already </bigram>
    <bigram weight="1" > planned a </bigram>
    <bigram weight="1" > told newcomb </bigram>
    <bigram weight="1" > to tllen </bigram>
    <bigram weight="1" > sheds new </bigram>
    <bigram weight="1" > week fuller </bigram>
    <bigram weight="1" > ihere is </bigram>
    <bigram weight="1" > john in </bigram>
    <bigram weight="1" > to her </bigram>
    <bigram weight="1" > which took </bigram>
    <bigram weight="1" > ralph l </bigram>
    <bigram weight="1" > ## if </bigram>
    <bigram weight="1" > visited the </bigram>
    <bigram weight="1" > harding et </bigram>
    <bigram weight="1" > her mind </bigram>
    <bigram weight="1" > put into </bigram>
    <bigram weight="1" > ### thorêâu </bigram>
    <bigram weight="1" > of secrecy </bigram>
    <bigram weight="1" > plied the </bigram>
    <bigram weight="1" > it cannot </bigram>
    <bigram weight="1" > s poem </bigram>
    <bigram weight="1" > his reply </bigram>
    <bigram weight="1" > a free </bigram>
    <bigram weight="1" > contained records </bigram>
    <bigram weight="1" > voyage depicted </bigram>
    <bigram weight="1" > unruly tacts </bigram>
    <bigram weight="1" > strength ye </bigram>
    <bigram weight="1" > ### ithaca </bigram>
    <bigram weight="1" > title of </bigram>
    <bigram weight="1" > the document </bigram>
    <bigram weight="1" > his own </bigram>
    <bigram weight="1" > known that </bigram>
    <bigram weight="1" > blanding cites </bigram>
    <bigram weight="1" > her home </bigram>
    <bigram weight="1" > speculation ### </bigram>
    <bigram weight="1" > words may </bigram>
    <bigram weight="1" > take to </bigram>
    <bigram weight="1" > and summarizes </bigram>
    <bigram weight="1" > be making </bigram>
    <bigram weight="1" > gang ot </bigram>
    <bigram weight="1" > fart ### </bigram>
    <bigram weight="1" > week that </bigram>
    <bigram weight="1" > during a </bigram>
    <bigram weight="1" > good meek </bigram>
    <bigram weight="1" > changed to </bigram>
    <bigram weight="1" > sting out </bigram>
    <bigram weight="1" > another puz </bigram>
    <bigram weight="1" > all these </bigram>
    <bigram weight="1" > my own </bigram>
    <bigram weight="1" > competition for </bigram>
    <bigram weight="1" > trip henry </bigram>
    <bigram weight="1" > charles kina </bigram>
    <bigram weight="1" > ### rusk </bigram>
    <bigram weight="1" > informed by </bigram>
    <bigram weight="1" > and william </bigram>
    <bigram weight="1" > during ## </bigram>
    <bigram weight="1" > ### though </bigram>
    <bigram weight="1" > emerson and </bigram>
    <bigram weight="1" > tainty ### </bigram>
    <bigram weight="1" > ### assumption </bigram>
    <bigram weight="1" > illustrates what </bigram>
    <bigram weight="1" > fall ### </bigram>
    <bigram weight="1" > a lively </bigram>
    <bigram weight="1" > i plied </bigram>
    <bigram weight="1" > a portion </bigram>
    <bigram weight="1" > editors ### </bigram>
    <bigram weight="1" > ### since </bigram>
    <bigram weight="1" > spent only </bigram>
    <bigram weight="1" > volume i </bigram>
    <bigram weight="1" > with any </bigram>
    <bigram weight="1" > which the </bigram>
    <bigram weight="1" > their river </bigram>
    <bigram weight="1" > more detailed </bigram>
    <bigram weight="1" > sewall ### </bigram>
    <bigram weight="1" > his recollec </bigram>
    <bigram weight="1" > intended to </bigram>
    <bigram weight="1" > drawn up </bigram>
    <bigram weight="1" > vaguely for </bigram>
    <bigram weight="1" > ### wrote </bigram>
    <bigram weight="1" > then called </bigram>
    <bigram weight="1" > second ### </bigram>
    <bigram weight="1" > essay on </bigram>
    <bigram weight="1" > later margaret </bigram>
    <bigram weight="1" > effort to </bigram>
    <bigram weight="1" > # inat </bigram>
    <bigram weight="1" > i y </bigram>
    <bigram weight="1" > fuller appeared </bigram>
    <bigram weight="1" > made in </bigram>
    <bigram weight="1" > that it </bigram>
    <bigram weight="1" > cited as </bigram>
    <bigram weight="1" > does not </bigram>
    <bigram weight="1" > the wmte </bigram>
    <bigram weight="1" > a journal </bigram>
    <bigram weight="1" > early jottings </bigram>
    <bigram weight="1" > s feelinas </bigram>
    <bigram weight="1" > to copy </bigram>
    <bigram weight="1" > changed her </bigram>
    <bigram weight="1" > would later </bigram>
    <bigram weight="1" > in his </bigram>
    <bigram weight="1" > linck c </bigram>
    <bigram weight="1" > account to </bigram>
    <bigram weight="1" > out or </bigram>
    <bigram weight="1" > as june </bigram>
    <bigram weight="1" > invitation to </bigram>
    <bigram weight="1" > paper to </bigram>
    <bigram weight="1" > probably about </bigram>
    <bigram weight="1" > a maiden </bigram>
    <bigram weight="1" > entered into </bigram>
    <bigram weight="1" > you will </bigram>
    <bigram weight="1" > ### dut </bigram>
    <bigram weight="1" > joined john </bigram>
    <bigram weight="1" > resonant phrase </bigram>
    <bigram weight="1" > about a </bigram>
    <bigram weight="1" > ### ralph </bigram>
    <bigram weight="1" > article ### </bigram>
    <bigram weight="1" > march ## </bigram>
    <bigram weight="1" > earlier in </bigram>
    <bigram weight="1" > concerned the </bigram>
    <bigram weight="1" > was entered </bigram>
    <bigram weight="1" > visit jccounts </bigram>
    <bigram weight="1" > title thoreau </bigram>
    <bigram weight="1" > of biographers </bigram>
    <bigram weight="1" > pp ### </bigram>
    <bigram weight="1" > touring the </bigram>
    <bigram weight="1" > to scituate </bigram>
    <bigram weight="1" > the manuscript </bigram>
    <bigram weight="1" > had begun </bigram>
    <bigram weight="1" > the moment </bigram>
    <bigram weight="1" > drafts of </bigram>
    <bigram weight="1" > deep as </bigram>
    <bigram weight="1" > a long </bigram>
    <bigram weight="1" > a fact </bigram>
    <bigram weight="1" > in philadelphia </bigram>
    <bigram weight="1" > had ## </bigram>
    <bigram weight="1" > many chapters </bigram>
    <bigram weight="1" > speak of </bigram>
    <bigram weight="1" > tail ot </bigram>
    <bigram weight="1" > had taken </bigram>
    <bigram weight="1" > fall thoreau </bigram>
    <bigram weight="1" > rivers i </bigram>
    <bigram weight="1" > nearly six </bigram>
    <bigram weight="1" > at her </bigram>
    <bigram weight="1" > the pleasant </bigram>
    <bigram weight="1" > impossible to </bigram>
    <bigram weight="1" > spring of </bigram>
    <bigram weight="1" > journal entries </bigram>
    <bigram weight="1" > and contents </bigram>
    <bigram weight="1" > for an </bigram>
    <bigram weight="1" > ## # </bigram>
    <bigram weight="1" > cycle of </bigram>
    <bigram weight="1" > the stern </bigram>
    <bigram weight="1" > crisis is </bigram>
    <bigram weight="1" > but the </bigram>
    <bigram weight="1" > had placed </bigram>
    <bigram weight="1" > proposed to </bigram>
    <bigram weight="1" > days do </bigram>
    <bigram weight="1" > following in </bigram>
    <bigram weight="1" > topics drawn </bigram>
    <bigram weight="1" > not published </bigram>
    <bigram weight="1" > ### nn </bigram>
    <bigram weight="1" > # un </bigram>
    <bigram weight="1" > trip with </bigram>
    <bigram weight="1" > you expressed </bigram>
    <bigram weight="1" > of exactly </bigram>
    <bigram weight="1" > tne reason </bigram>
    <bigram weight="1" > spirit ### </bigram>
    <bigram weight="1" > ellen declined </bigram>
    <bigram weight="1" > believe fuller </bigram>
    <bigram weight="1" > ### impossible </bigram>
    <bigram weight="1" > not mean </bigram>
    <bigram weight="1" > # tn </bigram>
    <bigram weight="1" > imme ni </bigram>
    <bigram weight="1" > jccounts for </bigram>
    <bigram weight="1" > implying a </bigram>
    <bigram weight="1" > published until </bigram>
    <bigram weight="1" > # w </bigram>
    <bigram weight="1" > furness on </bigram>
    <bigram weight="1" > contact publishers </bigram>
    <bigram weight="1" > mention also </bigram>
    <bigram weight="1" > week in </bigram>
    <bigram weight="1" > still believe </bigram>
    <bigram weight="1" > limit his </bigram>
    <bigram weight="1" > ### eight </bigram>
    <bigram weight="1" > it you </bigram>
    <bigram weight="1" > john tho </bigram>
    <bigram weight="1" > the biblical </bigram>
    <bigram weight="1" > obviously concerned </bigram>
    <bigram weight="1" > s pencilled </bigram>
    <bigram weight="1" > had read </bigram>
    <bigram weight="1" > ### spicy </bigram>
    <bigram weight="1" > been reference </bigram>
    <bigram weight="1" > it was </bigram>
    <bigram weight="1" > rthere he </bigram>
    <bigram weight="1" > were some </bigram>
    <bigram weight="1" > a lifelong </bigram>
    <bigram weight="1" > ### however </bigram>
    <bigram weight="1" > argues that </bigram>
    <bigram weight="1" > using the </bigram>
    <bigram weight="1" > to some </bigram>
    <bigram weight="1" > dinq reference </bigram>
    <bigram weight="1" > he compressed </bigram>
    <bigram weight="1" > has called </bigram>
    <bigram weight="1" > # eight </bigram>
    <bigram weight="1" > he placed </bigram>
    <bigram weight="1" > so her </bigram>
    <bigram weight="1" > his love </bigram>
    <bigram weight="1" > hovde et </bigram>
    <bigram weight="1" > accepted an </bigram>
    <bigram weight="1" > postscript ### </bigram>
    <bigram weight="1" > ### tor </bigram>
    <bigram weight="1" > and early </bigram>
    <bigram weight="1" > in july </bigram>
    <bigram weight="1" > that its </bigram>
    <bigram weight="1" > connection reaffirmed </bigram>
    <bigram weight="1" > passed we </bigram>
    <bigram weight="1" > an account </bigram>
    <bigram weight="1" > an essay </bigram>
    <bigram weight="1" > between henry </bigram>
    <bigram weight="1" > his second </bigram>
    <bigram weight="1" > three of </bigram>
    <bigram weight="1" > or an </bigram>
    <bigram weight="1" > i aid </bigram>
    <bigram weight="1" > puzzle ### </bigram>
    <bigram weight="1" > placed at </bigram>
    <bigram weight="1" > but she </bigram>
    <bigram weight="1" > do until </bigram>
    <bigram weight="1" > dictionary indicates </bigram>
    <bigram weight="1" > her ### </bigram>
    <bigram weight="1" > explanation of </bigram>
    <bigram weight="1" > spent touring </bigram>
    <bigram weight="1" > furness asking </bigram>
    <bigram weight="1" > ### suaaests </bigram>
    <bigram weight="1" > with frontier </bigram>
    <bigram weight="1" > ## imme </bigram>
    <bigram weight="1" > who passed </bigram>
    <bigram weight="1" > later grow </bigram>
    <bigram weight="1" > as isaak </bigram>
    <bigram weight="1" > detailed account </bigram>
    <bigram weight="1" > # with </bigram>
    <bigram weight="1" > nature and </bigram>
    <bigram weight="1" > # second </bigram>
    <bigram weight="1" > letter to </bigram>
    <bigram weight="1" > keeps its </bigram>
    <bigram weight="1" > william henry </bigram>
    <bigram weight="1" > nn tn </bigram>
    <bigram weight="1" > frontier strength </bigram>
    <bigram weight="1" > need ot </bigram>
    <bigram weight="1" > new and </bigram>
    <bigram weight="1" > saunterer ### </bigram>
    <bigram weight="1" > dune iy </bigram>
    <bigram weight="1" > secret ### </bigram>
    <bigram weight="1" > the emersoris </bigram>
    <bigram weight="1" > friendship ### </bigram>
    <bigram weight="1" > trip he </bigram>
    <bigram weight="1" > forced them </bigram>
    <bigram weight="1" > before him </bigram>
    <bigram weight="1" > # at </bigram>
    <bigram weight="1" > emersons in </bigram>
    <bigram weight="1" > one that </bigram>
    <bigram weight="1" > ### furness </bigram>
    <bigram weight="1" > take some </bigram>
    <bigram weight="1" > as flagroot </bigram>
    <bigram weight="1" > the cjood </bigram>
    <bigram weight="1" > remain a </bigram>
    <bigram weight="1" > thoreau saw </bigram>
    <bigram weight="1" > but it </bigram>
    <bigram weight="1" > will you </bigram>
    <bigram weight="1" > ye stand </bigram>
    <bigram weight="1" > blanding calls </bigram>
    <bigram weight="1" > an engagement </bigram>
    <bigram weight="1" > between thoreau </bigram>
    <bigram weight="1" > own trip </bigram>
    <bigram weight="1" > ### princeton </bigram>
    <bigram weight="1" > more speculation </bigram>
    <bigram weight="1" > argues contained </bigram>
    <bigram weight="1" > ### for </bigram>
    <bigram weight="1" > on ms </bigram>
    <bigram weight="1" > princeton ### </bigram>
    <bigram weight="1" > ### stuck </bigram>
    <bigram weight="1" > foreground of </bigram>
    <bigram weight="1" > ### like </bigram>
    <bigram weight="1" > he felt </bigram>
    <bigram weight="1" > connotations the </bigram>
    <bigram weight="1" > convincingly demonstrated </bigram>
    <bigram weight="1" > meek ### </bigram>
    <bigram weight="1" > ellen ### </bigram>
    <bigram weight="1" > the success </bigram>
    <bigram weight="1" > reason in </bigram>
    <bigram weight="1" > you not </bigram>
    <bigram weight="1" > of recreation </bigram>
    <bigram weight="1" > otner nana </bigram>
    <bigram weight="1" > a projected </bigram>
    <bigram weight="1" > tnere tor </bigram>
    <bigram weight="1" > in thoreau </bigram>
    <bigram weight="1" > his proposal </bigram>
    <bigram weight="1" > commenced on </bigram>
    <bigram weight="1" > mr e </bigram>
    <bigram weight="1" > with their </bigram>
    <bigram weight="1" > thoreau mack </bigram>
    <bigram weight="1" > some other </bigram>
    <bigram weight="1" > for ### </bigram>
    <bigram weight="1" > broderick et </bigram>
    <bigram weight="1" > lert tne </bigram>
    <bigram weight="1" > # journal </bigram>
    <bigram weight="1" > that blanding </bigram>
    <bigram weight="1" > know tne </bigram>
    <bigram weight="1" > # put </bigram>
    <bigram weight="1" > to contact </bigram>
    <bigram weight="1" > already decided </bigram>
    <bigram weight="1" > space of </bigram>
    <bigram weight="1" > the oars </bigram>
    <bigram weight="1" > where six </bigram>
    <bigram weight="1" > rejected his </bigram>
    <bigram weight="1" > represented thoreau </bigram>
    <bigram weight="1" > cjood week </bigram>
    <bigram weight="1" > trip depicted </bigram>
    <bigram weight="1" > less simplicity </bigram>
    <bigram weight="1" > used in </bigram>
    <bigram weight="1" > montns ### </bigram>
    <bigram weight="1" > nature ### </bigram>
    <bigram weight="1" > far less </bigram>
    <bigram weight="1" > although the </bigram>
    <bigram weight="1" > the spring </bigram>
    <bigram weight="1" > between a </bigram>
    <bigram weight="1" > was not </bigram>
    <bigram weight="1" > on october </bigram>
    <bigram weight="1" > time earlier </bigram>
    <bigram weight="1" > robert n </bigram>
    <bigram weight="1" > ### or </bigram>
    <bigram weight="1" > ### memoirs </bigram>
    <bigram weight="1" > it sne </bigram>
    <bigram weight="1" > has convincingly </bigram>
    <bigram weight="1" > placed ### </bigram>
    <bigram weight="1" > jottings tor </bigram>
    <bigram weight="1" > recollec tions </bigram>
    <bigram weight="1" > thoreau s </bigram>
    <bigram weight="1" > inter est </bigram>
    <bigram weight="1" > ### thomas </bigram>
    <bigram weight="1" > help thoreau </bigram>
    <bigram weight="1" > six years </bigram>
    <bigram weight="1" > s prose </bigram>
    <bigram weight="1" > fuller received </bigram>
    <bigram weight="1" > by page </bigram>
    <bigram weight="1" > excursion into </bigram>
    <bigram weight="1" > seen the </bigram>
    <bigram weight="1" > hardly so </bigram>
    <bigram weight="1" > kina newcomb </bigram>
    <bigram weight="1" > concord river </bigram>
    <bigram weight="1" > whose comments </bigram>
    <bigram weight="1" > title that </bigram>
    <bigram weight="1" > draft a </bigram>
    <bigram weight="1" > was simply </bigram>
    <bigram weight="1" > to ful </bigram>
    <bigram weight="1" > in fuller </bigram>
    <bigram weight="1" > atter cunsuilmy </bigram>
    <bigram weight="1" > the connotations </bigram>
    <bigram weight="1" > poem ### </bigram>
    <bigram weight="1" > thoreau on </bigram>
    <bigram weight="1" > pencil led </bigram>
    <bigram weight="1" > and ## </bigram>
    <bigram weight="1" > the paper </bigram>
    <bigram weight="1" > to him </bigram>
    <bigram weight="1" > eight uay </bigram>
    <bigram weight="1" > to merrimack </bigram>
    <bigram weight="1" > six days </bigram>
    <bigram weight="1" > in letters </bigram>
    <bigram weight="1" > her ## </bigram>
    <bigram weight="1" > not conceive </bigram>
    <bigram weight="1" > spicy as </bigram>
    <bigram weight="1" > between me </bigram>
    <bigram weight="1" > thus you </bigram>
    <bigram weight="1" > by john </bigram>
    <bigram weight="1" > tained a </bigram>
    <bigram weight="1" > ms mind </bigram>
    <bigram weight="1" > a direct </bigram>
    <bigram weight="1" > concord saunterer </bigram>
    <bigram weight="1" > hands obviously </bigram>
    <bigram weight="1" > # robert </bigram>
    <bigram weight="1" > a seven </bigram>
    <bigram weight="1" > the histori </bigram>
    <bigram weight="1" > ne altered </bigram>
    <bigram weight="1" > of time </bigram>
    <bigram weight="1" > when he </bigram>
    <bigram weight="1" > e ### </bigram>
    <bigram weight="1" > fuller meant </bigram>
    <bigram weight="1" > inat is </bigram>
    <bigram weight="1" > short time </bigram>
    <bigram weight="1" > she between </bigram>
    <bigram weight="1" > he proposed </bigram>
    <bigram weight="1" > emerson placed </bigram>
    <bigram weight="1" > ### charles </bigram>
    <bigram weight="1" > earlier ### </bigram>
    <bigram weight="1" > a narrative </bigram>
    <bigram weight="1" > who first </bigram>
    <bigram weight="1" > read to </bigram>
    <bigram weight="1" > ### during </bigram>
    <bigram weight="1" > rowed in </bigram>
    <bigram weight="1" > wnen emerson </bigram>
    <bigram weight="1" > and as </bigram>
    <bigram weight="1" > referred to </bigram>
    <bigram weight="1" > ### ana </bigram>
    <bigram weight="1" > princeton edition </bigram>
    <bigram weight="1" > english dictionary </bigram>
    <bigram weight="1" > meant an </bigram>
    <bigram weight="1" > chapters ### </bigram>
    <bigram weight="1" > # if </bigram>
    <bigram weight="1" > of ellen </bigram>
    <bigram weight="1" > ### although </bigram>
    <bigram weight="1" > that visit </bigram>
    <bigram weight="1" > of boating </bigram>
    <bigram weight="1" > s vol </bigram>
    <bigram weight="1" > # i </bigram>
    <bigram weight="1" > my memory </bigram>
    <bigram weight="1" > may speak </bigram>
    <bigram weight="1" > it ### </bigram>
    <bigram weight="1" > an unspecified </bigram>
    <bigram weight="1" > much attention </bigram>
    <bigram weight="1" > # will </bigram>
    <bigram weight="1" > turning point </bigram>
    <bigram weight="1" > indicates that </bigram>
    <bigram weight="1" > declined his </bigram>
    <bigram weight="1" > the account </bigram>
    <bigram weight="1" > were informed </bigram>
    <bigram weight="1" > period of </bigram>
    <bigram weight="1" > possible explanation </bigram>
    <bigram weight="1" > to help </bigram>
    <bigram weight="1" > ### return </bigram>
    <bigram weight="1" > but there </bigram>
    <bigram weight="1" > wrote on </bigram>
    <bigram weight="1" > ni ate </bigram>
    <bigram weight="1" > publishers in </bigram>
    <bigram weight="1" > such a </bigram>
    <bigram weight="1" > boston ### </bigram>
    <bigram weight="1" > made to </bigram>
    <bigram weight="1" > # as </bigram>
    <bigram weight="1" > thoreau then </bigram>
    <bigram weight="1" > your ground </bigram>
    <bigram weight="1" > nonetheless ### </bigram>
    <bigram weight="1" > week make </bigram>
    <bigram weight="1" > fuller before </bigram>
    <bigram weight="1" > lively illustration </bigram>
    <bigram weight="1" > a more </bigram>
    <bigram weight="1" > not send </bigram>
    <bigram weight="1" > proposed in </bigram>
    <bigram weight="1" > ### evidently </bigram>
    <bigram weight="1" > merri ### </bigram>
    <bigram weight="1" > he did </bigram>
    <bigram weight="1" > of an </bigram>
    <bigram weight="1" > # more </bigram>
    <bigram weight="1" > an ### </bigram>
    <bigram weight="1" > days the </bigram>
    <bigram weight="1" > book itself </bigram>
    <bigram weight="1" > iy ### </bigram>
    <bigram weight="1" > will not </bigram>
    <bigram weight="1" > to marry </bigram>
    <bigram weight="1" > emer sons </bigram>
    <bigram weight="1" > letter itself </bigram>
    <bigram weight="1" > biblical overtones </bigram>
    <bigram weight="1" > reply ### </bigram>
    <bigram weight="1" > on uctoder </bigram>
    <bigram weight="1" > thus have </bigram>
    <bigram weight="1" > broad deep </bigram>
    <bigram weight="1" > his case </bigram>
    <bigram weight="1" > declining health </bigram>
    <bigram weight="1" > of another </bigram>
    <bigram weight="1" > had described </bigram>
    <bigram weight="1" > portion of </bigram>
    <bigram weight="1" > john made </bigram>
    <bigram weight="1" > henry furness </bigram>
    <bigram weight="1" > hands ### </bigram>
    <bigram weight="1" > months later </bigram>
    <bigram weight="1" > ### vovaqe </bigram>
    <bigram weight="1" > and then </bigram>
    <bigram weight="1" > of friendship </bigram>
    <bigram weight="1" > young lady </bigram>
    <bigram weight="1" > johnson in </bigram>
    <bigram weight="1" > first referred </bigram>
    <bigram weight="1" > s hands </bigram>
    <bigram weight="1" > six montns </bigram>
    <bigram weight="1" > the eight </bigram>
    <bigram weight="1" > on dune </bigram>
    <bigram weight="1" > october ### </bigram>
    <bigram weight="1" > briefly outlined </bigram>
    <bigram weight="1" > delicacy ### </bigram>
    <bigram weight="1" > thomas blandinq </bigram>
    <bigram weight="1" > sons ### </bigram>
    <bigram weight="1" > the more </bigram>
    <bigram weight="1" > henry thoreau </bigram>
    <bigram weight="1" > moreover ### </bigram>
    <bigram weight="1" > ### at </bigram>
    <bigram weight="1" > un novemder </bigram>
    <bigram weight="1" > ### risis </bigram>
    <bigram weight="1" > thoreau accepted </bigram>
    <bigram weight="1" > severe critique </bigram>
    <bigram weight="1" > thoreau find </bigram>
    <bigram weight="1" > as the </bigram>
    <bigram weight="1" > on emerson </bigram>
    <bigram weight="1" > of ralph </bigram>
    <bigram weight="1" > begun to </bigram>
    <bigram weight="1" > tn julv </bigram>
    <bigram weight="1" > draft in </bigram>
    <bigram weight="1" > merson ### </bigram>
    <bigram weight="1" > we may </bigram>
    <bigram weight="1" > ### jonn </bigram>
    <bigram weight="1" > oxford english </bigram>
    <bigram weight="1" > sne lert </bigram>
    <bigram weight="1" > puz dinq </bigram>
    <bigram weight="1" > detached and </bigram>
    <bigram weight="1" > wmte mountains </bigram>
    <bigram weight="1" > ### see </bigram>
    <bigram weight="1" > to their </bigram>
    <bigram weight="1" > when i </bigram>
    <bigram weight="1" > s projected </bigram>
    <bigram weight="1" > wrote the </bigram>
    <bigram weight="1" > close their </bigram>
    <bigram weight="1" > no need </bigram>
    <bigram weight="1" > and second </bigram>
    <bigram weight="1" > received from </bigram>
    <bigram weight="1" > written by </bigram>
    <bigram weight="1" > ful ### </bigram>
    <bigram weight="1" > later observed </bigram>
    <bigram weight="1" > him to </bigram>
    <bigram weight="1" > have taken </bigram>
    <bigram weight="1" > con tained </bigram>
    <bigram weight="1" > ### j </bigram>
    <bigram weight="1" > father ### </bigram>
    <bigram weight="1" > to it </bigram>
    <bigram weight="1" > ## thoreau </bigram>
    <bigram weight="1" > to identify </bigram>
    <bigram weight="1" > was the </bigram>
    <bigram weight="1" > asking advice </bigram>
    <bigram weight="1" > ### endnotes </bigram>
    <bigram weight="1" > with nature </bigram>
    <bigram weight="1" > s words </bigram>
    <bigram weight="1" > or along </bigram>
    <bigram weight="1" > had for </bigram>
    <bigram weight="1" > fairly common </bigram>
    <bigram weight="1" > transcendentalists ### </bigram>
    <bigram weight="1" > which was </bigram>
    <bigram weight="1" > the transcendentalists </bigram>
    <bigram weight="1" > rps ### </bigram>
    <bigram weight="1" > ### perhaps </bigram>
    <bigram weight="1" > # ralph </bigram>
    <bigram weight="1" > a cryptic </bigram>
    <bigram weight="1" > case either </bigram>
    <bigram weight="1" > that an </bigram>
    <bigram weight="1" > thoreau later </bigram>
    <bigram weight="1" > beautiîul theory </bigram>
    <bigram weight="1" > emersons ### </bigram>
    <bigram weight="1" > ### whose </bigram>
    <bigram weight="1" > have represented </bigram>
    <bigram weight="1" > of one </bigram>
    <bigram weight="1" > fall of </bigram>
    <bigram weight="1" > see walter </bigram>
    <bigram weight="1" > crisis ### </bigram>
    <bigram weight="1" > and illuminating </bigram>
    <bigram weight="1" > and dispassionate </bigram>
    <bigram weight="1" > ### hints </bigram>
    <bigram weight="1" > what the </bigram>
    <bigram weight="1" > the sky </bigram>
    <bigram weight="1" > letter margaret </bigram>
    <bigram weight="1" > the idyll </bigram>
    <bigram weight="1" > in january </bigram>
    <bigram weight="1" > ### could </bigram>
    <bigram weight="1" > thorêâu ### </bigram>
    <bigram weight="1" > in robert </bigram>
    <bigram weight="1" > reaffirmed in </bigram>
    <bigram weight="1" > very much </bigram>
    <bigram weight="1" > a refer </bigram>
    <bigram weight="1" > these particulars </bigram>
    <bigram weight="1" > a recent </bigram>
    <bigram weight="1" > # an </bigram>
    <bigram weight="1" > and the </bigram>
    <bigram weight="1" > reaffirm the </bigram>
    <bigram weight="1" > tor example </bigram>
    <bigram weight="1" > youth and </bigram>
    <bigram weight="1" > was nothing </bigram>
    <bigram weight="1" > with its </bigram>
    <bigram weight="1" > strained by </bigram>
    <bigram weight="1" > days before </bigram>
    <bigram weight="1" > ### johnson </bigram>
    <bigram weight="1" > not conroress </bigram>
    <bigram weight="1" > s life </bigram>
    <bigram weight="1" > of as </bigram>
    <bigram weight="1" > days of </bigram>
    <bigram weight="1" > s gloss </bigram>
    <bigram weight="1" > guest of </bigram>
    <bigram weight="1" > flagroot ### </bigram>
    <bigram weight="1" > a gang </bigram>
    <bigram weight="1" > apparently ### </bigram>
    <bigram weight="1" > or ## </bigram>
    <bigram weight="1" > first accepted </bigram>
    <bigram weight="1" > not actually </bigram>
    <bigram weight="1" > philadelphia ### </bigram>
    <bigram weight="1" > concord merrimack </bigram>
    <bigram weight="1" > own opinion </bigram>
    <bigram weight="1" > oars she </bigram>
    <bigram weight="1" > ### little </bigram>
    <bigram weight="1" > book and </bigram>
    <bigram weight="1" > idyll did </bigram>
    <bigram weight="1" > was broken </bigram>
    <bigram weight="1" > dispassionate ### </bigram>
    <bigram weight="1" > indicates ### </bigram>
    <bigram weight="1" > concord as </bigram>
    <bigram weight="1" > thoreau proposed </bigram>
    <bigram weight="1" > ## but </bigram>
    <bigram weight="1" > ### broad </bigram>
    <bigram weight="1" > common practice </bigram>
    <bigram weight="1" > summarizes ### </bigram>
    <bigram weight="1" > as ### </bigram>
    <bigram weight="1" > illuminating light </bigram>
    <bigram weight="1" > not records </bigram>
    <bigram weight="1" > intensified by </bigram>
    <bigram weight="1" > draft until </bigram>
    <bigram weight="1" > publisher for </bigram>
    <bigram weight="1" > ### would </bigram>
    <bigram weight="1" > and sends </bigram>
    <bigram weight="1" > ### volume </bigram>
    <bigram weight="1" > more immediate </bigram>
    <bigram weight="1" > narrative or </bigram>
    <bigram weight="1" > ### pastoral </bigram>
    <bigram weight="1" > by their </bigram>
    <bigram weight="1" > expressing inter </bigram>
    <bigram weight="1" > was then </bigram>
    <bigram weight="1" > page number </bigram>
    <bigram weight="1" > only a </bigram>
    <bigram weight="1" > emerson asking </bigram>
    <bigram weight="1" > as in </bigram>
    <bigram weight="1" > among the </bigram>
    <bigram weight="1" > other records </bigram>
    <bigram weight="1" > eleven ### </bigram>
    <bigram weight="1" > any case </bigram>
    <bigram weight="1" > ## commenced </bigram>
    <bigram weight="1" > seven davs </bigram>
    <bigram weight="1" > historical introduc </bigram>
    <bigram weight="1" > a piece </bigram>
    <bigram weight="1" > there ### </bigram>
    <bigram weight="1" > ### merson </bigram>
    <bigram weight="1" > them ### </bigram>
    <bigram weight="1" > between october </bigram>
    <bigram weight="1" > identify that </bigram>
    <bigram weight="1" > but swiftly </bigram>
    <bigram weight="1" > note in </bigram>
    <bigram weight="1" > family during </bigram>
    <bigram weight="1" > in as </bigram>
    <bigram weight="1" > in using </bigram>
    <bigram weight="1" > blanding quotes </bigram>
    <bigram weight="1" > tmersons on </bigram>
    <bigram weight="1" > you ### </bigram>
    <bigram weight="1" > blandinq sheds </bigram>
    <bigram weight="1" > ate ly </bigram>
    <bigram weight="1" > me some </bigram>
    <bigram weight="1" > or which </bigram>
    <bigram weight="1" > reemerging when </bigram>
    <bigram weight="1" > into my </bigram>
    <bigram weight="1" > an invitation </bigram>
    <bigram weight="1" > indefinite time </bigram>
    <bigram weight="1" > deal more </bigram>
    <bigram weight="1" > ### apparently </bigram>
    <bigram weight="1" > that connection </bigram>
    <bigram weight="1" > introduction to </bigram>
    <bigram weight="1" > frequently used </bigram>
    <bigram weight="1" > s death </bigram>
    <bigram weight="1" > later revised </bigram>
    <bigram weight="1" > mind and </bigram>
    <bigram weight="1" > he points </bigram>
    <bigram weight="1" > ### following </bigram>
    <bigram weight="1" > and did </bigram>
    <bigram weight="1" > or the </bigram>
    <bigram weight="1" > unfortunate phrase </bigram>
    <bigram weight="1" > s resonant </bigram>
    <bigram weight="1" > would offer </bigram>
    <bigram weight="1" > since ## </bigram>
    <bigram weight="1" > have had </bigram>
    <bigram weight="1" > weeks before </bigram>
    <bigram weight="1" > then decided </bigram>
    <bigram weight="1" > some ### </bigram>
    <bigram weight="1" > his account </bigram>
    <bigram weight="1" > if the </bigram>
    <bigram weight="1" > moderate space </bigram>
    <bigram weight="1" > wisely changed </bigram>
    <bigram weight="1" > i chose </bigram>
    <bigram weight="1" > return rrom </bigram>
    <bigram weight="1" > time fuller </bigram>
    <bigram weight="1" > ### both </bigram>
    <bigram weight="1" > hereafter cited </bigram>
    <bigram weight="1" > the mournful </bigram>
    <bigram weight="1" > one he </bigram>
    <bigram weight="1" > own secret </bigram>
    <bigram weight="1" > vovaqe in </bigram>
    <bigram weight="1" > both had </bigram>
    <bigram weight="1" > was odviousiy </bigram>
    <bigram weight="1" > ### but </bigram>
    <bigram weight="1" > used ### </bigram>
    <bigram weight="1" > cer tainty </bigram>
    <bigram weight="1" > them to </bigram>
    <bigram weight="1" > he was </bigram>
    <bigram weight="1" > with far </bigram>
    <bigram weight="1" > a certain </bigram>
    <bigram weight="1" > as menu </bigram>
    <bigram weight="1" > back of </bigram>
    <bigram weight="1" > thoreau placed </bigram>
    <bigram weight="1" > given the </bigram>
    <bigram weight="1" > perhaps reemerging </bigram>
    <bigram weight="1" > account ### </bigram>
    <bigram weight="1" > line of </bigram>
    <bigram weight="1" > meant exactly </bigram>
    <bigram weight="1" > ## trip </bigram>
    <bigram weight="1" > ### hudspeth </bigram>
    <bigram weight="1" > there is </bigram>
    <bigram weight="1" > voyage were </bigram>
    <bigram weight="1" > of which </bigram>
    <bigram weight="1" > concerned some </bigram>
    <bigram weight="1" > in many </bigram>
    <bigram weight="1" > as i </bigram>
    <bigram weight="1" > moment such </bigram>
    <bigram weight="1" > a sinale </bigram>
    <bigram weight="1" > # common </bigram>
    <bigram weight="1" > ### its </bigram>
    <bigram weight="1" > sinale week </bigram>
    <bigram weight="1" > contents will </bigram>
    <bigram weight="1" > death in </bigram>
    <bigram weight="1" > ### an </bigram>
    <bigram weight="1" > there was </bigram>
    <bigram weight="1" > demonstrated that </bigram>
    <bigram weight="1" > vacation ### </bigram>
    <bigram weight="1" > her father </bigram>
    <bigram weight="1" > first ### </bigram>
    <bigram weight="1" > inoreau naa </bigram>
    <bigram weight="1" > ly after </bigram>
    <bigram weight="1" > but he </bigram>
    <bigram weight="1" > find a </bigram>
    <bigram weight="1" > to ellen </bigram>
    <bigram weight="1" > her hands </bigram>
    <bigram weight="1" > ### tmerson </bigram>
    <bigram weight="1" > blanding has </bigram>
    <bigram weight="1" > like the </bigram>
    <bigram weight="1" > the bonds </bigram>
    <bigram weight="1" > outlined a </bigram>
    <bigram weight="1" > swiftly changed </bigram>
    <bigram weight="1" > # soon </bigram>
    <bigram weight="1" > after that </bigram>
    <bigram weight="1" > particulars ### </bigram>
    <bigram weight="1" > may thus </bigram>
    <bigram weight="1" > over the </bigram>
    <bigram weight="1" > she had </bigram>
    <bigram weight="1" > had fallen </bigram>
    <bigram weight="1" > the other </bigram>
    <bigram weight="1" > will remain </bigram>
</article>
