<?xml version="1.0" encoding="UTF-8"?>
<article id="10.2307/23394617" >
    <bigram weight="12" > ### # </bigram>
    <bigram weight="9" > ### ### </bigram>
    <bigram weight="8" > in the </bigram>
    <bigram weight="8" > ## ### </bigram>
    <bigram weight="6" > stiff neck </bigram>
    <bigram weight="5" > of the </bigram>
    <bigram weight="5" > ### ## </bigram>
    <bigram weight="4" > # ### </bigram>
    <bigram weight="4" > ### s </bigram>
    <bigram weight="3" > old testament </bigram>
    <bigram weight="3" > # in </bigram>
    <bigram weight="3" > neck ### </bigram>
    <bigram weight="3" > thoreau ### </bigram>
    <bigram weight="3" > of his </bigram>
    <bigram weight="2" > older date </bigram>
    <bigram weight="2" > king james </bigram>
    <bigram weight="2" > israelites ### </bigram>
    <bigram weight="2" > ### and </bigram>
    <bigram weight="2" > ### the </bigram>
    <bigram weight="2" > the new </bigram>
    <bigram weight="2" > the old </bigram>
    <bigram weight="2" > walden ### </bigram>
    <bigram weight="2" > # thoreau </bigram>
    <bigram weight="2" > his fireplace </bigram>
    <bigram weight="2" > ### stiffnecked </bigram>
    <bigram weight="2" > the king </bigram>
    <bigram weight="2" > james version </bigram>
    <bigram weight="2" > that would </bigram>
    <bigram weight="2" > the israelites </bigram>
    <bigram weight="2" > as a </bigram>
    <bigram weight="2" > some of </bigram>
    <bigram weight="2" > ### in </bigram>
    <bigram weight="2" > stiffnecked ### </bigram>
    <bigram weight="1" > that his </bigram>
    <bigram weight="1" > long s </bigram>
    <bigram weight="1" > signed out </bigram>
    <bigram weight="1" > se stones </bigram>
    <bigram weight="1" > ### long </bigram>
    <bigram weight="1" > english bible </bigram>
    <bigram weight="1" > moses is </bigram>
    <bigram weight="1" > against god </bigram>
    <bigram weight="1" > than the </bigram>
    <bigram weight="1" > is of </bigram>
    <bigram weight="1" > night he </bigram>
    <bigram weight="1" > his secular </bigram>
    <bigram weight="1" > it to </bigram>
    <bigram weight="1" > might even </bigram>
    <bigram weight="1" > it ### </bigram>
    <bigram weight="1" > who had </bigram>
    <bigram weight="1" > beliefs ### </bigram>
    <bigram weight="1" > was undoubtedly </bigram>
    <bigram weight="1" > a stiff </bigram>
    <bigram weight="1" > went about </bigram>
    <bigram weight="1" > in his </bigram>
    <bigram weight="1" > of walden </bigram>
    <bigram weight="1" > and ethical </bigram>
    <bigram weight="1" > the man </bigram>
    <bigram weight="1" > for i </bigram>
    <bigram weight="1" > of exasperation </bigram>
    <bigram weight="1" > new testament </bigram>
    <bigram weight="1" > the bible </bigram>
    <bigram weight="1" > than a </bigram>
    <bigram weight="1" > the phrase </bigram>
    <bigram weight="1" > he enjoyed </bigram>
    <bigram weight="1" > death ### </bigram>
    <bigram weight="1" > and psalms </bigram>
    <bigram weight="1" > my stiff </bigram>
    <bigram weight="1" > # the </bigram>
    <bigram weight="1" > time he </bigram>
    <bigram weight="1" > or whip </bigram>
    <bigram weight="1" > ### v </bigram>
    <bigram weight="1" > yoke or </bigram>
    <bigram weight="1" > humor a </bigram>
    <bigram weight="1" > r ### </bigram>
    <bigram weight="1" > did not </bigram>
    <bigram weight="1" > yet i </bigram>
    <bigram weight="1" > referring as </bigram>
    <bigram weight="1" > pillow a </bigram>
    <bigram weight="1" > the adjective </bigram>
    <bigram weight="1" > compilation of </bigram>
    <bigram weight="1" > not get </bigram>
    <bigram weight="1" > day ### </bigram>
    <bigram weight="1" > a pillow </bigram>
    <bigram weight="1" > pp ### </bigram>
    <bigram weight="1" > about his </bigram>
    <bigram weight="1" > once in </bigram>
    <bigram weight="1" > his religious </bigram>
    <bigram weight="1" > of an </bigram>
    <bigram weight="1" > ## and </bigram>
    <bigram weight="1" > the use </bigram>
    <bigram weight="1" > and to </bigram>
    <bigram weight="1" > lies the </bigram>
    <bigram weight="1" > and refuse </bigram>
    <bigram weight="1" > metaphor for </bigram>
    <bigram weight="1" > s stiff </bigram>
    <bigram weight="1" > same time </bigram>
    <bigram weight="1" > some times </bigram>
    <bigram weight="1" > verse moses </bigram>
    <bigram weight="1" > heard about </bigram>
    <bigram weight="1" > response to </bigram>
    <bigram weight="1" > moments of </bigram>
    <bigram weight="1" > an older </bigram>
    <bigram weight="1" > religious and </bigram>
    <bigram weight="1" > ### much </bigram>
    <bigram weight="1" > his stiff </bigram>
    <bigram weight="1" > ### stub </bigram>
    <bigram weight="1" > phrase ### </bigram>
    <bigram weight="1" > course of </bigram>
    <bigram weight="1" > secular business </bigram>
    <bigram weight="1" > in moments </bigram>
    <bigram weight="1" > ### this </bigram>
    <bigram weight="1" > foundation if </bigram>
    <bigram weight="1" > ### while </bigram>
    <bigram weight="1" > fhis heanh </bigram>
    <bigram weight="1" > sun day </bigram>
    <bigram weight="1" > was of </bigram>
    <bigram weight="1" > formally signed </bigram>
    <bigram weight="1" > ### as </bigram>
    <bigram weight="1" > commoner is </bigram>
    <bigram weight="1" > an overlooked </bigram>
    <bigram weight="1" > to depict </bigram>
    <bigram weight="1" > thoreau writes </bigram>
    <bigram weight="1" > he used </bigram>
    <bigram weight="1" > so conspicuously </bigram>
    <bigram weight="1" > metaphor that </bigram>
    <bigram weight="1" > by martin </bigram>
    <bigram weight="1" > central aspect </bigram>
    <bigram weight="1" > adjective ### </bigram>
    <bigram weight="1" > from fhis </bigram>
    <bigram weight="1" > ### of </bigram>
    <bigram weight="1" > ber ### </bigram>
    <bigram weight="1" > how much </bigram>
    <bigram weight="1" > and the </bigram>
    <bigram weight="1" > bricks in </bigram>
    <bigram weight="1" > in response </bigram>
    <bigram weight="1" > that whiff </bigram>
    <bigram weight="1" > rebelliousness against </bigram>
    <bigram weight="1" > allusion in </bigram>
    <bigram weight="1" > at the </bigram>
    <bigram weight="1" > # ## </bigram>
    <bigram weight="1" > conspicuously went </bigram>
    <bigram weight="1" > used as </bigram>
    <bigram weight="1" > stiffen their </bigram>
    <bigram weight="1" > ### my </bigram>
    <bigram weight="1" > would appeal </bigram>
    <bigram weight="1" > whiff of </bigram>
    <bigram weight="1" > stub born </bigram>
    <bigram weight="1" > the morning </bigram>
    <bigram weight="1" > ### behold </bigram>
    <bigram weight="1" > get a </bigram>
    <bigram weight="1" > fireplace ### </bigram>
    <bigram weight="1" > on sun </bigram>
    <bigram weight="1" > it is </bigram>
    <bigram weight="1" > go ### </bigram>
    <bigram weight="1" > bible and </bigram>
    <bigram weight="1" > times stiffen </bigram>
    <bigram weight="1" > my incensé </bigram>
    <bigram weight="1" > church and </bigram>
    <bigram weight="1" > exasperation ### </bigram>
    <bigram weight="1" > is rebuking </bigram>
    <bigram weight="1" > cloaking his </bigram>
    <bigram weight="1" > allusions in </bigram>
    <bigram weight="1" > as more </bigram>
    <bigram weight="1" > more after </bigram>
    <bigram weight="1" > ### rhou </bigram>
    <bigram weight="1" > apostasy with </bigram>
    <bigram weight="1" > convey at </bigram>
    <bigram weight="1" > friends ### </bigram>
    <bigram weight="1" > ### thoreau </bigram>
    <bigram weight="1" > the former </bigram>
    <bigram weight="1" > israel ### </bigram>
    <bigram weight="1" > this day </bigram>
    <bigram weight="1" > chapter ### </bigram>
    <bigram weight="1" > the bibli </bigram>
    <bigram weight="1" > ## # </bigram>
    <bigram weight="1" > omits one </bigram>
    <bigram weight="1" > rendered as </bigram>
    <bigram weight="1" > it that </bigram>
    <bigram weight="1" > testament and </bigram>
    <bigram weight="1" > which he </bigram>
    <bigram weight="1" > morning ### </bigram>
    <bigram weight="1" > and unteachableness </bigram>
    <bigram weight="1" > heanh ## </bigram>
    <bigram weight="1" > this is </bigram>
    <bigram weight="1" > about in </bigram>
    <bigram weight="1" > their necks </bigram>
    <bigram weight="1" > his orthodox </bigram>
    <bigram weight="1" > if thoreau </bigram>
    <bigram weight="1" > new english </bigram>
    <bigram weight="1" > rhou my </bigram>
    <bigram weight="1" > doudna larry </bigram>
    <bigram weight="1" > of farm </bigram>
    <bigram weight="1" > cal peoples </bigram>
    <bigram weight="1" > mornings was </bigram>
    <bigram weight="1" > of older </bigram>
    <bigram weight="1" > man who </bigram>
    <bigram weight="1" > former verse </bigram>
    <bigram weight="1" > the night </bigram>
    <bigram weight="1" > martin doudna </bigram>
    <bigram weight="1" > had formally </bigram>
    <bigram weight="1" > to thoreau </bigram>
    <bigram weight="1" > of apostasy </bigram>
    <bigram weight="1" > been rebel </bigram>
    <bigram weight="1" > am yet </bigram>
    <bigram weight="1" > lord ### </bigram>
    <bigram weight="1" > rebellion ### </bigram>
    <bigram weight="1" > s old </bigram>
    <bigram weight="1" > ### yet </bigram>
    <bigram weight="1" > is the </bigram>
    <bigram weight="1" > of course </bigram>
    <bigram weight="1" > enjoyed cloaking </bigram>
    <bigram weight="1" > neck for </bigram>
    <bigram weight="1" > composition of </bigram>
    <bigram weight="1" > ### deuteronomy </bigram>
    <bigram weight="1" > characterize the </bigram>
    <bigram weight="1" > by the </bigram>
    <bigram weight="1" > to characterize </bigram>
    <bigram weight="1" > the american </bigram>
    <bigram weight="1" > ### studies </bigram>
    <bigram weight="1" > the chimney </bigram>
    <bigram weight="1" > writing that </bigram>
    <bigram weight="1" > as it </bigram>
    <bigram weight="1" > necks and </bigram>
    <bigram weight="1" > a central </bigram>
    <bigram weight="1" > born ### </bigram>
    <bigram weight="1" > use it </bigram>
    <bigram weight="1" > s çabm </bigram>
    <bigram weight="1" > that he </bigram>
    <bigram weight="1" > lious against </bigram>
    <bigram weight="1" > refuse to </bigram>
    <bigram weight="1" > by some </bigram>
    <bigram weight="1" > in writing </bigram>
    <bigram weight="1" > remem ber </bigram>
    <bigram weight="1" > times in </bigram>
    <bigram weight="1" > alive with </bigram>
    <bigram weight="1" > a course </bigram>
    <bigram weight="1" > one of </bigram>
    <bigram weight="1" > seven times </bigram>
    <bigram weight="1" > is rendered </bigram>
    <bigram weight="1" > newly laid </bigram>
    <bigram weight="1" > maintained that </bigram>
    <bigram weight="1" > and so </bigram>
    <bigram weight="1" > could use </bigram>
    <bigram weight="1" > was correct </bigram>
    <bigram weight="1" > neck is </bigram>
    <bigram weight="1" > course ### </bigram>
    <bigram weight="1" > neighbors as </bigram>
    <bigram weight="1" > whip ### </bigram>
    <bigram weight="1" > that i </bigram>
    <bigram weight="1" > even have </bigram>
    <bigram weight="1" > v ### </bigram>
    <bigram weight="1" > thy stiff </bigram>
    <bigram weight="1" > born with </bigram>
    <bigram weight="1" > aspect of </bigram>
    <bigram weight="1" > to convey </bigram>
    <bigram weight="1" > ihe ### </bigram>
    <bigram weight="1" > for it </bigram>
    <bigram weight="1" > ### for </bigram>
    <bigram weight="1" > out of </bigram>
    <bigram weight="1" > recalcitrance and </bigram>
    <bigram weight="1" > psalms ## </bigram>
    <bigram weight="1" > the time </bigram>
    <bigram weight="1" > ### se </bigram>
    <bigram weight="1" > regarded by </bigram>
    <bigram weight="1" > much more </bigram>
    <bigram weight="1" > walden by </bigram>
    <bigram weight="1" > american renaissance </bigram>
    <bigram weight="1" > version seven </bigram>
    <bigram weight="1" > upwards v </bigram>
    <bigram weight="1" > used by </bigram>
    <bigram weight="1" > yet alive </bigram>
    <bigram weight="1" > in maiden </bigram>
    <bigram weight="1" > as ### </bigram>
    <bigram weight="1" > against the </bigram>
    <bigram weight="1" > a biblical </bigram>
    <bigram weight="1" > housewarming ### </bigram>
    <bigram weight="1" > ye have </bigram>
    <bigram weight="1" > disappointingly omits </bigram>
    <bigram weight="1" > stones lies </bigram>
    <bigram weight="1" > twice used </bigram>
    <bigram weight="1" > recent compilation </bigram>
    <bigram weight="1" > know thy </bigram>
    <bigram weight="1" > rebel lious </bigram>
    <bigram weight="1" > chimney foundation </bigram>
    <bigram weight="1" > he built </bigram>
    <bigram weight="1" > ### ye </bigram>
    <bigram weight="1" > is twice </bigram>
    <bigram weight="1" > the church </bigram>
    <bigram weight="1" > thoreau was </bigram>
    <bigram weight="1" > i know </bigram>
    <bigram weight="1" > testament lesson </bigram>
    <bigram weight="1" > s rebelliousness </bigram>
    <bigram weight="1" > would some </bigram>
    <bigram weight="1" > ### stiff </bigram>
    <bigram weight="1" > to turn </bigram>
    <bigram weight="1" > i remem </bigram>
    <bigram weight="1" > used in </bigram>
    <bigram weight="1" > and how </bigram>
    <bigram weight="1" > to yoke </bigram>
    <bigram weight="1" > is a </bigram>
    <bigram weight="1" > unlike the </bigram>
    <bigram weight="1" > been born </bigram>
    <bigram weight="1" > more than </bigram>
    <bigram weight="1" > beneafh ihe </bigram>
    <bigram weight="1" > not unlike </bigram>
    <bigram weight="1" > the composition </bigram>
    <bigram weight="1" > with which </bigram>
    <bigram weight="1" > fireplace at </bigram>
    <bigram weight="1" > # some </bigram>
    <bigram weight="1" > day mornings </bigram>
    <bigram weight="1" > çabm ### </bigram>
    <bigram weight="1" > built his </bigram>
    <bigram weight="1" > renaissance ## </bigram>
    <bigram weight="1" > had been </bigram>
    <bigram weight="1" > does to </bigram>
    <bigram weight="1" > my death </bigram>
    <bigram weight="1" > to the </bigram>
    <bigram weight="1" > ### humor </bigram>
    <bigram weight="1" > ### disappointingly </bigram>
    <bigram weight="1" > ones ### </bigram>
    <bigram weight="1" > in walden </bigram>
    <bigram weight="1" > date than </bigram>
    <bigram weight="1" > undoubtedly regarded </bigram>
    <bigram weight="1" > maiden ### </bigram>
    <bigram weight="1" > for israel </bigram>
    <bigram weight="1" > depict with </bigram>
    <bigram weight="1" > ### referring </bigram>
    <bigram weight="1" > of biblical </bigram>
    <bigram weight="1" > the recalcitrance </bigram>
    <bigram weight="1" > the same </bigram>
    <bigram weight="1" > behold ### </bigram>
    <bigram weight="1" > farm animals </bigram>
    <bigram weight="1" > use of </bigram>
    <bigram weight="1" > after my </bigram>
    <bigram weight="1" > lesson ### </bigram>
    <bigram weight="1" > thy rebellion </bigram>
    <bigram weight="1" > they had </bigram>
    <bigram weight="1" > much commoner </bigram>
    <bigram weight="1" > have been </bigram>
    <bigram weight="1" > appeal to </bigram>
    <bigram weight="1" > s recent </bigram>
    <bigram weight="1" > neck was </bigram>
    <bigram weight="1" > ### go </bigram>
    <bigram weight="1" > biblical allusions </bigram>
    <bigram weight="1" > incensé upwards </bigram>
    <bigram weight="1" > rebuking the </bigram>
    <bigram weight="1" > ### is </bigram>
    <bigram weight="1" > testament ### </bigram>
    <bigram weight="1" > testament to </bigram>
    <bigram weight="1" > studies in </bigram>
    <bigram weight="1" > version of </bigram>
    <bigram weight="1" > larry r </bigram>
    <bigram weight="1" > ### might </bigram>
    <bigram weight="1" > # he </bigram>
    <bigram weight="1" > ### pp </bigram>
    <bigram weight="1" > ### not </bigram>
    <bigram weight="1" > a metaphor </bigram>
    <bigram weight="1" > he could </bigram>
    <bigram weight="1" > of newly </bigram>
    <bigram weight="1" > deuteronomy ## </bigram>
    <bigram weight="1" > the choicer </bigram>
    <bigram weight="1" > i am </bigram>
    <bigram weight="1" > personality and </bigram>
    <bigram weight="1" > ### used </bigram>
    <bigram weight="1" > little ### </bigram>
    <bigram weight="1" > have maintained </bigram>
    <bigram weight="1" > the chapter </bigram>
    <bigram weight="1" > his friends </bigram>
    <bigram weight="1" > and once </bigram>
    <bigram weight="1" > biblical allusion </bigram>
    <bigram weight="1" > date ### </bigram>
    <bigram weight="1" > ### housewarming </bigram>
    <bigram weight="1" > bible it </bigram>
    <bigram weight="1" > correct ### </bigram>
    <bigram weight="1" > with you </bigram>
    <bigram weight="1" > at walden </bigram>
    <bigram weight="1" > v from </bigram>
    <bigram weight="1" > with ### </bigram>
    <bigram weight="1" > laid bricks </bigram>
    <bigram weight="1" > while i </bigram>
    <bigram weight="1" > biblical metaphor </bigram>
    <bigram weight="1" > bibli cal </bigram>
    <bigram weight="1" > ### beneafh </bigram>
    <bigram weight="1" > peoples they </bigram>
    <bigram weight="1" > i did </bigram>
    <bigram weight="1" > god ### </bigram>
    <bigram weight="1" > it does </bigram>
    <bigram weight="1" > a little </bigram>
    <bigram weight="1" > writes of </bigram>
    <bigram weight="1" > ### an </bigram>
    <bigram weight="1" > and thy </bigram>
    <bigram weight="1" > turn in </bigram>
    <bigram weight="1" > animals that </bigram>
    <bigram weight="1" > orthodox neighbors </bigram>
    <bigram weight="1" > you this </bigram>
    <bigram weight="1" > unteachableness of </bigram>
    <bigram weight="1" > the lord </bigram>
    <bigram weight="1" > ethical beliefs </bigram>
    <bigram weight="1" > time that </bigram>
    <bigram weight="1" > business on </bigram>
    <bigram weight="1" > overlooked biblical </bigram>
    <bigram weight="1" > his personality </bigram>
    <bigram weight="1" > had heard </bigram>
    <bigram weight="1" > he had </bigram>
    <bigram weight="1" > choicer ones </bigram>
    <bigram weight="1" > with it </bigram>
</article>
