<?xml version="1.0" encoding="UTF-8"?>
<article id="10.2307/23394030" >
    <bigram weight="88" > ### # </bigram>
    <bigram weight="22" > of the </bigram>
    <bigram weight="21" > ### s </bigram>
    <bigram weight="18" > ## ### </bigram>
    <bigram weight="14" > in the </bigram>
    <bigram weight="12" > thoreau ### </bigram>
    <bigram weight="11" > # the </bigram>
    <bigram weight="11" > ### to </bigram>
    <bigram weight="11" > # ### </bigram>
    <bigram weight="11" > it was </bigram>
    <bigram weight="10" > in ## </bigram>
    <bigram weight="10" > ### ### </bigram>
    <bigram weight="9" > of his </bigram>
    <bigram weight="9" > ### the </bigram>
    <bigram weight="9" > ### ## </bigram>
    <bigram weight="8" > # it </bigram>
    <bigram weight="7" > to be </bigram>
    <bigram weight="7" > he was </bigram>
    <bigram weight="7" > ### a </bigram>
    <bigram weight="7" > at the </bigram>
    <bigram weight="6" > to the </bigram>
    <bigram weight="6" > the ### </bigram>
    <bigram weight="6" > from the </bigram>
    <bigram weight="5" > # may </bigram>
    <bigram weight="5" > ### and </bigram>
    <bigram weight="5" > of this </bigram>
    <bigram weight="5" > # thoreau </bigram>
    <bigram weight="5" > may i </bigram>
    <bigram weight="5" > ### for </bigram>
    <bigram weight="5" > # this </bigram>
    <bigram weight="5" > # i </bigram>
    <bigram weight="5" > was to </bigram>
    <bigram weight="5" > of thoreau </bigram>
    <bigram weight="4" > which he </bigram>
    <bigram weight="4" > co ### </bigram>
    <bigram weight="4" > life ### </bigram>
    <bigram weight="4" > five years </bigram>
    <bigram weight="4" > that he </bigram>
    <bigram weight="4" > the end </bigram>
    <bigram weight="4" > in his </bigram>
    <bigram weight="4" > he had </bigram>
    <bigram weight="4" > end of </bigram>
    <bigram weight="4" > # he </bigram>
    <bigram weight="4" > it is </bigram>
    <bigram weight="4" > of a </bigram>
    <bigram weight="4" > was the </bigram>
    <bigram weight="4" > july ## </bigram>
    <bigram weight="4" > for the </bigram>
    <bigram weight="4" > on the </bigram>
    <bigram weight="3" > the editor </bigram>
    <bigram weight="3" > the woods </bigram>
    <bigram weight="3" > # a </bigram>
    <bigram weight="3" > ### of </bigram>
    <bigram weight="3" > walden ### </bigram>
    <bigram weight="3" > part ### </bigram>
    <bigram weight="3" > thoreau was </bigram>
    <bigram weight="3" > horace greeley </bigram>
    <bigram weight="3" > with the </bigram>
    <bigram weight="3" > life in </bigram>
    <bigram weight="3" > woods ### </bigram>
    <bigram weight="3" > in a </bigram>
    <bigram weight="3" > in print </bigram>
    <bigram weight="3" > in part </bigram>
    <bigram weight="3" > that the </bigram>
    <bigram weight="3" > had been </bigram>
    <bigram weight="3" > this was </bigram>
    <bigram weight="3" > published in </bigram>
    <bigram weight="3" > # again </bigram>
    <bigram weight="3" > was a </bigram>
    <bigram weight="3" > to publish </bigram>
    <bigram weight="3" > ticknor co </bigram>
    <bigram weight="3" > ## issue </bigram>
    <bigram weight="3" > by the </bigram>
    <bigram weight="3" > ### walden </bigram>
    <bigram weight="3" > ### that </bigram>
    <bigram weight="3" > concord ### </bigram>
    <bigram weight="3" > agreed to </bigram>
    <bigram weight="3" > first edition </bigram>
    <bigram weight="3" > the first </bigram>
    <bigram weight="3" > ## thoreau </bigram>
    <bigram weight="3" > book ### </bigram>
    <bigram weight="3" > ### in </bigram>
    <bigram weight="2" > by thoreau </bigram>
    <bigram weight="2" > did not </bigram>
    <bigram weight="2" > canada in </bigram>
    <bigram weight="2" > ### where </bigram>
    <bigram weight="2" > walden which </bigram>
    <bigram weight="2" > when thoreau </bigram>
    <bigram weight="2" > called ### </bigram>
    <bigram weight="2" > i will </bigram>
    <bigram weight="2" > monthly ### </bigram>
    <bigram weight="2" > nobility ### </bigram>
    <bigram weight="2" > when the </bigram>
    <bigram weight="2" > it and </bigram>
    <bigram weight="2" > the voice </bigram>
    <bigram weight="2" > which ### </bigram>
    <bigram weight="2" > issue of </bigram>
    <bigram weight="2" > thoreau signed </bigram>
    <bigram weight="2" > to do </bigram>
    <bigram weight="2" > to have </bigram>
    <bigram weight="2" > however ### </bigram>
    <bigram weight="2" > lowell ### </bigram>
    <bigram weight="2" > less than </bigram>
    <bigram weight="2" > his ### </bigram>
    <bigram weight="2" > came to </bigram>
    <bigram weight="2" > the said </bigram>
    <bigram weight="2" > time in </bigram>
    <bigram weight="2" > for walden </bigram>
    <bigram weight="2" > universe ### </bigram>
    <bigram weight="2" > was in </bigram>
    <bigram weight="2" > ### has </bigram>
    <bigram weight="2" > in concord </bigram>
    <bigram weight="2" > which read </bigram>
    <bigram weight="2" > right to </bigram>
    <bigram weight="2" > of my </bigram>
    <bigram weight="2" > the fourth </bigram>
    <bigram weight="2" > ary ## </bigram>
    <bigram weight="2" > thoreau withdrew </bigram>
    <bigram weight="2" > ### after </bigram>
    <bigram weight="2" > the next </bigram>
    <bigram weight="2" > the universe </bigram>
    <bigram weight="2" > the life </bigram>
    <bigram weight="2" > r ### </bigram>
    <bigram weight="2" > and it </bigram>
    <bigram weight="2" > the janu </bigram>
    <bigram weight="2" > with thoreau </bigram>
    <bigram weight="2" > ## in </bigram>
    <bigram weight="2" > of tide </bigram>
    <bigram weight="2" > now ### </bigram>
    <bigram weight="2" > george william </bigram>
    <bigram weight="2" > read in </bigram>
    <bigram weight="2" > ### association </bigram>
    <bigram weight="2" > to give </bigram>
    <bigram weight="2" > to indicate </bigram>
    <bigram weight="2" > beyond the </bigram>
    <bigram weight="2" > is the </bigram>
    <bigram weight="2" > printed in </bigram>
    <bigram weight="2" > # no </bigram>
    <bigram weight="2" > by a </bigram>
    <bigram weight="2" > by his </bigram>
    <bigram weight="2" > of five </bigram>
    <bigram weight="2" > to appear </bigram>
    <bigram weight="2" > passages from </bigram>
    <bigram weight="2" > of concord </bigram>
    <bigram weight="2" > from walden </bigram>
    <bigram weight="2" > ### we </bigram>
    <bigram weight="2" > the author </bigram>
    <bigram weight="2" > and was </bigram>
    <bigram weight="2" > ## it </bigram>
    <bigram weight="2" > reach of </bigram>
    <bigram weight="2" > publish for </bigram>
    <bigram weight="2" > the balance </bigram>
    <bigram weight="2" > cape cod </bigram>
    <bigram weight="2" > said thoreau </bigram>
    <bigram weight="2" > because of </bigram>
    <bigram weight="2" > march ## </bigram>
    <bigram weight="2" > appearance in </bigram>
    <bigram weight="2" > printing of </bigram>
    <bigram weight="2" > this time </bigram>
    <bigram weight="2" > balance of </bigram>
    <bigram weight="2" > ### published </bigram>
    <bigram weight="2" > janu ary </bigram>
    <bigram weight="2" > s writing </bigram>
    <bigram weight="2" > was aware </bigram>
    <bigram weight="2" > the ## </bigram>
    <bigram weight="2" > ### however </bigram>
    <bigram weight="2" > ### by </bigram>
    <bigram weight="2" > association ### </bigram>
    <bigram weight="2" > that time </bigram>
    <bigram weight="2" > # there </bigram>
    <bigram weight="2" > the sea </bigram>
    <bigram weight="2" > withdrew the </bigram>
    <bigram weight="2" > voice of </bigram>
    <bigram weight="2" > ### but </bigram>
    <bigram weight="2" > values ### </bigram>
    <bigram weight="2" > that thoreau </bigram>
    <bigram weight="2" > the printers </bigram>
    <bigram weight="2" > his new </bigram>
    <bigram weight="2" > i am </bigram>
    <bigram weight="2" > poems was </bigram>
    <bigram weight="2" > the right </bigram>
    <bigram weight="2" > followed by </bigram>
    <bigram weight="2" > of all </bigram>
    <bigram weight="2" > the glory </bigram>
    <bigram weight="2" > a man </bigram>
    <bigram weight="2" > gains beyond </bigram>
    <bigram weight="2" > glory of </bigram>
    <bigram weight="2" > which appeared </bigram>
    <bigram weight="2" > march day </bigram>
    <bigram weight="2" > was published </bigram>
    <bigram weight="2" > for a </bigram>
    <bigram weight="2" > editor ### </bigram>
    <bigram weight="2" > no information </bigram>
    <bigram weight="2" > ### as </bigram>
    <bigram weight="2" > paragraphs from </bigram>
    <bigram weight="2" > ### at </bigram>
    <bigram weight="2" > an article </bigram>
    <bigram weight="2" > tide ### </bigram>
    <bigram weight="2" > the massachusetts </bigram>
    <bigram weight="2" > borst ### </bigram>
    <bigram weight="2" > # on </bigram>
    <bigram weight="2" > my daily </bigram>
    <bigram weight="2" > a ### </bigram>
    <bigram weight="2" > and the </bigram>
    <bigram weight="2" > the title </bigram>
    <bigram weight="2" > print ### </bigram>
    <bigram weight="2" > william curtis </bigram>
    <bigram weight="2" > indenture which </bigram>
    <bigram weight="2" > the reach </bigram>
    <bigram weight="2" > per cent </bigram>
    <bigram weight="2" > no less </bigram>
    <bigram weight="2" > them ### </bigram>
    <bigram weight="2" > putnam ### </bigram>
    <bigram weight="2" > time ### </bigram>
    <bigram weight="2" > writing of </bigram>
    <bigram weight="2" > have been </bigram>
    <bigram weight="2" > the editors </bigram>
    <bigram weight="2" > for my </bigram>
    <bigram weight="2" > thoreau had </bigram>
    <bigram weight="2" > a life </bigram>
    <bigram weight="2" > than ## </bigram>
    <bigram weight="2" > there is </bigram>
    <bigram weight="2" > of which </bigram>
    <bigram weight="2" > at that </bigram>
    <bigram weight="2" > eager to </bigram>
    <bigram weight="2" > my gains </bigram>
    <bigram weight="2" > the book </bigram>
    <bigram weight="1" > be found </bigram>
    <bigram weight="1" > journal entry </bigram>
    <bigram weight="1" > other installments </bigram>
    <bigram weight="1" > prepared for </bigram>
    <bigram weight="1" > tribune of </bigram>
    <bigram weight="1" > entire speech </bigram>
    <bigram weight="1" > sea ### </bigram>
    <bigram weight="1" > have made </bigram>
    <bigram weight="1" > of new </bigram>
    <bigram weight="1" > and merri </bigram>
    <bigram weight="1" > several monthly </bigram>
    <bigram weight="1" > set my </bigram>
    <bigram weight="1" > finally printed </bigram>
    <bigram weight="1" > the world </bigram>
    <bigram weight="1" > then misread </bigram>
    <bigram weight="1" > the following </bigram>
    <bigram weight="1" > and that </bigram>
    <bigram weight="1" > of walden </bigram>
    <bigram weight="1" > soul and </bigram>
    <bigram weight="1" > westminster review </bigram>
    <bigram weight="1" > then the </bigram>
    <bigram weight="1" > was fragmentary </bigram>
    <bigram weight="1" > en titled </bigram>
    <bigram weight="1" > sold out </bigram>
    <bigram weight="1" > this title </bigram>
    <bigram weight="1" > ## which </bigram>
    <bigram weight="1" > the maine </bigram>
    <bigram weight="1" > man should </bigram>
    <bigram weight="1" > greatest tax </bigram>
    <bigram weight="1" > two extracts </bigram>
    <bigram weight="1" > ### soul </bigram>
    <bigram weight="1" > he saw </bigram>
    <bigram weight="1" > a strong </bigram>
    <bigram weight="1" > it worthy </bigram>
    <bigram weight="1" > next published </bigram>
    <bigram weight="1" > to exist </bigram>
    <bigram weight="1" > proves ### </bigram>
    <bigram weight="1" > ### aug </bigram>
    <bigram weight="1" > # finally </bigram>
    <bigram weight="1" > an anthology </bigram>
    <bigram weight="1" > man in </bigram>
    <bigram weight="1" > ### whittier </bigram>
    <bigram weight="1" > finally ### </bigram>
    <bigram weight="1" > and in </bigram>
    <bigram weight="1" > to longfellow </bigram>
    <bigram weight="1" > published ### </bigram>
    <bigram weight="1" > # other </bigram>
    <bigram weight="1" > that one </bigram>
    <bigram weight="1" > hill and </bigram>
    <bigram weight="1" > ready to </bigram>
    <bigram weight="1" > january ## </bigram>
    <bigram weight="1" > great waters </bigram>
    <bigram weight="1" > velvet cushion </bigram>
    <bigram weight="1" > it did </bigram>
    <bigram weight="1" > compilation by </bigram>
    <bigram weight="1" > # had </bigram>
    <bigram weight="1" > his poems </bigram>
    <bigram weight="1" > seaside ### </bigram>
    <bigram weight="1" > hermit from </bigram>
    <bigram weight="1" > writing at </bigram>
    <bigram weight="1" > immortality now </bigram>
    <bigram weight="1" > and to </bigram>
    <bigram weight="1" > november sartain </bigram>
    <bigram weight="1" > a review </bigram>
    <bigram weight="1" > were altered </bigram>
    <bigram weight="1" > wanting to </bigram>
    <bigram weight="1" > this seems </bigram>
    <bigram weight="1" > said ticknor </bigram>
    <bigram weight="1" > was redoubling </bigram>
    <bigram weight="1" > massachusetts ### </bigram>
    <bigram weight="1" > boy and </bigram>
    <bigram weight="1" > a year </bigram>
    <bigram weight="1" > a pantheist </bigram>
    <bigram weight="1" > without doubt </bigram>
    <bigram weight="1" > with george </bigram>
    <bigram weight="1" > mild march </bigram>
    <bigram weight="1" > most certainly </bigram>
    <bigram weight="1" > and would </bigram>
    <bigram weight="1" > i ## </bigram>
    <bigram weight="1" > text to </bigram>
    <bigram weight="1" > cussion a </bigram>
    <bigram weight="1" > essay in </bigram>
    <bigram weight="1" > articles which </bigram>
    <bigram weight="1" > doing a </bigram>
    <bigram weight="1" > margin of </bigram>
    <bigram weight="1" > these latter </bigram>
    <bigram weight="1" > the prospectus </bigram>
    <bigram weight="1" > liliiiik ator </bigram>
    <bigram weight="1" > # # </bigram>
    <bigram weight="1" > publisher ### </bigram>
    <bigram weight="1" > # note </bigram>
    <bigram weight="1" > to these </bigram>
    <bigram weight="1" > the deletion </bigram>
    <bigram weight="1" > reprinted in </bigram>
    <bigram weight="1" > putnam to </bigram>
    <bigram weight="1" > by submitting </bigram>
    <bigram weight="1" > the theory </bigram>
    <bigram weight="1" > remaining chapters </bigram>
    <bigram weight="1" > the forthcoming </bigram>
    <bigram weight="1" > ### emerson </bigram>
    <bigram weight="1" > abruptly by </bigram>
    <bigram weight="1" > educational intelligence </bigram>
    <bigram weight="1" > speech at </bigram>
    <bigram weight="1" > ### mass </bigram>
    <bigram weight="1" > manuscript in </bigram>
    <bigram weight="1" > wednesday ### </bigram>
    <bigram weight="1" > # r </bigram>
    <bigram weight="1" > dare as </bigram>
    <bigram weight="1" > old ### </bigram>
    <bigram weight="1" > the ocean </bigram>
    <bigram weight="1" > as even </bigram>
    <bigram weight="1" > long selections </bigram>
    <bigram weight="1" > gain his </bigram>
    <bigram weight="1" > thoreau wrote </bigram>
    <bigram weight="1" > editors asked </bigram>
    <bigram weight="1" > ### book </bigram>
    <bigram weight="1" > george eliot </bigram>
    <bigram weight="1" > journal ### </bigram>
    <bigram weight="1" > this little </bigram>
    <bigram weight="1" > this summer </bigram>
    <bigram weight="1" > the complete </bigram>
    <bigram weight="1" > also easy </bigram>
    <bigram weight="1" > are ### </bigram>
    <bigram weight="1" > intimately connected </bigram>
    <bigram weight="1" > made the </bigram>
    <bigram weight="1" > warrant further </bigram>
    <bigram weight="1" > gone down </bigram>
    <bigram weight="1" > might have </bigram>
    <bigram weight="1" > ellen b </bigram>
    <bigram weight="1" > admirable collection </bigram>
    <bigram weight="1" > sea breezes </bigram>
    <bigram weight="1" > but ## </bigram>
    <bigram weight="1" > is like </bigram>
    <bigram weight="1" > continued ### </bigram>
    <bigram weight="1" > the salt </bigram>
    <bigram weight="1" > first time </bigram>
    <bigram weight="1" > having seen </bigram>
    <bigram weight="1" > contains no </bigram>
    <bigram weight="1" > my nobility </bigram>
    <bigram weight="1" > walden four </bigram>
    <bigram weight="1" > career and </bigram>
    <bigram weight="1" > ### p </bigram>
    <bigram weight="1" > in regard </bigram>
    <bigram weight="1" > on prosper </bigram>
    <bigram weight="1" > to boston </bigram>
    <bigram weight="1" > doubt he </bigram>
    <bigram weight="1" > pay all </bigram>
    <bigram weight="1" > years ### </bigram>
    <bigram weight="1" > nor is </bigram>
    <bigram weight="1" > ator for </bigram>
    <bigram weight="1" > s ### </bigram>
    <bigram weight="1" > sacrifice his </bigram>
    <bigram weight="1" > book walden </bigram>
    <bigram weight="1" > paid ### </bigram>
    <bigram weight="1" > any of </bigram>
    <bigram weight="1" > forthcoming book </bigram>
    <bigram weight="1" > by sojourners </bigram>
    <bigram weight="1" > with horace </bigram>
    <bigram weight="1" > his ear </bigram>
    <bigram weight="1" > the poems </bigram>
    <bigram weight="1" > notices of </bigram>
    <bigram weight="1" > divine values </bigram>
    <bigram weight="1" > decade of </bigram>
    <bigram weight="1" > under this </bigram>
    <bigram weight="1" > take his </bigram>
    <bigram weight="1" > immortality ### </bigram>
    <bigram weight="1" > ## # </bigram>
    <bigram weight="1" > november ## </bigram>
    <bigram weight="1" > would not </bigram>
    <bigram weight="1" > practical educators </bigram>
    <bigram weight="1" > ments in </bigram>
    <bigram weight="1" > maine woods </bigram>
    <bigram weight="1" > decade was </bigram>
    <bigram weight="1" > one ## </bigram>
    <bigram weight="1" > one of </bigram>
    <bigram weight="1" > of two </bigram>
    <bigram weight="1" > the entire </bigram>
    <bigram weight="1" > of humors </bigram>
    <bigram weight="1" > adding an </bigram>
    <bigram weight="1" > blue pencil </bigram>
    <bigram weight="1" > thoreau meant </bigram>
    <bigram weight="1" > anthology for </bigram>
    <bigram weight="1" > bronson alcott </bigram>
    <bigram weight="1" > chapters were </bigram>
    <bigram weight="1" > and with </bigram>
    <bigram weight="1" > back in </bigram>
    <bigram weight="1" > and march </bigram>
    <bigram weight="1" > anthol ogy </bigram>
    <bigram weight="1" > for thought </bigram>
    <bigram weight="1" > recognized by </bigram>
    <bigram weight="1" > not compromise </bigram>
    <bigram weight="1" > spite of </bigram>
    <bigram weight="1" > history as </bigram>
    <bigram weight="1" > hot season </bigram>
    <bigram weight="1" > recognitions of </bigram>
    <bigram weight="1" > cent of </bigram>
    <bigram weight="1" > royalty was </bigram>
    <bigram weight="1" > the hands </bigram>
    <bigram weight="1" > pencil ### </bigram>
    <bigram weight="1" > the beginning </bigram>
    <bigram weight="1" > wads worth </bigram>
    <bigram weight="1" > ### if </bigram>
    <bigram weight="1" > ### suffer </bigram>
    <bigram weight="1" > is no </bigram>
    <bigram weight="1" > case it </bigram>
    <bigram weight="1" > ## first </bigram>
    <bigram weight="1" > success ### </bigram>
    <bigram weight="1" > actual indenture </bigram>
    <bigram weight="1" > my life </bigram>
    <bigram weight="1" > suffered many </bigram>
    <bigram weight="1" > a yankee </bigram>
    <bigram weight="1" > give to </bigram>
    <bigram weight="1" > ### copies </bigram>
    <bigram weight="1" > where he </bigram>
    <bigram weight="1" > information extant </bigram>
    <bigram weight="1" > the writers </bigram>
    <bigram weight="1" > a hunter </bigram>
    <bigram weight="1" > wrote to </bigram>
    <bigram weight="1" > was sold </bigram>
    <bigram weight="1" > several pages </bigram>
    <bigram weight="1" > for there </bigram>
    <bigram weight="1" > est price </bigram>
    <bigram weight="1" > brother chose </bigram>
    <bigram weight="1" > poem from </bigram>
    <bigram weight="1" > arms and </bigram>
    <bigram weight="1" > to pay </bigram>
    <bigram weight="1" > was five </bigram>
    <bigram weight="1" > s boy </bigram>
    <bigram weight="1" > my townsmen </bigram>
    <bigram weight="1" > presents give </bigram>
    <bigram weight="1" > of it </bigram>
    <bigram weight="1" > was anxious </bigram>
    <bigram weight="1" > disappoint ments </bigram>
    <bigram weight="1" > his publisher </bigram>
    <bigram weight="1" > ## attain </bigram>
    <bigram weight="1" > wrote these </bigram>
    <bigram weight="1" > in liter </bigram>
    <bigram weight="1" > ### making </bigram>
    <bigram weight="1" > myself to </bigram>
    <bigram weight="1" > ### john </bigram>
    <bigram weight="1" > ### may </bigram>
    <bigram weight="1" > massachu setts </bigram>
    <bigram weight="1" > had made </bigram>
    <bigram weight="1" > year old </bigram>
    <bigram weight="1" > friction with </bigram>
    <bigram weight="1" > man miffht </bigram>
    <bigram weight="1" > thus changing </bigram>
    <bigram weight="1" > the westminster </bigram>
    <bigram weight="1" > next appearance </bigram>
    <bigram weight="1" > is there </bigram>
    <bigram weight="1" > to canada </bigram>
    <bigram weight="1" > was finally </bigram>
    <bigram weight="1" > on thoreau </bigram>
    <bigram weight="1" > looked ## </bigram>
    <bigram weight="1" > heard ### </bigram>
    <bigram weight="1" > of spring </bigram>
    <bigram weight="1" > taken from </bigram>
    <bigram weight="1" > two other </bigram>
    <bigram weight="1" > curtis and </bigram>
    <bigram weight="1" > volume ### </bigram>
    <bigram weight="1" > the sixth </bigram>
    <bigram weight="1" > # notable </bigram>
    <bigram weight="1" > tiiii ### </bigram>
    <bigram weight="1" > collection of </bigram>
    <bigram weight="1" > in getting </bigram>
    <bigram weight="1" > the existence </bigram>
    <bigram weight="1" > price ### </bigram>
    <bigram weight="1" > extracts from </bigram>
    <bigram weight="1" > curious features </bigram>
    <bigram weight="1" > the words </bigram>
    <bigram weight="1" > ocean and </bigram>
    <bigram weight="1" > in five </bigram>
    <bigram weight="1" > army climbed </bigram>
    <bigram weight="1" > trip to </bigram>
    <bigram weight="1" > spring and </bigram>
    <bigram weight="1" > much of </bigram>
    <bigram weight="1" > view written </bigram>
    <bigram weight="1" > as needed </bigram>
    <bigram weight="1" > new demands </bigram>
    <bigram weight="1" > a thirty </bigram>
    <bigram weight="1" > may ## </bigram>
    <bigram weight="1" > union magazine </bigram>
    <bigram weight="1" > be a </bigram>
    <bigram weight="1" > problems with </bigram>
    <bigram weight="1" > tree ### </bigram>
    <bigram weight="1" > year than </bigram>
    <bigram weight="1" > about this </bigram>
    <bigram weight="1" > ### notice </bigram>
    <bigram weight="1" > walden were </bigram>
    <bigram weight="1" > ceased to </bigram>
    <bigram weight="1" > eliminating certain </bigram>
    <bigram weight="1" > the cyclopaedia </bigram>
    <bigram weight="1" > s brother </bigram>
    <bigram weight="1" > american literature </bigram>
    <bigram weight="1" > home education </bigram>
    <bigram weight="1" > censor ### </bigram>
    <bigram weight="1" > pas sages </bigram>
    <bigram weight="1" > ear and </bigram>
    <bigram weight="1" > again braved </bigram>
    <bigram weight="1" > should warrant </bigram>
    <bigram weight="1" > marked the </bigram>
    <bigram weight="1" > made arrangements </bigram>
    <bigram weight="1" > not be </bigram>
    <bigram weight="1" > new york </bigram>
    <bigram weight="1" > correspondence with </bigram>
    <bigram weight="1" > # that </bigram>
    <bigram weight="1" > eight distinct </bigram>
    <bigram weight="1" > b ### </bigram>
    <bigram weight="1" > february and </bigram>
    <bigram weight="1" > sold at </bigram>
    <bigram weight="1" > review ### </bigram>
    <bigram weight="1" > a stroll </bigram>
    <bigram weight="1" > homes ### </bigram>
    <bigram weight="1" > certain pas </bigram>
    <bigram weight="1" > air was </bigram>
    <bigram weight="1" > printings the </bigram>
    <bigram weight="1" > various persons </bigram>
    <bigram weight="1" > page ## </bigram>
    <bigram weight="1" > a speaker </bigram>
    <bigram weight="1" > this decade </bigram>
    <bigram weight="1" > certain book </bigram>
    <bigram weight="1" > little volume </bigram>
    <bigram weight="1" > out ## </bigram>
    <bigram weight="1" > more it </bigram>
    <bigram weight="1" > w ### </bigram>
    <bigram weight="1" > different possibilities </bigram>
    <bigram weight="1" > passage in </bigram>
    <bigram weight="1" > they had </bigram>
    <bigram weight="1" > editor of </bigram>
    <bigram weight="1" > were printed </bigram>
    <bigram weight="1" > two words </bigram>
    <bigram weight="1" > unlikely if </bigram>
    <bigram weight="1" > these paragraphs </bigram>
    <bigram weight="1" > of great </bigram>
    <bigram weight="1" > a two </bigram>
    <bigram weight="1" > # lowell </bigram>
    <bigram weight="1" > submitting several </bigram>
    <bigram weight="1" > written or </bigram>
    <bigram weight="1" > human values </bigram>
    <bigram weight="1" > channing ### </bigram>
    <bigram weight="1" > life is </bigram>
    <bigram weight="1" > magazine by </bigram>
    <bigram weight="1" > even a </bigram>
    <bigram weight="1" > and of </bigram>
    <bigram weight="1" > and may </bigram>
    <bigram weight="1" > interpreter of </bigram>
    <bigram weight="1" > a sea </bigram>
    <bigram weight="1" > while it </bigram>
    <bigram weight="1" > book for </bigram>
    <bigram weight="1" > ### pp </bigram>
    <bigram weight="1" > to ### </bigram>
    <bigram weight="1" > and additional </bigram>
    <bigram weight="1" > ### so </bigram>
    <bigram weight="1" > yet paid </bigram>
    <bigram weight="1" > daily tribune </bigram>
    <bigram weight="1" > arrangements with </bigram>
    <bigram weight="1" > that of </bigram>
    <bigram weight="1" > lowell because </bigram>
    <bigram weight="1" > copied these </bigram>
    <bigram weight="1" > from hot </bigram>
    <bigram weight="1" > a period </bigram>
    <bigram weight="1" > or a </bigram>
    <bigram weight="1" > while doing </bigram>
    <bigram weight="1" > most containing </bigram>
    <bigram weight="1" > cushion ### </bigram>
    <bigram weight="1" > my days </bigram>
    <bigram weight="1" > the final </bigram>
    <bigram weight="1" > discount from </bigram>
    <bigram weight="1" > immor tality </bigram>
    <bigram weight="1" > the word </bigram>
    <bigram weight="1" > known ralph </bigram>
    <bigram weight="1" > on his </bigram>
    <bigram weight="1" > to sacrifice </bigram>
    <bigram weight="1" > emerson has </bigram>
    <bigram weight="1" > ad vising </bigram>
    <bigram weight="1" > on eliminating </bigram>
    <bigram weight="1" > not only </bigram>
    <bigram weight="1" > rhalatta # </bigram>
    <bigram weight="1" > in may </bigram>
    <bigram weight="1" > been so </bigram>
    <bigram weight="1" > seems unlikely </bigram>
    <bigram weight="1" > youth never </bigram>
    <bigram weight="1" > met in </bigram>
    <bigram weight="1" > ### curious </bigram>
    <bigram weight="1" > me # </bigram>
    <bigram weight="1" > the above </bigram>
    <bigram weight="1" > lifetime ### </bigram>
    <bigram weight="1" > glance at </bigram>
    <bigram weight="1" > ### w </bigram>
    <bigram weight="1" > success the </bigram>
    <bigram weight="1" > was appreciative </bigram>
    <bigram weight="1" > c ### </bigram>
    <bigram weight="1" > read ### </bigram>
    <bigram weight="1" > ### eager </bigram>
    <bigram weight="1" > printers then </bigram>
    <bigram weight="1" > time that </bigram>
    <bigram weight="1" > naught escape </bigram>
    <bigram weight="1" > for shortly </bigram>
    <bigram weight="1" > and enjoy </bigram>
    <bigram weight="1" > been instrumental </bigram>
    <bigram weight="1" > punctuation changes </bigram>
    <bigram weight="1" > series was </bigram>
    <bigram weight="1" > of practical </bigram>
    <bigram weight="1" > the permission </bigram>
    <bigram weight="1" > framingham on </bigram>
    <bigram weight="1" > the walden </bigram>
    <bigram weight="1" > with magazine </bigram>
    <bigram weight="1" > ## five </bigram>
    <bigram weight="1" > year and </bigram>
    <bigram weight="1" > serially an </bigram>
    <bigram weight="1" > his canadian </bigram>
    <bigram weight="1" > it can </bigram>
    <bigram weight="1" > sojourners at </bigram>
    <bigram weight="1" > refused to </bigram>
    <bigram weight="1" > to imply </bigram>
    <bigram weight="1" > j ### </bigram>
    <bigram weight="1" > more of </bigram>
    <bigram weight="1" > world as </bigram>
    <bigram weight="1" > taste and </bigram>
    <bigram weight="1" > with fire </bigram>
    <bigram weight="1" > as with </bigram>
    <bigram weight="1" > his success </bigram>
    <bigram weight="1" > as another </bigram>
    <bigram weight="1" > pray that </bigram>
    <bigram weight="1" > a decade </bigram>
    <bigram weight="1" > tran scend </bigram>
    <bigram weight="1" > magazine editors </bigram>
    <bigram weight="1" > words in </bigram>
    <bigram weight="1" > me ### </bigram>
    <bigram weight="1" > begin this </bigram>
    <bigram weight="1" > # curiously </bigram>
    <bigram weight="1" > poem life </bigram>
    <bigram weight="1" > published writing </bigram>
    <bigram weight="1" > or omitted </bigram>
    <bigram weight="1" > a half </bigram>
    <bigram weight="1" > ### pine </bigram>
    <bigram weight="1" > placed in </bigram>
    <bigram weight="1" > famous ### </bigram>
    <bigram weight="1" > was dropped </bigram>
    <bigram weight="1" > and dis </bigram>
    <bigram weight="1" > notable was </bigram>
    <bigram weight="1" > march ### </bigram>
    <bigram weight="1" > for publication </bigram>
    <bigram weight="1" > latter ### </bigram>
    <bigram weight="1" > forth to </bigram>
    <bigram weight="1" > time he </bigram>
    <bigram weight="1" > compromise ### </bigram>
    <bigram weight="1" > home and </bigram>
    <bigram weight="1" > in tiiii </bigram>
    <bigram weight="1" > # once </bigram>
    <bigram weight="1" > the seaside </bigram>
    <bigram weight="1" > state teachers </bigram>
    <bigram weight="1" > present the </bigram>
    <bigram weight="1" > his manuscript </bigram>
    <bigram weight="1" > the quality </bigram>
    <bigram weight="1" > extremely busy </bigram>
    <bigram weight="1" > the putnam </bigram>
    <bigram weight="1" > thereafter the </bigram>
    <bigram weight="1" > new school </bigram>
    <bigram weight="1" > continued to </bigram>
    <bigram weight="1" > words carry </bigram>
    <bigram weight="1" > his first </bigram>
    <bigram weight="1" > was an </bigram>
    <bigram weight="1" > tality now </bigram>
    <bigram weight="1" > ### houghton </bigram>
    <bigram weight="1" > ### not </bigram>
    <bigram weight="1" > and ## </bigram>
    <bigram weight="1" > # secondly </bigram>
    <bigram weight="1" > pirated for </bigram>
    <bigram weight="1" > lie fair </bigram>
    <bigram weight="1" > page ### </bigram>
    <bigram weight="1" > with alcott </bigram>
    <bigram weight="1" > day in </bigram>
    <bigram weight="1" > a ride </bigram>
    <bigram weight="1" > ### g </bigram>
    <bigram weight="1" > again thoreau </bigram>
    <bigram weight="1" > iron horse </bigram>
    <bigram weight="1" > was ### </bigram>
    <bigram weight="1" > which indicates </bigram>
    <bigram weight="1" > who was </bigram>
    <bigram weight="1" > also by </bigram>
    <bigram weight="1" > side during </bigram>
    <bigram weight="1" > foreign press </bigram>
    <bigram weight="1" > having much </bigram>
    <bigram weight="1" > waters making </bigram>
    <bigram weight="1" > cursory glance </bigram>
    <bigram weight="1" > s friend </bigram>
    <bigram weight="1" > the censor </bigram>
    <bigram weight="1" > installments entitled </bigram>
    <bigram weight="1" > is typical </bigram>
    <bigram weight="1" > by george </bigram>
    <bigram weight="1" > go forth </bigram>
    <bigram weight="1" > interesting items </bigram>
    <bigram weight="1" > the house </bigram>
    <bigram weight="1" > full of </bigram>
    <bigram weight="1" > ### emer </bigram>
    <bigram weight="1" > the old </bigram>
    <bigram weight="1" > reading ### </bigram>
    <bigram weight="1" > the fisher </bigram>
    <bigram weight="1" > pay the </bigram>
    <bigram weight="1" > fisher ### </bigram>
    <bigram weight="1" > thoreau which </bigram>
    <bigram weight="1" > was extremely </bigram>
    <bigram weight="1" > at best </bigram>
    <bigram weight="1" > up their </bigram>
    <bigram weight="1" > redolent of </bigram>
    <bigram weight="1" > and putnam </bigram>
    <bigram weight="1" > the views </bigram>
    <bigram weight="1" > published during </bigram>
    <bigram weight="1" > to his </bigram>
    <bigram weight="1" > like a </bigram>
    <bigram weight="1" > five rather </bigram>
    <bigram weight="1" > a page </bigram>
    <bigram weight="1" > i go </bigram>
    <bigram weight="1" > edition of </bigram>
    <bigram weight="1" > breezes ### </bigram>
    <bigram weight="1" > enough the </bigram>
    <bigram weight="1" > on nahant </bigram>
    <bigram weight="1" > memory ### </bigram>
    <bigram weight="1" > ### suggested </bigram>
    <bigram weight="1" > as cape </bigram>
    <bigram weight="1" > had a </bigram>
    <bigram weight="1" > may be </bigram>
    <bigram weight="1" > # ## </bigram>
    <bigram weight="1" > to discipline </bigram>
    <bigram weight="1" > a third </bigram>
    <bigram weight="1" > an author </bigram>
    <bigram weight="1" > anew as </bigram>
    <bigram weight="1" > pantheist and </bigram>
    <bigram weight="1" > a meditative </bigram>
    <bigram weight="1" > yellowing ### </bigram>
    <bigram weight="1" > the teacher </bigram>
    <bigram weight="1" > it met </bigram>
    <bigram weight="1" > from regarding </bigram>
    <bigram weight="1" > walden was </bigram>
    <bigram weight="1" > had now </bigram>
    <bigram weight="1" > impression of </bigram>
    <bigram weight="1" > they are </bigram>
    <bigram weight="1" > conven tional </bigram>
    <bigram weight="1" > during our </bigram>
    <bigram weight="1" > george palmer </bigram>
    <bigram weight="1" > of american </bigram>
    <bigram weight="1" > which thoreau </bigram>
    <bigram weight="1" > ### lowell </bigram>
    <bigram weight="1" > pantheism ### </bigram>
    <bigram weight="1" > ### six </bigram>
    <bigram weight="1" > s trips </bigram>
    <bigram weight="1" > the second </bigram>
    <bigram weight="1" > be wanting </bigram>
    <bigram weight="1" > fourth of </bigram>
    <bigram weight="1" > issue followed </bigram>
    <bigram weight="1" > ing and </bigram>
    <bigram weight="1" > the poem </bigram>
    <bigram weight="1" > the widely </bigram>
    <bigram weight="1" > canadian trip </bigram>
    <bigram weight="1" > compelled to </bigram>
    <bigram weight="1" > enjoy the </bigram>
    <bigram weight="1" > has but </bigram>
    <bigram weight="1" > upon the </bigram>
    <bigram weight="1" > of ticknor </bigram>
    <bigram weight="1" > ington july </bigram>
    <bigram weight="1" > needed at </bigram>
    <bigram weight="1" > miffht have </bigram>
    <bigram weight="1" > thalatta # </bigram>
    <bigram weight="1" > copies were </bigram>
    <bigram weight="1" > poems more </bigram>
    <bigram weight="1" > on november </bigram>
    <bigram weight="1" > ### james </bigram>
    <bigram weight="1" > # his </bigram>
    <bigram weight="1" > sixteenth of </bigram>
    <bigram weight="1" > copies of </bigram>
    <bigram weight="1" > g ### </bigram>
    <bigram weight="1" > to massachusetts </bigram>
    <bigram weight="1" > him in </bigram>
    <bigram weight="1" > time and </bigram>
    <bigram weight="1" > thoreau agrees </bigram>
    <bigram weight="1" > the pleasure </bigram>
    <bigram weight="1" > of ## </bigram>
    <bigram weight="1" > russell lowell </bigram>
    <bigram weight="1" > ### week </bigram>
    <bigram weight="1" > satellite of </bigram>
    <bigram weight="1" > merri mack </bigram>
    <bigram weight="1" > is possible </bigram>
    <bigram weight="1" > and localities </bigram>
    <bigram weight="1" > determination that </bigram>
    <bigram weight="1" > to discuss </bigram>
    <bigram weight="1" > was taken </bigram>
    <bigram weight="1" > mrs ### </bigram>
    <bigram weight="1" > paid three </bigram>
    <bigram weight="1" > words but </bigram>
    <bigram weight="1" > to take </bigram>
    <bigram weight="1" > never be </bigram>
    <bigram weight="1" > greeley published </bigram>
    <bigram weight="1" > hunter of </bigram>
    <bigram weight="1" > as on </bigram>
    <bigram weight="1" > more or </bigram>
    <bigram weight="1" > with good </bigram>
    <bigram weight="1" > s expedition </bigram>
    <bigram weight="1" > another satellite </bigram>
    <bigram weight="1" > throwing up </bigram>
    <bigram weight="1" > his words </bigram>
    <bigram weight="1" > out of </bigram>
    <bigram weight="1" > improving the </bigram>
    <bigram weight="1" > the association </bigram>
    <bigram weight="1" > wash ington </bigram>
    <bigram weight="1" > collector and </bigram>
    <bigram weight="1" > the selections </bigram>
    <bigram weight="1" > ### entitled </bigram>
    <bigram weight="1" > his poem </bigram>
    <bigram weight="1" > been for </bigram>
    <bigram weight="1" > and punctuation </bigram>
    <bigram weight="1" > liter ary </bigram>
    <bigram weight="1" > set called </bigram>
    <bigram weight="1" > edition was </bigram>
    <bigram weight="1" > s next </bigram>
    <bigram weight="1" > title ### </bigram>
    <bigram weight="1" > and will </bigram>
    <bigram weight="1" > appear in </bigram>
    <bigram weight="1" > again ### </bigram>
    <bigram weight="1" > be worthy </bigram>
    <bigram weight="1" > was with </bigram>
    <bigram weight="1" > ### most </bigram>
    <bigram weight="1" > a short </bigram>
    <bigram weight="1" > wording was </bigram>
    <bigram weight="1" > discipline and </bigram>
    <bigram weight="1" > of any </bigram>
    <bigram weight="1" > also the </bigram>
    <bigram weight="1" > and channing </bigram>
    <bigram weight="1" > at newport </bigram>
    <bigram weight="1" > in school </bigram>
    <bigram weight="1" > school ### </bigram>
    <bigram weight="1" > the actual </bigram>
    <bigram weight="1" > for it </bigram>
    <bigram weight="1" > curiously enough </bigram>
    <bigram weight="1" > scend my </bigram>
    <bigram weight="1" > thoreau as </bigram>
    <bigram weight="1" > curtis ### </bigram>
    <bigram weight="1" > against which </bigram>
    <bigram weight="1" > of july </bigram>
    <bigram weight="1" > books as </bigram>
    <bigram weight="1" > demands on </bigram>
    <bigram weight="1" > setts state </bigram>
    <bigram weight="1" > readers from </bigram>
    <bigram weight="1" > # wednesday </bigram>
    <bigram weight="1" > son or </bigram>
    <bigram weight="1" > be continued </bigram>
    <bigram weight="1" > saw the </bigram>
    <bigram weight="1" > chapter appeared </bigram>
    <bigram weight="1" > in any </bigram>
    <bigram weight="1" > ### said </bigram>
    <bigram weight="1" > house ellen </bigram>
    <bigram weight="1" > after seven </bigram>
    <bigram weight="1" > fire and </bigram>
    <bigram weight="1" > to change </bigram>
    <bigram weight="1" > to gain </bigram>
    <bigram weight="1" > edit ing </bigram>
    <bigram weight="1" > cent discount </bigram>
    <bigram weight="1" > of school </bigram>
    <bigram weight="1" > those who </bigram>
    <bigram weight="1" > sketch and </bigram>
    <bigram weight="1" > be that </bigram>
    <bigram weight="1" > never attained </bigram>
    <bigram weight="1" > in it </bigram>
    <bigram weight="1" > from this </bigram>
    <bigram weight="1" > pressed his </bigram>
    <bigram weight="1" > stroll ### </bigram>
    <bigram weight="1" > have never </bigram>
    <bigram weight="1" > of august </bigram>
    <bigram weight="1" > books ### </bigram>
    <bigram weight="1" > ### there </bigram>
    <bigram weight="1" > the massachu </bigram>
    <bigram weight="1" > suggested by </bigram>
    <bigram weight="1" > to lowell </bigram>
    <bigram weight="1" > misread some </bigram>
    <bigram weight="1" > instruction at </bigram>
    <bigram weight="1" > scarcely fail </bigram>
    <bigram weight="1" > for july </bigram>
    <bigram weight="1" > contemplated writing </bigram>
    <bigram weight="1" > that at </bigram>
    <bigram weight="1" > vising him </bigram>
    <bigram weight="1" > second appearance </bigram>
    <bigram weight="1" > began to </bigram>
    <bigram weight="1" > sense of </bigram>
    <bigram weight="1" > now revised </bigram>
    <bigram weight="1" > the famous </bigram>
    <bigram weight="1" > trip was </bigram>
    <bigram weight="1" > chanticleer be </bigram>
    <bigram weight="1" > the season </bigram>
    <bigram weight="1" > schools in </bigram>
    <bigram weight="1" > walden while </bigram>
    <bigram weight="1" > headed a </bigram>
    <bigram weight="1" > best because </bigram>
    <bigram weight="1" > to guide </bigram>
    <bigram weight="1" > purify myself </bigram>
    <bigram weight="1" > can scarcely </bigram>
    <bigram weight="1" > instrumental in </bigram>
    <bigram weight="1" > his union </bigram>
    <bigram weight="1" > with regarding </bigram>
    <bigram weight="1" > holo graph </bigram>
    <bigram weight="1" > leads ### </bigram>
    <bigram weight="1" > the iron </bigram>
    <bigram weight="1" > his determination </bigram>
    <bigram weight="1" > graph of </bigram>
    <bigram weight="1" > so fully </bigram>
    <bigram weight="1" > ### assured </bigram>
    <bigram weight="1" > monthly chapters </bigram>
    <bigram weight="1" > a printed </bigram>
    <bigram weight="1" > publish serially </bigram>
    <bigram weight="1" > s avowed </bigram>
    <bigram weight="1" > exist ### </bigram>
    <bigram weight="1" > an admirable </bigram>
    <bigram weight="1" > s published </bigram>
    <bigram weight="1" > extracts ### </bigram>
    <bigram weight="1" > for this </bigram>
    <bigram weight="1" > judgement ### </bigram>
    <bigram weight="1" > changes were </bigram>
    <bigram weight="1" > restored ### </bigram>
    <bigram weight="1" > punctuation while </bigram>
    <bigram weight="1" > editors felt </bigram>
    <bigram weight="1" > print was </bigram>
    <bigram weight="1" > was having </bigram>
    <bigram weight="1" > of emerson </bigram>
    <bigram weight="1" > printed when </bigram>
    <bigram weight="1" > thoreau enthusiast </bigram>
    <bigram weight="1" > was full </bigram>
    <bigram weight="1" > several good </bigram>
    <bigram weight="1" > to re </bigram>
    <bigram weight="1" > climbed up </bigram>
    <bigram weight="1" > had it </bigram>
    <bigram weight="1" > ### or </bigram>
    <bigram weight="1" > and its </bigram>
    <bigram weight="1" > available to </bigram>
    <bigram weight="1" > give ### </bigram>
    <bigram weight="1" > education ### </bigram>
    <bigram weight="1" > would have </bigram>
    <bigram weight="1" > that they </bigram>
    <bigram weight="1" > but this </bigram>
    <bigram weight="1" > s request </bigram>
    <bigram weight="1" > and thoreau </bigram>
    <bigram weight="1" > making everything </bigram>
    <bigram weight="1" > ages and </bigram>
    <bigram weight="1" > title for </bigram>
    <bigram weight="1" > original wording </bigram>
    <bigram weight="1" > # rhalatta </bigram>
    <bigram weight="1" > be worthier </bigram>
    <bigram weight="1" > place my </bigram>
    <bigram weight="1" > made from </bigram>
    <bigram weight="1" > was one </bigram>
    <bigram weight="1" > chapter reading </bigram>
    <bigram weight="1" > his cape </bigram>
    <bigram weight="1" > worthy to </bigram>
    <bigram weight="1" > dis cussion </bigram>
    <bigram weight="1" > report the </bigram>
    <bigram weight="1" > was at </bigram>
    <bigram weight="1" > spain to </bigram>
    <bigram weight="1" > who are </bigram>
    <bigram weight="1" > regarding articles </bigram>
    <bigram weight="1" > not to </bigram>
    <bigram weight="1" > the public </bigram>
    <bigram weight="1" > cod in </bigram>
    <bigram weight="1" > thought and </bigram>
    <bigram weight="1" > information available </bigram>
    <bigram weight="1" > stated in </bigram>
    <bigram weight="1" > old english </bigram>
    <bigram weight="1" > the foreign </bigram>
    <bigram weight="1" > aid by </bigram>
    <bigram weight="1" > his own </bigram>
    <bigram weight="1" > known that </bigram>
    <bigram weight="1" > writing ### </bigram>
    <bigram weight="1" > i dare </bigram>
    <bigram weight="1" > would seem </bigram>
    <bigram weight="1" > ihoreauese ### </bigram>
    <bigram weight="1" > excursions ### </bigram>
    <bigram weight="1" > worthier at </bigram>
    <bigram weight="1" > at this </bigram>
    <bigram weight="1" > career ### </bigram>
    <bigram weight="1" > his immortality </bigram>
    <bigram weight="1" > essay raymond </bigram>
    <bigram weight="1" > yankee in </bigram>
    <bigram weight="1" > of bluebirds </bigram>
    <bigram weight="1" > give all </bigram>
    <bigram weight="1" > but they </bigram>
    <bigram weight="1" > found pleasant </bigram>
    <bigram weight="1" > handwriting such </bigram>
    <bigram weight="1" > be known </bigram>
    <bigram weight="1" > what thoreau </bigram>
    <bigram weight="1" > ary history </bigram>
    <bigram weight="1" > four year </bigram>
    <bigram weight="1" > been overlooked </bigram>
    <bigram weight="1" > fair in </bigram>
    <bigram weight="1" > beautiful ### </bigram>
    <bigram weight="1" > writers are </bigram>
    <bigram weight="1" > ber ## </bigram>
    <bigram weight="1" > concord on </bigram>
    <bigram weight="1" > distinct words </bigram>
    <bigram weight="1" > fifteen per </bigram>
    <bigram weight="1" > john sartain </bigram>
    <bigram weight="1" > in canada </bigram>
    <bigram weight="1" > braved the </bigram>
    <bigram weight="1" > got through </bigram>
    <bigram weight="1" > editors ### </bigram>
    <bigram weight="1" > fully recognized </bigram>
    <bigram weight="1" > worth longfellow </bigram>
    <bigram weight="1" > longfellow from </bigram>
    <bigram weight="1" > not give </bigram>
    <bigram weight="1" > our hot </bigram>
    <bigram weight="1" > wording and </bigram>
    <bigram weight="1" > ### vol </bigram>
    <bigram weight="1" > seems to </bigram>
    <bigram weight="1" > and others </bigram>
    <bigram weight="1" > editor who </bigram>
    <bigram weight="1" > selections have </bigram>
    <bigram weight="1" > of poems </bigram>
    <bigram weight="1" > sea change </bigram>
    <bigram weight="1" > the hill </bigram>
    <bigram weight="1" > when it </bigram>
    <bigram weight="1" > which the </bigram>
    <bigram weight="1" > enthusiast ### </bigram>
    <bigram weight="1" > published thoreau </bigram>
    <bigram weight="1" > list price </bigram>
    <bigram weight="1" > port the </bigram>
    <bigram weight="1" > was restored </bigram>
    <bigram weight="1" > request the </bigram>
    <bigram weight="1" > appeared january </bigram>
    <bigram weight="1" > # problems </bigram>
    <bigram weight="1" > and although </bigram>
    <bigram weight="1" > the greatest </bigram>
    <bigram weight="1" > waldo emerson </bigram>
    <bigram weight="1" > prairie or </bigram>
    <bigram weight="1" > routine and </bigram>
    <bigram weight="1" > six long </bigram>
    <bigram weight="1" > school books </bigram>
    <bigram weight="1" > features about </bigram>
    <bigram weight="1" > thousand copies </bigram>
    <bigram weight="1" > that it </bigram>
    <bigram weight="1" > a journal </bigram>
    <bigram weight="1" > and marked </bigram>
    <bigram weight="1" > overlooked by </bigram>
    <bigram weight="1" > nahant ### </bigram>
    <bigram weight="1" > who had </bigram>
    <bigram weight="1" > trips to </bigram>
    <bigram weight="1" > not having </bigram>
    <bigram weight="1" > biographical sketch </bigram>
    <bigram weight="1" > only by </bigram>
    <bigram weight="1" > was so </bigram>
    <bigram weight="1" > adjuncts ### </bigram>
    <bigram weight="1" > and interesting </bigram>
    <bigram weight="1" > ## passages </bigram>
    <bigram weight="1" > gird myself </bigram>
    <bigram weight="1" > make new </bigram>
    <bigram weight="1" > mind with </bigram>
    <bigram weight="1" > # either </bigram>
    <bigram weight="1" > longfellow ### </bigram>
    <bigram weight="1" > he considered </bigram>
    <bigram weight="1" > exactly but </bigram>
    <bigram weight="1" > so report </bigram>
    <bigram weight="1" > month ### </bigram>
    <bigram weight="1" > editor en </bigram>
    <bigram weight="1" > on march </bigram>
    <bigram weight="1" > teach ers </bigram>
    <bigram weight="1" > they were </bigram>
    <bigram weight="1" > at a </bigram>
    <bigram weight="1" > atrocious edit </bigram>
    <bigram weight="1" > of educational </bigram>
    <bigram weight="1" > all i </bigram>
    <bigram weight="1" > ### borst </bigram>
    <bigram weight="1" > that naught </bigram>
    <bigram weight="1" > james russell </bigram>
    <bigram weight="1" > off abruptly </bigram>
    <bigram weight="1" > two thousand </bigram>
    <bigram weight="1" > broken off </bigram>
    <bigram weight="1" > cool margin </bigram>
    <bigram weight="1" > greeley ### </bigram>
    <bigram weight="1" > article ### </bigram>
    <bigram weight="1" > perhaps what </bigram>
    <bigram weight="1" > seven revisions </bigram>
    <bigram weight="1" > # perhaps </bigram>
    <bigram weight="1" > easy to </bigram>
    <bigram weight="1" > a youth </bigram>
    <bigram weight="1" > s second </bigram>
    <bigram weight="1" > would especially </bigram>
    <bigram weight="1" > to read </bigram>
    <bigram weight="1" > term of </bigram>
    <bigram weight="1" > chose to </bigram>
    <bigram weight="1" > to a </bigram>
    <bigram weight="1" > pp ### </bigram>
    <bigram weight="1" > # national </bigram>
    <bigram weight="1" > internationally known </bigram>
    <bigram weight="1" > his chanticleer </bigram>
    <bigram weight="1" > to receive </bigram>
    <bigram weight="1" > give tick </bigram>
    <bigram weight="1" > pleasant reading </bigram>
    <bigram weight="1" > copies as </bigram>
    <bigram weight="1" > installments in </bigram>
    <bigram weight="1" > hurried task </bigram>
    <bigram weight="1" > article came </bigram>
    <bigram weight="1" > the new </bigram>
    <bigram weight="1" > but also </bigram>
    <bigram weight="1" > views and </bigram>
    <bigram weight="1" > journal is </bigram>
    <bigram weight="1" > than he </bigram>
    <bigram weight="1" > thoreau because </bigram>
    <bigram weight="1" > to set </bigram>
    <bigram weight="1" > hot prairie </bigram>
    <bigram weight="1" > teacher editors </bigram>
    <bigram weight="1" > may my </bigram>
    <bigram weight="1" > building of </bigram>
    <bigram weight="1" > after four </bigram>
    <bigram weight="1" > massachusetts teach </bigram>
    <bigram weight="1" > iii ### </bigram>
    <bigram weight="1" > although it </bigram>
    <bigram weight="1" > this journal </bigram>
    <bigram weight="1" > report it </bigram>
    <bigram weight="1" > homer to </bigram>
    <bigram weight="1" > known exactly </bigram>
    <bigram weight="1" > for an </bigram>
    <bigram weight="1" > will never </bigram>
    <bigram weight="1" > concord and </bigram>
    <bigram weight="1" > by printing </bigram>
    <bigram weight="1" > copies sold </bigram>
    <bigram weight="1" > possibility that </bigram>
    <bigram weight="1" > to plague </bigram>
    <bigram weight="1" > installments on </bigram>
    <bigram weight="1" > greeley wrote </bigram>
    <bigram weight="1" > the design </bigram>
    <bigram weight="1" > as not </bigram>
    <bigram weight="1" > ### ticknor </bigram>
    <bigram weight="1" > to so </bigram>
    <bigram weight="1" > hands of </bigram>
    <bigram weight="1" > other writing </bigram>
    <bigram weight="1" > design of </bigram>
    <bigram weight="1" > evidence that </bigram>
    <bigram weight="1" > are also </bigram>
    <bigram weight="1" > the internationally </bigram>
    <bigram weight="1" > indicates that </bigram>
    <bigram weight="1" > used the </bigram>
    <bigram weight="1" > educators in </bigram>
    <bigram weight="1" > were finally </bigram>
    <bigram weight="1" > at thoreau </bigram>
    <bigram weight="1" > fragmentary at </bigram>
    <bigram weight="1" > speaker at </bigram>
    <bigram weight="1" > had written </bigram>
    <bigram weight="1" > sentence ### </bigram>
    <bigram weight="1" > ### velvet </bigram>
    <bigram weight="1" > price of </bigram>
    <bigram weight="1" > felt that </bigram>
    <bigram weight="1" > study ### </bigram>
    <bigram weight="1" > # through </bigram>
    <bigram weight="1" > ### ballou </bigram>
    <bigram weight="1" > was given </bigram>
    <bigram weight="1" > retail ### </bigram>
    <bigram weight="1" > there are </bigram>
    <bigram weight="1" > this reprinting </bigram>
    <bigram weight="1" > mild recognitions </bigram>
    <bigram weight="1" > have copied </bigram>
    <bigram weight="1" > a bath </bigram>
    <bigram weight="1" > the building </bigram>
    <bigram weight="1" > said ### </bigram>
    <bigram weight="1" > to begin </bigram>
    <bigram weight="1" > fever but </bigram>
    <bigram weight="1" > was atrocious </bigram>
    <bigram weight="1" > # without </bigram>
    <bigram weight="1" > the remaining </bigram>
    <bigram weight="1" > less intimately </bigram>
    <bigram weight="1" > a compilation </bigram>
    <bigram weight="1" > the re </bigram>
    <bigram weight="1" > their inland </bigram>
    <bigram weight="1" > he pressed </bigram>
    <bigram weight="1" > altered or </bigram>
    <bigram weight="1" > seen any </bigram>
    <bigram weight="1" > and editor </bigram>
    <bigram weight="1" > anthology was </bigram>
    <bigram weight="1" > letters to </bigram>
    <bigram weight="1" > and water </bigram>
    <bigram weight="1" > reasonable that </bigram>
    <bigram weight="1" > about them </bigram>
    <bigram weight="1" > script in </bigram>
    <bigram weight="1" > titled my </bigram>
    <bigram weight="1" > port its </bigram>
    <bigram weight="1" > printed a </bigram>
    <bigram weight="1" > teacher ### </bigram>
    <bigram weight="1" > finally ready </bigram>
    <bigram weight="1" > mass ### </bigram>
    <bigram weight="1" > pine tree </bigram>
    <bigram weight="1" > pages of </bigram>
    <bigram weight="1" > how the </bigram>
    <bigram weight="1" > this would </bigram>
    <bigram weight="1" > forego the </bigram>
    <bigram weight="1" > in xenophon </bigram>
    <bigram weight="1" > attained # </bigram>
    <bigram weight="1" > author and </bigram>
    <bigram weight="1" > all my </bigram>
    <bigram weight="1" > be in </bigram>
    <bigram weight="1" > revisions walden </bigram>
    <bigram weight="1" > manuscript on </bigram>
    <bigram weight="1" > later by </bigram>
    <bigram weight="1" > the cool </bigram>
    <bigram weight="1" > words was </bigram>
    <bigram weight="1" > ogy thalatta </bigram>
    <bigram weight="1" > words and </bigram>
    <bigram weight="1" > he agreed </bigram>
    <bigram weight="1" > editors said </bigram>
    <bigram weight="1" > ### throwing </bigram>
    <bigram weight="1" > eliot for </bigram>
    <bigram weight="1" > ever paid </bigram>
    <bigram weight="1" > ## dut </bigram>
    <bigram weight="1" > respected critic </bigram>
    <bigram weight="1" > his manu </bigram>
    <bigram weight="1" > entry is </bigram>
    <bigram weight="1" > regard to </bigram>
    <bigram weight="1" > several installments </bigram>
    <bigram weight="1" > imply will </bigram>
    <bigram weight="1" > the controversy </bigram>
    <bigram weight="1" > without charge </bigram>
    <bigram weight="1" > the original </bigram>
    <bigram weight="1" > ## ## </bigram>
    <bigram weight="1" > much correspondence </bigram>
    <bigram weight="1" > read the </bigram>
    <bigram weight="1" > greeley came </bigram>
    <bigram weight="1" > an account </bigram>
    <bigram weight="1" > meditative philosophic </bigram>
    <bigram weight="1" > reprinting ### </bigram>
    <bigram weight="1" > and shouting </bigram>
    <bigram weight="1" > receive ### </bigram>
    <bigram weight="1" > no more </bigram>
    <bigram weight="1" > there evidence </bigram>
    <bigram weight="1" > regarding divine </bigram>
    <bigram weight="1" > fourth chapter </bigram>
    <bigram weight="1" > the sixteenth </bigram>
    <bigram weight="1" > everything about </bigram>
    <bigram weight="1" > ralph waldo </bigram>
    <bigram weight="1" > his constant </bigram>
    <bigram weight="1" > an indenture </bigram>
    <bigram weight="1" > season # </bigram>
    <bigram weight="1" > reviews ### </bigram>
    <bigram weight="1" > task ### </bigram>
    <bigram weight="1" > used for </bigram>
    <bigram weight="1" > give him </bigram>
    <bigram weight="1" > the air </bigram>
    <bigram weight="1" > water ### </bigram>
    <bigram weight="1" > busy on </bigram>
    <bigram weight="1" > became superintendent </bigram>
    <bigram weight="1" > should be </bigram>
    <bigram weight="1" > xenophon ### </bigram>
    <bigram weight="1" > ### celebration </bigram>
    <bigram weight="1" > chap ters </bigram>
    <bigram weight="1" > a hurried </bigram>
    <bigram weight="1" > boston ### </bigram>
    <bigram weight="1" > above essay </bigram>
    <bigram weight="1" > will pay </bigram>
    <bigram weight="1" > along with </bigram>
    <bigram weight="1" > aug ### </bigram>
    <bigram weight="1" > that day </bigram>
    <bigram weight="1" > his writing </bigram>
    <bigram weight="1" > letter to </bigram>
    <bigram weight="1" > asked thoreau </bigram>
    <bigram weight="1" > was restless </bigram>
    <bigram weight="1" > i purify </bigram>
    <bigram weight="1" > am for </bigram>
    <bigram weight="1" > most # </bigram>
    <bigram weight="1" > down in </bigram>
    <bigram weight="1" > proprietor ### </bigram>
    <bigram weight="1" > of teaching </bigram>
    <bigram weight="1" > humorist in </bigram>
    <bigram weight="1" > these presents </bigram>
    <bigram weight="1" > life proves </bigram>
    <bigram weight="1" > printers might </bigram>
    <bigram weight="1" > s schools </bigram>
    <bigram weight="1" > newport ### </bigram>
    <bigram weight="1" > for his </bigram>
    <bigram weight="1" > as adding </bigram>
    <bigram weight="1" > daily life </bigram>
    <bigram weight="1" > form as </bigram>
    <bigram weight="1" > from his </bigram>
    <bigram weight="1" > printed and </bigram>
    <bigram weight="1" > ### i </bigram>
    <bigram weight="1" > third time </bigram>
    <bigram weight="1" > so as </bigram>
    <bigram weight="1" > indicate several </bigram>
    <bigram weight="1" > insisted on </bigram>
    <bigram weight="1" > is to </bigram>
    <bigram weight="1" > ### journal </bigram>
    <bigram weight="1" > if we </bigram>
    <bigram weight="1" > ### author </bigram>
    <bigram weight="1" > ### had </bigram>
    <bigram weight="1" > distracted from </bigram>
    <bigram weight="1" > but it </bigram>
    <bigram weight="1" > the anthol </bigram>
    <bigram weight="1" > experiences of </bigram>
    <bigram weight="1" > relating to </bigram>
    <bigram weight="1" > there seems </bigram>
    <bigram weight="1" > change the </bigram>
    <bigram weight="1" > manu script </bigram>
    <bigram weight="1" > the article </bigram>
    <bigram weight="1" > author began </bigram>
    <bigram weight="1" > my melody </bigram>
    <bigram weight="1" > public ### </bigram>
    <bigram weight="1" > years his </bigram>
    <bigram weight="1" > to place </bigram>
    <bigram weight="1" > henry wads </bigram>
    <bigram weight="1" > change ### </bigram>
    <bigram weight="1" > before his </bigram>
    <bigram weight="1" > magazine ### </bigram>
    <bigram weight="1" > take two </bigram>
    <bigram weight="1" > was pirated </bigram>
    <bigram weight="1" > typical ihoreauese </bigram>
    <bigram weight="1" > and proprietor </bigram>
    <bigram weight="1" > sea side </bigram>
    <bigram weight="1" > ### lips </bigram>
    <bigram weight="1" > again pantheism </bigram>
    <bigram weight="1" > quality of </bigram>
    <bigram weight="1" > a march </bigram>
    <bigram weight="1" > several different </bigram>
    <bigram weight="1" > long paragraphs </bigram>
    <bigram weight="1" > and summer </bigram>
    <bigram weight="1" > at framingham </bigram>
    <bigram weight="1" > copies was </bigram>
    <bigram weight="1" > localities irom </bigram>
    <bigram weight="1" > cod excursions </bigram>
    <bigram weight="1" > waxwork yellowing </bigram>
    <bigram weight="1" > have got </bigram>
    <bigram weight="1" > author is </bigram>
    <bigram weight="1" > lowell had </bigram>
    <bigram weight="1" > city to </bigram>
    <bigram weight="1" > a humorist </bigram>
    <bigram weight="1" > for ### </bigram>
    <bigram weight="1" > inland homes </bigram>
    <bigram weight="1" > ### wash </bigram>
    <bigram weight="1" > dollar ### </bigram>
    <bigram weight="1" > print since </bigram>
    <bigram weight="1" > book form </bigram>
    <bigram weight="1" > whittier which </bigram>
    <bigram weight="1" > alcott became </bigram>
    <bigram weight="1" > as i </bigram>
    <bigram weight="1" > do something </bigram>
    <bigram weight="1" > him that </bigram>
    <bigram weight="1" > that a </bigram>
    <bigram weight="1" > i have </bigram>
    <bigram weight="1" > something in </bigram>
    <bigram weight="1" > thirty four </bigram>
    <bigram weight="1" > in wording </bigram>
    <bigram weight="1" > massachusetts teacher </bigram>
    <bigram weight="1" > friend greeley </bigram>
    <bigram weight="1" > may ever </bigram>
    <bigram weight="1" > mifflin ## </bigram>
    <bigram weight="1" > was now </bigram>
    <bigram weight="1" > the point </bigram>
    <bigram weight="1" > ### while </bigram>
    <bigram weight="1" > or contemplated </bigram>
    <bigram weight="1" > carry much </bigram>
    <bigram weight="1" > emerson along </bigram>
    <bigram weight="1" > summer may </bigram>
    <bigram weight="1" > island ### </bigram>
    <bigram weight="1" > or one </bigram>
    <bigram weight="1" > melody not </bigram>
    <bigram weight="1" > superintendent of </bigram>
    <bigram weight="1" > and experiences </bigram>
    <bigram weight="1" > prosper ### </bigram>
    <bigram weight="1" > years he </bigram>
    <bigram weight="1" > constant friction </bigram>
    <bigram weight="1" > to forego </bigram>
    <bigram weight="1" > in full </bigram>
    <bigram weight="1" > i gird </bigram>
    <bigram weight="1" > aware of </bigram>
    <bigram weight="1" > where the </bigram>
    <bigram weight="1" > ### immortality </bigram>
    <bigram weight="1" > and several </bigram>
    <bigram weight="1" > account of </bigram>
    <bigram weight="1" > of cyrus </bigram>
    <bigram weight="1" > salt sea </bigram>
    <bigram weight="1" > vol ### </bigram>
    <bigram weight="1" > and practice </bigram>
    <bigram weight="1" > the essay </bigram>
    <bigram weight="1" > lips ### </bigram>
    <bigram weight="1" > my success </bigram>
    <bigram weight="1" > written a </bigram>
    <bigram weight="1" > errors ### </bigram>
    <bigram weight="1" > revised his </bigram>
    <bigram weight="1" > discuss all </bigram>
    <bigram weight="1" > have my </bigram>
    <bigram weight="1" > entitled ### </bigram>
    <bigram weight="1" > second impression </bigram>
    <bigram weight="1" > anxious to </bigram>
    <bigram weight="1" > as a </bigram>
    <bigram weight="1" > townsmen ### </bigram>
    <bigram weight="1" > signed on </bigram>
    <bigram weight="1" > words thus </bigram>
    <bigram weight="1" > notice at </bigram>
    <bigram weight="1" > may take </bigram>
    <bigram weight="1" > conventional time </bigram>
    <bigram weight="1" > redoubling his </bigram>
    <bigram weight="1" > readers ### </bigram>
    <bigram weight="1" > possible that </bigram>
    <bigram weight="1" > try excerpts </bigram>
    <bigram weight="1" > is redolent </bigram>
    <bigram weight="1" > indicate how </bigram>
    <bigram weight="1" > s pencil </bigram>
    <bigram weight="1" > in their </bigram>
    <bigram weight="1" > i be </bigram>
    <bigram weight="1" > am eager </bigram>
    <bigram weight="1" > published it </bigram>
    <bigram weight="1" > many disappoint </bigram>
    <bigram weight="1" > august ## </bigram>
    <bigram weight="1" > ### liliiiik </bigram>
    <bigram weight="1" > some of </bigram>
    <bigram weight="1" > is known </bigram>
    <bigram weight="1" > here an </bigram>
    <bigram weight="1" > is reasonable </bigram>
    <bigram weight="1" > three dollars </bigram>
    <bigram weight="1" > # to </bigram>
    <bigram weight="1" > was reprinted </bigram>
    <bigram weight="1" > he leads </bigram>
    <bigram weight="1" > assured it </bigram>
    <bigram weight="1" > him his </bigram>
    <bigram weight="1" > would be </bigram>
    <bigram weight="1" > ### it </bigram>
    <bigram weight="1" > on other </bigram>
    <bigram weight="1" > the great </bigram>
    <bigram weight="1" > it contains </bigram>
    <bigram weight="1" > printing with </bigram>
    <bigram weight="1" > to him </bigram>
    <bigram weight="1" > guide them </bigram>
    <bigram weight="1" > are of </bigram>
    <bigram weight="1" > first chapter </bigram>
    <bigram weight="1" > once more </bigram>
    <bigram weight="1" > the meaning </bigram>
    <bigram weight="1" > in letters </bigram>
    <bigram weight="1" > of passages </bigram>
    <bigram weight="1" > restless not </bigram>
    <bigram weight="1" > will be </bigram>
    <bigram weight="1" > were made </bigram>
    <bigram weight="1" > ### sentence </bigram>
    <bigram weight="1" > its readers </bigram>
    <bigram weight="1" > may have </bigram>
    <bigram weight="1" > signed an </bigram>
    <bigram weight="1" > strong letter </bigram>
    <bigram weight="1" > note ### </bigram>
    <bigram weight="1" > dollars a </bigram>
    <bigram weight="1" > had refused </bigram>
    <bigram weight="1" > avowed pantheism </bigram>
    <bigram weight="1" > season ### </bigram>
    <bigram weight="1" > sartain had </bigram>
    <bigram weight="1" > regarding human </bigram>
    <bigram weight="1" > s blue </bigram>
    <bigram weight="1" > sweltering in </bigram>
    <bigram weight="1" > book by </bigram>
    <bigram weight="1" > to make </bigram>
    <bigram weight="1" > tax ### </bigram>
    <bigram weight="1" > the magazine </bigram>
    <bigram weight="1" > myself anew </bigram>
    <bigram weight="1" > be also </bigram>
    <bigram weight="1" > existence of </bigram>
    <bigram weight="1" > and looked </bigram>
    <bigram weight="1" > been published </bigram>
    <bigram weight="1" > a conven </bigram>
    <bigram weight="1" > four times </bigram>
    <bigram weight="1" > week which </bigram>
    <bigram weight="1" > his aid </bigram>
    <bigram weight="1" > # greeley </bigram>
    <bigram weight="1" > ## followed </bigram>
    <bigram weight="1" > manner unscarred </bigram>
    <bigram weight="1" > certainly would </bigram>
    <bigram weight="1" > all subjects </bigram>
    <bigram weight="1" > ## when </bigram>
    <bigram weight="1" > massachusetts hermit </bigram>
    <bigram weight="1" > it would </bigram>
    <bigram weight="1" > this manuscript </bigram>
    <bigram weight="1" > bibliographers ### </bigram>
    <bigram weight="1" > by any </bigram>
    <bigram weight="1" > my memory </bigram>
    <bigram weight="1" > day he </bigram>
    <bigram weight="1" > it to </bigram>
    <bigram weight="1" > in an </bigram>
    <bigram weight="1" > it ### </bigram>
    <bigram weight="1" > ### against </bigram>
    <bigram weight="1" > ever lie </bigram>
    <bigram weight="1" > period of </bigram>
    <bigram weight="1" > from page </bigram>
    <bigram weight="1" > # two </bigram>
    <bigram weight="1" > s island </bigram>
    <bigram weight="1" > persons in </bigram>
    <bigram weight="1" > suffer a </bigram>
    <bigram weight="1" > and body </bigram>
    <bigram weight="1" > appeared back </bigram>
    <bigram weight="1" > summer well </bigram>
    <bigram weight="1" > these words </bigram>
    <bigram weight="1" > all copies </bigram>
    <bigram weight="1" > short biographical </bigram>
    <bigram weight="1" > writing career </bigram>
    <bigram weight="1" > agrees to </bigram>
    <bigram weight="1" > the possibility </bigram>
    <bigram weight="1" > by j </bigram>
    <bigram weight="1" > considered heretical </bigram>
    <bigram weight="1" > by mrs </bigram>
    <bigram weight="1" > on life </bigram>
    <bigram weight="1" > meaning and </bigram>
    <bigram weight="1" > in my </bigram>
    <bigram weight="1" > ### nobility </bigram>
    <bigram weight="1" > he most </bigram>
    <bigram weight="1" > chapters on </bigram>
    <bigram weight="1" > which stated </bigram>
    <bigram weight="1" > the most </bigram>
    <bigram weight="1" > ## edition </bigram>
    <bigram weight="1" > had agreed </bigram>
    <bigram weight="1" > humors ### </bigram>
    <bigram weight="1" > book collector </bigram>
    <bigram weight="1" > pantheism was </bigram>
    <bigram weight="1" > had insisted </bigram>
    <bigram weight="1" > p ### </bigram>
    <bigram weight="1" > deletion of </bigram>
    <bigram weight="1" > because the </bigram>
    <bigram weight="1" > a cursory </bigram>
    <bigram weight="1" > thalatta ### </bigram>
    <bigram weight="1" > the list </bigram>
    <bigram weight="1" > ## horace </bigram>
    <bigram weight="1" > he did </bigram>
    <bigram weight="1" > an ### </bigram>
    <bigram weight="1" > ## and </bigram>
    <bigram weight="1" > the conventional </bigram>
    <bigram weight="1" > to report </bigram>
    <bigram weight="1" > the concord </bigram>
    <bigram weight="1" > of me </bigram>
    <bigram weight="1" > ## copies </bigram>
    <bigram weight="1" > it not </bigram>
    <bigram weight="1" > ### per </bigram>
    <bigram weight="1" > the errors </bigram>
    <bigram weight="1" > daily routine </bigram>
    <bigram weight="1" > # iii </bigram>
    <bigram weight="1" > others regarding </bigram>
    <bigram weight="1" > s handwriting </bigram>
    <bigram weight="1" > edition without </bigram>
    <bigram weight="1" > teachers ### </bigram>
    <bigram weight="1" > has been </bigram>
    <bigram weight="1" > the july </bigram>
    <bigram weight="1" > ## punctuation </bigram>
    <bigram weight="1" > anna c </bigram>
    <bigram weight="1" > selections headed </bigram>
    <bigram weight="1" > ers ### </bigram>
    <bigram weight="1" > piece ### </bigram>
    <bigram weight="1" > and wished </bigram>
    <bigram weight="1" > subjects relating </bigram>
    <bigram weight="1" > expedition of </bigram>
    <bigram weight="1" > sixth line </bigram>
    <bigram weight="1" > that alcott </bigram>
    <bigram weight="1" > elderberries ### </bigram>
    <bigram weight="1" > days for </bigram>
    <bigram weight="1" > alcott ### </bigram>
    <bigram weight="1" > good reviews </bigram>
    <bigram weight="1" > now out </bigram>
    <bigram weight="1" > or less </bigram>
    <bigram weight="1" > any editor </bigram>
    <bigram weight="1" > the series </bigram>
    <bigram weight="1" > thoreau is </bigram>
    <bigram weight="1" > his trip </bigram>
    <bigram weight="1" > permission of </bigram>
    <bigram weight="1" > long extracts </bigram>
    <bigram weight="1" > a massachusetts </bigram>
    <bigram weight="1" > his career </bigram>
    <bigram weight="1" > thoreau for </bigram>
    <bigram weight="1" > new atlantic </bigram>
    <bigram weight="1" > put out </bigram>
    <bigram weight="1" > fail to </bigram>
    <bigram weight="1" > to use </bigram>
    <bigram weight="1" > review of </bigram>
    <bigram weight="1" > and by </bigram>
    <bigram weight="1" > writing it </bigram>
    <bigram weight="1" > magazine ceased </bigram>
    <bigram weight="1" > by two </bigram>
    <bigram weight="1" > the readers </bigram>
    <bigram weight="1" > on novem </bigram>
    <bigram weight="1" > had prepared </bigram>
    <bigram weight="1" > irom homer </bigram>
    <bigram weight="1" > alcott and </bigram>
    <bigram weight="1" > great est </bigram>
    <bigram weight="1" > during his </bigram>
    <bigram weight="1" > address which </bigram>
    <bigram weight="1" > raymond r </bigram>
    <bigram weight="1" > dropped from </bigram>
    <bigram weight="1" > wish to </bigram>
    <bigram weight="1" > use several </bigram>
    <bigram weight="1" > farm the </bigram>
    <bigram weight="1" > chesuncook had </bigram>
    <bigram weight="1" > critic and </bigram>
    <bigram weight="1" > do it </bigram>
    <bigram weight="1" > appreciative and </bigram>
    <bigram weight="1" > ### george </bigram>
    <bigram weight="1" > their arms </bigram>
    <bigram weight="1" > press ### </bigram>
    <bigram weight="1" > a passage </bigram>
    <bigram weight="1" > re port </bigram>
    <bigram weight="1" > controversy ### </bigram>
    <bigram weight="1" > to tran </bigram>
    <bigram weight="1" > # first </bigram>
    <bigram weight="1" > mack rivers </bigram>
    <bigram weight="1" > copy of </bigram>
    <bigram weight="1" > theory and </bigram>
    <bigram weight="1" > shortly thereafter </bigram>
    <bigram weight="1" > its adjuncts </bigram>
    <bigram weight="1" > widely respected </bigram>
    <bigram weight="1" > meant to </bigram>
    <bigram weight="1" > day when </bigram>
    <bigram weight="1" > and judgement </bigram>
    <bigram weight="1" > his royalty </bigram>
    <bigram weight="1" > chapter ### </bigram>
    <bigram weight="1" > journal of </bigram>
    <bigram weight="1" > raymond borst </bigram>
    <bigram weight="1" > when next </bigram>
    <bigram weight="1" > not been </bigram>
    <bigram weight="1" > the year </bigram>
    <bigram weight="1" > ### under </bigram>
    <bigram weight="1" > have here </bigram>
    <bigram weight="1" > of george </bigram>
    <bigram weight="1" > either man </bigram>
    <bigram weight="1" > will give </bigram>
    <bigram weight="1" > tick nor </bigram>
    <bigram weight="1" > author who </bigram>
    <bigram weight="1" > sartain agreed </bigram>
    <bigram weight="1" > final printing </bigram>
    <bigram weight="1" > thoreau again </bigram>
    <bigram weight="1" > i wish </bigram>
    <bigram weight="1" > be no </bigram>
    <bigram weight="1" > philosophic life </bigram>
    <bigram weight="1" > ## his </bigram>
    <bigram weight="1" > s words </bigram>
    <bigram weight="1" > horse was </bigram>
    <bigram weight="1" > conflict of </bigram>
    <bigram weight="1" > be paid </bigram>
    <bigram weight="1" > as an </bigram>
    <bigram weight="1" > made with </bigram>
    <bigram weight="1" > be fifteen </bigram>
    <bigram weight="1" > the army </bigram>
    <bigram weight="1" > which was </bigram>
    <bigram weight="1" > my immor </bigram>
    <bigram weight="1" > heretical ### </bigram>
    <bigram weight="1" > and home </bigram>
    <bigram weight="1" > to various </bigram>
    <bigram weight="1" > was printed </bigram>
    <bigram weight="1" > to thoreau </bigram>
    <bigram weight="1" > escape me </bigram>
    <bigram weight="1" > thoreau printings </bigram>
    <bigram weight="1" > teaching ### </bigram>
    <bigram weight="1" > a bronson </bigram>
    <bigram weight="1" > a book </bigram>
    <bigram weight="1" > any man </bigram>
    <bigram weight="1" > through horace </bigram>
    <bigram weight="1" > if they </bigram>
    <bigram weight="1" > houghton mifflin </bigram>
    <bigram weight="1" > have gone </bigram>
    <bigram weight="1" > of one </bigram>
    <bigram weight="1" > such as </bigram>
    <bigram weight="1" > own manner </bigram>
    <bigram weight="1" > intelligence ### </bigram>
    <bigram weight="1" > novem ber </bigram>
    <bigram weight="1" > this reprint </bigram>
    <bigram weight="1" > some changes </bigram>
    <bigram weight="1" > celebration at </bigram>
    <bigram weight="1" > connected with </bigram>
    <bigram weight="1" > well ### </bigram>
    <bigram weight="1" > from ### </bigram>
    <bigram weight="1" > york daily </bigram>
    <bigram weight="1" > half later </bigram>
    <bigram weight="1" > ### life </bigram>
    <bigram weight="1" > tional mind </bigram>
    <bigram weight="1" > aware that </bigram>
    <bigram weight="1" > poet buying </bigram>
    <bigram weight="1" > his bibliographers </bigram>
    <bigram weight="1" > bath at </bigram>
    <bigram weight="1" > walden chapter </bigram>
    <bigram weight="1" > was henry </bigram>
    <bigram weight="1" > he ever </bigram>
    <bigram weight="1" > out by </bigram>
    <bigram weight="1" > three installments </bigram>
    <bigram weight="1" > palmer putnam </bigram>
    <bigram weight="1" > rivers ### </bigram>
    <bigram weight="1" > extant which </bigram>
    <bigram weight="1" > worthy of </bigram>
    <bigram weight="1" > so called </bigram>
    <bigram weight="1" > appeared in </bigram>
    <bigram weight="1" > further notices </bigram>
    <bigram weight="1" > while the </bigram>
    <bigram weight="1" > we have </bigram>
    <bigram weight="1" > emerson was </bigram>
    <bigram weight="1" > has used </bigram>
    <bigram weight="1" > his editors </bigram>
    <bigram weight="1" > # three </bigram>
    <bigram weight="1" > given several </bigram>
    <bigram weight="1" > by raymond </bigram>
    <bigram weight="1" > further study </bigram>
    <bigram weight="1" > this essay </bigram>
    <bigram weight="1" > by these </bigram>
    <bigram weight="1" > at retail </bigram>
    <bigram weight="1" > was called </bigram>
    <bigram weight="1" > full in </bigram>
    <bigram weight="1" > spring fever </bigram>
    <bigram weight="1" > had not </bigram>
    <bigram weight="1" > since the </bigram>
    <bigram weight="1" > his books </bigram>
    <bigram weight="1" > next printing </bigram>
    <bigram weight="1" > complete address </bigram>
    <bigram weight="1" > association when </bigram>
    <bigram weight="1" > shouting ### </bigram>
    <bigram weight="1" > pleasure of </bigram>
    <bigram weight="1" > bluebirds ### </bigram>
    <bigram weight="1" > was broken </bigram>
    <bigram weight="1" > # in </bigram>
    <bigram weight="1" > appear ### </bigram>
    <bigram weight="1" > getting the </bigram>
    <bigram weight="1" > or dusty </bigram>
    <bigram weight="1" > were published </bigram>
    <bigram weight="1" > making some </bigram>
    <bigram weight="1" > the interpreter </bigram>
    <bigram weight="1" > point of </bigram>
    <bigram weight="1" > in book </bigram>
    <bigram weight="1" > buying a </bigram>
    <bigram weight="1" > life of </bigram>
    <bigram weight="1" > done # </bigram>
    <bigram weight="1" > omitted ### </bigram>
    <bigram weight="1" > seem to </bigram>
    <bigram weight="1" > s monthly </bigram>
    <bigram weight="1" > as the </bigram>
    <bigram weight="1" > of november </bigram>
    <bigram weight="1" > were used </bigram>
    <bigram weight="1" > the beautiful </bigram>
    <bigram weight="1" > a poet </bigram>
    <bigram weight="1" > pencil of </bigram>
    <bigram weight="1" > be distracted </bigram>
    <bigram weight="1" > ### thalatta </bigram>
    <bigram weight="1" > title when </bigram>
    <bigram weight="1" > to present </bigram>
    <bigram weight="1" > be heard </bigram>
    <bigram weight="1" > and instruction </bigram>
    <bigram weight="1" > ride on </bigram>
    <bigram weight="1" > following ## </bigram>
    <bigram weight="1" > woods was </bigram>
    <bigram weight="1" > man of </bigram>
    <bigram weight="1" > prospectus of </bigram>
    <bigram weight="1" > this spring </bigram>
    <bigram weight="1" > entitled chesuncook </bigram>
    <bigram weight="1" > atlantic monthly </bigram>
    <bigram weight="1" > from spain </bigram>
    <bigram weight="1" > up the </bigram>
    <bigram weight="1" > era ### </bigram>
    <bigram weight="1" > is a </bigram>
    <bigram weight="1" > to try </bigram>
    <bigram weight="1" > containing long </bigram>
    <bigram weight="1" > especially recommend </bigram>
    <bigram weight="1" > the piece </bigram>
    <bigram weight="1" > among the </bigram>
    <bigram weight="1" > reprint should </bigram>
    <bigram weight="1" > cyclopaedia of </bigram>
    <bigram weight="1" > any case </bigram>
    <bigram weight="1" > s magazine </bigram>
    <bigram weight="1" > walden he </bigram>
    <bigram weight="1" > thoreau ad </bigram>
    <bigram weight="1" > and eight </bigram>
    <bigram weight="1" > emer son </bigram>
    <bigram weight="1" > with his </bigram>
    <bigram weight="1" > ### then </bigram>
    <bigram weight="1" > not yet </bigram>
    <bigram weight="1" > to trans </bigram>
    <bigram weight="1" > next month </bigram>
    <bigram weight="1" > dusty city </bigram>
    <bigram weight="1" > practice of </bigram>
    <bigram weight="1" > be placed </bigram>
    <bigram weight="1" > phrases were </bigram>
    <bigram weight="1" > ## of </bigram>
    <bigram weight="1" > plague thoreau </bigram>
    <bigram weight="1" > a farm </bigram>
    <bigram weight="1" > word ### </bigram>
    <bigram weight="1" > times and </bigram>
    <bigram weight="1" > changing the </bigram>
    <bigram weight="1" > # for </bigram>
    <bigram weight="1" > unscarred by </bigram>
    <bigram weight="1" > sages which </bigram>
    <bigram weight="1" > one dollar </bigram>
    <bigram weight="1" > it be </bigram>
    <bigram weight="1" > ## among </bigram>
    <bigram weight="1" > i pray </bigram>
    <bigram weight="1" > of march </bigram>
    <bigram weight="1" > reading were </bigram>
    <bigram weight="1" > other mild </bigram>
    <bigram weight="1" > by those </bigram>
    <bigram weight="1" > possibilities ### </bigram>
    <bigram weight="1" > been printed </bigram>
    <bigram weight="1" > the holo </bigram>
    <bigram weight="1" > article in </bigram>
    <bigram weight="1" > it in </bigram>
    <bigram weight="1" > national era </bigram>
    <bigram weight="1" > were improving </bigram>
    <bigram weight="1" > changes in </bigram>
    <bigram weight="1" > in february </bigram>
    <bigram weight="1" > the term </bigram>
    <bigram weight="1" > ballou ### </bigram>
    <bigram weight="1" > a mild </bigram>
    <bigram weight="1" > through with </bigram>
    <bigram weight="1" > excerpts from </bigram>
    <bigram weight="1" > publication in </bigram>
    <bigram weight="1" > his copy </bigram>
    <bigram weight="1" > re view </bigram>
    <bigram weight="1" > printed text </bigram>
    <bigram weight="1" > it may </bigram>
    <bigram weight="1" > in spite </bigram>
    <bigram weight="1" > # waxwork </bigram>
    <bigram weight="1" > at home </bigram>
    <bigram weight="1" > a week </bigram>
    <bigram weight="1" > ## journal </bigram>
    <bigram weight="1" > literature ### </bigram>
    <bigram weight="1" > the conflict </bigram>
    <bigram weight="1" > been made </bigram>
    <bigram weight="1" > this anthology </bigram>
    <bigram weight="1" > called the </bigram>
    <bigram weight="1" > ## printed </bigram>
    <bigram weight="1" > two volume </bigram>
    <bigram weight="1" > one by </bigram>
    <bigram weight="1" > all ages </bigram>
    <bigram weight="1" > nor co </bigram>
    <bigram weight="1" > attain to </bigram>
    <bigram weight="1" > charge and </bigram>
    <bigram weight="1" > line of </bigram>
    <bigram weight="1" > we may </bigram>
    <bigram weight="1" > greeley and </bigram>
    <bigram weight="1" > four chap </bigram>
    <bigram weight="1" > was put </bigram>
    <bigram weight="1" > week on </bigram>
    <bigram weight="1" > his lifetime </bigram>
    <bigram weight="1" > english sense </bigram>
    <bigram weight="1" > secondly ### </bigram>
    <bigram weight="1" > we would </bigram>
    <bigram weight="1" > had suffered </bigram>
    <bigram weight="1" > edition and </bigram>
    <bigram weight="1" > new book </bigram>
    <bigram weight="1" > cyrus ### </bigram>
    <bigram weight="1" > trans port </bigram>
    <bigram weight="1" > not read </bigram>
    <bigram weight="1" > paid nor </bigram>
    <bigram weight="1" > ### sweltering </bigram>
    <bigram weight="1" > wished to </bigram>
    <bigram weight="1" > years before </bigram>
    <bigram weight="1" > and phrases </bigram>
    <bigram weight="1" > essay and </bigram>
    <bigram weight="1" > first ### </bigram>
    <bigram weight="1" > ters had </bigram>
    <bigram weight="1" > body # </bigram>
    <bigram weight="1" > # elderberries </bigram>
    <bigram weight="1" > good taste </bigram>
    <bigram weight="1" > editors continued </bigram>
    <bigram weight="1" > never done </bigram>
    <bigram weight="1" > to further </bigram>
    <bigram weight="1" > ### anna </bigram>
    <bigram weight="1" > but a </bigram>
    <bigram weight="1" > ### when </bigram>
    <bigram weight="1" > book was </bigram>
    <bigram weight="1" > beginning ### </bigram>
    <bigram weight="1" > rather long </bigram>
    <bigram weight="1" > recommend this </bigram>
    <bigram weight="1" > additional copies </bigram>
    <bigram weight="1" > school and </bigram>
    <bigram weight="1" > a certain </bigram>
    <bigram weight="1" > are compelled </bigram>
    <bigram weight="1" > and a </bigram>
    <bigram weight="1" > volume set </bigram>
    <bigram weight="1" > published by </bigram>
    <bigram weight="1" > items of </bigram>
    <bigram weight="1" > his book </bigram>
    <bigram weight="1" > of print </bigram>
    <bigram weight="1" > dut upon </bigram>
</article>
