<?xml version="1.0" encoding="UTF-8"?>
<article id="10.2307/2379350" >
    <bigram weight="57" > ### # </bigram>
    <bigram weight="19" > ### s </bigram>
    <bigram weight="13" > of the </bigram>
    <bigram weight="12" > ### ### </bigram>
    <bigram weight="11" > ### and </bigram>
    <bigram weight="11" > buranelli ### </bigram>
    <bigram weight="9" > thoreau ### </bigram>
    <bigram weight="8" > in the </bigram>
    <bigram weight="8" > the ### </bigram>
    <bigram weight="7" > ### the </bigram>
    <bigram weight="6" > to live </bigram>
    <bigram weight="5" > thoreau was </bigram>
    <bigram weight="5" > about the </bigram>
    <bigram weight="5" > those who </bigram>
    <bigram weight="5" > of life </bigram>
    <bigram weight="5" > to the </bigram>
    <bigram weight="5" > that thoreau </bigram>
    <bigram weight="5" > all the </bigram>
    <bigram weight="5" > on the </bigram>
    <bigram weight="4" > # but </bigram>
    <bigram weight="4" > of walden </bigram>
    <bigram weight="4" > the woods </bigram>
    <bigram weight="4" > say ### </bigram>
    <bigram weight="4" > ### thoreau </bigram>
    <bigram weight="4" > in which </bigram>
    <bigram weight="4" > life ### </bigram>
    <bigram weight="4" > which he </bigram>
    <bigram weight="4" > in his </bigram>
    <bigram weight="4" > to me </bigram>
    <bigram weight="4" > # to </bigram>
    <bigram weight="4" > kind of </bigram>
    <bigram weight="4" > # in </bigram>
    <bigram weight="3" > the world </bigram>
    <bigram weight="3" > he has </bigram>
    <bigram weight="3" > the point </bigram>
    <bigram weight="3" > that i </bigram>
    <bigram weight="3" > of this </bigram>
    <bigram weight="3" > the kind </bigram>
    <bigram weight="3" > to ### </bigram>
    <bigram weight="3" > in a </bigram>
    <bigram weight="3" > that all </bigram>
    <bigram weight="3" > # thus </bigram>
    <bigram weight="3" > ### buranelli </bigram>
    <bigram weight="3" > # thoreau </bigram>
    <bigram weight="3" > he is </bigram>
    <bigram weight="3" > the same </bigram>
    <bigram weight="3" > of his </bigram>
    <bigram weight="3" > as thoreau </bigram>
    <bigram weight="3" > the pond </bigram>
    <bigram weight="3" > was a </bigram>
    <bigram weight="3" > as he </bigram>
    <bigram weight="3" > just as </bigram>
    <bigram weight="3" > # rather </bigram>
    <bigram weight="3" > ### is </bigram>
    <bigram weight="3" > ### it </bigram>
    <bigram weight="3" > ### that </bigram>
    <bigram weight="3" > at the </bigram>
    <bigram weight="3" > it is </bigram>
    <bigram weight="3" > of a </bigram>
    <bigram weight="2" > things ### </bigram>
    <bigram weight="2" > who can </bigram>
    <bigram weight="2" > # the </bigram>
    <bigram weight="2" > to say </bigram>
    <bigram weight="2" > s case </bigram>
    <bigram weight="2" > it seems </bigram>
    <bigram weight="2" > of consistency </bigram>
    <bigram weight="2" > thus thoreau </bigram>
    <bigram weight="2" > no doubt </bigram>
    <bigram weight="2" > walden ### </bigram>
    <bigram weight="2" > been a </bigram>
    <bigram weight="2" > a mile </bigram>
    <bigram weight="2" > # buranelli </bigram>
    <bigram weight="2" > way ### </bigram>
    <bigram weight="2" > # and </bigram>
    <bigram weight="2" > that buranelli </bigram>
    <bigram weight="2" > a good </bigram>
    <bigram weight="2" > is it </bigram>
    <bigram weight="2" > ### of </bigram>
    <bigram weight="2" > in order </bigram>
    <bigram weight="2" > with the </bigram>
    <bigram weight="2" > better have </bigram>
    <bigram weight="2" > human spirit </bigram>
    <bigram weight="2" > and ### </bigram>
    <bigram weight="2" > world ### </bigram>
    <bigram weight="2" > politics ### </bigram>
    <bigram weight="2" > woods ### </bigram>
    <bigram weight="2" > to be </bigram>
    <bigram weight="2" > than that </bigram>
    <bigram weight="2" > the soul </bigram>
    <bigram weight="2" > time he </bigram>
    <bigram weight="2" > mile from </bigram>
    <bigram weight="2" > s advice </bigram>
    <bigram weight="2" > and the </bigram>
    <bigram weight="2" > s analysis </bigram>
    <bigram weight="2" > ### a </bigram>
    <bigram weight="2" > in politics </bigram>
    <bigram weight="2" > is the </bigram>
    <bigram weight="2" > looked upon </bigram>
    <bigram weight="2" > that he </bigram>
    <bigram weight="2" > would say </bigram>
    <bigram weight="2" > some would </bigram>
    <bigram weight="2" > case ### </bigram>
    <bigram weight="2" > could not </bigram>
    <bigram weight="2" > i had </bigram>
    <bigram weight="2" > shore of </bigram>
    <bigram weight="2" > ### solitary </bigram>
    <bigram weight="2" > order to </bigram>
    <bigram weight="2" > buranelli is </bigram>
    <bigram weight="2" > # he </bigram>
    <bigram weight="2" > these things </bigram>
    <bigram weight="2" > his own </bigram>
    <bigram weight="2" > at walden </bigram>
    <bigram weight="2" > solitary of </bigram>
    <bigram weight="2" > seems to </bigram>
    <bigram weight="2" > ### he </bigram>
    <bigram weight="2" > that is </bigram>
    <bigram weight="2" > # perhaps </bigram>
    <bigram weight="2" > he had </bigram>
    <bigram weight="2" > me that </bigram>
    <bigram weight="2" > might better </bigram>
    <bigram weight="2" > their own </bigram>
    <bigram weight="2" > of john </bigram>
    <bigram weight="2" > would be </bigram>
    <bigram weight="2" > ### i </bigram>
    <bigram weight="2" > ### for </bigram>
    <bigram weight="2" > his day </bigram>
    <bigram weight="2" > day ### </bigram>
    <bigram weight="2" > nature ### </bigram>
    <bigram weight="2" > # yet </bigram>
    <bigram weight="2" > was not </bigram>
    <bigram weight="2" > would have </bigram>
    <bigram weight="2" > perhaps it </bigram>
    <bigram weight="2" > ## ### </bigram>
    <bigram weight="2" > the deepest </bigram>
    <bigram weight="2" > left the </bigram>
    <bigram weight="2" > # it </bigram>
    <bigram weight="2" > to write </bigram>
    <bigram weight="2" > not to </bigram>
    <bigram weight="2" > # i </bigram>
    <bigram weight="2" > a man </bigram>
    <bigram weight="2" > walden and </bigram>
    <bigram weight="2" > it ### </bigram>
    <bigram weight="2" > has never </bigram>
    <bigram weight="2" > the shore </bigram>
    <bigram weight="2" > soul ### </bigram>
    <bigram weight="2" > individual conscience </bigram>
    <bigram weight="2" > ### as </bigram>
    <bigram weight="2" > the soil </bigram>
    <bigram weight="2" > to all </bigram>
    <bigram weight="2" > logical consequences </bigram>
    <bigram weight="2" > such as </bigram>
    <bigram weight="2" > is not </bigram>
    <bigram weight="2" > a pond </bigram>
    <bigram weight="2" > the human </bigram>
    <bigram weight="2" > of thoreau </bigram>
    <bigram weight="2" > and thus </bigram>
    <bigram weight="2" > point of </bigram>
    <bigram weight="2" > i went </bigram>
    <bigram weight="2" > for the </bigram>
    <bigram weight="2" > john brown </bigram>
    <bigram weight="2" > have been </bigram>
    <bigram weight="2" > a life </bigram>
    <bigram weight="2" > he would </bigram>
    <bigram weight="2" > ### in </bigram>
    <bigram weight="2" > ### some </bigram>
    <bigram weight="2" > seemed to </bigram>
    <bigram weight="2" > ### when </bigram>
    <bigram weight="2" > rather ### </bigram>
    <bigram weight="2" > of their </bigram>
    <bigram weight="1" > who knew </bigram>
    <bigram weight="1" > is just </bigram>
    <bigram weight="1" > not learn </bigram>
    <bigram weight="1" > and an </bigram>
    <bigram weight="1" > some thoughts </bigram>
    <bigram weight="1" > s slashing </bigram>
    <bigram weight="1" > by thoreau </bigram>
    <bigram weight="1" > called upon </bigram>
    <bigram weight="1" > music as </bigram>
    <bigram weight="1" > conclusion ### </bigram>
    <bigram weight="1" > i left </bigram>
    <bigram weight="1" > cannot be </bigram>
    <bigram weight="1" > fanatic in </bigram>
    <bigram weight="1" > have thoreau </bigram>
    <bigram weight="1" > soaring regions </bigram>
    <bigram weight="1" > its author </bigram>
    <bigram weight="1" > for inadequacies </bigram>
    <bigram weight="1" > and live </bigram>
    <bigram weight="1" > took thoreau </bigram>
    <bigram weight="1" > the political </bigram>
    <bigram weight="1" > ### on </bigram>
    <bigram weight="1" > did not </bigram>
    <bigram weight="1" > often succeed </bigram>
    <bigram weight="1" > to beckon </bigram>
    <bigram weight="1" > a rather </bigram>
    <bigram weight="1" > and in </bigram>
    <bigram weight="1" > are willing </bigram>
    <bigram weight="1" > that one </bigram>
    <bigram weight="1" > # a </bigram>
    <bigram weight="1" > ### suggests </bigram>
    <bigram weight="1" > teach ### </bigram>
    <bigram weight="1" > ossawatomie and </bigram>
    <bigram weight="1" > most ### </bigram>
    <bigram weight="1" > least a </bigram>
    <bigram weight="1" > and left </bigram>
    <bigram weight="1" > upon every </bigram>
    <bigram weight="1" > device to </bigram>
    <bigram weight="1" > massachusetts ### </bigram>
    <bigram weight="1" > ### where </bigram>
    <bigram weight="1" > inspire the </bigram>
    <bigram weight="1" > and he </bigram>
    <bigram weight="1" > importance to </bigram>
    <bigram weight="1" > too much </bigram>
    <bigram weight="1" > ventured to </bigram>
    <bigram weight="1" > or need </bigram>
    <bigram weight="1" > beings are </bigram>
    <bigram weight="1" > man ### </bigram>
    <bigram weight="1" > one has </bigram>
    <bigram weight="1" > not see </bigram>
    <bigram weight="1" > sounder thoughts </bigram>
    <bigram weight="1" > walden to </bigram>
    <bigram weight="1" > and reflected </bigram>
    <bigram weight="1" > and variety </bigram>
    <bigram weight="1" > lucidity unequaled </bigram>
    <bigram weight="1" > as possible </bigram>
    <bigram weight="1" > only the </bigram>
    <bigram weight="1" > because i </bigram>
    <bigram weight="1" > life devoted </bigram>
    <bigram weight="1" > retreat to </bigram>
    <bigram weight="1" > brown ### </bigram>
    <bigram weight="1" > blame for </bigram>
    <bigram weight="1" > follow his </bigram>
    <bigram weight="1" > hears ### </bigram>
    <bigram weight="1" > ### to </bigram>
    <bigram weight="1" > of idleness </bigram>
    <bigram weight="1" > i will </bigram>
    <bigram weight="1" > civil disobedience </bigram>
    <bigram weight="1" > a device </bigram>
    <bigram weight="1" > has striven </bigram>
    <bigram weight="1" > live assuming </bigram>
    <bigram weight="1" > what does </bigram>
    <bigram weight="1" > the marrow </bigram>
    <bigram weight="1" > and not </bigram>
    <bigram weight="1" > at its </bigram>
    <bigram weight="1" > a less </bigram>
    <bigram weight="1" > thoreau wrote </bigram>
    <bigram weight="1" > heart of </bigram>
    <bigram weight="1" > enable him </bigram>
    <bigram weight="1" > he wrote </bigram>
    <bigram weight="1" > journal ### </bigram>
    <bigram weight="1" > logical conclusion </bigram>
    <bigram weight="1" > of these </bigram>
    <bigram weight="1" > his attack </bigram>
    <bigram weight="1" > after reading </bigram>
    <bigram weight="1" > emerson ### </bigram>
    <bigram weight="1" > terms ### </bigram>
    <bigram weight="1" > the gravest </bigram>
    <bigram weight="1" > his irresponsibility </bigram>
    <bigram weight="1" > a final </bigram>
    <bigram weight="1" > the frying </bigram>
    <bigram weight="1" > occupied by </bigram>
    <bigram weight="1" > space occupied </bigram>
    <bigram weight="1" > of watching </bigram>
    <bigram weight="1" > life for </bigram>
    <bigram weight="1" > s condescending </bigram>
    <bigram weight="1" > tendency widely </bigram>
    <bigram weight="1" > ice melt </bigram>
    <bigram weight="1" > which makes </bigram>
    <bigram weight="1" > the ebb </bigram>
    <bigram weight="1" > further ### </bigram>
    <bigram weight="1" > matters ### </bigram>
    <bigram weight="1" > soil ### </bigram>
    <bigram weight="1" > makes buranelli </bigram>
    <bigram weight="1" > depended on </bigram>
    <bigram weight="1" > s ### </bigram>
    <bigram weight="1" > thoreau can </bigram>
    <bigram weight="1" > terrible schoolteacher </bigram>
    <bigram weight="1" > preached ### </bigram>
    <bigram weight="1" > thus is </bigram>
    <bigram weight="1" > pond to </bigram>
    <bigram weight="1" > world which </bigram>
    <bigram weight="1" > condescending position </bigram>
    <bigram weight="1" > ### about </bigram>
    <bigram weight="1" > own lives </bigram>
    <bigram weight="1" > the tools </bigram>
    <bigram weight="1" > of finding </bigram>
    <bigram weight="1" > which ### </bigram>
    <bigram weight="1" > for that </bigram>
    <bigram weight="1" > same magnificent </bigram>
    <bigram weight="1" > demand that </bigram>
    <bigram weight="1" > imitate his </bigram>
    <bigram weight="1" > but ### </bigram>
    <bigram weight="1" > perhaps those </bigram>
    <bigram weight="1" > capable ### </bigram>
    <bigram weight="1" > idleness into </bigram>
    <bigram weight="1" > # instead </bigram>
    <bigram weight="1" > perhaps a </bigram>
    <bigram weight="1" > ### having </bigram>
    <bigram weight="1" > is far </bigram>
    <bigram weight="1" > war at </bigram>
    <bigram weight="1" > and flow </bigram>
    <bigram weight="1" > not lived </bigram>
    <bigram weight="1" > to have </bigram>
    <bigram weight="1" > generally ### </bigram>
    <bigram weight="1" > however ### </bigram>
    <bigram weight="1" > he might </bigram>
    <bigram weight="1" > thoreau printed </bigram>
    <bigram weight="1" > other person </bigram>
    <bigram weight="1" > better than </bigram>
    <bigram weight="1" > essays about </bigram>
    <bigram weight="1" > by the </bigram>
    <bigram weight="1" > ### squarely </bigram>
    <bigram weight="1" > can dwell </bigram>
    <bigram weight="1" > critique that </bigram>
    <bigram weight="1" > at thoreau </bigram>
    <bigram weight="1" > spirit can </bigram>
    <bigram weight="1" > ### if </bigram>
    <bigram weight="1" > life generally </bigram>
    <bigram weight="1" > to office </bigram>
    <bigram weight="1" > ### which </bigram>
    <bigram weight="1" > wisdom of </bigram>
    <bigram weight="1" > l ### </bigram>
    <bigram weight="1" > and escape </bigram>
    <bigram weight="1" > ### shallow </bigram>
    <bigram weight="1" > where he </bigram>
    <bigram weight="1" > ### tilt </bigram>
    <bigram weight="1" > remember emerson </bigram>
    <bigram weight="1" > thoreau led </bigram>
    <bigram weight="1" > case for </bigram>
    <bigram weight="1" > perhaps has </bigram>
    <bigram weight="1" > ### something </bigram>
    <bigram weight="1" > other way </bigram>
    <bigram weight="1" > unnecessarily eccentric </bigram>
    <bigram weight="1" > melt on </bigram>
    <bigram weight="1" > months on </bigram>
    <bigram weight="1" > ketcham perhaps </bigram>
    <bigram weight="1" > spoke would </bigram>
    <bigram weight="1" > for this </bigram>
    <bigram weight="1" > variety of </bigram>
    <bigram weight="1" > rebuttal a </bigram>
    <bigram weight="1" > thoreau might </bigram>
    <bigram weight="1" > which one </bigram>
    <bigram weight="1" > came to </bigram>
    <bigram weight="1" > live at </bigram>
    <bigram weight="1" > yet who </bigram>
    <bigram weight="1" > ### with </bigram>
    <bigram weight="1" > might say </bigram>
    <bigram weight="1" > assuming ### </bigram>
    <bigram weight="1" > watching the </bigram>
    <bigram weight="1" > the space </bigram>
    <bigram weight="1" > ax ### </bigram>
    <bigram weight="1" > affairs of </bigram>
    <bigram weight="1" > buranelli starts </bigram>
    <bigram weight="1" > and i </bigram>
    <bigram weight="1" > adverse case </bigram>
    <bigram weight="1" > to enable </bigram>
    <bigram weight="1" > over law </bigram>
    <bigram weight="1" > into the </bigram>
    <bigram weight="1" > is assuming </bigram>
    <bigram weight="1" > generalizing from </bigram>
    <bigram weight="1" > displayed himself </bigram>
    <bigram weight="1" > # for </bigram>
    <bigram weight="1" > ### one </bigram>
    <bigram weight="1" > worshipers who </bigram>
    <bigram weight="1" > insight thoreau </bigram>
    <bigram weight="1" > as civil </bigram>
    <bigram weight="1" > accomplishments as </bigram>
    <bigram weight="1" > ### talked </bigram>
    <bigram weight="1" > curious form </bigram>
    <bigram weight="1" > midst of </bigram>
    <bigram weight="1" > be a </bigram>
    <bigram weight="1" > possible who </bigram>
    <bigram weight="1" > about this </bigram>
    <bigram weight="1" > walden were </bigram>
    <bigram weight="1" > attack upon </bigram>
    <bigram weight="1" > saner and </bigram>
    <bigram weight="1" > residence at </bigram>
    <bigram weight="1" > which does </bigram>
    <bigram weight="1" > such sentiments </bigram>
    <bigram weight="1" > knew something </bigram>
    <bigram weight="1" > in demonstrating </bigram>
    <bigram weight="1" > ### near </bigram>
    <bigram weight="1" > a transcendentalist </bigram>
    <bigram weight="1" > conformity ### </bigram>
    <bigram weight="1" > kansas ### </bigram>
    <bigram weight="1" > insisted that </bigram>
    <bigram weight="1" > deliberately ### </bigram>
    <bigram weight="1" > # some </bigram>
    <bigram weight="1" > ### discover </bigram>
    <bigram weight="1" > # that </bigram>
    <bigram weight="1" > thought there </bigram>
    <bigram weight="1" > not linger </bigram>
    <bigram weight="1" > who snicker </bigram>
    <bigram weight="1" > deepest kind </bigram>
    <bigram weight="1" > was in </bigram>
    <bigram weight="1" > in prose </bigram>
    <bigram weight="1" > simplest terms </bigram>
    <bigram weight="1" > depth and </bigram>
    <bigram weight="1" > snicker at </bigram>
    <bigram weight="1" > share buranelli </bigram>
    <bigram weight="1" > discover that </bigram>
    <bigram weight="1" > essays to </bigram>
    <bigram weight="1" > far afield </bigram>
    <bigram weight="1" > from unsympathetic </bigram>
    <bigram weight="1" > the hobgoblins </bigram>
    <bigram weight="1" > on thoreau </bigram>
    <bigram weight="1" > shallow ### </bigram>
    <bigram weight="1" > thoreau now </bigram>
    <bigram weight="1" > attractiveness ### </bigram>
    <bigram weight="1" > wanted to </bigram>
    <bigram weight="1" > civilization he </bigram>
    <bigram weight="1" > act or </bigram>
    <bigram weight="1" > part and </bigram>
    <bigram weight="1" > ### go </bigram>
    <bigram weight="1" > that those </bigram>
    <bigram weight="1" > brought to </bigram>
    <bigram weight="1" > this lover </bigram>
    <bigram weight="1" > unequaled by </bigram>
    <bigram weight="1" > and suppose </bigram>
    <bigram weight="1" > feet ### </bigram>
    <bigram weight="1" > thoreau chose </bigram>
    <bigram weight="1" > thus a </bigram>
    <bigram weight="1" > tools of </bigram>
    <bigram weight="1" > the fire </bigram>
    <bigram weight="1" > of individual </bigram>
    <bigram weight="1" > twentysix months </bigram>
    <bigram weight="1" > a step </bigram>
    <bigram weight="1" > can provide </bigram>
    <bigram weight="1" > at ### </bigram>
    <bigram weight="1" > # or </bigram>
    <bigram weight="1" > lives ### </bigram>
    <bigram weight="1" > that ### </bigram>
    <bigram weight="1" > years why </bigram>
    <bigram weight="1" > can inspire </bigram>
    <bigram weight="1" > go and </bigram>
    <bigram weight="1" > who share </bigram>
    <bigram weight="1" > really true </bigram>
    <bigram weight="1" > s critique </bigram>
    <bigram weight="1" > see beyond </bigram>
    <bigram weight="1" > he tilled </bigram>
    <bigram weight="1" > betrayal of </bigram>
    <bigram weight="1" > upon thoreau </bigram>
    <bigram weight="1" > contented himself </bigram>
    <bigram weight="1" > are made </bigram>
    <bigram weight="1" > to despise </bigram>
    <bigram weight="1" > inadequacies in </bigram>
    <bigram weight="1" > essential facts </bigram>
    <bigram weight="1" > thoreau to </bigram>
    <bigram weight="1" > social conformity </bigram>
    <bigram weight="1" > ### was </bigram>
    <bigram weight="1" > balance ### </bigram>
    <bigram weight="1" > will admit </bigram>
    <bigram weight="1" > the years </bigram>
    <bigram weight="1" > systems in </bigram>
    <bigram weight="1" > thoreau in </bigram>
    <bigram weight="1" > admit frankly </bigram>
    <bigram weight="1" > atmosphere would </bigram>
    <bigram weight="1" > nourish his </bigram>
    <bigram weight="1" > catastrophic place </bigram>
    <bigram weight="1" > read ### </bigram>
    <bigram weight="1" > admitted all </bigram>
    <bigram weight="1" > lived alone </bigram>
    <bigram weight="1" > neither of </bigram>
    <bigram weight="1" > there could </bigram>
    <bigram weight="1" > walden that </bigram>
    <bigram weight="1" > explicit testimony </bigram>
    <bigram weight="1" > thoreau takes </bigram>
    <bigram weight="1" > he claims </bigram>
    <bigram weight="1" > a superb </bigram>
    <bigram weight="1" > i could </bigram>
    <bigram weight="1" > plunge of </bigram>
    <bigram weight="1" > a disaster </bigram>
    <bigram weight="1" > at most </bigram>
    <bigram weight="1" > affairs ### </bigram>
    <bigram weight="1" > an anarchist </bigram>
    <bigram weight="1" > of living </bigram>
    <bigram weight="1" > to retreat </bigram>
    <bigram weight="1" > doorstep ### </bigram>
    <bigram weight="1" > to teach </bigram>
    <bigram weight="1" > me ### </bigram>
    <bigram weight="1" > parcel of </bigram>
    <bigram weight="1" > the firmament </bigram>
    <bigram weight="1" > could be </bigram>
    <bigram weight="1" > talked to </bigram>
    <bigram weight="1" > effect of </bigram>
    <bigram weight="1" > sense enough </bigram>
    <bigram weight="1" > i wished </bigram>
    <bigram weight="1" > apparently applying </bigram>
    <bigram weight="1" > men ### </bigram>
    <bigram weight="1" > demonstrating the </bigram>
    <bigram weight="1" > suppose that </bigram>
    <bigram weight="1" > as seeds </bigram>
    <bigram weight="1" > terms which </bigram>
    <bigram weight="1" > to social </bigram>
    <bigram weight="1" > he hears </bigram>
    <bigram weight="1" > its logical </bigram>
    <bigram weight="1" > expressed poignantly </bigram>
    <bigram weight="1" > nation of </bigram>
    <bigram weight="1" > logician ### </bigram>
    <bigram weight="1" > his critique </bigram>
    <bigram weight="1" > american and </bigram>
    <bigram weight="1" > we assume </bigram>
    <bigram weight="1" > point not </bigram>
    <bigram weight="1" > if all </bigram>
    <bigram weight="1" > ### underlie </bigram>
    <bigram weight="1" > gravest reservations </bigram>
    <bigram weight="1" > merely a </bigram>
    <bigram weight="1" > private life </bigram>
    <bigram weight="1" > ### not </bigram>
    <bigram weight="1" > thoughts on </bigram>
    <bigram weight="1" > one and </bigram>
    <bigram weight="1" > place in </bigram>
    <bigram weight="1" > habitat in </bigram>
    <bigram weight="1" > is so </bigram>
    <bigram weight="1" > woods for </bigram>
    <bigram weight="1" > society and </bigram>
    <bigram weight="1" > emerson expressed </bigram>
    <bigram weight="1" > ### heard </bigram>
    <bigram weight="1" > his friend </bigram>
    <bigram weight="1" > not necessary </bigram>
    <bigram weight="1" > impossibility of </bigram>
    <bigram weight="1" > wrote ### </bigram>
    <bigram weight="1" > unsharable ## </bigram>
    <bigram weight="1" > thing to </bigram>
    <bigram weight="1" > physically in </bigram>
    <bigram weight="1" > manner which </bigram>
    <bigram weight="1" > any schoolboy </bigram>
    <bigram weight="1" > thoreau called </bigram>
    <bigram weight="1" > seek his </bigram>
    <bigram weight="1" > point further </bigram>
    <bigram weight="1" > human affairs </bigram>
    <bigram weight="1" > the music </bigram>
    <bigram weight="1" > # residence </bigram>
    <bigram weight="1" > here ### </bigram>
    <bigram weight="1" > to its </bigram>
    <bigram weight="1" > logical as </bigram>
    <bigram weight="1" > principal blame </bigram>
    <bigram weight="1" > and only </bigram>
    <bigram weight="1" > looking at </bigram>
    <bigram weight="1" > again he </bigram>
    <bigram weight="1" > the heart </bigram>
    <bigram weight="1" > of generalizing </bigram>
    <bigram weight="1" > at best </bigram>
    <bigram weight="1" > be silent </bigram>
    <bigram weight="1" > against the </bigram>
    <bigram weight="1" > s logic </bigram>
    <bigram weight="1" > glowing terms </bigram>
    <bigram weight="1" > wrote it </bigram>
    <bigram weight="1" > such civilized </bigram>
    <bigram weight="1" > experience that </bigram>
    <bigram weight="1" > the fulness </bigram>
    <bigram weight="1" > logical than </bigram>
    <bigram weight="1" > at least </bigram>
    <bigram weight="1" > to imitate </bigram>
    <bigram weight="1" > indeed an </bigram>
    <bigram weight="1" > finds are </bigram>
    <bigram weight="1" > me to </bigram>
    <bigram weight="1" > burden of </bigram>
    <bigram weight="1" > brown of </bigram>
    <bigram weight="1" > concord handyman </bigram>
    <bigram weight="1" > never ventured </bigram>
    <bigram weight="1" > consistency which </bigram>
    <bigram weight="1" > as plainly </bigram>
    <bigram weight="1" > his sojourn </bigram>
    <bigram weight="1" > the thoreau </bigram>
    <bigram weight="1" > toward responsibility </bigram>
    <bigram weight="1" > ### whatever </bigram>
    <bigram weight="1" > buranelli charges </bigram>
    <bigram weight="1" > had any </bigram>
    <bigram weight="1" > during this </bigram>
    <bigram weight="1" > the one </bigram>
    <bigram weight="1" > are others </bigram>
    <bigram weight="1" > responsibility ### </bigram>
    <bigram weight="1" > mystic ### </bigram>
    <bigram weight="1" > the depth </bigram>
    <bigram weight="1" > pond which </bigram>
    <bigram weight="1" > if he </bigram>
    <bigram weight="1" > worse ### </bigram>
    <bigram weight="1" > to justify </bigram>
    <bigram weight="1" > unsurpassed in </bigram>
    <bigram weight="1" > left walden </bigram>
    <bigram weight="1" > no other </bigram>
    <bigram weight="1" > fashion of </bigram>
    <bigram weight="1" > ### murderer </bigram>
    <bigram weight="1" > to developing </bigram>
    <bigram weight="1" > reasons which </bigram>
    <bigram weight="1" > to front </bigram>
    <bigram weight="1" > civilized accomplishments </bigram>
    <bigram weight="1" > more time </bigram>
    <bigram weight="1" > s ferry </bigram>
    <bigram weight="1" > with them </bigram>
    <bigram weight="1" > thoreau be </bigram>
    <bigram weight="1" > is precisely </bigram>
    <bigram weight="1" > prose unsurpassed </bigram>
    <bigram weight="1" > tolerated with </bigram>
    <bigram weight="1" > attack thoreau </bigram>
    <bigram weight="1" > what it </bigram>
    <bigram weight="1" > the individual </bigram>
    <bigram weight="1" > not spare </bigram>
    <bigram weight="1" > clay ### </bigram>
    <bigram weight="1" > of logicians </bigram>
    <bigram weight="1" > the midst </bigram>
    <bigram weight="1" > why ### </bigram>
    <bigram weight="1" > which seemed </bigram>
    <bigram weight="1" > be brought </bigram>
    <bigram weight="1" > reservations ### </bigram>
    <bigram weight="1" > left unsaid </bigram>
    <bigram weight="1" > facts of </bigram>
    <bigram weight="1" > murderer of </bigram>
    <bigram weight="1" > live what </bigram>
    <bigram weight="1" > printed in </bigram>
    <bigram weight="1" > participate physically </bigram>
    <bigram weight="1" > unsympathetic premises </bigram>
    <bigram weight="1" > that perhaps </bigram>
    <bigram weight="1" > it something </bigram>
    <bigram weight="1" > precisely the </bigram>
    <bigram weight="1" > that there </bigram>
    <bigram weight="1" > the pathetic </bigram>
    <bigram weight="1" > that the </bigram>
    <bigram weight="1" > desirable to </bigram>
    <bigram weight="1" > about politics </bigram>
    <bigram weight="1" > of nature </bigram>
    <bigram weight="1" > thoreau through </bigram>
    <bigram weight="1" > scores devastatinglythoreau </bigram>
    <bigram weight="1" > write in </bigram>
    <bigram weight="1" > man to </bigram>
    <bigram weight="1" > it seemed </bigram>
    <bigram weight="1" > lives to </bigram>
    <bigram weight="1" > one of </bigram>
    <bigram weight="1" > just read </bigram>
    <bigram weight="1" > beyond logical </bigram>
    <bigram weight="1" > ### what </bigram>
    <bigram weight="1" > glory so </bigram>
    <bigram weight="1" > die ### </bigram>
    <bigram weight="1" > thoreau thought </bigram>
    <bigram weight="1" > only in </bigram>
    <bigram weight="1" > was from </bigram>
    <bigram weight="1" > its theoretical </bigram>
    <bigram weight="1" > pond as </bigram>
    <bigram weight="1" > near the </bigram>
    <bigram weight="1" > by buranelli </bigram>
    <bigram weight="1" > dwell ### </bigram>
    <bigram weight="1" > s explicit </bigram>
    <bigram weight="1" > something about </bigram>
    <bigram weight="1" > tilt ### </bigram>
    <bigram weight="1" > had several </bigram>
    <bigram weight="1" > fanaticism of </bigram>
    <bigram weight="1" > and lucidity </bigram>
    <bigram weight="1" > adjust the </bigram>
    <bigram weight="1" > presumably ### </bigram>
    <bigram weight="1" > rather than </bigram>
    <bigram weight="1" > was trying </bigram>
    <bigram weight="1" > to compound </bigram>
    <bigram weight="1" > thoreau as </bigram>
    <bigram weight="1" > # no </bigram>
    <bigram weight="1" > many historians </bigram>
    <bigram weight="1" > the time </bigram>
    <bigram weight="1" > i did </bigram>
    <bigram weight="1" > conscience over </bigram>
    <bigram weight="1" > every other </bigram>
    <bigram weight="1" > must ### </bigram>
    <bigram weight="1" > of such </bigram>
    <bigram weight="1" > that many </bigram>
    <bigram weight="1" > matters worse </bigram>
    <bigram weight="1" > us explicitly </bigram>
    <bigram weight="1" > # fortunately </bigram>
    <bigram weight="1" > to compare </bigram>
    <bigram weight="1" > eccentric ### </bigram>
    <bigram weight="1" > as many </bigram>
    <bigram weight="1" > sentiments as </bigram>
    <bigram weight="1" > to visitors </bigram>
    <bigram weight="1" > plainly that </bigram>
    <bigram weight="1" > the real </bigram>
    <bigram weight="1" > for thoreau </bigram>
    <bigram weight="1" > advocated such </bigram>
    <bigram weight="1" > shared so </bigram>
    <bigram weight="1" > spiritual insights </bigram>
    <bigram weight="1" > logicians ### </bigram>
    <bigram weight="1" > italics added </bigram>
    <bigram weight="1" > several more </bigram>
    <bigram weight="1" > absurdity that </bigram>
    <bigram weight="1" > of concord </bigram>
    <bigram weight="1" > proceeds to </bigram>
    <bigram weight="1" > which buranelli </bigram>
    <bigram weight="1" > public affairs </bigram>
    <bigram weight="1" > from every </bigram>
    <bigram weight="1" > being the </bigram>
    <bigram weight="1" > university of </bigram>
    <bigram weight="1" > good look </bigram>
    <bigram weight="1" > from walden </bigram>
    <bigram weight="1" > ### we </bigram>
    <bigram weight="1" > to those </bigram>
    <bigram weight="1" > strictures are </bigram>
    <bigram weight="1" > upon by </bigram>
    <bigram weight="1" > the village </bigram>
    <bigram weight="1" > # ### </bigram>
    <bigram weight="1" > himself ### </bigram>
    <bigram weight="1" > # what </bigram>
    <bigram weight="1" > is constitutionally </bigram>
    <bigram weight="1" > ### step </bigram>
    <bigram weight="1" > which human </bigram>
    <bigram weight="1" > s analytical </bigram>
    <bigram weight="1" > proclaim thoreau </bigram>
    <bigram weight="1" > s profoundly </bigram>
    <bigram weight="1" > a point </bigram>
    <bigram weight="1" > case on </bigram>
    <bigram weight="1" > ### issue </bigram>
    <bigram weight="1" > a terrible </bigram>
    <bigram weight="1" > has just </bigram>
    <bigram weight="1" > warning about </bigram>
    <bigram weight="1" > trying to </bigram>
    <bigram weight="1" > see if </bigram>
    <bigram weight="1" > nonsense as </bigram>
    <bigram weight="1" > seasons ### </bigram>
    <bigram weight="1" > friend thoreau </bigram>
    <bigram weight="1" > says he </bigram>
    <bigram weight="1" > as merely </bigram>
    <bigram weight="1" > to die </bigram>
    <bigram weight="1" > ### including </bigram>
    <bigram weight="1" > takes only </bigram>
    <bigram weight="1" > way of </bigram>
    <bigram weight="1" > in search </bigram>
    <bigram weight="1" > went there </bigram>
    <bigram weight="1" > attack on </bigram>
    <bigram weight="1" > must mimic </bigram>
    <bigram weight="1" > speak as </bigram>
    <bigram weight="1" > this no </bigram>
    <bigram weight="1" > idol ### </bigram>
    <bigram weight="1" > ### represents </bigram>
    <bigram weight="1" > ### or </bigram>
    <bigram weight="1" > of ossawatomie </bigram>
    <bigram weight="1" > one might </bigram>
    <bigram weight="1" > best ### </bigram>
    <bigram weight="1" > that they </bigram>
    <bigram weight="1" > but this </bigram>
    <bigram weight="1" > ralph l </bigram>
    <bigram weight="1" > or ### </bigram>
    <bigram weight="1" > precisely reasonable </bigram>
    <bigram weight="1" > world must </bigram>
    <bigram weight="1" > the fashion </bigram>
    <bigram weight="1" > infrequently ### </bigram>
    <bigram weight="1" > not ### </bigram>
    <bigram weight="1" > others who </bigram>
    <bigram weight="1" > the public </bigram>
    <bigram weight="1" > this point </bigram>
    <bigram weight="1" > antisocial at </bigram>
    <bigram weight="1" > ethics nature </bigram>
    <bigram weight="1" > so infrequently </bigram>
    <bigram weight="1" > vincent buranelli </bigram>
    <bigram weight="1" > reasonable and </bigram>
    <bigram weight="1" > that # </bigram>
    <bigram weight="1" > the english </bigram>
    <bigram weight="1" > point ### </bigram>
    <bigram weight="1" > must not </bigram>
    <bigram weight="1" > not life </bigram>
    <bigram weight="1" > starts from </bigram>
    <bigram weight="1" > a preacher </bigram>
    <bigram weight="1" > buranelli bases </bigram>
    <bigram weight="1" > to buranelli </bigram>
    <bigram weight="1" > ### just </bigram>
    <bigram weight="1" > out of </bigram>
    <bigram weight="1" > softest clay </bigram>
    <bigram weight="1" > in human </bigram>
    <bigram weight="1" > finding a </bigram>
    <bigram weight="1" > is given </bigram>
    <bigram weight="1" > one in </bigram>
    <bigram weight="1" > all these </bigram>
    <bigram weight="1" > critique irrelevant </bigram>
    <bigram weight="1" > the sake </bigram>
    <bigram weight="1" > and could </bigram>
    <bigram weight="1" > upon his </bigram>
    <bigram weight="1" > life must </bigram>
    <bigram weight="1" > in realms </bigram>
    <bigram weight="1" > justify the </bigram>
    <bigram weight="1" > # university </bigram>
    <bigram weight="1" > one find </bigram>
    <bigram weight="1" > political essays </bigram>
    <bigram weight="1" > people followed </bigram>
    <bigram weight="1" > they burst </bigram>
    <bigram weight="1" > hobgoblins of </bigram>
    <bigram weight="1" > a freshness </bigram>
    <bigram weight="1" > such insights </bigram>
    <bigram weight="1" > been elected </bigram>
    <bigram weight="1" > the balance </bigram>
    <bigram weight="1" > to find </bigram>
    <bigram weight="1" > # surely </bigram>
    <bigram weight="1" > led at </bigram>
    <bigram weight="1" > the softest </bigram>
    <bigram weight="1" > a fraction </bigram>
    <bigram weight="1" > to seek </bigram>
    <bigram weight="1" > an ax </bigram>
    <bigram weight="1" > and follow </bigram>
    <bigram weight="1" > which the </bigram>
    <bigram weight="1" > provide ### </bigram>
    <bigram weight="1" > live ### </bigram>
    <bigram weight="1" > the private </bigram>
    <bigram weight="1" > would seem </bigram>
    <bigram weight="1" > spiritual insight </bigram>
    <bigram weight="1" > consistency and </bigram>
    <bigram weight="1" > but in </bigram>
    <bigram weight="1" > live deliberately </bigram>
    <bigram weight="1" > misses the </bigram>
    <bigram weight="1" > the mystic </bigram>
    <bigram weight="1" > were the </bigram>
    <bigram weight="1" > disobedience ### </bigram>
    <bigram weight="1" > does not </bigram>
    <bigram weight="1" > lunacy ### </bigram>
    <bigram weight="1" > # again </bigram>
    <bigram weight="1" > preacher and </bigram>
    <bigram weight="1" > make matters </bigram>
    <bigram weight="1" > vilify a </bigram>
    <bigram weight="1" > and beyond </bigram>
    <bigram weight="1" > tilling the </bigram>
    <bigram weight="1" > his support </bigram>
    <bigram weight="1" > now and </bigram>
    <bigram weight="1" > and proclaim </bigram>
    <bigram weight="1" > developing the </bigram>
    <bigram weight="1" > utmost importance </bigram>
    <bigram weight="1" > find ### </bigram>
    <bigram weight="1" > thoreau proceeded </bigram>
    <bigram weight="1" > be of </bigram>
    <bigram weight="1" > having admitted </bigram>
    <bigram weight="1" > and proceeds </bigram>
    <bigram weight="1" > consequences of </bigram>
    <bigram weight="1" > following this </bigram>
    <bigram weight="1" > yet i </bigram>
    <bigram weight="1" > than thoreau </bigram>
    <bigram weight="1" > alone for </bigram>
    <bigram weight="1" > all those </bigram>
    <bigram weight="1" > position that </bigram>
    <bigram weight="1" > devoted to </bigram>
    <bigram weight="1" > widely enough </bigram>
    <bigram weight="1" > this time </bigram>
    <bigram weight="1" > thus such </bigram>
    <bigram weight="1" > from specific </bigram>
    <bigram weight="1" > striven for </bigram>
    <bigram weight="1" > he claimed </bigram>
    <bigram weight="1" > bleated about </bigram>
    <bigram weight="1" > and tilling </bigram>
    <bigram weight="1" > ### adjust </bigram>
    <bigram weight="1" > a chaotic </bigram>
    <bigram weight="1" > including buranelli </bigram>
    <bigram weight="1" > despise ### </bigram>
    <bigram weight="1" > has insisted </bigram>
    <bigram weight="1" > of spiritual </bigram>
    <bigram weight="1" > this journal </bigram>
    <bigram weight="1" > insights of </bigram>
    <bigram weight="1" > life such </bigram>
    <bigram weight="1" > then is </bigram>
    <bigram weight="1" > pond ### </bigram>
    <bigram weight="1" > brilliantly misses </bigram>
    <bigram weight="1" > one ### </bigram>
    <bigram weight="1" > of fanaticism </bigram>
    <bigram weight="1" > this happening </bigram>
    <bigram weight="1" > at his </bigram>
    <bigram weight="1" > this or </bigram>
    <bigram weight="1" > for twentysix </bigram>
    <bigram weight="1" > case against </bigram>
    <bigram weight="1" > he depended </bigram>
    <bigram weight="1" > the creatures </bigram>
    <bigram weight="1" > more than </bigram>
    <bigram weight="1" > constitutionally unsympathetic </bigram>
    <bigram weight="1" > logician against </bigram>
    <bigram weight="1" > there are </bigram>
    <bigram weight="1" > succeed only </bigram>
    <bigram weight="1" > chaotic and </bigram>
    <bigram weight="1" > need we </bigram>
    <bigram weight="1" > firmament thoreau </bigram>
    <bigram weight="1" > deepest spiritual </bigram>
    <bigram weight="1" > as fanatic </bigram>
    <bigram weight="1" > s habitat </bigram>
    <bigram weight="1" > which brilliantly </bigram>
    <bigram weight="1" > freshness and </bigram>
    <bigram weight="1" > his demand </bigram>
    <bigram weight="1" > followed thoreau </bigram>
    <bigram weight="1" > fraction of </bigram>
    <bigram weight="1" > ### ketcham </bigram>
    <bigram weight="1" > fanaticism ### </bigram>
    <bigram weight="1" > whatever its </bigram>
    <bigram weight="1" > the way </bigram>
    <bigram weight="1" > it was </bigram>
    <bigram weight="1" > but thoreau </bigram>
    <bigram weight="1" > ### however </bigram>
    <bigram weight="1" > emphasis is </bigram>
    <bigram weight="1" > wild essays </bigram>
    <bigram weight="1" > conscience ### </bigram>
    <bigram weight="1" > to society </bigram>
    <bigram weight="1" > the impossibility </bigram>
    <bigram weight="1" > did presumably </bigram>
    <bigram weight="1" > as precisely </bigram>
    <bigram weight="1" > ### by </bigram>
    <bigram weight="1" > be as </bigram>
    <bigram weight="1" > applying the </bigram>
    <bigram weight="1" > some things </bigram>
    <bigram weight="1" > step was </bigram>
    <bigram weight="1" > them ### </bigram>
    <bigram weight="1" > ### massachusetts </bigram>
    <bigram weight="1" > its doorstep </bigram>
    <bigram weight="1" > handyman ### </bigram>
    <bigram weight="1" > that its </bigram>
    <bigram weight="1" > anarchist in </bigram>
    <bigram weight="1" > little bit </bigram>
    <bigram weight="1" > from any </bigram>
    <bigram weight="1" > advice ### </bigram>
    <bigram weight="1" > politics if </bigram>
    <bigram weight="1" > made of </bigram>
    <bigram weight="1" > seeds and </bigram>
    <bigram weight="1" > to defy </bigram>
    <bigram weight="1" > enough not </bigram>
    <bigram weight="1" > pan of </bigram>
    <bigram weight="1" > linger overlong </bigram>
    <bigram weight="1" > unsaid ### </bigram>
    <bigram weight="1" > represents the </bigram>
    <bigram weight="1" > s adverse </bigram>
    <bigram weight="1" > sake of </bigram>
    <bigram weight="1" > suggests some </bigram>
    <bigram weight="1" > chicago # </bigram>
    <bigram weight="1" > led and </bigram>
    <bigram weight="1" > ### has </bigram>
    <bigram weight="1" > or that </bigram>
    <bigram weight="1" > than being </bigram>
    <bigram weight="1" > ### his </bigram>
    <bigram weight="1" > lived ### </bigram>
    <bigram weight="1" > world and </bigram>
    <bigram weight="1" > specific instances </bigram>
    <bigram weight="1" > afield from </bigram>
    <bigram weight="1" > something which </bigram>
    <bigram weight="1" > be logical </bigram>
    <bigram weight="1" > devastatinglythoreau bleated </bigram>
    <bigram weight="1" > mimic ### </bigram>
    <bigram weight="1" > experience in </bigram>
    <bigram weight="1" > in glowing </bigram>
    <bigram weight="1" > # with </bigram>
    <bigram weight="1" > as good </bigram>
    <bigram weight="1" > bylreturning to </bigram>
    <bigram weight="1" > # there </bigram>
    <bigram weight="1" > things he </bigram>
    <bigram weight="1" > he led </bigram>
    <bigram weight="1" > transcendentalist ### </bigram>
    <bigram weight="1" > testimony on </bigram>
    <bigram weight="1" > personality ### </bigram>
    <bigram weight="1" > dear ### </bigram>
    <bigram weight="1" > to walden </bigram>
    <bigram weight="1" > a world </bigram>
    <bigram weight="1" > against it </bigram>
    <bigram weight="1" > ### observed </bigram>
    <bigram weight="1" > to discover </bigram>
    <bigram weight="1" > have left </bigram>
    <bigram weight="1" > the step </bigram>
    <bigram weight="1" > he tells </bigram>
    <bigram weight="1" > more logical </bigram>
    <bigram weight="1" > # those </bigram>
    <bigram weight="1" > yet all </bigram>
    <bigram weight="1" > ## ethics </bigram>
    <bigram weight="1" > as some </bigram>
    <bigram weight="1" > is to </bigram>
    <bigram weight="1" > joys of </bigram>
    <bigram weight="1" > heated atmosphere </bigram>
    <bigram weight="1" > english language </bigram>
    <bigram weight="1" > who perhaps </bigram>
    <bigram weight="1" > living to </bigram>
    <bigram weight="1" > but it </bigram>
    <bigram weight="1" > only to </bigram>
    <bigram weight="1" > who speak </bigram>
    <bigram weight="1" > different ### </bigram>
    <bigram weight="1" > press the </bigram>
    <bigram weight="1" > human beings </bigram>
    <bigram weight="1" > s warning </bigram>
    <bigram weight="1" > superb prophet </bigram>
    <bigram weight="1" > support of </bigram>
    <bigram weight="1" > tilled the </bigram>
    <bigram weight="1" > way that </bigram>
    <bigram weight="1" > taken a </bigram>
    <bigram weight="1" > analysis ### </bigram>
    <bigram weight="1" > ferry ### </bigram>
    <bigram weight="1" > compare with </bigram>
    <bigram weight="1" > silent after </bigram>
    <bigram weight="1" > on this </bigram>
    <bigram weight="1" > reason as </bigram>
    <bigram weight="1" > seek the </bigram>
    <bigram weight="1" > it proper </bigram>
    <bigram weight="1" > so dear </bigram>
    <bigram weight="1" > to most </bigram>
    <bigram weight="1" > observed nature </bigram>
    <bigram weight="1" > in thoreau </bigram>
    <bigram weight="1" > analytical strictures </bigram>
    <bigram weight="1" > relevance ## </bigram>
    <bigram weight="1" > ### but </bigram>
    <bigram weight="1" > consciousness ### </bigram>
    <bigram weight="1" > says buranelli </bigram>
    <bigram weight="1" > as i </bigram>
    <bigram weight="1" > burst into </bigram>
    <bigram weight="1" > thoreau assume </bigram>
    <bigram weight="1" > people ### </bigram>
    <bigram weight="1" > for as </bigram>
    <bigram weight="1" > spirit as </bigram>
    <bigram weight="1" > and selfishly </bigram>
    <bigram weight="1" > time for </bigram>
    <bigram weight="1" > against thoreau </bigram>
    <bigram weight="1" > any more </bigram>
    <bigram weight="1" > in simplest </bigram>
    <bigram weight="1" > the civil </bigram>
    <bigram weight="1" > ### italics </bigram>
    <bigram weight="1" > displays a </bigram>
    <bigram weight="1" > of what </bigram>
    <bigram weight="1" > of ### </bigram>
    <bigram weight="1" > of betrayal </bigram>
    <bigram weight="1" > own consciousness </bigram>
    <bigram weight="1" > be tolerated </bigram>
    <bigram weight="1" > i came </bigram>
    <bigram weight="1" > as logicians </bigram>
    <bigram weight="1" > logical manner </bigram>
    <bigram weight="1" > never taken </bigram>
    <bigram weight="1" > to vilify </bigram>
    <bigram weight="1" > and unsharable </bigram>
    <bigram weight="1" > and parcel </bigram>
    <bigram weight="1" > logicians such </bigram>
    <bigram weight="1" > to attack </bigram>
    <bigram weight="1" > as a </bigram>
    <bigram weight="1" > reality bylreturning </bigram>
    <bigram weight="1" > i cannot </bigram>
    <bigram weight="1" > underlie buranelli </bigram>
    <bigram weight="1" > frankly that </bigram>
    <bigram weight="1" > music which </bigram>
    <bigram weight="1" > sojourn at </bigram>
    <bigram weight="1" > pathetic fallacy </bigram>
    <bigram weight="1" > blossom ### </bigram>
    <bigram weight="1" > true that </bigram>
    <bigram weight="1" > chose in </bigram>
    <bigram weight="1" > thoreau went </bigram>
    <bigram weight="1" > ### studied </bigram>
    <bigram weight="1" > inviolability of </bigram>
    <bigram weight="1" > beckon others </bigram>
    <bigram weight="1" > reading vincent </bigram>
    <bigram weight="1" > studied ### </bigram>
    <bigram weight="1" > with none </bigram>
    <bigram weight="1" > bases his </bigram>
    <bigram weight="1" > had sense </bigram>
    <bigram weight="1" > who will </bigram>
    <bigram weight="1" > thoreau worshipers </bigram>
    <bigram weight="1" > creatures of </bigram>
    <bigram weight="1" > profoundly dangerous </bigram>
    <bigram weight="1" > own greatness </bigram>
    <bigram weight="1" > marrow out </bigram>
    <bigram weight="1" > woods because </bigram>
    <bigram weight="1" > and blossom </bigram>
    <bigram weight="1" > less heated </bigram>
    <bigram weight="1" > i am </bigram>
    <bigram weight="1" > can be </bigram>
    <bigram weight="1" > and see </bigram>
    <bigram weight="1" > schoolteacher ### </bigram>
    <bigram weight="1" > spare any </bigram>
    <bigram weight="1" > irresponsibility and </bigram>
    <bigram weight="1" > fulness of </bigram>
    <bigram weight="1" > for reasons </bigram>
    <bigram weight="1" > he shares </bigram>
    <bigram weight="1" > to press </bigram>
    <bigram weight="1" > tells us </bigram>
    <bigram weight="1" > none ### </bigram>
    <bigram weight="1" > such nonsense </bigram>
    <bigram weight="1" > which emerson </bigram>
    <bigram weight="1" > look at </bigram>
    <bigram weight="1" > magnificent introspection </bigram>
    <bigram weight="1" > idea ### </bigram>
    <bigram weight="1" > never had </bigram>
    <bigram weight="1" > if i </bigram>
    <bigram weight="1" > front only </bigram>
    <bigram weight="1" > which to </bigram>
    <bigram weight="1" > of kansas </bigram>
    <bigram weight="1" > more lives </bigram>
    <bigram weight="1" > find an </bigram>
    <bigram weight="1" > form of </bigram>
    <bigram weight="1" > own personality </bigram>
    <bigram weight="1" > person ### </bigram>
    <bigram weight="1" > learn what </bigram>
    <bigram weight="1" > is obviously </bigram>
    <bigram weight="1" > proper to </bigram>
    <bigram weight="1" > when he </bigram>
    <bigram weight="1" > have as </bigram>
    <bigram weight="1" > assume that </bigram>
    <bigram weight="1" > purposeful as </bigram>
    <bigram weight="1" > overlong ### </bigram>
    <bigram weight="1" > to make </bigram>
    <bigram weight="1" > poor logician </bigram>
    <bigram weight="1" > did ### </bigram>
    <bigram weight="1" > himself with </bigram>
    <bigram weight="1" > thoughts ### </bigram>
    <bigram weight="1" > heard the </bigram>
    <bigram weight="1" > are capable </bigram>
    <bigram weight="1" > upon life </bigram>
    <bigram weight="1" > went and </bigram>
    <bigram weight="1" > place principal </bigram>
    <bigram weight="1" > is engaged </bigram>
    <bigram weight="1" > pond and </bigram>
    <bigram weight="1" > had to </bigram>
    <bigram weight="1" > he never </bigram>
    <bigram weight="1" > selfishly antisocial </bigram>
    <bigram weight="1" > was indeed </bigram>
    <bigram weight="1" > thoreau did </bigram>
    <bigram weight="1" > ebb and </bigram>
    <bigram weight="1" > fortunately ### </bigram>
    <bigram weight="1" > grow and </bigram>
    <bigram weight="1" > living is </bigram>
    <bigram weight="1" > ### way </bigram>
    <bigram weight="1" > something one </bigram>
    <bigram weight="1" > can seek </bigram>
    <bigram weight="1" > into glory </bigram>
    <bigram weight="1" > so sacred </bigram>
    <bigram weight="1" > thoreau spoke </bigram>
    <bigram weight="1" > given to </bigram>
    <bigram weight="1" > greatness ### </bigram>
    <bigram weight="1" > by any </bigram>
    <bigram weight="1" > his soul </bigram>
    <bigram weight="1" > and harper </bigram>
    <bigram weight="1" > nature of </bigram>
    <bigram weight="1" > appears unnecessarily </bigram>
    <bigram weight="1" > premises and </bigram>
    <bigram weight="1" > his preachments </bigram>
    <bigram weight="1" > all people </bigram>
    <bigram weight="1" > not the </bigram>
    <bigram weight="1" > the fanaticism </bigram>
    <bigram weight="1" > it really </bigram>
    <bigram weight="1" > others to </bigram>
    <bigram weight="1" > was something </bigram>
    <bigram weight="1" > that act </bigram>
    <bigram weight="1" > all men </bigram>
    <bigram weight="1" > had social </bigram>
    <bigram weight="1" > preachments about </bigram>
    <bigram weight="1" > any american </bigram>
    <bigram weight="1" > people as </bigram>
    <bigram weight="1" > surely any </bigram>
    <bigram weight="1" > thoreau left </bigram>
    <bigram weight="1" > escape reality </bigram>
    <bigram weight="1" > analysis displays </bigram>
    <bigram weight="1" > rather curious </bigram>
    <bigram weight="1" > a poor </bigram>
    <bigram weight="1" > the obvious </bigram>
    <bigram weight="1" > claimed to </bigram>
    <bigram weight="1" > proves beyond </bigram>
    <bigram weight="1" > civil war </bigram>
    <bigram weight="1" > instead of </bigram>
    <bigram weight="1" > the ice </bigram>
    <bigram weight="1" > he did </bigram>
    <bigram weight="1" > of an </bigram>
    <bigram weight="1" > # more </bigram>
    <bigram weight="1" > visitors ### </bigram>
    <bigram weight="1" > ever been </bigram>
    <bigram weight="1" > the concord </bigram>
    <bigram weight="1" > probably catastrophic </bigram>
    <bigram weight="1" > was urging </bigram>
    <bigram weight="1" > office ### </bigram>
    <bigram weight="1" > does one </bigram>
    <bigram weight="1" > walden pond </bigram>
    <bigram weight="1" > went to </bigram>
    <bigram weight="1" > wholesome life </bigram>
    <bigram weight="1" > live in </bigram>
    <bigram weight="1" > it had </bigram>
    <bigram weight="1" > author had </bigram>
    <bigram weight="1" > for a </bigram>
    <bigram weight="1" > of lunacy </bigram>
    <bigram weight="1" > suck all </bigram>
    <bigram weight="1" > concord ### </bigram>
    <bigram weight="1" > # during </bigram>
    <bigram weight="1" > the july </bigram>
    <bigram weight="1" > his case </bigram>
    <bigram weight="1" > the essential </bigram>
    <bigram weight="1" > reaction against </bigram>
    <bigram weight="1" > step to </bigram>
    <bigram weight="1" > charges that </bigram>
    <bigram weight="1" > claims thoreau </bigram>
    <bigram weight="1" > explicitly ### </bigram>
    <bigram weight="1" > ### this </bigram>
    <bigram weight="1" > ### tendency </bigram>
    <bigram weight="1" > obviously neither </bigram>
    <bigram weight="1" > and then </bigram>
    <bigram weight="1" > much emphasis </bigram>
    <bigram weight="1" > and suck </bigram>
    <bigram weight="1" > and probably </bigram>
    <bigram weight="1" > # here </bigram>
    <bigram weight="1" > the wisdom </bigram>
    <bigram weight="1" > were looked </bigram>
    <bigram weight="1" > a nation </bigram>
    <bigram weight="1" > a phase </bigram>
    <bigram weight="1" > the supremacy </bigram>
    <bigram weight="1" > sacred about </bigram>
    <bigram weight="1" > an emotional </bigram>
    <bigram weight="1" > good a </bigram>
    <bigram weight="1" > life thoreau </bigram>
    <bigram weight="1" > necessary to </bigram>
    <bigram weight="1" > introspection in </bigram>
    <bigram weight="1" > something so </bigram>
    <bigram weight="1" > ### at </bigram>
    <bigram weight="1" > same music </bigram>
    <bigram weight="1" > disaster in </bigram>
    <bigram weight="1" > this experience </bigram>
    <bigram weight="1" > historians now </bigram>
    <bigram weight="1" > say to </bigram>
    <bigram weight="1" > as the </bigram>
    <bigram weight="1" > fire of </bigram>
    <bigram weight="1" > heroism of </bigram>
    <bigram weight="1" > neighbor ### </bigram>
    <bigram weight="1" > of thoreaus </bigram>
    <bigram weight="1" > consequences ### </bigram>
    <bigram weight="1" > any neighbor </bigram>
    <bigram weight="1" > some logic </bigram>
    <bigram weight="1" > is more </bigram>
    <bigram weight="1" > the rebuttal </bigram>
    <bigram weight="1" > advice to </bigram>
    <bigram weight="1" > discover the </bigram>
    <bigram weight="1" > unsympathetic to </bigram>
    <bigram weight="1" > wish to </bigram>
    <bigram weight="1" > ### dimensions </bigram>
    <bigram weight="1" > to grow </bigram>
    <bigram weight="1" > good thing </bigram>
    <bigram weight="1" > slashing attack </bigram>
    <bigram weight="1" > through the </bigram>
    <bigram weight="1" > law ### </bigram>
    <bigram weight="1" > ### ## </bigram>
    <bigram weight="1" > july ### </bigram>
    <bigram weight="1" > when i </bigram>
    <bigram weight="1" > when too </bigram>
    <bigram weight="1" > village of </bigram>
    <bigram weight="1" > and sounder </bigram>
    <bigram weight="1" > walden after </bigram>
    <bigram weight="1" > him to </bigram>
    <bigram weight="1" > harper ### </bigram>
    <bigram weight="1" > a reason </bigram>
    <bigram weight="1" > thus only </bigram>
    <bigram weight="1" > to nourish </bigram>
    <bigram weight="1" > phase in </bigram>
    <bigram weight="1" > ### preached </bigram>
    <bigram weight="1" > step toward </bigram>
    <bigram weight="1" > this is </bigram>
    <bigram weight="1" > cavil that </bigram>
    <bigram weight="1" > be no </bigram>
    <bigram weight="1" > realms he </bigram>
    <bigram weight="1" > many people </bigram>
    <bigram weight="1" > issue of </bigram>
    <bigram weight="1" > not desirable </bigram>
    <bigram weight="1" > the joys </bigram>
    <bigram weight="1" > language ### </bigram>
    <bigram weight="1" > to participate </bigram>
    <bigram weight="1" > assume the </bigram>
    <bigram weight="1" > ### yet </bigram>
    <bigram weight="1" > or idea </bigram>
    <bigram weight="1" > of chicago </bigram>
    <bigram weight="1" > live deep </bigram>
    <bigram weight="1" > has displayed </bigram>
    <bigram weight="1" > the different </bigram>
    <bigram weight="1" > the utmost </bigram>
    <bigram weight="1" > deep and </bigram>
    <bigram weight="1" > fallacy ### </bigram>
    <bigram weight="1" > shares with </bigram>
    <bigram weight="1" > what was </bigram>
    <bigram weight="1" > to enter </bigram>
    <bigram weight="1" > what the </bigram>
    <bigram weight="1" > obvious logical </bigram>
    <bigram weight="1" > frying pan </bigram>
    <bigram weight="1" > man for </bigram>
    <bigram weight="1" > not undertaken </bigram>
    <bigram weight="1" > with a </bigram>
    <bigram weight="1" > a ### </bigram>
    <bigram weight="1" > and lived </bigram>
    <bigram weight="1" > suggest a </bigram>
    <bigram weight="1" > regions in </bigram>
    <bigram weight="1" > # is </bigram>
    <bigram weight="1" > thoreau advocated </bigram>
    <bigram weight="1" > beyond to </bigram>
    <bigram weight="1" > an experience </bigram>
    <bigram weight="1" > dimensions of </bigram>
    <bigram weight="1" > ### living </bigram>
    <bigram weight="1" > assuming in </bigram>
    <bigram weight="1" > flow of </bigram>
    <bigram weight="1" > soul can </bigram>
    <bigram weight="1" > to suggest </bigram>
    <bigram weight="1" > bit of </bigram>
    <bigram weight="1" > ### says </bigram>
    <bigram weight="1" > himself to </bigram>
    <bigram weight="1" > only wholesome </bigram>
    <bigram weight="1" > we have </bigram>
    <bigram weight="1" > the absurdity </bigram>
    <bigram weight="1" > doubt ### </bigram>
    <bigram weight="1" > schoolboy knows </bigram>
    <bigram weight="1" > had not </bigram>
    <bigram weight="1" > write wild </bigram>
    <bigram weight="1" > beyond cavil </bigram>
    <bigram weight="1" > as himself </bigram>
    <bigram weight="1" > proceeded to </bigram>
    <bigram weight="1" > happening which </bigram>
    <bigram weight="1" > is ### </bigram>
    <bigram weight="1" > ### thus </bigram>
    <bigram weight="1" > real world </bigram>
    <bigram weight="1" > every man </bigram>
    <bigram weight="1" > elected to </bigram>
    <bigram weight="1" > logic says </bigram>
    <bigram weight="1" > added ### </bigram>
    <bigram weight="1" > what a </bigram>
    <bigram weight="1" > as ### </bigram>
    <bigram weight="1" > theoretical attractiveness </bigram>
    <bigram weight="1" > logic scores </bigram>
    <bigram weight="1" > seem to </bigram>
    <bigram weight="1" > produce saner </bigram>
    <bigram weight="1" > defy the </bigram>
    <bigram weight="1" > had ever </bigram>
    <bigram weight="1" > the soaring </bigram>
    <bigram weight="1" > irrelevant ### </bigram>
    <bigram weight="1" > life he </bigram>
    <bigram weight="1" > there was </bigram>
    <bigram weight="1" > emotional reaction </bigram>
    <bigram weight="1" > undertaken to </bigram>
    <bigram weight="1" > two years </bigram>
    <bigram weight="1" > lover of </bigram>
    <bigram weight="1" > was part </bigram>
    <bigram weight="1" > not wish </bigram>
    <bigram weight="1" > only a </bigram>
    <bigram weight="1" > a pity </bigram>
    <bigram weight="1" > now place </bigram>
    <bigram weight="1" > the case </bigram>
    <bigram weight="1" > is a </bigram>
    <bigram weight="1" > supremacy of </bigram>
    <bigram weight="1" > the seasons </bigram>
    <bigram weight="1" > would produce </bigram>
    <bigram weight="1" > there ### </bigram>
    <bigram weight="1" > the inviolability </bigram>
    <bigram weight="1" > and demonstrates </bigram>
    <bigram weight="1" > the heroism </bigram>
    <bigram weight="1" > reflected upon </bigram>
    <bigram weight="1" > the civilization </bigram>
    <bigram weight="1" > instances and </bigram>
    <bigram weight="1" > prophet of </bigram>
    <bigram weight="1" > it would </bigram>
    <bigram weight="1" > social systems </bigram>
    <bigram weight="1" > demonstrates just </bigram>
    <bigram weight="1" > will remember </bigram>
    <bigram weight="1" > enough shared </bigram>
    <bigram weight="1" > compound matters </bigram>
    <bigram weight="1" > on buranelli </bigram>
    <bigram weight="1" > poignantly ### </bigram>
    <bigram weight="1" > so that </bigram>
    <bigram weight="1" > thoreau looked </bigram>
    <bigram weight="1" > willing to </bigram>
    <bigram weight="1" > ### apparently </bigram>
    <bigram weight="1" > have contented </bigram>
    <bigram weight="1" > for in </bigram>
    <bigram weight="1" > # looking </bigram>
    <bigram weight="1" > a way </bigram>
    <bigram weight="1" > s feet </bigram>
    <bigram weight="1" > buranelli finds </bigram>
    <bigram weight="1" > this to </bigram>
    <bigram weight="1" > i wanted </bigram>
    <bigram weight="1" > mind when </bigram>
    <bigram weight="1" > pity that </bigram>
    <bigram weight="1" > squarely at </bigram>
    <bigram weight="1" > dangerous to </bigram>
    <bigram weight="1" > he proves </bigram>
    <bigram weight="1" > urging ### </bigram>
    <bigram weight="1" > any relevance </bigram>
    <bigram weight="1" > years at </bigram>
    <bigram weight="1" > from the </bigram>
    <bigram weight="1" > and purposeful </bigram>
    <bigram weight="1" > he was </bigram>
    <bigram weight="1" > knows better </bigram>
    <bigram weight="1" > doubt appears </bigram>
    <bigram weight="1" > thoreau ralph </bigram>
    <bigram weight="1" > ### such </bigram>
    <bigram weight="1" > most people </bigram>
    <bigram weight="1" > of which </bigram>
    <bigram weight="1" > soil were </bigram>
    <bigram weight="1" > and a </bigram>
    <bigram weight="1" > am one </bigram>
    <bigram weight="1" > search of </bigram>
    <bigram weight="1" > his idol </bigram>
    <bigram weight="1" > the effect </bigram>
    <bigram weight="1" > a little </bigram>
    <bigram weight="1" > same burden </bigram>
    <bigram weight="1" > wished to </bigram>
    <bigram weight="1" > final plunge </bigram>
    <bigram weight="1" > in mind </bigram>
    <bigram weight="1" > after two </bigram>
    <bigram weight="1" > ### following </bigram>
    <bigram weight="1" > pond was </bigram>
    <bigram weight="1" > who took </bigram>
    <bigram weight="1" > the logician </bigram>
    <bigram weight="1" > enter ### </bigram>
    <bigram weight="1" > the logical </bigram>
    <bigram weight="1" > insights often </bigram>
    <bigram weight="1" > he must </bigram>
    <bigram weight="1" > thoreaus would </bigram>
    <bigram weight="1" > with it </bigram>
    <bigram weight="1" > engaged in </bigram>
</article>
