<?xml version="1.0" encoding="UTF-8"?>
<article id="10.2307/1715844" >
    <bigram weight="35" > ### # </bigram>
    <bigram weight="31" > ### ### </bigram>
    <bigram weight="13" > ## ### </bigram>
    <bigram weight="10" > ### ## </bigram>
    <bigram weight="9" > in the </bigram>
    <bigram weight="8" > ### i </bigram>
    <bigram weight="8" > the word </bigram>
    <bigram weight="7" > of the </bigram>
    <bigram weight="7" > ### and </bigram>
    <bigram weight="6" > ### s </bigram>
    <bigram weight="5" > ecology ### </bigram>
    <bigram weight="4" > # the </bigram>
    <bigram weight="4" > m ### </bigram>
    <bigram weight="4" > high school </bigram>
    <bigram weight="4" > t ### </bigram>
    <bigram weight="4" > new york </bigram>
    <bigram weight="4" > to be </bigram>
    <bigram weight="3" > # i </bigram>
    <bigram weight="3" > p ### </bigram>
    <bigram weight="3" > # ## </bigram>
    <bigram weight="3" > of ## </bigram>
    <bigram weight="3" > a ### </bigram>
    <bigram weight="3" > # in </bigram>
    <bigram weight="3" > to the </bigram>
    <bigram weight="3" > ### new </bigram>
    <bigram weight="3" > information ### </bigram>
    <bigram weight="3" > ### in </bigram>
    <bigram weight="2" > ## january </bigram>
    <bigram weight="2" > scientific meetings </bigram>
    <bigram weight="2" > the data </bigram>
    <bigram weight="2" > did not </bigram>
    <bigram weight="2" > and in </bigram>
    <bigram weight="2" > january ## </bigram>
    <bigram weight="2" > college ### </bigram>
    <bigram weight="2" > of science </bigram>
    <bigram weight="2" > ### as </bigram>
    <bigram weight="2" > diagrams ### </bigram>
    <bigram weight="2" > ### p </bigram>
    <bigram weight="2" > ### t </bigram>
    <bigram weight="2" > i should </bigram>
    <bigram weight="2" > should like </bigram>
    <bigram weight="2" > ### ecology </bigram>
    <bigram weight="2" > science ### </bigram>
    <bigram weight="2" > until the </bigram>
    <bigram weight="2" > such as </bigram>
    <bigram weight="2" > with a </bigram>
    <bigram weight="2" > i think </bigram>
    <bigram weight="2" > science of </bigram>
    <bigram weight="2" > should be </bigram>
    <bigram weight="2" > in science </bigram>
    <bigram weight="2" > at scientific </bigram>
    <bigram weight="2" > science or </bigram>
    <bigram weight="2" > have a </bigram>
    <bigram weight="2" > and diagrams </bigram>
    <bigram weight="2" > for the </bigram>
    <bigram weight="2" > from my </bigram>
    <bigram weight="2" > ## august </bigram>
    <bigram weight="2" > my high </bigram>
    <bigram weight="2" > as much </bigram>
    <bigram weight="2" > word ### </bigram>
    <bigram weight="2" > i ### </bigram>
    <bigram weight="2" > use of </bigram>
    <bigram weight="2" > ### or </bigram>
    <bigram weight="2" > fig ### </bigram>
    <bigram weight="2" > august ## </bigram>
    <bigram weight="2" > ### it </bigram>
    <bigram weight="2" > word ecology </bigram>
    <bigram weight="2" > that ### </bigram>
    <bigram weight="2" > material ### </bigram>
    <bigram weight="2" > and ### </bigram>
    <bigram weight="2" > letter ### </bigram>
    <bigram weight="2" > assume that </bigram>
    <bigram weight="2" > the presented </bigram>
    <bigram weight="2" > like to </bigram>
    <bigram weight="2" > of a </bigram>
    <bigram weight="1" > cousin george </bigram>
    <bigram weight="1" > for many </bigram>
    <bigram weight="1" > of ecology </bigram>
    <bigram weight="1" > this use </bigram>
    <bigram weight="1" > be able </bigram>
    <bigram weight="1" > to bryn </bigram>
    <bigram weight="1" > the issue </bigram>
    <bigram weight="1" > richard eaton </bigram>
    <bigram weight="1" > ### by </bigram>
    <bigram weight="1" > geology makes </bigram>
    <bigram weight="1" > well ### </bigram>
    <bigram weight="1" > was inadvertently </bigram>
    <bigram weight="1" > dissuade ### </bigram>
    <bigram weight="1" > in alice </bigram>
    <bigram weight="1" > interest in </bigram>
    <bigram weight="1" > thoreau and </bigram>
    <bigram weight="1" > found letter </bigram>
    <bigram weight="1" > ## t </bigram>
    <bigram weight="1" > i reexamined </bigram>
    <bigram weight="1" > ### have </bigram>
    <bigram weight="1" > now to </bigram>
    <bigram weight="1" > h ### </bigram>
    <bigram weight="1" > to copy </bigram>
    <bigram weight="1" > still in </bigram>
    <bigram weight="1" > or out </bigram>
    <bigram weight="1" > out i </bigram>
    <bigram weight="1" > i expressed </bigram>
    <bigram weight="1" > oral discussion </bigram>
    <bigram weight="1" > why so </bigram>
    <bigram weight="1" > will realize </bigram>
    <bigram weight="1" > by thoreau </bigram>
    <bigram weight="1" > and that </bigram>
    <bigram weight="1" > record on </bigram>
    <bigram weight="1" > in his </bigram>
    <bigram weight="1" > ### quoting </bigram>
    <bigram weight="1" > women in </bigram>
    <bigram weight="1" > ### geneseo </bigram>
    <bigram weight="1" > printed material </bigram>
    <bigram weight="1" > warm and </bigram>
    <bigram weight="1" > botany ### </bigram>
    <bigram weight="1" > would like </bigram>
    <bigram weight="1" > parts more </bigram>
    <bigram weight="1" > coinage of </bigram>
    <bigram weight="1" > ## ob </bigram>
    <bigram weight="1" > glance the </bigram>
    <bigram weight="1" > which encompasses </bigram>
    <bigram weight="1" > te ## </bigram>
    <bigram weight="1" > library ### </bigram>
    <bigram weight="1" > not the </bigram>
    <bigram weight="1" > ### rossi </bigram>
    <bigram weight="1" > i transcribed </bigram>
    <bigram weight="1" > mobilized to </bigram>
    <bigram weight="1" > line ### </bigram>
    <bigram weight="1" > as abstracts </bigram>
    <bigram weight="1" > can without </bigram>
    <bigram weight="1" > # t </bigram>
    <bigram weight="1" > # ih </bigram>
    <bigram weight="1" > the berg </bigram>
    <bigram weight="1" > once ## </bigram>
    <bigram weight="1" > in p </bigram>
    <bigram weight="1" > the letter </bigram>
    <bigram weight="1" > not adopt </bigram>
    <bigram weight="1" > calculus courses </bigram>
    <bigram weight="1" > geology ### </bigram>
    <bigram weight="1" > word seems </bigram>
    <bigram weight="1" > or two </bigram>
    <bigram weight="1" > foreign parts </bigram>
    <bigram weight="1" > east ## </bigram>
    <bigram weight="1" > a career </bigram>
    <bigram weight="1" > list of </bigram>
    <bigram weight="1" > wanting his </bigram>
    <bigram weight="1" > poetry and </bigram>
    <bigram weight="1" > s letter </bigram>
    <bigram weight="1" > at a </bigram>
    <bigram weight="1" > # as </bigram>
    <bigram weight="1" > sectarian opinion </bigram>
    <bigram weight="1" > slides full </bigram>
    <bigram weight="1" > ### mr </bigram>
    <bigram weight="1" > with one </bigram>
    <bigram weight="1" > eaton of </bigram>
    <bigram weight="1" > q ### </bigram>
    <bigram weight="1" > case of </bigram>
    <bigram weight="1" > the listener </bigram>
    <bigram weight="1" > see fig </bigram>
    <bigram weight="1" > spelling until </bigram>
    <bigram weight="1" > future ### </bigram>
    <bigram weight="1" > pointed out </bigram>
    <bigram weight="1" > article ### </bigram>
    <bigram weight="1" > under these </bigram>
    <bigram weight="1" > school guidance </bigram>
    <bigram weight="1" > still doing </bigram>
    <bigram weight="1" > best to </bigram>
    <bigram weight="1" > reports should </bigram>
    <bigram weight="1" > ### oehser </bigram>
    <bigram weight="1" > where i </bigram>
    <bigram weight="1" > quarries ### </bigram>
    <bigram weight="1" > ### line </bigram>
    <bigram weight="1" > a newly </bigram>
    <bigram weight="1" > realize ### </bigram>
    <bigram weight="1" > the correspondence </bigram>
    <bigram weight="1" > ### c </bigram>
    <bigram weight="1" > to botany </bigram>
    <bigram weight="1" > little except </bigram>
    <bigram weight="1" > ### pointed </bigram>
    <bigram weight="1" > smith ### </bigram>
    <bigram weight="1" > school mathematics </bigram>
    <bigram weight="1" > the manuscript </bigram>
    <bigram weight="1" > the list </bigram>
    <bigram weight="1" > ob a </bigram>
    <bigram weight="1" > ### the </bigram>
    <bigram weight="1" > a at </bigram>
    <bigram weight="1" > c with </bigram>
    <bigram weight="1" > # more </bigram>
    <bigram weight="1" > an ### </bigram>
    <bigram weight="1" > in ## </bigram>
    <bigram weight="1" > haeckel ### </bigram>
    <bigram weight="1" > these circumstances </bigram>
    <bigram weight="1" > the use </bigram>
    <bigram weight="1" > not wanting </bigram>
    <bigram weight="1" > the fact </bigram>
    <bigram weight="1" > social problem </bigram>
    <bigram weight="1" > like now </bigram>
    <bigram weight="1" > hardly the </bigram>
    <bigram weight="1" > ### durst </bigram>
    <bigram weight="1" > to wait </bigram>
    <bigram weight="1" > and realized </bigram>
    <bigram weight="1" > the new </bigram>
    <bigram weight="1" > opinion ### </bigram>
    <bigram weight="1" > report my </bigram>
    <bigram weight="1" > expressed a </bigram>
    <bigram weight="1" > supported by </bigram>
    <bigram weight="1" > the history </bigram>
    <bigram weight="1" > ### where </bigram>
    <bigram weight="1" > to set </bigram>
    <bigram weight="1" > winter thoreau </bigram>
    <bigram weight="1" > a view </bigram>
    <bigram weight="1" > the case </bigram>
    <bigram weight="1" > unquestionably a </bigram>
    <bigram weight="1" > are most </bigram>
    <bigram weight="1" > wait ### </bigram>
    <bigram weight="1" > will not </bigram>
    <bigram weight="1" > is indeed </bigram>
    <bigram weight="1" > too much </bigram>
    <bigram weight="1" > ecology preceded </bigram>
    <bigram weight="1" > and draftsman </bigram>
    <bigram weight="1" > ar q </bigram>
    <bigram weight="1" > oehser ### </bigram>
    <bigram weight="1" > one is </bigram>
    <bigram weight="1" > ahead ### </bigram>
    <bigram weight="1" > by documentation </bigram>
    <bigram weight="1" > concord ### </bigram>
    <bigram weight="1" > the light </bigram>
    <bigram weight="1" > ### g </bigram>
    <bigram weight="1" > copy the </bigram>
    <bigram weight="1" > # but </bigram>
    <bigram weight="1" > school of </bigram>
    <bigram weight="1" > to cope </bigram>
    <bigram weight="1" > confidential ### </bigram>
    <bigram weight="1" > was still </bigram>
    <bigram weight="1" > edited the </bigram>
    <bigram weight="1" > ### much </bigram>
    <bigram weight="1" > left it </bigram>
    <bigram weight="1" > originated the </bigram>
    <bigram weight="1" > taking exception </bigram>
    <bigram weight="1" > as possible </bigram>
    <bigram weight="1" > bachelor of </bigram>
    <bigram weight="1" > rocks and </bigram>
    <bigram weight="1" > psychoanalytic association </bigram>
    <bigram weight="1" > be persuaded </bigram>
    <bigram weight="1" > ## may </bigram>
    <bigram weight="1" > except inconvenience </bigram>
    <bigram weight="1" > profitable to </bigram>
    <bigram weight="1" > to save </bigram>
    <bigram weight="1" > from the </bigram>
    <bigram weight="1" > rossi ### </bigram>
    <bigram weight="1" > at his </bigram>
    <bigram weight="1" > bryn mawr </bigram>
    <bigram weight="1" > full of </bigram>
    <bigram weight="1" > reading ### </bigram>
    <bigram weight="1" > ## by </bigram>
    <bigram weight="1" > intended ### </bigram>
    <bigram weight="1" > set it </bigram>
    <bigram weight="1" > either be </bigram>
    <bigram weight="1" > be an </bigram>
    <bigram weight="1" > engineering will </bigram>
    <bigram weight="1" > banning of </bigram>
    <bigram weight="1" > university college </bigram>
    <bigram weight="1" > of view </bigram>
    <bigram weight="1" > ago ### </bigram>
    <bigram weight="1" > to voice </bigram>
    <bigram weight="1" > that this </bigram>
    <bigram weight="1" > congress of </bigram>
    <bigram weight="1" > essential that </bigram>
    <bigram weight="1" > tendency at </bigram>
    <bigram weight="1" > and not </bigram>
    <bigram weight="1" > ### stunned </bigram>
    <bigram weight="1" > a sentence </bigram>
    <bigram weight="1" > to his </bigram>
    <bigram weight="1" > ### women </bigram>
    <bigram weight="1" > committees have </bigram>
    <bigram weight="1" > the record </bigram>
    <bigram weight="1" > the science </bigram>
    <bigram weight="1" > this new </bigram>
    <bigram weight="1" > mawr or </bigram>
    <bigram weight="1" > part of </bigram>
    <bigram weight="1" > responsible committees </bigram>
    <bigram weight="1" > keep them </bigram>
    <bigram weight="1" > several times </bigram>
    <bigram weight="1" > necessitates the </bigram>
    <bigram weight="1" > problem of </bigram>
    <bigram weight="1" > ## pgl </bigram>
    <bigram weight="1" > is in </bigram>
    <bigram weight="1" > burness e </bigram>
    <bigram weight="1" > at first </bigram>
    <bigram weight="1" > even if </bigram>
    <bigram weight="1" > recently ### </bigram>
    <bigram weight="1" > memory ### </bigram>
    <bigram weight="1" > at the </bigram>
    <bigram weight="1" > would require </bigram>
    <bigram weight="1" > with tables </bigram>
    <bigram weight="1" > of graphs </bigram>
    <bigram weight="1" > ### paul </bigram>
    <bigram weight="1" > ### y </bigram>
    <bigram weight="1" > data as </bigram>
    <bigram weight="1" > meetings ### </bigram>
    <bigram weight="1" > american psychoanalytic </bigram>
    <bigram weight="1" > tasks ahead </bigram>
    <bigram weight="1" > of sectarian </bigram>
    <bigram weight="1" > used and </bigram>
    <bigram weight="1" > more truly </bigram>
    <bigram weight="1" > residence in </bigram>
    <bigram weight="1" > major social </bigram>
    <bigram weight="1" > in question </bigram>
    <bigram weight="1" > encompasses diverse </bigram>
    <bigram weight="1" > gatherings seems </bigram>
    <bigram weight="1" > number of </bigram>
    <bigram weight="1" > ### unusually </bigram>
    <bigram weight="1" > it is </bigram>
    <bigram weight="1" > not ruin </bigram>
    <bigram weight="1" > mental illness </bigram>
    <bigram weight="1" > a letter </bigram>
    <bigram weight="1" > most interested </bigram>
    <bigram weight="1" > transcriber ### </bigram>
    <bigram weight="1" > haeckel who </bigram>
    <bigram weight="1" > and avoid </bigram>
    <bigram weight="1" > teachers should </bigram>
    <bigram weight="1" > persuaded that </bigram>
    <bigram weight="1" > to making </bigram>
    <bigram weight="1" > he was </bigram>
    <bigram weight="1" > unusually supportive </bigram>
    <bigram weight="1" > must assume </bigram>
    <bigram weight="1" > quoting from </bigram>
    <bigram weight="1" > we may </bigram>
    <bigram weight="1" > years ### </bigram>
    <bigram weight="1" > for confusing </bigram>
    <bigram weight="1" > if thoreau </bigram>
    <bigram weight="1" > would achieve </bigram>
    <bigram weight="1" > many months </bigram>
    <bigram weight="1" > ## left </bigram>
    <bigram weight="1" > diverse and </bigram>
    <bigram weight="1" > in detail </bigram>
    <bigram weight="1" > wished ### </bigram>
    <bigram weight="1" > his leisure </bigram>
    <bigram weight="1" > bode ### </bigram>
    <bigram weight="1" > press ### </bigram>
    <bigram weight="1" > allotted ### </bigram>
    <bigram weight="1" > berg collection </bigram>
    <bigram weight="1" > leisure must </bigram>
    <bigram weight="1" > illness ### </bigram>
    <bigram weight="1" > the first </bigram>
    <bigram weight="1" > ### physics </bigram>
    <bigram weight="1" > july ### </bigram>
    <bigram weight="1" > applying to </bigram>
    <bigram weight="1" > york recording </bigram>
    <bigram weight="1" > carl bode </bigram>
    <bigram weight="1" > ### see </bigram>
    <bigram weight="1" > thoreau did </bigram>
    <bigram weight="1" > a photographic </bigram>
    <bigram weight="1" > york univ </bigram>
    <bigram weight="1" > s word </bigram>
    <bigram weight="1" > received from </bigram>
    <bigram weight="1" > a pioneer </bigram>
    <bigram weight="1" > # banning </bigram>
    <bigram weight="1" > medium for </bigram>
    <bigram weight="1" > question occurs </bigram>
    <bigram weight="1" > as students </bigram>
    <bigram weight="1" > view to </bigram>
    <bigram weight="1" > letter dated </bigram>
    <bigram weight="1" > physics ### </bigram>
    <bigram weight="1" > reexamined photostats </bigram>
    <bigram weight="1" > him ### </bigram>
    <bigram weight="1" > meeting is </bigram>
    <bigram weight="1" > i also </bigram>
    <bigram weight="1" > occurs at </bigram>
    <bigram weight="1" > extremely rapid </bigram>
    <bigram weight="1" > degree ### </bigram>
    <bigram weight="1" > # under </bigram>
    <bigram weight="1" > must have </bigram>
    <bigram weight="1" > a scientific </bigram>
    <bigram weight="1" > chemistry ### </bigram>
    <bigram weight="1" > does ### </bigram>
    <bigram weight="1" > without too </bigram>
    <bigram weight="1" > is hardly </bigram>
    <bigram weight="1" > who desires </bigram>
    <bigram weight="1" > geneseo ### </bigram>
    <bigram weight="1" > admitted to </bigram>
    <bigram weight="1" > # richard </bigram>
    <bigram weight="1" > also noted </bigram>
    <bigram weight="1" > at these </bigram>
    <bigram weight="1" > the simpler </bigram>
    <bigram weight="1" > to schools </bigram>
    <bigram weight="1" > rossi mentions </bigram>
    <bigram weight="1" > association ### </bigram>
    <bigram weight="1" > circumstances i </bigram>
    <bigram weight="1" > ## east </bigram>
    <bigram weight="1" > street ### </bigram>
    <bigram weight="1" > fortunate to </bigram>
    <bigram weight="1" > possible in </bigram>
    <bigram weight="1" > nation need </bigram>
    <bigram weight="1" > madison botanical </bigram>
    <bigram weight="1" > ### immature </bigram>
    <bigram weight="1" > ### geology </bigram>
    <bigram weight="1" > issue of </bigram>
    <bigram weight="1" > or at </bigram>
    <bigram weight="1" > newberne ### </bigram>
    <bigram weight="1" > ecology does </bigram>
    <bigram weight="1" > but at </bigram>
    <bigram weight="1" > must either </bigram>
    <bigram weight="1" > broad viewpoint </bigram>
    <bigram weight="1" > thoreau mentioned </bigram>
    <bigram weight="1" > called my </bigram>
    <bigram weight="1" > and quarries </bigram>
    <bigram weight="1" > the medium </bigram>
    <bigram weight="1" > richard a </bigram>
    <bigram weight="1" > g ### </bigram>
    <bigram weight="1" > missing much </bigram>
    <bigram weight="1" > evaluation reports </bigram>
    <bigram weight="1" > pioneer in </bigram>
    <bigram weight="1" > # frances </bigram>
    <bigram weight="1" > expressed in </bigram>
    <bigram weight="1" > think i </bigram>
    <bigram weight="1" > much imagination </bigram>
    <bigram weight="1" > the major </bigram>
    <bigram weight="1" > if they </bigram>
    <bigram weight="1" > one or </bigram>
    <bigram weight="1" > report is </bigram>
    <bigram weight="1" > george thatcher </bigram>
    <bigram weight="1" > these gatherings </bigram>
    <bigram weight="1" > imagination be </bigram>
    <bigram weight="1" > presentation at </bigram>
    <bigram weight="1" > to dissuade </bigram>
    <bigram weight="1" > pgl ### </bigram>
    <bigram weight="1" > recording the </bigram>
    <bigram weight="1" > ernst haeckel </bigram>
    <bigram weight="1" > the point </bigram>
    <bigram weight="1" > interested in </bigram>
    <bigram weight="1" > require them </bigram>
    <bigram weight="1" > ### tasks </bigram>
    <bigram weight="1" > desires ### </bigram>
    <bigram weight="1" > the beginning </bigram>
    <bigram weight="1" > confusing the </bigram>
    <bigram weight="1" > i entered </bigram>
    <bigram weight="1" > letter of </bigram>
    <bigram weight="1" > ### if </bigram>
    <bigram weight="1" > thoreau intended </bigram>
    <bigram weight="1" > ### rj </bigram>
    <bigram weight="1" > presented material </bigram>
    <bigram weight="1" > i wished </bigram>
    <bigram weight="1" > preceded the </bigram>
    <bigram weight="1" > straight once </bigram>
    <bigram weight="1" > # no </bigram>
    <bigram weight="1" > as it </bigram>
    <bigram weight="1" > word was </bigram>
    <bigram weight="1" > history of </bigram>
    <bigram weight="1" > # press </bigram>
    <bigram weight="1" > graphs and </bigram>
    <bigram weight="1" > botanical congress </bigram>
    <bigram weight="1" > ### moore </bigram>
    <bigram weight="1" > harvard university </bigram>
    <bigram weight="1" > data longhand </bigram>
    <bigram weight="1" > # recently </bigram>
    <bigram weight="1" > walter harding </bigram>
    <bigram weight="1" > of chemistry </bigram>
    <bigram weight="1" > mathematics ### </bigram>
    <bigram weight="1" > s not </bigram>
    <bigram weight="1" > a camera </bigram>
    <bigram weight="1" > adopt the </bigram>
    <bigram weight="1" > of henry </bigram>
    <bigram weight="1" > and quoted </bigram>
    <bigram weight="1" > of cameras </bigram>
    <bigram weight="1" > several years </bigram>
    <bigram weight="1" > i would </bigram>
    <bigram weight="1" > making his </bigram>
    <bigram weight="1" > his journal </bigram>
    <bigram weight="1" > botanists did </bigram>
    <bigram weight="1" > times in </bigram>
    <bigram weight="1" > for expression </bigram>
    <bigram weight="1" > david thoreau </bigram>
    <bigram weight="1" > beginning of </bigram>
    <bigram weight="1" > excellent in </bigram>
    <bigram weight="1" > school ### </bigram>
    <bigram weight="1" > a desire </bigram>
    <bigram weight="1" > # part </bigram>
    <bigram weight="1" > that haeckel </bigram>
    <bigram weight="1" > correction since </bigram>
    <bigram weight="1" > those brutal </bigram>
    <bigram weight="1" > no ### </bigram>
    <bigram weight="1" > may ### </bigram>
    <bigram weight="1" > as for </bigram>
    <bigram weight="1" > factual ### </bigram>
    <bigram weight="1" > approaches ### </bigram>
    <bigram weight="1" > elsewhere ### </bigram>
    <bigram weight="1" > medicine ### </bigram>
    <bigram weight="1" > ### why </bigram>
    <bigram weight="1" > i edited </bigram>
    <bigram weight="1" > of thoreau </bigram>
    <bigram weight="1" > presented data </bigram>
    <bigram weight="1" > to operate </bigram>
    <bigram weight="1" > so few </bigram>
    <bigram weight="1" > exception to </bigram>
    <bigram weight="1" > in defense </bigram>
    <bigram weight="1" > mr ### </bigram>
    <bigram weight="1" > inadvertently responsible </bigram>
    <bigram weight="1" > ### presentation </bigram>
    <bigram weight="1" > ### correction </bigram>
    <bigram weight="1" > ## as </bigram>
    <bigram weight="1" > cameras at </bigram>
    <bigram weight="1" > less with </bigram>
    <bigram weight="1" > university called </bigram>
    <bigram weight="1" > responsible for </bigram>
    <bigram weight="1" > one item </bigram>
    <bigram weight="1" > ### m </bigram>
    <bigram weight="1" > s interest </bigram>
    <bigram weight="1" > months ### </bigram>
    <bigram weight="1" > oecology ### </bigram>
    <bigram weight="1" > ### with </bigram>
    <bigram weight="1" > been the </bigram>
    <bigram weight="1" > ## july </bigram>
    <bigram weight="1" > operate a </bigram>
    <bigram weight="1" > seems obviously </bigram>
    <bigram weight="1" > ### hoar </bigram>
    <bigram weight="1" > much data </bigram>
    <bigram weight="1" > out that </bigram>
    <bigram weight="1" > i received </bigram>
    <bigram weight="1" > # burness </bigram>
    <bigram weight="1" > achieve little </bigram>
    <bigram weight="1" > time allotted </bigram>
    <bigram weight="1" > school adviser </bigram>
    <bigram weight="1" > students of </bigram>
    <bigram weight="1" > the tendency </bigram>
    <bigram weight="1" > ### a </bigram>
    <bigram weight="1" > discussion or </bigram>
    <bigram weight="1" > or to </bigram>
    <bigram weight="1" > possibly for </bigram>
    <bigram weight="1" > that american </bigram>
    <bigram weight="1" > toward science </bigram>
    <bigram weight="1" > a number </bigram>
    <bigram weight="1" > stunned and </bigram>
    <bigram weight="1" > ### possibly </bigram>
    <bigram weight="1" > s future </bigram>
    <bigram weight="1" > new information </bigram>
    <bigram weight="1" > last report </bigram>
    <bigram weight="1" > correspondence of </bigram>
    <bigram weight="1" > getting me </bigram>
    <bigram weight="1" > the brief </bigram>
    <bigram weight="1" > present as </bigram>
    <bigram weight="1" > ### applying </bigram>
    <bigram weight="1" > be provided </bigram>
    <bigram weight="1" > generally accepted </bigram>
    <bigram weight="1" > volume ### </bigram>
    <bigram weight="1" > expression of </bigram>
    <bigram weight="1" > guidance teachers </bigram>
    <bigram weight="1" > paul h </bigram>
    <bigram weight="1" > e ### </bigram>
    <bigram weight="1" > those who </bigram>
    <bigram weight="1" > think we </bigram>
    <bigram weight="1" > could write </bigram>
    <bigram weight="1" > scientific meeting </bigram>
    <bigram weight="1" > in it </bigram>
    <bigram weight="1" > ### science </bigram>
    <bigram weight="1" > point of </bigram>
    <bigram weight="1" > claremont ### </bigram>
    <bigram weight="1" > ### one </bigram>
    <bigram weight="1" > my attention </bigram>
    <bigram weight="1" > # walter </bigram>
    <bigram weight="1" > with carl </bigram>
    <bigram weight="1" > dated ## </bigram>
    <bigram weight="1" > his data </bigram>
    <bigram weight="1" > doing her </bigram>
    <bigram weight="1" > much sense </bigram>
    <bigram weight="1" > ### american </bigram>
    <bigram weight="1" > attending to </bigram>
    <bigram weight="1" > brief time </bigram>
    <bigram weight="1" > feelings in </bigram>
    <bigram weight="1" > since i </bigram>
    <bigram weight="1" > ### california </bigram>
    <bigram weight="1" > it with </bigram>
    <bigram weight="1" > quoted ### </bigram>
    <bigram weight="1" > an extremely </bigram>
    <bigram weight="1" > two equations </bigram>
    <bigram weight="1" > ### claremont </bigram>
    <bigram weight="1" > be read </bigram>
    <bigram weight="1" > ## april </bigram>
    <bigram weight="1" > able to </bigram>
    <bigram weight="1" > university of </bigram>
    <bigram weight="1" > henry david </bigram>
    <bigram weight="1" > attention to </bigram>
    <bigram weight="1" > was oecology </bigram>
    <bigram weight="1" > of information </bigram>
    <bigram weight="1" > were excellent </bigram>
    <bigram weight="1" > me admitted </bigram>
    <bigram weight="1" > to present </bigram>
    <bigram weight="1" > york public </bigram>
    <bigram weight="1" > future residence </bigram>
    <bigram weight="1" > is essential </bigram>
    <bigram weight="1" > be mobilized </bigram>
    <bigram weight="1" > draftsman ### </bigram>
    <bigram weight="1" > state university </bigram>
    <bigram weight="1" > ### even </bigram>
    <bigram weight="1" > photostats of </bigram>
    <bigram weight="1" > view expressed </bigram>
    <bigram weight="1" > # ### </bigram>
    <bigram weight="1" > first glance </bigram>
    <bigram weight="1" > masculine calculus </bigram>
    <bigram weight="1" > she wished </bigram>
    <bigram weight="1" > that winter </bigram>
    <bigram weight="1" > slightly horrified </bigram>
    <bigram weight="1" > by eight </bigram>
    <bigram weight="1" > frances m </bigram>
    <bigram weight="1" > rapid transcriber </bigram>
    <bigram weight="1" > documentation ### </bigram>
    <bigram weight="1" > rj b </bigram>
    <bigram weight="1" > # this </bigram>
    <bigram weight="1" > i could </bigram>
    <bigram weight="1" > sense in </bigram>
    <bigram weight="1" > that it </bigram>
    <bigram weight="1" > word in </bigram>
    <bigram weight="1" > a bachelor </bigram>
    <bigram weight="1" > # well </bigram>
    <bigram weight="1" > avoid those </bigram>
    <bigram weight="1" > to try </bigram>
    <bigram weight="1" > ### while </bigram>
    <bigram weight="1" > the report </bigram>
    <bigram weight="1" > my ### </bigram>
    <bigram weight="1" > when i </bigram>
    <bigram weight="1" > few ### </bigram>
    <bigram weight="1" > of slides </bigram>
    <bigram weight="1" > for those </bigram>
    <bigram weight="1" > of ### </bigram>
    <bigram weight="1" > horrified look </bigram>
    <bigram weight="1" > thoreau will </bigram>
    <bigram weight="1" > the author </bigram>
    <bigram weight="1" > eight years </bigram>
    <bigram weight="1" > to keep </bigram>
    <bigram weight="1" > committee on </bigram>
    <bigram weight="1" > ### high </bigram>
    <bigram weight="1" > dyro school </bigram>
    <bigram weight="1" > listener who </bigram>
    <bigram weight="1" > equations ### </bigram>
    <bigram weight="1" > photographic memory </bigram>
    <bigram weight="1" > baltimore ### </bigram>
    <bigram weight="1" > published in </bigram>
    <bigram weight="1" > in full </bigram>
    <bigram weight="1" > my feelings </bigram>
    <bigram weight="1" > context as </bigram>
    <bigram weight="1" > ### warm </bigram>
    <bigram weight="1" > adviser was </bigram>
    <bigram weight="1" > ### masculine </bigram>
    <bigram weight="1" > collection of </bigram>
    <bigram weight="1" > save me </bigram>
    <bigram weight="1" > sentence from </bigram>
    <bigram weight="1" > coin the </bigram>
    <bigram weight="1" > maryland ## </bigram>
    <bigram weight="1" > desire to </bigram>
    <bigram weight="1" > it would </bigram>
    <bigram weight="1" > # e </bigram>
    <bigram weight="1" > with the </bigram>
    <bigram weight="1" > voice my </bigram>
    <bigram weight="1" > first time </bigram>
    <bigram weight="1" > the volume </bigram>
    <bigram weight="1" > that thoreau </bigram>
    <bigram weight="1" > brutal ### </bigram>
    <bigram weight="1" > of this </bigram>
    <bigram weight="1" > be factual </bigram>
    <bigram weight="1" > varied approaches </bigram>
    <bigram weight="1" > ### until </bigram>
    <bigram weight="1" > is still </bigram>
    <bigram weight="1" > ## street </bigram>
    <bigram weight="1" > in foreign </bigram>
    <bigram weight="1" > or engineering </bigram>
    <bigram weight="1" > fact that </bigram>
    <bigram weight="1" > in concord </bigram>
    <bigram weight="1" > newly found </bigram>
    <bigram weight="1" > try to </bigram>
    <bigram weight="1" > s article </bigram>
    <bigram weight="1" > journal that </bigram>
    <bigram weight="1" > durst department </bigram>
    <bigram weight="1" > meetings would </bigram>
    <bigram weight="1" > be to </bigram>
    <bigram weight="1" > courses if </bigram>
    <bigram weight="1" > york ### </bigram>
    <bigram weight="1" > friendly ### </bigram>
    <bigram weight="1" > or smith </bigram>
    <bigram weight="1" > and varied </bigram>
    <bigram weight="1" > his future </bigram>
    <bigram weight="1" > moore committee </bigram>
    <bigram weight="1" > that responsible </bigram>
    <bigram weight="1" > entered m </bigram>
    <bigram weight="1" > and slightly </bigram>
    <bigram weight="1" > ### father </bigram>
    <bigram weight="1" > realized for </bigram>
    <bigram weight="1" > american botanists </bigram>
    <bigram weight="1" > to enter </bigram>
    <bigram weight="1" > the oral </bigram>
    <bigram weight="1" > have been </bigram>
    <bigram weight="1" > the ### </bigram>
    <bigram weight="1" > simpler spelling </bigram>
    <bigram weight="1" > ### ar </bigram>
    <bigram weight="1" > of mental </bigram>
    <bigram weight="1" > b fig </bigram>
    <bigram weight="1" > full elsewhere </bigram>
    <bigram weight="1" > makes as </bigram>
    <bigram weight="1" > the printed </bigram>
    <bigram weight="1" > who originated </bigram>
    <bigram weight="1" > that several </bigram>
    <bigram weight="1" > data in </bigram>
    <bigram weight="1" > the madison </bigram>
    <bigram weight="1" > oriented toward </bigram>
    <bigram weight="1" > alice s </bigram>
    <bigram weight="1" > it i </bigram>
    <bigram weight="1" > a broad </bigram>
    <bigram weight="1" > immature desires </bigram>
    <bigram weight="1" > ih ## </bigram>
    <bigram weight="1" > the way </bigram>
    <bigram weight="1" > this necessitates </bigram>
    <bigram weight="1" > longhand while </bigram>
    <bigram weight="1" > in ### </bigram>
    <bigram weight="1" > i must </bigram>
    <bigram weight="1" > while missing </bigram>
    <bigram weight="1" > # several </bigram>
    <bigram weight="1" > defense of </bigram>
    <bigram weight="1" > provided with </bigram>
    <bigram weight="1" > who are </bigram>
    <bigram weight="1" > public library </bigram>
    <bigram weight="1" > on public </bigram>
    <bigram weight="1" > her best </bigram>
    <bigram weight="1" > and friendly </bigram>
    <bigram weight="1" > from a </bigram>
    <bigram weight="1" > look ### </bigram>
    <bigram weight="1" > by getting </bigram>
    <bigram weight="1" > add one </bigram>
    <bigram weight="1" > not coin </bigram>
    <bigram weight="1" > indeed fortunate </bigram>
    <bigram weight="1" > camera ### </bigram>
    <bigram weight="1" > to study </bigram>
    <bigram weight="1" > author ### </bigram>
    <bigram weight="1" > girl ### </bigram>
    <bigram weight="1" > ### pomona </bigram>
    <bigram weight="1" > it straight </bigram>
    <bigram weight="1" > the nation </bigram>
    <bigram weight="1" > they were </bigram>
    <bigram weight="1" > in high </bigram>
    <bigram weight="1" > much less </bigram>
    <bigram weight="1" > father such </bigram>
    <bigram weight="1" > or a </bigram>
    <bigram weight="1" > much of </bigram>
    <bigram weight="1" > geology must </bigram>
    <bigram weight="1" > mentions ### </bigram>
    <bigram weight="1" > more ### </bigram>
    <bigram weight="1" > april ## </bigram>
    <bigram weight="1" > as ecology </bigram>
    <bigram weight="1" > accepted coinage </bigram>
    <bigram weight="1" > career in </bigram>
    <bigram weight="1" > need to </bigram>
    <bigram weight="1" > to him </bigram>
    <bigram weight="1" > have an </bigram>
    <bigram weight="1" > light of </bigram>
    <bigram weight="1" > transcribed a </bigram>
    <bigram weight="1" > at ### </bigram>
    <bigram weight="1" > ruin a </bigram>
    <bigram weight="1" > science degree </bigram>
    <bigram weight="1" > once more </bigram>
    <bigram weight="1" > them to </bigram>
    <bigram weight="1" > word by </bigram>
    <bigram weight="1" > his cousin </bigram>
    <bigram weight="1" > univ ### </bigram>
    <bigram weight="1" > viewpoint which </bigram>
    <bigram weight="1" > mentioned hoar </bigram>
    <bigram weight="1" > study the </bigram>
    <bigram weight="1" > enter m </bigram>
    <bigram weight="1" > to add </bigram>
    <bigram weight="1" > thoreau ### </bigram>
    <bigram weight="1" > ### newberne </bigram>
    <bigram weight="1" > # evaluation </bigram>
    <bigram weight="1" > california thoreau </bigram>
    <bigram weight="1" > the context </bigram>
    <bigram weight="1" > as geology </bigram>
    <bigram weight="1" > public information </bigram>
    <bigram weight="1" > at last </bigram>
    <bigram weight="1" > was haeckel </bigram>
    <bigram weight="1" > was unquestionably </bigram>
    <bigram weight="1" > cope with </bigram>
    <bigram weight="1" > ### such </bigram>
    <bigram weight="1" > write poetry </bigram>
    <bigram weight="1" > read as </bigram>
    <bigram weight="1" > since geology </bigram>
    <bigram weight="1" > be ecology </bigram>
    <bigram weight="1" > if i </bigram>
    <bigram weight="1" > as reading </bigram>
    <bigram weight="1" > me from </bigram>
    <bigram weight="1" > truly profitable </bigram>
    <bigram weight="1" > ### dyro </bigram>
    <bigram weight="1" > ### attending </bigram>
    <bigram weight="1" > harding state </bigram>
    <bigram weight="1" > e te </bigram>
    <bigram weight="1" > supportive ### </bigram>
    <bigram weight="1" > by ernst </bigram>
    <bigram weight="1" > thoreau to </bigram>
    <bigram weight="1" > desires to </bigram>
    <bigram weight="1" > ### maryland </bigram>
    <bigram weight="1" > # she </bigram>
    <bigram weight="1" > the generally </bigram>
    <bigram weight="1" > detail or </bigram>
    <bigram weight="1" > hoar is </bigram>
    <bigram weight="1" > tables and </bigram>
    <bigram weight="1" > shutterbugs at </bigram>
    <bigram weight="1" > in rocks </bigram>
    <bigram weight="1" > y ### </bigram>
    <bigram weight="1" > thatcher ### </bigram>
    <bigram weight="1" > schools oriented </bigram>
    <bigram weight="1" > wished to </bigram>
    <bigram weight="1" > as rossi </bigram>
    <bigram weight="1" > may once </bigram>
    <bigram weight="1" > ### supported </bigram>
    <bigram weight="1" > or be </bigram>
    <bigram weight="1" > that a </bigram>
    <bigram weight="1" > of harvard </bigram>
    <bigram weight="1" > a girl </bigram>
    <bigram weight="1" > department of </bigram>
    <bigram weight="1" > word that </bigram>
    <bigram weight="1" > s ### </bigram>
    <bigram weight="1" > more assume </bigram>
    <bigram weight="1" > abstracts ### </bigram>
    <bigram weight="1" > obviously to </bigram>
    <bigram weight="1" > data taking </bigram>
    <bigram weight="1" > manuscript is </bigram>
    <bigram weight="1" > ### since </bigram>
    <bigram weight="1" > hoar ### </bigram>
    <bigram weight="1" > seems to </bigram>
    <bigram weight="1" > i have </bigram>
    <bigram weight="1" > is published </bigram>
    <bigram weight="1" > of baltimore </bigram>
    <bigram weight="1" > while at </bigram>
    <bigram weight="1" > ### richard </bigram>
    <bigram weight="1" > time that </bigram>
    <bigram weight="1" > ### when </bigram>
    <bigram weight="1" > them confidential </bigram>
    <bigram weight="1" > on the </bigram>
    <bigram weight="1" > way to </bigram>
    <bigram weight="1" > years ago </bigram>
    <bigram weight="1" > data used </bigram>
    <bigram weight="1" > i was </bigram>
    <bigram weight="1" > inconvenience for </bigram>
    <bigram weight="1" > of shutterbugs </bigram>
    <bigram weight="1" > haeckel by </bigram>
    <bigram weight="1" > noted that </bigram>
    <bigram weight="1" > pomona college </bigram>
    <bigram weight="1" > item to </bigram>
    <bigram weight="1" > ### university </bigram>
    <bigram weight="1" > ### he </bigram>
    <bigram weight="1" > it was </bigram>
    <bigram weight="1" > of medicine </bigram>
    <bigram weight="1" > it can </bigram>
</article>
