<?xml version="1.0" encoding="UTF-8"?>
<article id="10.2307/23393980" >
    <bigram weight="12" > ### # </bigram>
    <bigram weight="6" > ### s </bigram>
    <bigram weight="6" > ### ### </bigram>
    <bigram weight="6" > ## ### </bigram>
    <bigram weight="4" > this town </bigram>
    <bigram weight="3" > ### ## </bigram>
    <bigram weight="3" > of concord </bigram>
    <bigram weight="3" > indian books </bigram>
    <bigram weight="3" > # ### </bigram>
    <bigram weight="2" > late ## </bigram>
    <bigram weight="2" > origin of </bigram>
    <bigram weight="2" > ### the </bigram>
    <bigram weight="2" > ### their </bigram>
    <bigram weight="2" > by thoreau </bigram>
    <bigram weight="2" > in his </bigram>
    <bigram weight="2" > of the </bigram>
    <bigram weight="2" > the origin </bigram>
    <bigram weight="2" > his indian </bigram>
    <bigram weight="2" > and is </bigram>
    <bigram weight="2" > come up </bigram>
    <bigram weight="2" > the late </bigram>
    <bigram weight="2" > ### but </bigram>
    <bigram weight="2" > ### this </bigram>
    <bigram weight="2" > are about </bigram>
    <bigram weight="2" > by the </bigram>
    <bigram weight="1" > by richard </bigram>
    <bigram weight="1" > follows the </bigram>
    <bigram weight="1" > savagist notions </bigram>
    <bigram weight="1" > c ### </bigram>
    <bigram weight="1" > sunny bank </bigram>
    <bigram weight="1" > under the </bigram>
    <bigram weight="1" > of rhoreau </bigram>
    <bigram weight="1" > books or </bigram>
    <bigram weight="1" > # i </bigram>
    <bigram weight="1" > bks ### </bigram>
    <bigram weight="1" > marsh ### </bigram>
    <bigram weight="1" > # bks </bigram>
    <bigram weight="1" > filled with </bigram>
    <bigram weight="1" > ances with </bigram>
    <bigram weight="1" > streams with </bigram>
    <bigram weight="1" > it being </bigram>
    <bigram weight="1" > made by </bigram>
    <bigram weight="1" > barbarously bent </bigram>
    <bigram weight="1" > himself from </bigram>
    <bigram weight="1" > through but </bigram>
    <bigram weight="1" > town was </bigram>
    <bigram weight="1" > especially ### </bigram>
    <bigram weight="1" > to quote </bigram>
    <bigram weight="1" > are conveniently </bigram>
    <bigram weight="1" > present are </bigram>
    <bigram weight="1" > the reason </bigram>
    <bigram weight="1" > with fresh </bigram>
    <bigram weight="1" > buildings are </bigram>
    <bigram weight="1" > perhaps thoreau </bigram>
    <bigram weight="1" > bit of </bigram>
    <bigram weight="1" > appreciated ### </bigram>
    <bigram weight="1" > together ### </bigram>
    <bigram weight="1" > i cannot </bigram>
    <bigram weight="1" > which causeth </bigram>
    <bigram weight="1" > allwifes shad </bigram>
    <bigram weight="1" > these people </bigram>
    <bigram weight="1" > with fish </bigram>
    <bigram weight="1" > reason he </bigram>
    <bigram weight="1" > the pierpont </bigram>
    <bigram weight="1" > of that </bigram>
    <bigram weight="1" > in one </bigram>
    <bigram weight="1" > the following </bigram>
    <bigram weight="1" > church ### </bigram>
    <bigram weight="1" > cannot come </bigram>
    <bigram weight="1" > their season </bigram>
    <bigram weight="1" > in their </bigram>
    <bigram weight="1" > a new </bigram>
    <bigram weight="1" > their meadows </bigram>
    <bigram weight="1" > ### church </bigram>
    <bigram weight="1" > # information </bigram>
    <bigram weight="1" > johnson ### </bigram>
    <bigram weight="1" > fair fresh </bigram>
    <bigram weight="1" > the ### </bigram>
    <bigram weight="1" > their neighbor </bigram>
    <bigram weight="1" > town ### </bigram>
    <bigram weight="1" > granted by </bigram>
    <bigram weight="1" > it is </bigram>
    <bigram weight="1" > neighbor town </bigram>
    <bigram weight="1" > together with </bigram>
    <bigram weight="1" > number of </bigram>
    <bigram weight="1" > several times </bigram>
    <bigram weight="1" > of great </bigram>
    <bigram weight="1" > about ## </bigram>
    <bigram weight="1" > s name </bigram>
    <bigram weight="1" > books extracted </bigram>
    <bigram weight="1" > concord ### </bigram>
    <bigram weight="1" > one straight </bigram>
    <bigram weight="1" > are filled </bigram>
    <bigram weight="1" > level ### </bigram>
    <bigram weight="1" > liberated himself </bigram>
    <bigram weight="1" > ### it </bigram>
    <bigram weight="1" > river ### </bigram>
    <bigram weight="1" > they ordinarily </bigram>
    <bigram weight="1" > tation they </bigram>
    <bigram weight="1" > note books </bigram>
    <bigram weight="1" > chiefly in </bigram>
    <bigram weight="1" > # allwifes </bigram>
    <bigram weight="1" > is all </bigram>
    <bigram weight="1" > straight stream </bigram>
    <bigram weight="1" > as recorded </bigram>
    <bigram weight="1" > edward johnson </bigram>
    <bigram weight="1" > upon a </bigram>
    <bigram weight="1" > streams ### </bigram>
    <bigram weight="1" > gratefully appreciated </bigram>
    <bigram weight="1" > rocky falles </bigram>
    <bigram weight="1" > none so </bigram>
    <bigram weight="1" > # on </bigram>
    <bigram weight="1" > times essayed </bigram>
    <bigram weight="1" > seated upon </bigram>
    <bigram weight="1" > being called </bigram>
    <bigram weight="1" > library and </bigram>
    <bigram weight="1" > river of </bigram>
    <bigram weight="1" > and meadows </bigram>
    <bigram weight="1" > # the </bigram>
    <bigram weight="1" > suffer the </bigram>
    <bigram weight="1" > shad in </bigram>
    <bigram weight="1" > is gratefully </bigram>
    <bigram weight="1" > under a </bigram>
    <bigram weight="1" > great cattell </bigram>
    <bigram weight="1" > books has </bigram>
    <bigram weight="1" > ### by </bigram>
    <bigram weight="1" > marshes and </bigram>
    <bigram weight="1" > help but </bigram>
    <bigram weight="1" > the rocky </bigram>
    <bigram weight="1" > thoreau must </bigram>
    <bigram weight="1" > ### whose </bigram>
    <bigram weight="1" > # perhaps </bigram>
    <bigram weight="1" > recorded by </bigram>
    <bigram weight="1" > new plan </bigram>
    <bigram weight="1" > cattell are </bigram>
    <bigram weight="1" > ### her </bigram>
    <bigram weight="1" > than now </bigram>
    <bigram weight="1" > but think </bigram>
    <bigram weight="1" > populated once </bigram>
    <bigram weight="1" > notions ### </bigram>
    <bigram weight="1" > is ### </bigram>
    <bigram weight="1" > fresh marsh </bigram>
    <bigram weight="1" > essayed to </bigram>
    <bigram weight="1" > have several </bigram>
    <bigram weight="1" > people suffer </bigram>
    <bigram weight="1" > cut through </bigram>
    <bigram weight="1" > concord as </bigram>
    <bigram weight="1" > the new </bigram>
    <bigram weight="1" > s history </bigram>
    <bigram weight="1" > branch of </bigram>
    <bigram weight="1" > all because </bigram>
    <bigram weight="1" > up ### </bigram>
    <bigram weight="1" > a low </bigram>
    <bigram weight="1" > inconveniences together </bigram>
    <bigram weight="1" > wattacusettsize the </bigram>
    <bigram weight="1" > s and </bigram>
    <bigram weight="1" > wattacusetts especially </bigram>
    <bigram weight="1" > once than </bigram>
    <bigram weight="1" > ### in </bigram>
    <bigram weight="1" > salmon daice </bigram>
    <bigram weight="1" > a fair </bigram>
    <bigram weight="1" > extracted by </bigram>
    <bigram weight="1" > writing ### </bigram>
    <bigram weight="1" > being a </bigram>
    <bigram weight="1" > ### under </bigram>
    <bigram weight="1" > ### marshes </bigram>
    <bigram weight="1" > richard fleck </bigram>
    <bigram weight="1" > must have </bigram>
    <bigram weight="1" > so barbarously </bigram>
    <bigram weight="1" > pleasing natural </bigram>
    <bigram weight="1" > its pleasing </bigram>
    <bigram weight="1" > this bit </bigram>
    <bigram weight="1" > been somewhat </bigram>
    <bigram weight="1" > meadows to </bigram>
    <bigram weight="1" > was more </bigram>
    <bigram weight="1" > that pastors </bigram>
    <bigram weight="1" > with their </bigram>
    <bigram weight="1" > more populated </bigram>
    <bigram weight="1" > ### are </bigram>
    <bigram weight="1" > or indian </bigram>
    <bigram weight="1" > the wattacusetts </bigram>
    <bigram weight="1" > concord would </bigram>
    <bigram weight="1" > his earlier </bigram>
    <bigram weight="1" > their herd </bigram>
    <bigram weight="1" > morgan library </bigram>
    <bigram weight="1" > surely by </bigram>
    <bigram weight="1" > natural descriptions </bigram>
    <bigram weight="1" > been granted </bigram>
    <bigram weight="1" > s indian </bigram>
    <bigram weight="1" > ### c </bigram>
    <bigram weight="1" > wonderful streams </bigram>
    <bigram weight="1" > he gives </bigram>
    <bigram weight="1" > books ### </bigram>
    <bigram weight="1" > town have </bigram>
    <bigram weight="1" > up to </bigram>
    <bigram weight="1" > by reason </bigram>
    <bigram weight="1" > bank ### </bigram>
    <bigram weight="1" > so that </bigram>
    <bigram weight="1" > season come </bigram>
    <bigram weight="1" > ### ind </bigram>
    <bigram weight="1" > thoreau ### </bigram>
    <bigram weight="1" > much covered </bigram>
    <bigram weight="1" > had liberated </bigram>
    <bigram weight="1" > of families </bigram>
    <bigram weight="1" > stream under </bigram>
    <bigram weight="1" > town being </bigram>
    <bigram weight="1" > covered with </bigram>
    <bigram weight="1" > recorded this </bigram>
    <bigram weight="1" > name of </bigram>
    <bigram weight="1" > earlier savagist </bigram>
    <bigram weight="1" > into ### </bigram>
    <bigram weight="1" > name counter </bigram>
    <bigram weight="1" > of information </bigram>
    <bigram weight="1" > new england </bigram>
    <bigram weight="1" > ind ### </bigram>
    <bigram weight="1" > but cannot </bigram>
    <bigram weight="1" > # rhe </bigram>
    <bigram weight="1" > extract was </bigram>
    <bigram weight="1" > people ### </bigram>
    <bigram weight="1" > people together </bigram>
    <bigram weight="1" > was made </bigram>
    <bigram weight="1" > he had </bigram>
    <bigram weight="1" > families at </bigram>
    <bigram weight="1" > which follows </bigram>
    <bigram weight="1" > thoreau hoped </bigram>
    <bigram weight="1" > from his </bigram>
    <bigram weight="1" > herd of </bigram>
    <bigram weight="1" > from thoreau </bigram>
    <bigram weight="1" > meadows of </bigram>
    <bigram weight="1" > somewhat irritated </bigram>
    <bigram weight="1" > of new </bigram>
    <bigram weight="1" > for this </bigram>
    <bigram weight="1" > pierpont morgan </bigram>
    <bigram weight="1" > low level </bigram>
    <bigram weight="1" > ### n </bigram>
    <bigram weight="1" > vii ### </bigram>
    <bigram weight="1" > has been </bigram>
    <bigram weight="1" > information in </bigram>
    <bigram weight="1" > water ### </bigram>
    <bigram weight="1" > rhoreau ### </bigram>
    <bigram weight="1" > to this </bigram>
    <bigram weight="1" > new people </bigram>
    <bigram weight="1" > her streams </bigram>
    <bigram weight="1" > as he </bigram>
    <bigram weight="1" > sometime in </bigram>
    <bigram weight="1" > ordinarily gather </bigram>
    <bigram weight="1" > falles ### </bigram>
    <bigram weight="1" > bent ### </bigram>
    <bigram weight="1" > placed chiefly </bigram>
    <bigram weight="1" > gather into </bigram>
    <bigram weight="1" > the which </bigram>
    <bigram weight="1" > concord the </bigram>
    <bigram weight="1" > but with </bigram>
    <bigram weight="1" > reminiscent of </bigram>
    <bigram weight="1" > the town </bigram>
    <bigram weight="1" > thoreau in </bigram>
    <bigram weight="1" > gives for </bigram>
    <bigram weight="1" > now it </bigram>
    <bigram weight="1" > at present </bigram>
    <bigram weight="1" > n vii </bigram>
    <bigram weight="1" > rhe ### </bigram>
    <bigram weight="1" > merrimeck ### </bigram>
    <bigram weight="1" > town name </bigram>
    <bigram weight="1" > reason of </bigram>
    <bigram weight="1" > permission to </bigram>
    <bigram weight="1" > descriptions reminiscent </bigram>
    <bigram weight="1" > dai ances </bigram>
    <bigram weight="1" > the inconveniences </bigram>
    <bigram weight="1" > fleck the </bigram>
    <bigram weight="1" > to cut </bigram>
    <bigram weight="1" > called concord </bigram>
    <bigram weight="1" > information which </bigram>
    <bigram weight="1" > would wattacusettsize </bigram>
    <bigram weight="1" > irritated as </bigram>
    <bigram weight="1" > following extract </bigram>
    <bigram weight="1" > whose rivulets </bigram>
    <bigram weight="1" > ### concord </bigram>
    <bigram weight="1" > with water </bigram>
    <bigram weight="1" > rivulets are </bigram>
    <bigram weight="1" > # surely </bigram>
    <bigram weight="1" > because ### </bigram>
    <bigram weight="1" > cannot help </bigram>
    <bigram weight="1" > of merrimeck </bigram>
    <bigram weight="1" > with its </bigram>
    <bigram weight="1" > large river </bigram>
    <bigram weight="1" > be much </bigram>
    <bigram weight="1" > which these </bigram>
    <bigram weight="1" > concord is </bigram>
    <bigram weight="1" > to be </bigram>
    <bigram weight="1" > the number </bigram>
    <bigram weight="1" > pastors people </bigram>
    <bigram weight="1" > the wonderful </bigram>
    <bigram weight="1" > town is </bigram>
    <bigram weight="1" > fish ### </bigram>
    <bigram weight="1" > s own </bigram>
    <bigram weight="1" > conveniently placed </bigram>
    <bigram weight="1" > that the </bigram>
    <bigram weight="1" > history of </bigram>
    <bigram weight="1" > on the </bigram>
    <bigram weight="1" > ### so </bigram>
    <bigram weight="1" > about ### </bigram>
    <bigram weight="1" > london ### </bigram>
    <bigram weight="1" > ### which </bigram>
    <bigram weight="1" > he recorded </bigram>
    <bigram weight="1" > fresh river </bigram>
    <bigram weight="1" > in a </bigram>
    <bigram weight="1" > causeth their </bigram>
    <bigram weight="1" > with a </bigram>
    <bigram weight="1" > s he </bigram>
    <bigram weight="1" > daice cannot </bigram>
    <bigram weight="1" > have been </bigram>
    <bigram weight="1" > ### permission </bigram>
    <bigram weight="1" > england ### </bigram>
    <bigram weight="1" > cannot ### </bigram>
    <bigram weight="1" > counter dai </bigram>
    <bigram weight="1" > their buildings </bigram>
    <bigram weight="1" > quote from </bigram>
    <bigram weight="1" > is from </bigram>
    <bigram weight="1" > from edward </bigram>
    <bigram weight="1" > indian note </bigram>
    <bigram weight="1" > ### london </bigram>
    <bigram weight="1" > hoped that </bigram>
    <bigram weight="1" > but salmon </bigram>
    <bigram weight="1" > are none </bigram>
    <bigram weight="1" > think thoreau </bigram>
    <bigram weight="1" > a branch </bigram>
    <bigram weight="1" > a sunny </bigram>
    <bigram weight="1" > is seated </bigram>
    <bigram weight="1" > that large </bigram>
    <bigram weight="1" > plan tation </bigram>
    <bigram weight="1" > in the </bigram>
    <bigram weight="1" > own writing </bigram>
    <bigram weight="1" > thoreau sometime </bigram>
</article>
