<?xml version="1.0" encoding="UTF-8"?>
<article id="10.2307/23394694" >
    <bigram weight="24" > ### # </bigram>
    <bigram weight="12" > ### s </bigram>
    <bigram weight="11" > ### ### </bigram>
    <bigram weight="10" > of thoreau </bigram>
    <bigram weight="9" > ## ### </bigram>
    <bigram weight="7" > bust of </bigram>
    <bigram weight="7" > thoreau ### </bigram>
    <bigram weight="7" > # ### </bigram>
    <bigram weight="7" > ricketson ### </bigram>
    <bigram weight="5" > new bedford </bigram>
    <bigram weight="5" > ### ## </bigram>
    <bigram weight="5" > # walton </bigram>
    <bigram weight="4" > walton ricketson </bigram>
    <bigram weight="4" > ### the </bigram>
    <bigram weight="4" > first bust </bigram>
    <bigram weight="3" > of the </bigram>
    <bigram weight="3" > # ## </bigram>
    <bigram weight="3" > ### his </bigram>
    <bigram weight="3" > ### i </bigram>
    <bigram weight="3" > ### we </bigram>
    <bigram weight="3" > lost bust </bigram>
    <bigram weight="3" > whaling museum </bigram>
    <bigram weight="3" > s first </bigram>
    <bigram weight="3" > studio ### </bigram>
    <bigram weight="2" > to dooley </bigram>
    <bigram weight="2" > it ### </bigram>
    <bigram weight="2" > man ### </bigram>
    <bigram weight="2" > ### and </bigram>
    <bigram weight="2" > likeness ### </bigram>
    <bigram weight="2" > ## and </bigram>
    <bigram weight="2" > in ## </bigram>
    <bigram weight="2" > museum ### </bigram>
    <bigram weight="2" > it to </bigram>
    <bigram weight="2" > this journal </bigram>
    <bigram weight="2" > years earlier </bigram>
    <bigram weight="2" > a lost </bigram>
    <bigram weight="2" > of walton </bigram>
    <bigram weight="2" > and i </bigram>
    <bigram weight="2" > in the </bigram>
    <bigram weight="2" > at the </bigram>
    <bigram weight="2" > bedford whaling </bigram>
    <bigram weight="2" > of a </bigram>
    <bigram weight="2" > bust is </bigram>
    <bigram weight="2" > ### a </bigram>
    <bigram weight="2" > is the </bigram>
    <bigram weight="2" > a noble </bigram>
    <bigram weight="2" > whitman ### </bigram>
    <bigram weight="2" > a ### </bigram>
    <bigram weight="2" > photograph of </bigram>
    <bigram weight="2" > ### ricketson </bigram>
    <bigram weight="2" > make a </bigram>
    <bigram weight="2" > the bust </bigram>
    <bigram weight="2" > original man </bigram>
    <bigram weight="2" > # in </bigram>
    <bigram weight="2" > indicative of </bigram>
    <bigram weight="2" > the lost </bigram>
    <bigram weight="2" > bedford ### </bigram>
    <bigram weight="2" > walton ### </bigram>
    <bigram weight="2" > nicholas whitman </bigram>
    <bigram weight="2" > lost likeness </bigram>
    <bigram weight="2" > ### new </bigram>
    <bigram weight="2" > s studio </bigram>
    <bigram weight="2" > us ### </bigram>
    <bigram weight="2" > head indicative </bigram>
    <bigram weight="2" > of his </bigram>
    <bigram weight="1" > portray thoreau </bigram>
    <bigram weight="1" > i suggested </bigram>
    <bigram weight="1" > bedford to </bigram>
    <bigram weight="1" > minuscule but </bigram>
    <bigram weight="1" > noble ### </bigram>
    <bigram weight="1" > and strove </bigram>
    <bigram weight="1" > until this </bigram>
    <bigram weight="1" > s thomas </bigram>
    <bigram weight="1" > there in </bigram>
    <bigram weight="1" > h ### </bigram>
    <bigram weight="1" > its curator </bigram>
    <bigram weight="1" > who had </bigram>
    <bigram weight="1" > a photograph </bigram>
    <bigram weight="1" > thoreau between </bigram>
    <bigram weight="1" > his death </bigram>
    <bigram weight="1" > family photographs </bigram>
    <bigram weight="1" > ### walton </bigram>
    <bigram weight="1" > poetic license </bigram>
    <bigram weight="1" > died in </bigram>
    <bigram weight="1" > dooley on </bigram>
    <bigram weight="1" > walton worked </bigram>
    <bigram weight="1" > ### just </bigram>
    <bigram weight="1" > rials for </bigram>
    <bigram weight="1" > come to </bigram>
    <bigram weight="1" > visited ricketson </bigram>
    <bigram weight="1" > had visited </bigram>
    <bigram weight="1" > death ### </bigram>
    <bigram weight="1" > such a </bigram>
    <bigram weight="1" > memory and </bigram>
    <bigram weight="1" > setting up </bigram>
    <bigram weight="1" > ## walton </bigram>
    <bigram weight="1" > as begets </bigram>
    <bigram weight="1" > a head </bigram>
    <bigram weight="1" > # the </bigram>
    <bigram weight="1" > reader ### </bigram>
    <bigram weight="1" > s letter </bigram>
    <bigram weight="1" > several years </bigram>
    <bigram weight="1" > leaves it </bigram>
    <bigram weight="1" > no ### </bigram>
    <bigram weight="1" > skill of </bigram>
    <bigram weight="1" > to us </bigram>
    <bigram weight="1" > by nicholas </bigram>
    <bigram weight="1" > march ## </bigram>
    <bigram weight="1" > beatora wnanny </bigram>
    <bigram weight="1" > dooley a </bigram>
    <bigram weight="1" > the most </bigram>
    <bigram weight="1" > ### that </bigram>
    <bigram weight="1" > mate rials </bigram>
    <bigram weight="1" > this head </bigram>
    <bigram weight="1" > ### she </bigram>
    <bigram weight="1" > dickens when </bigram>
    <bigram weight="1" > ot tne </bigram>
    <bigram weight="1" > his sculpture </bigram>
    <bigram weight="1" > photographs ### </bigram>
    <bigram weight="1" > his father </bigram>
    <bigram weight="1" > of an </bigram>
    <bigram weight="1" > his first </bigram>
    <bigram weight="1" > riaketson ### </bigram>
    <bigram weight="1" > the concord </bigram>
    <bigram weight="1" > museum arm </bigram>
    <bigram weight="1" > important object </bigram>
    <bigram weight="1" > the new </bigram>
    <bigram weight="1" > home in </bigram>
    <bigram weight="1" > enlargement of </bigram>
    <bigram weight="1" > photograph ### </bigram>
    <bigram weight="1" > ### where </bigram>
    <bigram weight="1" > went to </bigram>
    <bigram weight="1" > much as </bigram>
    <bigram weight="1" > he had </bigram>
    <bigram weight="1" > box of </bigram>
    <bigram weight="1" > judge this </bigram>
    <bigram weight="1" > a dozen </bigram>
    <bigram weight="1" > ambrotype taken </bigram>
    <bigram weight="1" > i the </bigram>
    <bigram weight="1" > we examined </bigram>
    <bigram weight="1" > ### t </bigram>
    <bigram weight="1" > and its </bigram>
    <bigram weight="1" > what ### </bigram>
    <bigram weight="1" > noble deep </bigram>
    <bigram weight="1" > before he </bigram>
    <bigram weight="1" > of photography </bigram>
    <bigram weight="1" > but the </bigram>
    <bigram weight="1" > likeness found </bigram>
    <bigram weight="1" > as possible </bigram>
    <bigram weight="1" > a box </bigram>
    <bigram weight="1" > memory after </bigram>
    <bigram weight="1" > all ### </bigram>
    <bigram weight="1" > ### this </bigram>
    <bigram weight="1" > a note </bigram>
    <bigram weight="1" > by thomas </bigram>
    <bigram weight="1" > but unmistakable </bigram>
    <bigram weight="1" > a hasty </bigram>
    <bigram weight="1" > thomas blanchng </bigram>
    <bigram weight="1" > were setting </bigram>
    <bigram weight="1" > walton riaketson </bigram>
    <bigram weight="1" > object ### </bigram>
    <bigram weight="1" > may marilyn </bigram>
    <bigram weight="1" > view about </bigram>
    <bigram weight="1" > to refresh </bigram>
    <bigram weight="1" > preceding issue </bigram>
    <bigram weight="1" > second bust </bigram>
    <bigram weight="1" > ### who </bigram>
    <bigram weight="1" > we unveil </bigram>
    <bigram weight="1" > for a </bigram>
    <bigram weight="1" > has favored </bigram>
    <bigram weight="1" > of ricketson </bigram>
    <bigram weight="1" > who ### </bigram>
    <bigram weight="1" > explained ### </bigram>
    <bigram weight="1" > may yet </bigram>
    <bigram weight="1" > curator of </bigram>
    <bigram weight="1" > ### of </bigram>
    <bigram weight="1" > and the </bigram>
    <bigram weight="1" > first likeness </bigram>
    <bigram weight="1" > a bust </bigram>
    <bigram weight="1" > individuality ### </bigram>
    <bigram weight="1" > said ### </bigram>
    <bigram weight="1" > ### make </bigram>
    <bigram weight="1" > the likeness </bigram>
    <bigram weight="1" > the preceding </bigram>
    <bigram weight="1" > a stereoscopic </bigram>
    <bigram weight="1" > an enlargement </bigram>
    <bigram weight="1" > memory ### </bigram>
    <bigram weight="1" > sequel ### </bigram>
    <bigram weight="1" > i squinted </bigram>
    <bigram weight="1" > ### showing </bigram>
    <bigram weight="1" > in trying </bigram>
    <bigram weight="1" > i dared </bigram>
    <bigram weight="1" > cover an </bigram>
    <bigram weight="1" > archimedes when </bigram>
    <bigram weight="1" > a new </bigram>
    <bigram weight="1" > dooley ### </bigram>
    <bigram weight="1" > pile and </bigram>
    <bigram weight="1" > the thoreau </bigram>
    <bigram weight="1" > nobl est </bigram>
    <bigram weight="1" > this sequel </bigram>
    <bigram weight="1" > father daniel </bigram>
    <bigram weight="1" > from memory </bigram>
    <bigram weight="1" > excitedly ### </bigram>
    <bigram weight="1" > sketch book </bigram>
    <bigram weight="1" > after his </bigram>
    <bigram weight="1" > courtesy of </bigram>
    <bigram weight="1" > s ### </bigram>
    <bigram weight="1" > ricketson explained </bigram>
    <bigram weight="1" > drawn by </bigram>
    <bigram weight="1" > est character </bigram>
    <bigram weight="1" > less poetic </bigram>
    <bigram weight="1" > the first </bigram>
    <bigram weight="1" > about three </bigram>
    <bigram weight="1" > our joy </bigram>
    <bigram weight="1" > when i </bigram>
    <bigram weight="1" > its less </bigram>
    <bigram weight="1" > had left </bigram>
    <bigram weight="1" > character traits </bigram>
    <bigram weight="1" > ### march </bigram>
    <bigram weight="1" > eureka # </bigram>
    <bigram weight="1" > lines than </bigram>
    <bigram weight="1" > transcendent philosophy </bigram>
    <bigram weight="1" > daniel ### </bigram>
    <bigram weight="1" > back cover </bigram>
    <bigram weight="1" > concord saunterer </bigram>
    <bigram weight="1" > earlier i </bigram>
    <bigram weight="1" > this is </bigram>
    <bigram weight="1" > we were </bigram>
    <bigram weight="1" > photography ### </bigram>
    <bigram weight="1" > last we </bigram>
    <bigram weight="1" > was the </bigram>
    <bigram weight="1" > new beatora </bigram>
    <bigram weight="1" > in which </bigram>
    <bigram weight="1" > issue of </bigram>
    <bigram weight="1" > his second </bigram>
    <bigram weight="1" > suggested in </bigram>
    <bigram weight="1" > favored us </bigram>
    <bigram weight="1" > was minuscule </bigram>
    <bigram weight="1" > ### original </bigram>
    <bigram weight="1" > softer lines </bigram>
    <bigram weight="1" > to new </bigram>
    <bigram weight="1" > book three </bigram>
    <bigram weight="1" > worked trom </bigram>
    <bigram weight="1" > an ambrotype </bigram>
    <bigram weight="1" > # by </bigram>
    <bigram weight="1" > squinted ### </bigram>
    <bigram weight="1" > ### with </bigram>
    <bigram weight="1" > thoreau # </bigram>
    <bigram weight="1" > i omitted </bigram>
    <bigram weight="1" > the artist </bigram>
    <bigram weight="1" > image was </bigram>
    <bigram weight="1" > deep think </bigram>
    <bigram weight="1" > think ing </bigram>
    <bigram weight="1" > unmistakable ### </bigram>
    <bigram weight="1" > often had </bigram>
    <bigram weight="1" > ## enlargement </bigram>
    <bigram weight="1" > for such </bigram>
    <bigram weight="1" > fate has </bigram>
    <bigram weight="1" > letter to </bigram>
    <bigram weight="1" > # there </bigram>
    <bigram weight="1" > begets this </bigram>
    <bigram weight="1" > square ### </bigram>
    <bigram weight="1" > where a </bigram>
    <bigram weight="1" > # archimedes </bigram>
    <bigram weight="1" > just as </bigram>
    <bigram weight="1" > s home </bigram>
    <bigram weight="1" > traits ### </bigram>
    <bigram weight="1" > lost ### </bigram>
    <bigram weight="1" > saunterer ### </bigram>
    <bigram weight="1" > hear of </bigram>
    <bigram weight="1" > trie skill </bigram>
    <bigram weight="1" > ### nicholas </bigram>
    <bigram weight="1" > s sketch </bigram>
    <bigram weight="1" > new photograph </bigram>
    <bigram weight="1" > he said </bigram>
    <bigram weight="1" > # at </bigram>
    <bigram weight="1" > when found </bigram>
    <bigram weight="1" > thoreau made </bigram>
    <bigram weight="1" > isn ### </bigram>
    <bigram weight="1" > success of </bigram>
    <bigram weight="1" > to scout </bigram>
    <bigram weight="1" > daniel ricketson </bigram>
    <bigram weight="1" > arm trie </bigram>
    <bigram weight="1" > three new </bigram>
    <bigram weight="1" > ### what </bigram>
    <bigram weight="1" > between ## </bigram>
    <bigram weight="1" > judge the </bigram>
    <bigram weight="1" > had sculpted </bigram>
    <bigram weight="1" > by his </bigram>
    <bigram weight="1" > his strong </bigram>
    <bigram weight="1" > points ### </bigram>
    <bigram weight="1" > miner details </bigram>
    <bigram weight="1" > of it </bigram>
    <bigram weight="1" > bust ### </bigram>
    <bigram weight="1" > the image </bigram>
    <bigram weight="1" > strong individuality </bigram>
    <bigram weight="1" > sculpted a </bigram>
    <bigram weight="1" > ### may </bigram>
    <bigram weight="1" > left it </bigram>
    <bigram weight="1" > ### now </bigram>
    <bigram weight="1" > possible miner </bigram>
    <bigram weight="1" > dared not </bigram>
    <bigram weight="1" > ihrough tne </bigram>
    <bigram weight="1" > lather ### </bigram>
    <bigram weight="1" > like our </bigram>
    <bigram weight="1" > ricketson exhibit </bigram>
    <bigram weight="1" > bust # </bigram>
    <bigram weight="1" > hope for </bigram>
    <bigram weight="1" > inches square </bigram>
    <bigram weight="1" > i had </bigram>
    <bigram weight="1" > s nobl </bigram>
    <bigram weight="1" > ### like </bigram>
    <bigram weight="1" > is ### </bigram>
    <bigram weight="1" > most of </bigram>
    <bigram weight="1" > ricketson family </bigram>
    <bigram weight="1" > than ricketson </bigram>
    <bigram weight="1" > journal resurrected </bigram>
    <bigram weight="1" > to gain </bigram>
    <bigram weight="1" > and happy </bigram>
    <bigram weight="1" > i went </bigram>
    <bigram weight="1" > thomas blanding </bigram>
    <bigram weight="1" > wrote a </bigram>
    <bigram weight="1" > sought to </bigram>
    <bigram weight="1" > # ihrough </bigram>
    <bigram weight="1" > intellect ### </bigram>
    <bigram weight="1" > walton sought </bigram>
    <bigram weight="1" > dooley to </bigram>
    <bigram weight="1" > thoreau lyceum </bigram>
    <bigram weight="1" > # for </bigram>
    <bigram weight="1" > middle of </bigram>
    <bigram weight="1" > enlargement by </bigram>
    <bigram weight="1" > resurrected ricketson </bigram>
    <bigram weight="1" > he died </bigram>
    <bigram weight="1" > s memory </bigram>
    <bigram weight="1" > the success </bigram>
    <bigram weight="1" > ### but </bigram>
    <bigram weight="1" > earlier he </bigram>
    <bigram weight="1" > ### h </bigram>
    <bigram weight="1" > his studio </bigram>
    <bigram weight="1" > tne courtesy </bigram>
    <bigram weight="1" > may ## </bigram>
    <bigram weight="1" > ### before </bigram>
    <bigram weight="1" > most important </bigram>
    <bigram weight="1" > that a </bigram>
    <bigram weight="1" > license than </bigram>
    <bigram weight="1" > gain these </bigram>
    <bigram weight="1" > advantages of </bigram>
    <bigram weight="1" > showing me </bigram>
    <bigram weight="1" > even this </bigram>
    <bigram weight="1" > ricketson wrote </bigram>
    <bigram weight="1" > # marilyn </bigram>
    <bigram weight="1" > ### isn </bigram>
    <bigram weight="1" > for fate </bigram>
    <bigram weight="1" > one pile </bigram>
    <bigram weight="1" > now leaves </bigram>
    <bigram weight="1" > his transcendent </bigram>
    <bigram weight="1" > examined a </bigram>
    <bigram weight="1" > up at </bigram>
    <bigram weight="1" > had found </bigram>
    <bigram weight="1" > new likenesses </bigram>
    <bigram weight="1" > that it </bigram>
    <bigram weight="1" > than his </bigram>
    <bigram weight="1" > much was </bigram>
    <bigram weight="1" > to portray </bigram>
    <bigram weight="1" > stereoscopic view </bigram>
    <bigram weight="1" > trying to </bigram>
    <bigram weight="1" > trom memory </bigram>
    <bigram weight="1" > perused one </bigram>
    <bigram weight="1" > exhibit we </bigram>
    <bigram weight="1" > ### dooley </bigram>
    <bigram weight="1" > a ricketson </bigram>
    <bigram weight="1" > with his </bigram>
    <bigram weight="1" > joy ### </bigram>
    <bigram weight="1" > in new </bigram>
    <bigram weight="1" > found by </bigram>
    <bigram weight="1" > likeness of </bigram>
    <bigram weight="1" > details and </bigram>
    <bigram weight="1" > vol ### </bigram>
    <bigram weight="1" > as much </bigram>
    <bigram weight="1" > # even </bigram>
    <bigram weight="1" > other ### </bigram>
    <bigram weight="1" > found in </bigram>
    <bigram weight="1" > in daniel </bigram>
    <bigram weight="1" > me a </bigram>
    <bigram weight="1" > blaisdell and </bigram>
    <bigram weight="1" > of this </bigram>
    <bigram weight="1" > forgotten until </bigram>
    <bigram weight="1" > lyceum ### </bigram>
    <bigram weight="1" > journal that </bigram>
    <bigram weight="1" > its softer </bigram>
    <bigram weight="1" > is still </bigram>
    <bigram weight="1" > ### no </bigram>
    <bigram weight="1" > sent dooley </bigram>
    <bigram weight="1" > the photograph </bigram>
    <bigram weight="1" > marilyn perused </bigram>
    <bigram weight="1" > taken in </bigram>
    <bigram weight="1" > fulfillment as </bigram>
    <bigram weight="1" > scout mate </bigram>
    <bigram weight="1" > that several </bigram>
    <bigram weight="1" > she asked </bigram>
    <bigram weight="1" > our back </bigram>
    <bigram weight="1" > ### is </bigram>
    <bigram weight="1" > ### courtesy </bigram>
    <bigram weight="1" > made from </bigram>
    <bigram weight="1" > on our </bigram>
    <bigram weight="1" > note of </bigram>
    <bigram weight="1" > these points </bigram>
    <bigram weight="1" > s lost </bigram>
    <bigram weight="1" > the last </bigram>
    <bigram weight="1" > omitted as </bigram>
    <bigram weight="1" > t that </bigram>
    <bigram weight="1" > # to </bigram>
    <bigram weight="1" > not hope </bigram>
    <bigram weight="1" > by its </bigram>
    <bigram weight="1" > artist sent </bigram>
    <bigram weight="1" > likenesses of </bigram>
    <bigram weight="1" > blanding eureka </bigram>
    <bigram weight="1" > light ### </bigram>
    <bigram weight="1" > his intellect </bigram>
    <bigram weight="1" > tne new </bigram>
    <bigram weight="1" > ing original </bigram>
    <bigram weight="1" > yet come </bigram>
    <bigram weight="1" > the advantages </bigram>
    <bigram weight="1" > ### in </bigram>
    <bigram weight="1" > dozen years </bigram>
    <bigram weight="1" > this much </bigram>
    <bigram weight="1" > ### often </bigram>
    <bigram weight="1" > and ## </bigram>
    <bigram weight="1" > and a </bigram>
    <bigram weight="1" > profile drawn </bigram>
    <bigram weight="1" > # dickens </bigram>
    <bigram weight="1" > happy fulfillment </bigram>
    <bigram weight="1" > was forgotten </bigram>
    <bigram weight="1" > museum # </bigram>
    <bigram weight="1" > still long </bigram>
    <bigram weight="1" > ## lather </bigram>
    <bigram weight="1" > to judge </bigram>
    <bigram weight="1" > wnanny museum </bigram>
    <bigram weight="1" > three inches </bigram>
    <bigram weight="1" > the reader </bigram>
    <bigram weight="1" > blanchng ### </bigram>
    <bigram weight="1" > in may </bigram>
    <bigram weight="1" > we hear </bigram>
    <bigram weight="1" > refresh the </bigram>
    <bigram weight="1" > strove to </bigram>
    <bigram weight="1" > to light </bigram>
    <bigram weight="1" > hasty and </bigram>
    <bigram weight="1" > ### was </bigram>
    <bigram weight="1" > ricketson s </bigram>
    <bigram weight="1" > ### profile </bigram>
    <bigram weight="1" > to make </bigram>
    <bigram weight="1" > courtesy ot </bigram>
    <bigram weight="1" > on may </bigram>
    <bigram weight="1" > the middle </bigram>
    <bigram weight="1" > found ### </bigram>
    <bigram weight="1" > sculpture ### </bigram>
    <bigram weight="1" > philosophy ### </bigram>
    <bigram weight="1" > ### vol </bigram>
    <bigram weight="1" > asked excitedly </bigram>
    <bigram weight="1" > as he </bigram>
    <bigram weight="1" > of all </bigram>
    <bigram weight="1" > which the </bigram>
    <bigram weight="1" > long lost </bigram>
    <bigram weight="1" > thoreau who </bigram>
    <bigram weight="1" > we judge </bigram>
    <bigram weight="1" > marilyn blaisdell </bigram>
    <bigram weight="1" > unveil on </bigram>
    <bigram weight="1" > and most </bigram>
    <bigram weight="1" > of its </bigram>
    <bigram weight="1" > the whaling </bigram>
    <bigram weight="1" > the other </bigram>
</article>
