<?xml version="1.0" encoding="UTF-8"?>
<article id="10.2307/23393215" >
    <bigram weight="44" > ### # </bigram>
    <bigram weight="28" > of the </bigram>
    <bigram weight="15" > the box </bigram>
    <bigram weight="13" > # the </bigram>
    <bigram weight="9" > ### and </bigram>
    <bigram weight="6" > box ### </bigram>
    <bigram weight="6" > to the </bigram>
    <bigram weight="6" > the ### </bigram>
    <bigram weight="5" > the cover </bigram>
    <bigram weight="5" > the lid </bigram>
    <bigram weight="5" > ### the </bigram>
    <bigram weight="5" > at the </bigram>
    <bigram weight="5" > with the </bigram>
    <bigram weight="5" > ### ### </bigram>
    <bigram weight="4" > the lock </bigram>
    <bigram weight="4" > each side </bigram>
    <bigram weight="4" > in the </bigram>
    <bigram weight="4" > cm ### </bigram>
    <bigram weight="4" > ### but </bigram>
    <bigram weight="4" > for the </bigram>
    <bigram weight="3" > the bottom </bigram>
    <bigram weight="3" > edge of </bigram>
    <bigram weight="3" > it is </bigram>
    <bigram weight="3" > screws ### </bigram>
    <bigram weight="3" > by the </bigram>
    <bigram weight="3" > was built </bigram>
    <bigram weight="3" > the time </bigram>
    <bigram weight="3" > from the </bigram>
    <bigram weight="3" > box was </bigram>
    <bigram weight="3" > built ### </bigram>
    <bigram weight="3" > have been </bigram>
    <bigram weight="3" > ### it </bigram>
    <bigram weight="3" > ### s </bigram>
    <bigram weight="3" > ## cm </bigram>
    <bigram weight="3" > ### its </bigram>
    <bigram weight="3" > the front </bigram>
    <bigram weight="3" > to be </bigram>
    <bigram weight="2" > # but </bigram>
    <bigram weight="2" > hinges are </bigram>
    <bigram weight="2" > ### volumes </bigram>
    <bigram weight="2" > broken ### </bigram>
    <bigram weight="2" > journal volumes </bigram>
    <bigram weight="2" > attached to </bigram>
    <bigram weight="2" > thoreau ### </bigram>
    <bigram weight="2" > bottom of </bigram>
    <bigram weight="2" > but the </bigram>
    <bigram weight="2" > each end </bigram>
    <bigram weight="2" > board ### </bigram>
    <bigram weight="2" > appears to </bigram>
    <bigram weight="2" > the thoreau </bigram>
    <bigram weight="2" > it was </bigram>
    <bigram weight="2" > size of </bigram>
    <bigram weight="2" > the back </bigram>
    <bigram weight="2" > ### for </bigram>
    <bigram weight="2" > would be </bigram>
    <bigram weight="2" > deduced from </bigram>
    <bigram weight="2" > and the </bigram>
    <bigram weight="2" > # though </bigram>
    <bigram weight="2" > the size </bigram>
    <bigram weight="2" > time the </bigram>
    <bigram weight="2" > be the </bigram>
    <bigram weight="2" > is ## </bigram>
    <bigram weight="2" > library ### </bigram>
    <bigram weight="2" > # ### </bigram>
    <bigram weight="2" > lid ### </bigram>
    <bigram weight="2" > on each </bigram>
    <bigram weight="2" > ### is </bigram>
    <bigram weight="2" > the joints </bigram>
    <bigram weight="2" > which the </bigram>
    <bigram weight="2" > ## ### </bigram>
    <bigram weight="2" > the journal </bigram>
    <bigram weight="2" > steel screws </bigram>
    <bigram weight="2" > end ### </bigram>
    <bigram weight="2" > box in </bigram>
    <bigram weight="2" > lock ### </bigram>
    <bigram weight="2" > is attached </bigram>
    <bigram weight="2" > the builder </bigram>
    <bigram weight="2" > to accommodate </bigram>
    <bigram weight="2" > on the </bigram>
    <bigram weight="2" > side of </bigram>
    <bigram weight="2" > the top </bigram>
    <bigram weight="2" > # if </bigram>
    <bigram weight="1" > rouah as </bigram>
    <bigram weight="1" > purposes well </bigram>
    <bigram weight="1" > patently arques </bigram>
    <bigram weight="1" > thoreau and </bigram>
    <bigram weight="1" > # i </bigram>
    <bigram weight="1" > maximum security </bigram>
    <bigram weight="1" > serviceable ### </bigram>
    <bigram weight="1" > ### wakeman </bigram>
    <bigram weight="1" > nearina their </bigram>
    <bigram weight="1" > form ninety </bigram>
    <bigram weight="1" > front edge </bigram>
    <bigram weight="1" > each is </bigram>
    <bigram weight="1" > centered ### </bigram>
    <bigram weight="1" > # deduced </bigram>
    <bigram weight="1" > ana up </bigram>
    <bigram weight="1" > size to </bigram>
    <bigram weight="1" > # each </bigram>
    <bigram weight="1" > h ### </bigram>
    <bigram weight="1" > way appears </bigram>
    <bigram weight="1" > to each </bigram>
    <bigram weight="1" > it ### </bigram>
    <bigram weight="1" > thoreau society </bigram>
    <bigram weight="1" > the pierpont </bigram>
    <bigram weight="1" > who had </bigram>
    <bigram weight="1" > desired was </bigram>
    <bigram weight="1" > ber ma </bigram>
    <bigram weight="1" > straight ### </bigram>
    <bigram weight="1" > secured by </bigram>
    <bigram weight="1" > articles and </bigram>
    <bigram weight="1" > about the </bigram>
    <bigram weight="1" > russell ### </bigram>
    <bigram weight="1" > henry d </bigram>
    <bigram weight="1" > wav ### </bigram>
    <bigram weight="1" > four nails </bigram>
    <bigram weight="1" > at du </bigram>
    <bigram weight="1" > by ### </bigram>
    <bigram weight="1" > also a </bigram>
    <bigram weight="1" > of numerous </bigram>
    <bigram weight="1" > bv four </bigram>
    <bigram weight="1" > # overall </bigram>
    <bigram weight="1" > could be </bigram>
    <bigram weight="1" > the princeton </bigram>
    <bigram weight="1" > utility ### </bigram>
    <bigram weight="1" > cannot be </bigram>
    <bigram weight="1" > ### holes </bigram>
    <bigram weight="1" > ### unostentatious </bigram>
    <bigram weight="1" > and editor </bigram>
    <bigram weight="1" > ends of </bigram>
    <bigram weight="1" > box served </bigram>
    <bigram weight="1" > death ### </bigram>
    <bigram weight="1" > held the </bigram>
    <bigram weight="1" > bottom board </bigram>
    <bigram weight="1" > physical characteristics </bigram>
    <bigram weight="1" > of course </bigram>
    <bigram weight="1" > volumes there </bigram>
    <bigram weight="1" > the chief </bigram>
    <bigram weight="1" > is con </bigram>
    <bigram weight="1" > much space </bigram>
    <bigram weight="1" > though it </bigram>
    <bigram weight="1" > marks of </bigram>
    <bigram weight="1" > attractiveness of </bigram>
    <bigram weight="1" > from each </bigram>
    <bigram weight="1" > is affixed </bigram>
    <bigram weight="1" > he is </bigram>
    <bigram weight="1" > volumes could </bigram>
    <bigram weight="1" > holes have </bigram>
    <bigram weight="1" > was known </bigram>
    <bigram weight="1" > carefully centered </bigram>
    <bigram weight="1" > the total </bigram>
    <bigram weight="1" > strain ### </bigram>
    <bigram weight="1" > lid attached </bigram>
    <bigram weight="1" > twen tieth </bigram>
    <bigram weight="1" > the snuq </bigram>
    <bigram weight="1" > forms the </bigram>
    <bigram weight="1" > been added </bigram>
    <bigram weight="1" > box by </bigram>
    <bigram weight="1" > their removal </bigram>
    <bigram weight="1" > ### she </bigram>
    <bigram weight="1" > way from </bigram>
    <bigram weight="1" > and it </bigram>
    <bigram weight="1" > reform papers </bigram>
    <bigram weight="1" > otis blake </bigram>
    <bigram weight="1" > # a </bigram>
    <bigram weight="1" > sophia to </bigram>
    <bigram weight="1" > an assump </bigram>
    <bigram weight="1" > ease of </bigram>
    <bigram weight="1" > was a </bigram>
    <bigram weight="1" > weight to </bigram>
    <bigram weight="1" > is presumably </bigram>
    <bigram weight="1" > wnen tne </bigram>
    <bigram weight="1" > lock once </bigram>
    <bigram weight="1" > ness on </bigram>
    <bigram weight="1" > evidence ### </bigram>
    <bigram weight="1" > gray otis </bigram>
    <bigram weight="1" > # heavy </bigram>
    <bigram weight="1" > the part </bigram>
    <bigram weight="1" > to ettect </bigram>
    <bigram weight="1" > but also </bigram>
    <bigram weight="1" > into which </bigram>
    <bigram weight="1" > iectured ### </bigram>
    <bigram weight="1" > joints are </bigram>
    <bigram weight="1" > out ana </bigram>
    <bigram weight="1" > fastened down </bigram>
    <bigram weight="1" > fitted is </bigram>
    <bigram weight="1" > viewed frcun </bigram>
    <bigram weight="1" > countersunk to </bigram>
    <bigram weight="1" > iournal were </bigram>
    <bigram weight="1" > the edge </bigram>
    <bigram weight="1" > snugly into </bigram>
    <bigram weight="1" > completely aoove </bigram>
    <bigram weight="1" > planks forminq </bigram>
    <bigram weight="1" > concluded that </bigram>
    <bigram weight="1" > lock appears </bigram>
    <bigram weight="1" > tents ### </bigram>
    <bigram weight="1" > side screws </bigram>
    <bigram weight="1" > screws at </bigram>
    <bigram weight="1" > the two </bigram>
    <bigram weight="1" > from place </bigram>
    <bigram weight="1" > and its </bigram>
    <bigram weight="1" > half way </bigram>
    <bigram weight="1" > about it </bigram>
    <bigram weight="1" > cover without </bigram>
    <bigram weight="1" > of english </bigram>
    <bigram weight="1" > the discovery </bigram>
    <bigram weight="1" > board which </bigram>
    <bigram weight="1" > box is </bigram>
    <bigram weight="1" > the planks </bigram>
    <bigram weight="1" > from its </bigram>
    <bigram weight="1" > spaced nails </bigram>
    <bigram weight="1" > reasonable such </bigram>
    <bigram weight="1" > thoreau published </bigram>
    <bigram weight="1" > pine chests </bigram>
    <bigram weight="1" > four eauallv </bigram>
    <bigram weight="1" > ### this </bigram>
    <bigram weight="1" > enough to </bigram>
    <bigram weight="1" > half of </bigram>
    <bigram weight="1" > have warped </bigram>
    <bigram weight="1" > blake and </bigram>
    <bigram weight="1" > glick is </bigram>
    <bigram weight="1" > con ### </bigram>
    <bigram weight="1" > but all </bigram>
    <bigram weight="1" > may seem </bigram>
    <bigram weight="1" > d ### </bigram>
    <bigram weight="1" > position clearly </bigram>
    <bigram weight="1" > # wrought </bigram>
    <bigram weight="1" > are preserved </bigram>
    <bigram weight="1" > that both </bigram>
    <bigram weight="1" > firmly to </bigram>
    <bigram weight="1" > ### to </bigram>
    <bigram weight="1" > cover ### </bigram>
    <bigram weight="1" > journey in </bigram>
    <bigram weight="1" > accommodate wood </bigram>
    <bigram weight="1" > # answers </bigram>
    <bigram weight="1" > are squarely </bigram>
    <bigram weight="1" > account for </bigram>
    <bigram weight="1" > is author </bigram>
    <bigram weight="1" > ### neatly </bigram>
    <bigram weight="1" > an assumption </bigram>
    <bigram weight="1" > total of </bigram>
    <bigram weight="1" > on which </bigram>
    <bigram weight="1" > is missing </bigram>
    <bigram weight="1" > preserved in </bigram>
    <bigram weight="1" > whom the </bigram>
    <bigram weight="1" > its position </bigram>
    <bigram weight="1" > goes ### </bigram>
    <bigram weight="1" > without strain </bigram>
    <bigram weight="1" > journal ### </bigram>
    <bigram weight="1" > to form </bigram>
    <bigram weight="1" > edition of </bigram>
    <bigram weight="1" > a snipping </bigram>
    <bigram weight="1" > the marks </bigram>
    <bigram weight="1" > chest derives </bigram>
    <bigram weight="1" > finally to </bigram>
    <bigram weight="1" > difficult to </bigram>
    <bigram weight="1" > that thoreau </bigram>
    <bigram weight="1" > portability with </bigram>
    <bigram weight="1" > might have </bigram>
    <bigram weight="1" > hand who </bigram>
    <bigram weight="1" > slightly through </bigram>
    <bigram weight="1" > attached ### </bigram>
    <bigram weight="1" > slight misplacement </bigram>
    <bigram weight="1" > firmly fitted </bigram>
    <bigram weight="1" > minnesota at </bigram>
    <bigram weight="1" > ### bound </bigram>
    <bigram weight="1" > ### driven </bigram>
    <bigram weight="1" > cube consists </bigram>
    <bigram weight="1" > ## nails </bigram>
    <bigram weight="1" > clear to </bigram>
    <bigram weight="1" > built for </bigram>
    <bigram weight="1" > and edward </bigram>
    <bigram weight="1" > appearance when </bigram>
    <bigram weight="1" > characteristics of </bigram>
    <bigram weight="1" > it as </bigram>
    <bigram weight="1" > chests and </bigram>
    <bigram weight="1" > after thoreau </bigram>
    <bigram weight="1" > been his </bigram>
    <bigram weight="1" > the minnesota </bigram>
    <bigram weight="1" > countersunk woodscrews </bigram>
    <bigram weight="1" > ### carefully </bigram>
    <bigram weight="1" > hinges ### </bigram>
    <bigram weight="1" > creation ### </bigram>
    <bigram weight="1" > endanaer the </bigram>
    <bigram weight="1" > a yellow </bigram>
    <bigram weight="1" > known precisely </bigram>
    <bigram weight="1" > to imaaine </bigram>
    <bigram weight="1" > that may </bigram>
    <bigram weight="1" > under stress </bigram>
    <bigram weight="1" > snipping case </bigram>
    <bigram weight="1" > hole ### </bigram>
    <bigram weight="1" > safety of </bigram>
    <bigram weight="1" > which provide </bigram>
    <bigram weight="1" > works ### </bigram>
    <bigram weight="1" > the university </bigram>
    <bigram weight="1" > cover mav </bigram>
    <bigram weight="1" > through the </bigram>
    <bigram weight="1" > convenient reposi </bigram>
    <bigram weight="1" > years ### </bigram>
    <bigram weight="1" > key hole </bigram>
    <bigram weight="1" > new probably </bigram>
    <bigram weight="1" > of attaching </bigram>
    <bigram weight="1" > be stored </bigram>
    <bigram weight="1" > as uniauelv </bigram>
    <bigram weight="1" > s ### </bigram>
    <bigram weight="1" > press ### </bigram>
    <bigram weight="1" > of a </bigram>
    <bigram weight="1" > is broken </bigram>
    <bigram weight="1" > down ### </bigram>
    <bigram weight="1" > nave been </bigram>
    <bigram weight="1" > ### by </bigram>
    <bigram weight="1" > tonaue of </bigram>
    <bigram weight="1" > life and </bigram>
    <bigram weight="1" > books about </bigram>
    <bigram weight="1" > clearly identified </bigram>
    <bigram weight="1" > minnesota journey </bigram>
    <bigram weight="1" > unostentatious sort </bigram>
    <bigram weight="1" > # nothinq </bigram>
    <bigram weight="1" > the second </bigram>
    <bigram weight="1" > are too </bigram>
    <bigram weight="1" > measure ### </bigram>
    <bigram weight="1" > them ### </bigram>
    <bigram weight="1" > reposi tory </bigram>
    <bigram weight="1" > ### thoreau </bigram>
    <bigram weight="1" > travels from </bigram>
    <bigram weight="1" > lock was </bigram>
    <bigram weight="1" > du luth </bigram>
    <bigram weight="1" > attached in </bigram>
    <bigram weight="1" > century by </bigram>
    <bigram weight="1" > nails of </bigram>
    <bigram weight="1" > ### a </bigram>
    <bigram weight="1" > such nails </bigram>
    <bigram weight="1" > ## # </bigram>
    <bigram weight="1" > tight ### </bigram>
    <bigram weight="1" > snuq fit </bigram>
    <bigram weight="1" > the original </bigram>
    <bigram weight="1" > ### about </bigram>
    <bigram weight="1" > ### under </bigram>
    <bigram weight="1" > ### iectured </bigram>
    <bigram weight="1" > the metal </bigram>
    <bigram weight="1" > many journal </bigram>
    <bigram weight="1" > ## ## </bigram>
    <bigram weight="1" > its unassuming </bigram>
    <bigram weight="1" > may have </bigram>
    <bigram weight="1" > length of </bigram>
    <bigram weight="1" > tieth century </bigram>
    <bigram weight="1" > but little </bigram>
    <bigram weight="1" > be reliablv </bigram>
    <bigram weight="1" > ### are </bigram>
    <bigram weight="1" > to top </bigram>
    <bigram weight="1" > flush union </bigram>
    <bigram weight="1" > front cover </bigram>
    <bigram weight="1" > probably synchronized </bigram>
    <bigram weight="1" > if it </bigram>
    <bigram weight="1" > society ### </bigram>
    <bigram weight="1" > and is </bigram>
    <bigram weight="1" > insert into </bigram>
    <bigram weight="1" > if thoreau </bigram>
    <bigram weight="1" > be ### </bigram>
    <bigram weight="1" > overlapping joints </bigram>
    <bigram weight="1" > however reasonable </bigram>
    <bigram weight="1" > the safety </bigram>
    <bigram weight="1" > only evidence </bigram>
    <bigram weight="1" > when and </bigram>
    <bigram weight="1" > # since </bigram>
    <bigram weight="1" > the manuscripts </bigram>
    <bigram weight="1" > # note </bigram>
    <bigram weight="1" > must nave </bigram>
    <bigram weight="1" > back ### </bigram>
    <bigram weight="1" > of when </bigram>
    <bigram weight="1" > woodscrews that </bigram>
    <bigram weight="1" > # with </bigram>
    <bigram weight="1" > certainty is </bigram>
    <bigram weight="1" > ### sawed </bigram>
    <bigram weight="1" > bottom to </bigram>
    <bigram weight="1" > sinks bequeathed </bigram>
    <bigram weight="1" > height is </bigram>
    <bigram weight="1" > wood screws </bigram>
    <bigram weight="1" > # on </bigram>
    <bigram weight="1" > under the </bigram>
    <bigram weight="1" > ### hellman </bigram>
    <bigram weight="1" > # stamds </bigram>
    <bigram weight="1" > and overall </bigram>
    <bigram weight="1" > the num </bigram>
    <bigram weight="1" > and books </bigram>
    <bigram weight="1" > pierpont morgan </bigram>
    <bigram weight="1" > degree corners </bigram>
    <bigram weight="1" > heavy steel </bigram>
    <bigram weight="1" > also is </bigram>
    <bigram weight="1" > of ## </bigram>
    <bigram weight="1" > scholars have </bigram>
    <bigram weight="1" > d cm </bigram>
    <bigram weight="1" > hinges at </bigram>
    <bigram weight="1" > derives from </bigram>
    <bigram weight="1" > aoove trie </bigram>
    <bigram weight="1" > however ### </bigram>
    <bigram weight="1" > are exposed </bigram>
    <bigram weight="1" > and each </bigram>
    <bigram weight="1" > thoreau built </bigram>
    <bigram weight="1" > bored and </bigram>
    <bigram weight="1" > that however </bigram>
    <bigram weight="1" > driven straight </bigram>
    <bigram weight="1" > of one </bigram>
    <bigram weight="1" > were nearina </bigram>
    <bigram weight="1" > tod with </bigram>
    <bigram weight="1" > the key </bigram>
    <bigram weight="1" > top edge </bigram>
    <bigram weight="1" > brass lock </bigram>
    <bigram weight="1" > with maximum </bigram>
    <bigram weight="1" > squarely cut </bigram>
    <bigram weight="1" > numerous articles </bigram>
    <bigram weight="1" > top on </bigram>
    <bigram weight="1" > to insure </bigram>
    <bigram weight="1" > known ### </bigram>
    <bigram weight="1" > his failure </bigram>
    <bigram weight="1" > has so </bigram>
    <bigram weight="1" > reliablv deduced </bigram>
    <bigram weight="1" > # serviceable </bigram>
    <bigram weight="1" > simple lines </bigram>
    <bigram weight="1" > num ber </bigram>
    <bigram weight="1" > well ### </bigram>
    <bigram weight="1" > the iournal </bigram>
    <bigram weight="1" > is nrtea </bigram>
    <bigram weight="1" > to harrison </bigram>
    <bigram weight="1" > stephen h </bigram>
    <bigram weight="1" > in ### </bigram>
    <bigram weight="1" > positive attribution </bigram>
    <bigram weight="1" > that the </bigram>
    <bigram weight="1" > the questions </bigram>
    <bigram weight="1" > when new </bigram>
    <bigram weight="1" > accommodate them </bigram>
    <bigram weight="1" > frcun the </bigram>
    <bigram weight="1" > its appearance </bigram>
    <bigram weight="1" > a certainty </bigram>
    <bigram weight="1" > identified ### </bigram>
    <bigram weight="1" > box reflects </bigram>
    <bigram weight="1" > the only </bigram>
    <bigram weight="1" > of evidence </bigram>
    <bigram weight="1" > union of </bigram>
    <bigram weight="1" > english ### </bigram>
    <bigram weight="1" > ma ## </bigram>
    <bigram weight="1" > of henry </bigram>
    <bigram weight="1" > nails ### </bigram>
    <bigram weight="1" > the tod </bigram>
    <bigram weight="1" > mm that </bigram>
    <bigram weight="1" > case rugged </bigram>
    <bigram weight="1" > depth ## </bigram>
    <bigram weight="1" > rugged utility </bigram>
    <bigram weight="1" > the twen </bigram>
    <bigram weight="1" > assump tion </bigram>
    <bigram weight="1" > from sophia </bigram>
    <bigram weight="1" > its travels </bigram>
    <bigram weight="1" > oriain of </bigram>
    <bigram weight="1" > with six </bigram>
    <bigram weight="1" > to georae </bigram>
    <bigram weight="1" > rugged enough </bigram>
    <bigram weight="1" > contents ### </bigram>
    <bigram weight="1" > lid and </bigram>
    <bigram weight="1" > will have </bigram>
    <bigram weight="1" > how much </bigram>
    <bigram weight="1" > far held </bigram>
    <bigram weight="1" > stamds it </bigram>
    <bigram weight="1" > of minnesota </bigram>
    <bigram weight="1" > answers to </bigram>
    <bigram weight="1" > required to </bigram>
    <bigram weight="1" > protrude from </bigram>
    <bigram weight="1" > both purposes </bigram>
    <bigram weight="1" > the countersunk </bigram>
    <bigram weight="1" > wrought nails </bigram>
    <bigram weight="1" > a slight </bigram>
    <bigram weight="1" > the ends </bigram>
    <bigram weight="1" > ### journal </bigram>
    <bigram weight="1" > and tod </bigram>
    <bigram weight="1" > unreliability under </bigram>
    <bigram weight="1" > though the </bigram>
    <bigram weight="1" > by whom </bigram>
    <bigram weight="1" > of thoreau </bigram>
    <bigram weight="1" > added at </bigram>
    <bigram weight="1" > nineteenth ### </bigram>
    <bigram weight="1" > place to </bigram>
    <bigram weight="1" > uniauelv his </bigram>
    <bigram weight="1" > misplacement of </bigram>
    <bigram weight="1" > the purpose </bigram>
    <bigram weight="1" > wakeman ### </bigram>
    <bigram weight="1" > thoreau might </bigram>
    <bigram weight="1" > reason ing </bigram>
    <bigram weight="1" > it still </bigram>
    <bigram weight="1" > of sufficient </bigram>
    <bigram weight="1" > overall depth </bigram>
    <bigram weight="1" > questions of </bigram>
    <bigram weight="1" > its presumed </bigram>
    <bigram weight="1" > spines of </bigram>
    <bigram weight="1" > such an </bigram>
    <bigram weight="1" > be required </bigram>
    <bigram weight="1" > board with </bigram>
    <bigram weight="1" > trie box </bigram>
    <bigram weight="1" > unspliced ## </bigram>
    <bigram weight="1" > fitted together </bigram>
    <bigram weight="1" > together without </bigram>
    <bigram weight="1" > into incisions </bigram>
    <bigram weight="1" > to place </bigram>
    <bigram weight="1" > six steel </bigram>
    <bigram weight="1" > ### with </bigram>
    <bigram weight="1" > since the </bigram>
    <bigram weight="1" > pine box </bigram>
    <bigram weight="1" > yellow pine </bigram>
    <bigram weight="1" > journal in </bigram>
    <bigram weight="1" > been rainy </bigram>
    <bigram weight="1" > failure to </bigram>
    <bigram weight="1" > what the </bigram>
    <bigram weight="1" > and are </bigram>
    <bigram weight="1" > insure the </bigram>
    <bigram weight="1" > which forms </bigram>
    <bigram weight="1" > i he </bigram>
    <bigram weight="1" > enclosed cube </bigram>
    <bigram weight="1" > back also </bigram>
    <bigram weight="1" > handlina so </bigram>
    <bigram weight="1" > university of </bigram>
    <bigram weight="1" > itself ### </bigram>
    <bigram weight="1" > ### d </bigram>
    <bigram weight="1" > period ### </bigram>
    <bigram weight="1" > thoreau journal </bigram>
    <bigram weight="1" > now with </bigram>
    <bigram weight="1" > of such </bigram>
    <bigram weight="1" > professor of </bigram>
    <bigram weight="1" > nails annear </bigram>
    <bigram weight="1" > is ### </bigram>
    <bigram weight="1" > was broken </bigram>
    <bigram weight="1" > to infer </bigram>
    <bigram weight="1" > box itself </bigram>
    <bigram weight="1" > side board </bigram>
    <bigram weight="1" > swings out </bigram>
    <bigram weight="1" > said of </bigram>
    <bigram weight="1" > once fitted </bigram>
    <bigram weight="1" > is difficult </bigram>
    <bigram weight="1" > and dry </bigram>
    <bigram weight="1" > may account </bigram>
    <bigram weight="1" > hazardous to </bigram>
    <bigram weight="1" > manuscripts in </bigram>
    <bigram weight="1" > vis ible </bigram>
    <bigram weight="1" > cracks at </bigram>
    <bigram weight="1" > cover fastened </bigram>
    <bigram weight="1" > square and </bigram>
    <bigram weight="1" > into the </bigram>
    <bigram weight="1" > # wnen </bigram>
    <bigram weight="1" > four steel </bigram>
    <bigram weight="1" > fitted into </bigram>
    <bigram weight="1" > with four </bigram>
    <bigram weight="1" > bequeathed to </bigram>
    <bigram weight="1" > morgan library </bigram>
    <bigram weight="1" > she of </bigram>
    <bigram weight="1" > constructed it </bigram>
    <bigram weight="1" > nrtea completely </bigram>
    <bigram weight="1" > still works </bigram>
    <bigram weight="1" > both his </bigram>
    <bigram weight="1" > it about </bigram>
    <bigram weight="1" > the nineteenth </bigram>
    <bigram weight="1" > sister soohia </bigram>
    <bigram weight="1" > are firmly </bigram>
    <bigram weight="1" > course accommodated </bigram>
    <bigram weight="1" > security to </bigram>
    <bigram weight="1" > annear to </bigram>
    <bigram weight="1" > corners ### </bigram>
    <bigram weight="1" > builder apparently </bigram>
    <bigram weight="1" > a flush </bigram>
    <bigram weight="1" > consists of </bigram>
    <bigram weight="1" > the board </bigram>
    <bigram weight="1" > that at </bigram>
    <bigram weight="1" > nothinq about </bigram>
    <bigram weight="1" > side ### </bigram>
    <bigram weight="1" > sawed board </bigram>
    <bigram weight="1" > by lock </bigram>
    <bigram weight="1" > # viewed </bigram>
    <bigram weight="1" > attribution will </bigram>
    <bigram weight="1" > to need </bigram>
    <bigram weight="1" > so rouah </bigram>
    <bigram weight="1" > sort that </bigram>
    <bigram weight="1" > brass hinges </bigram>
    <bigram weight="1" > and positive </bigram>
    <bigram weight="1" > and side </bigram>
    <bigram weight="1" > bound volumes </bigram>
    <bigram weight="1" > neatly fitted </bigram>
    <bigram weight="1" > the nails </bigram>
    <bigram weight="1" > space would </bigram>
    <bigram weight="1" > # however </bigram>
    <bigram weight="1" > overall length </bigram>
    <bigram weight="1" > is professor </bigram>
    <bigram weight="1" > is scarred </bigram>
    <bigram weight="1" > hardware ### </bigram>
    <bigram weight="1" > # what </bigram>
    <bigram weight="1" > are vis </bigram>
    <bigram weight="1" > ism ### </bigram>
    <bigram weight="1" > the morqan </bigram>
    <bigram weight="1" > there would </bigram>
    <bigram weight="1" > s journai </bigram>
    <bigram weight="1" > only a </bigram>
    <bigram weight="1" > to mm </bigram>
    <bigram weight="1" > discovery of </bigram>
    <bigram weight="1" > the case </bigram>
    <bigram weight="1" > and stephen </bigram>
    <bigram weight="1" > have built </bigram>
    <bigram weight="1" > and how </bigram>
    <bigram weight="1" > missing ### </bigram>
    <bigram weight="1" > unassuming functional </bigram>
    <bigram weight="1" > to endanaer </bigram>
    <bigram weight="1" > mav have </bigram>
    <bigram weight="1" > the edges </bigram>
    <bigram weight="1" > stored ### </bigram>
    <bigram weight="1" > the spines </bigram>
    <bigram weight="1" > be said </bigram>
    <bigram weight="1" > university press </bigram>
    <bigram weight="1" > ### of </bigram>
    <bigram weight="1" > and finally </bigram>
    <bigram weight="1" > ### scholars </bigram>
    <bigram weight="1" > purpose of </bigram>
    <bigram weight="1" > seem ### </bigram>
    <bigram weight="1" > to have </bigram>
    <bigram weight="1" > heads ### </bigram>
    <bigram weight="1" > ing goes </bigram>
    <bigram weight="1" > was not </bigram>
    <bigram weight="1" > from bottom </bigram>
    <bigram weight="1" > protruding bottom </bigram>
    <bigram weight="1" > princeton university </bigram>
    <bigram weight="1" > the vaults </bigram>
    <bigram weight="1" > the overlapping </bigram>
    <bigram weight="1" > harlow russell </bigram>
    <bigram weight="1" > too hazardous </bigram>
    <bigram weight="1" > ible ### </bigram>
    <bigram weight="1" > lock is </bigram>
    <bigram weight="1" > s con </bigram>
    <bigram weight="1" > box built </bigram>
    <bigram weight="1" > the heads </bigram>
    <bigram weight="1" > he probably </bigram>
    <bigram weight="1" > where the </bigram>
    <bigram weight="1" > harrison gray </bigram>
    <bigram weight="1" > have concluded </bigram>
    <bigram weight="1" > that can </bigram>
    <bigram weight="1" > how many </bigram>
    <bigram weight="1" > of sioddi </bigram>
    <bigram weight="1" > tory where </bigram>
    <bigram weight="1" > builder seems </bigram>
    <bigram weight="1" > forminq the </bigram>
    <bigram weight="1" > time of </bigram>
    <bigram weight="1" > other hand </bigram>
    <bigram weight="1" > precisely how </bigram>
    <bigram weight="1" > dry sinks </bigram>
    <bigram weight="1" > vaults of </bigram>
    <bigram weight="1" > nails on </bigram>
    <bigram weight="1" > removal from </bigram>
    <bigram weight="1" > thoreau s </bigram>
    <bigram weight="1" > outside measure </bigram>
    <bigram weight="1" > the same </bigram>
    <bigram weight="1" > ninety degree </bigram>
    <bigram weight="1" > volumes fit </bigram>
    <bigram weight="1" > bottom front </bigram>
    <bigram weight="1" > fit patently </bigram>
    <bigram weight="1" > are secured </bigram>
    <bigram weight="1" > imaaine handlina </bigram>
    <bigram weight="1" > cover is </bigram>
    <bigram weight="1" > be and </bigram>
    <bigram weight="1" > lines of </bigram>
    <bigram weight="1" > volumes are </bigram>
    <bigram weight="1" > the enclosed </bigram>
    <bigram weight="1" > ### outside </bigram>
    <bigram weight="1" > # ## </bigram>
    <bigram weight="1" > of portability </bigram>
    <bigram weight="1" > as to </bigram>
    <bigram weight="1" > presumably attached </bigram>
    <bigram weight="1" > is still </bigram>
    <bigram weight="1" > without cracks </bigram>
    <bigram weight="1" > the hinges </bigram>
    <bigram weight="1" > it must </bigram>
    <bigram weight="1" > he hinges </bigram>
    <bigram weight="1" > the oriain </bigram>
    <bigram weight="1" > functional ism </bigram>
    <bigram weight="1" > his life </bigram>
    <bigram weight="1" > in their </bigram>
    <bigram weight="1" > arques that </bigram>
    <bigram weight="1" > joints of </bigram>
    <bigram weight="1" > about half </bigram>
    <bigram weight="1" > editor of </bigram>
    <bigram weight="1" > served both </bigram>
    <bigram weight="1" > ### has </bigram>
    <bigram weight="1" > ### from </bigram>
    <bigram weight="1" > much is </bigram>
    <bigram weight="1" > well with </bigram>
    <bigram weight="1" > author of </bigram>
    <bigram weight="1" > second half </bigram>
    <bigram weight="1" > # four </bigram>
    <bigram weight="1" > the protruding </bigram>
    <bigram weight="1" > s death </bigram>
    <bigram weight="1" > accommodated size </bigram>
    <bigram weight="1" > is that </bigram>
    <bigram weight="1" > been bored </bigram>
    <bigram weight="1" > case square </bigram>
    <bigram weight="1" > and by </bigram>
    <bigram weight="1" > assumption ### </bigram>
    <bigram weight="1" > eauallv spaced </bigram>
    <bigram weight="1" > edges of </bigram>
    <bigram weight="1" > edward harlow </bigram>
    <bigram weight="1" > note ### </bigram>
    <bigram weight="1" > to contents </bigram>
    <bigram weight="1" > so far </bigram>
    <bigram weight="1" > joints ### </bigram>
    <bigram weight="1" > this reason </bigram>
    <bigram weight="1" > evidence of </bigram>
    <bigram weight="1" > tne cover </bigram>
    <bigram weight="1" > all that </bigram>
    <bigram weight="1" > front ### </bigram>
    <bigram weight="1" > # he </bigram>
    <bigram weight="1" > journai are </bigram>
    <bigram weight="1" > aesthetic attractiveness </bigram>
    <bigram weight="1" > cover firmly </bigram>
    <bigram weight="1" > when it </bigram>
    <bigram weight="1" > tod to </bigram>
    <bigram weight="1" > its rugged </bigram>
    <bigram weight="1" > but more </bigram>
    <bigram weight="1" > con tents </bigram>
    <bigram weight="1" > wendell glick </bigram>
    <bigram weight="1" > can be </bigram>
    <bigram weight="1" > overall height </bigram>
    <bigram weight="1" > steel handles </bigram>
    <bigram weight="1" > the physical </bigram>
    <bigram weight="1" > tion may </bigram>
    <bigram weight="1" > sioddi ness </bigram>
    <bigram weight="1" > top ### </bigram>
    <bigram weight="1" > up ### </bigram>
    <bigram weight="1" > need ### </bigram>
    <bigram weight="1" > front by </bigram>
    <bigram weight="1" > box much </bigram>
    <bigram weight="1" > built after </bigram>
    <bigram weight="1" > nails at </bigram>
    <bigram weight="1" > sturdy ### </bigram>
    <bigram weight="1" > cover swings </bigram>
    <bigram weight="1" > the sturdy </bigram>
    <bigram weight="1" > synchronized well </bigram>
    <bigram weight="1" > are of </bigram>
    <bigram weight="1" > lid with </bigram>
    <bigram weight="1" > affixed bv </bigram>
    <bigram weight="1" > a brass </bigram>
    <bigram weight="1" > handles protrude </bigram>
    <bigram weight="1" > to support </bigram>
    <bigram weight="1" > about thoreau </bigram>
    <bigram weight="1" > support the </bigram>
    <bigram weight="1" > the writings </bigram>
    <bigram weight="1" > in every </bigram>
    <bigram weight="1" > papers and </bigram>
    <bigram weight="1" > probable was </bigram>
    <bigram weight="1" > their end </bigram>
    <bigram weight="1" > hellman and </bigram>
    <bigram weight="1" > by princeton </bigram>
    <bigram weight="1" > warped slightly </bigram>
    <bigram weight="1" > probably constructed </bigram>
    <bigram weight="1" > stress may </bigram>
    <bigram weight="1" > same wav </bigram>
    <bigram weight="1" > end attach </bigram>
    <bigram weight="1" > soohia on </bigram>
    <bigram weight="1" > little known </bigram>
    <bigram weight="1" > to await </bigram>
    <bigram weight="1" > not only </bigram>
    <bigram weight="1" > presumed unreliability </bigram>
    <bigram weight="1" > his creation </bigram>
    <bigram weight="1" > was thoreau </bigram>
    <bigram weight="1" > one unspliced </bigram>
    <bigram weight="1" > ### hinges </bigram>
    <bigram weight="1" > every way </bigram>
    <bigram weight="1" > journal box </bigram>
    <bigram weight="1" > cut to </bigram>
    <bigram weight="1" > the chest </bigram>
    <bigram weight="1" > chief aesthetic </bigram>
    <bigram weight="1" > ### overall </bigram>
    <bigram weight="1" > scarred now </bigram>
    <bigram weight="1" > incisions cut </bigram>
    <bigram weight="1" > more probable </bigram>
    <bigram weight="1" > two brass </bigram>
    <bigram weight="1" > place ### </bigram>
    <bigram weight="1" > the pine </bigram>
    <bigram weight="1" > at each </bigram>
    <bigram weight="1" > writings of </bigram>
    <bigram weight="1" > original hardware </bigram>
    <bigram weight="1" > cut in </bigram>
    <bigram weight="1" > a convenient </bigram>
    <bigram weight="1" > have to </bigram>
    <bigram weight="1" > of reform </bigram>
    <bigram weight="1" > the years </bigram>
    <bigram weight="1" > metal insert </bigram>
    <bigram weight="1" > and countersunk </bigram>
    <bigram weight="1" > # edqes </bigram>
    <bigram weight="1" > s sister </bigram>
    <bigram weight="1" > infer ### </bigram>
    <bigram weight="1" > still an </bigram>
    <bigram weight="1" > georae s </bigram>
    <bigram weight="1" > ### wendell </bigram>
    <bigram weight="1" > and tight </bigram>
    <bigram weight="1" > the simple </bigram>
    <bigram weight="1" > reflects ease </bigram>
    <bigram weight="1" > built the </bigram>
    <bigram weight="1" > provide the </bigram>
    <bigram weight="1" > the period </bigram>
    <bigram weight="1" > apparently desired </bigram>
    <bigram weight="1" > morqan library </bigram>
    <bigram weight="1" > # of </bigram>
    <bigram weight="1" > volumes which </bigram>
    <bigram weight="1" > ettect iby </bigram>
    <bigram weight="1" > part of </bigram>
    <bigram weight="1" > seems to </bigram>
    <bigram weight="1" > ### when </bigram>
    <bigram weight="1" > sufficient weight </bigram>
    <bigram weight="1" > luth ### </bigram>
    <bigram weight="1" > nails cannot </bigram>
    <bigram weight="1" > rainy clear </bigram>
    <bigram weight="1" > in a </bigram>
    <bigram weight="1" > attaching the </bigram>
    <bigram weight="1" > princeton edition </bigram>
    <bigram weight="1" > had the </bigram>
    <bigram weight="1" > fit snugly </bigram>
    <bigram weight="1" > the tonaue </bigram>
    <bigram weight="1" > edqes are </bigram>
    <bigram weight="1" > published by </bigram>
    <bigram weight="1" > iby ### </bigram>
    <bigram weight="1" > exposed ### </bigram>
    <bigram weight="1" > of its </bigram>
    <bigram weight="1" > ### he </bigram>
    <bigram weight="1" > await the </bigram>
    <bigram weight="1" > attach the </bigram>
    <bigram weight="1" > the other </bigram>
</article>
