<?xml version="1.0" encoding="UTF-8"?>
<article id="10.2307/23393345" >
    <bigram weight="81" > ### # </bigram>
    <bigram weight="27" > ### s </bigram>
    <bigram weight="25" > ### the </bigram>
    <bigram weight="24" > the poet </bigram>
    <bigram weight="20" > ### ### </bigram>
    <bigram weight="16" > poetry ### </bigram>
    <bigram weight="13" > # thus </bigram>
    <bigram weight="13" > thus ### </bigram>
    <bigram weight="13" > thoreau ### </bigram>
    <bigram weight="11" > of the </bigram>
    <bigram weight="10" > ### and </bigram>
    <bigram weight="10" > in the </bigram>
    <bigram weight="10" > ### ## </bigram>
    <bigram weight="9" > poet ### </bigram>
    <bigram weight="9" > ## ### </bigram>
    <bigram weight="9" > the poetic </bigram>
    <bigram weight="9" > # ### </bigram>
    <bigram weight="8" > poetic vision </bigram>
    <bigram weight="8" > and the </bigram>
    <bigram weight="8" > ### for </bigram>
    <bigram weight="8" > vision ### </bigram>
    <bigram weight="7" > a poet </bigram>
    <bigram weight="6" > ### it </bigram>
    <bigram weight="6" > ### p </bigram>
    <bigram weight="6" > p ### </bigram>
    <bigram weight="5" > # but </bigram>
    <bigram weight="5" > is in </bigram>
    <bigram weight="5" > god ### </bigram>
    <bigram weight="5" > the ### </bigram>
    <bigram weight="5" > his own </bigram>
    <bigram weight="5" > # poetry </bigram>
    <bigram weight="5" > idea ### </bigram>
    <bigram weight="4" > poetry is </bigram>
    <bigram weight="4" > it must </bigram>
    <bigram weight="4" > # the </bigram>
    <bigram weight="4" > must be </bigram>
    <bigram weight="4" > s poetry </bigram>
    <bigram weight="4" > ### thoreau </bigram>
    <bigram weight="4" > form is </bigram>
    <bigram weight="4" > ### a </bigram>
    <bigram weight="4" > s truths </bigram>
    <bigram weight="4" > is the </bigram>
    <bigram weight="4" > is not </bigram>
    <bigram weight="4" > by the </bigram>
    <bigram weight="4" > of poetry </bigram>
    <bigram weight="4" > concept of </bigram>
    <bigram weight="4" > ### but </bigram>
    <bigram weight="4" > his poetry </bigram>
    <bigram weight="4" > ### poetry </bigram>
    <bigram weight="4" > ### is </bigram>
    <bigram weight="4" > in a </bigram>
    <bigram weight="4" > the poetry </bigram>
    <bigram weight="3" > press ### </bigram>
    <bigram weight="3" > # as </bigram>
    <bigram weight="3" > modern critic </bigram>
    <bigram weight="3" > living ### </bigram>
    <bigram weight="3" > and literariness </bigram>
    <bigram weight="3" > natural facts </bigram>
    <bigram weight="3" > ### as </bigram>
    <bigram weight="3" > as the </bigram>
    <bigram weight="3" > of all </bigram>
    <bigram weight="3" > poetry of </bigram>
    <bigram weight="3" > both the </bigram>
    <bigram weight="3" > business of </bigram>
    <bigram weight="3" > should be </bigram>
    <bigram weight="3" > own particular </bigram>
    <bigram weight="3" > sophistication and </bigram>
    <bigram weight="3" > of thoreau </bigram>
    <bigram weight="3" > # in </bigram>
    <bigram weight="3" > to the </bigram>
    <bigram weight="3" > ### new </bigram>
    <bigram weight="3" > of god </bigram>
    <bigram weight="3" > best poetry </bigram>
    <bigram weight="3" > with the </bigram>
    <bigram weight="3" > time to </bigram>
    <bigram weight="3" > can be </bigram>
    <bigram weight="3" > ### in </bigram>
    <bigram weight="3" > from the </bigram>
    <bigram weight="3" > the best </bigram>
    <bigram weight="3" > truths ### </bigram>
    <bigram weight="3" > the idea </bigram>
    <bigram weight="3" > the business </bigram>
    <bigram weight="3" > s own </bigram>
    <bigram weight="3" > new york </bigram>
    <bigram weight="2" > becomes the </bigram>
    <bigram weight="2" > for the </bigram>
    <bigram weight="2" > poetic form </bigram>
    <bigram weight="2" > man ### </bigram>
    <bigram weight="2" > of living </bigram>
    <bigram weight="2" > ### true </bigram>
    <bigram weight="2" > from meaning </bigram>
    <bigram weight="2" > of writing </bigram>
    <bigram weight="2" > poetry and </bigram>
    <bigram weight="2" > the most </bigram>
    <bigram weight="2" > # hence </bigram>
    <bigram weight="2" > and his </bigram>
    <bigram weight="2" > character ### </bigram>
    <bigram weight="2" > condition ### </bigram>
    <bigram weight="2" > but also </bigram>
    <bigram weight="2" > # secondly </bigram>
    <bigram weight="2" > for its </bigram>
    <bigram weight="2" > ### good </bigram>
    <bigram weight="2" > in this </bigram>
    <bigram weight="2" > writing ### </bigram>
    <bigram weight="2" > all ### </bigram>
    <bigram weight="2" > for if </bigram>
    <bigram weight="2" > is something </bigram>
    <bigram weight="2" > the telling </bigram>
    <bigram weight="2" > true form </bigram>
    <bigram weight="2" > ### to </bigram>
    <bigram weight="2" > # first </bigram>
    <bigram weight="2" > be a </bigram>
    <bigram weight="2" > has to </bigram>
    <bigram weight="2" > literariness ### </bigram>
    <bigram weight="2" > s condition </bigram>
    <bigram weight="2" > seen as </bigram>
    <bigram weight="2" > poet in </bigram>
    <bigram weight="2" > poet could </bigram>
    <bigram weight="2" > be in </bigram>
    <bigram weight="2" > not the </bigram>
    <bigram weight="2" > and not </bigram>
    <bigram weight="2" > ### lorch </bigram>
    <bigram weight="2" > what he </bigram>
    <bigram weight="2" > ### hp </bigram>
    <bigram weight="2" > ### tne </bigram>
    <bigram weight="2" > of poetic </bigram>
    <bigram weight="2" > be made </bigram>
    <bigram weight="2" > in living </bigram>
    <bigram weight="2" > the writing </bigram>
    <bigram weight="2" > # thoreau </bigram>
    <bigram weight="2" > poet should </bigram>
    <bigram weight="2" > t ### </bigram>
    <bigram weight="2" > # thirdly </bigram>
    <bigram weight="2" > not only </bigram>
    <bigram weight="2" > ### writing </bigram>
    <bigram weight="2" > the socratic </bigram>
    <bigram weight="2" > held that </bigram>
    <bigram weight="2" > ### which </bigram>
    <bigram weight="2" > poetry can </bigram>
    <bigram weight="2" > good poetry </bigram>
    <bigram weight="2" > # and </bigram>
    <bigram weight="2" > could best </bigram>
    <bigram weight="2" > thoreau saw </bigram>
    <bigram weight="2" > form was </bigram>
    <bigram weight="2" > s life </bigram>
    <bigram weight="2" > of literature </bigram>
    <bigram weight="2" > poetry are </bigram>
    <bigram weight="2" > organic ### </bigram>
    <bigram weight="2" > in poetry </bigram>
    <bigram weight="2" > the modern </bigram>
    <bigram weight="2" > insight ### </bigram>
    <bigram weight="2" > expression of </bigram>
    <bigram weight="2" > for thoreau </bigram>
    <bigram weight="2" > york ### </bigram>
    <bigram weight="2" > its own </bigram>
    <bigram weight="2" > the expression </bigram>
    <bigram weight="2" > s poetics </bigram>
    <bigram weight="2" > ### they </bigram>
    <bigram weight="2" > nature ### </bigram>
    <bigram weight="2" > is a </bigram>
    <bigram weight="2" > each poet </bigram>
    <bigram weight="2" > ### of </bigram>
    <bigram weight="2" > poet has </bigram>
    <bigram weight="2" > spiritual autobiography </bigram>
    <bigram weight="2" > writing of </bigram>
    <bigram weight="2" > an idea </bigram>
    <bigram weight="2" > thirdly ### </bigram>
    <bigram weight="2" > grasped by </bigram>
    <bigram weight="2" > itself ### </bigram>
    <bigram weight="2" > as a </bigram>
    <bigram weight="2" > # ## </bigram>
    <bigram weight="2" > it is </bigram>
    <bigram weight="2" > poet is </bigram>
    <bigram weight="2" > inspiration ### </bigram>
    <bigram weight="2" > poet and </bigram>
    <bigram weight="2" > be seen </bigram>
    <bigram weight="2" > form ### </bigram>
    <bigram weight="2" > hence ### </bigram>
    <bigram weight="2" > of nature </bigram>
    <bigram weight="2" > but god </bigram>
    <bigram weight="2" > life ### </bigram>
    <bigram weight="2" > in what </bigram>
    <bigram weight="2" > poetry becomes </bigram>
    <bigram weight="2" > practical ### </bigram>
    <bigram weight="2" > the fittest </bigram>
    <bigram weight="2" > to write </bigram>
    <bigram weight="2" > meaning ### </bigram>
    <bigram weight="2" > facts of </bigram>
    <bigram weight="2" > first of </bigram>
    <bigram weight="2" > lorch ### </bigram>
    <bigram weight="2" > secondly ### </bigram>
    <bigram weight="2" > to be </bigram>
    <bigram weight="2" > of sophistication </bigram>
    <bigram weight="2" > which the </bigram>
    <bigram weight="2" > of his </bigram>
    <bigram weight="2" > poet can </bigram>
    <bigram weight="1" > truthful and </bigram>
    <bigram weight="1" > hnt hnw </bigram>
    <bigram weight="1" > once both </bigram>
    <bigram weight="1" > flight of </bigram>
    <bigram weight="1" > may una </bigram>
    <bigram weight="1" > thoreau and </bigram>
    <bigram weight="1" > the implication </bigram>
    <bigram weight="1" > be sectionalized </bigram>
    <bigram weight="1" > is inseparable </bigram>
    <bigram weight="1" > the finest </bigram>
    <bigram weight="1" > ### living </bigram>
    <bigram weight="1" > cance ### </bigram>
    <bigram weight="1" > he held </bigram>
    <bigram weight="1" > express and </bigram>
    <bigram weight="1" > implication being </bigram>
    <bigram weight="1" > text ### </bigram>
    <bigram weight="1" > nineteenth century </bigram>
    <bigram weight="1" > than affectation </bigram>
    <bigram weight="1" > and literacize </bigram>
    <bigram weight="1" > ar ### </bigram>
    <bigram weight="1" > tend to </bigram>
    <bigram weight="1" > reflector of </bigram>
    <bigram weight="1" > unadorned for </bigram>
    <bigram weight="1" > is organic </bigram>
    <bigram weight="1" > bound to </bigram>
    <bigram weight="1" > viewed in </bigram>
    <bigram weight="1" > poet ic </bigram>
    <bigram weight="1" > accom plishment </bigram>
    <bigram weight="1" > does not </bigram>
    <bigram weight="1" > it to </bigram>
    <bigram weight="1" > critical efforts </bigram>
    <bigram weight="1" > and materialization </bigram>
    <bigram weight="1" > theme of </bigram>
    <bigram weight="1" > organic principle </bigram>
    <bigram weight="1" > sees wholes </bigram>
    <bigram weight="1" > high degree </bigram>
    <bigram weight="1" > ### form </bigram>
    <bigram weight="1" > improve ment </bigram>
    <bigram weight="1" > it carefully </bigram>
    <bigram weight="1" > would do </bigram>
    <bigram weight="1" > poetic theme </bigram>
    <bigram weight="1" > can tend </bigram>
    <bigram weight="1" > and that </bigram>
    <bigram weight="1" > measure of </bigram>
    <bigram weight="1" > poetry for </bigram>
    <bigram weight="1" > gives its </bigram>
    <bigram weight="1" > the experiencing </bigram>
    <bigram weight="1" > obligation to </bigram>
    <bigram weight="1" > carl bode </bigram>
    <bigram weight="1" > with poetry </bigram>
    <bigram weight="1" > vision sees </bigram>
    <bigram weight="1" > it has </bigram>
    <bigram weight="1" > partic ular </bigram>
    <bigram weight="1" > thus this </bigram>
    <bigram weight="1" > takes ### </bigram>
    <bigram weight="1" > facts ### </bigram>
    <bigram weight="1" > done in </bigram>
    <bigram weight="1" > university ### </bigram>
    <bigram weight="1" > q walter </bigram>
    <bigram weight="1" > more frank </bigram>
    <bigram weight="1" > also a </bigram>
    <bigram weight="1" > the consonant </bigram>
    <bigram weight="1" > poet trouble </bigram>
    <bigram weight="1" > confirmation ### </bigram>
    <bigram weight="1" > the adorned </bigram>
    <bigram weight="1" > real business </bigram>
    <bigram weight="1" > event ### </bigram>
    <bigram weight="1" > witn ### </bigram>
    <bigram weight="1" > that is </bigram>
    <bigram weight="1" > sees not </bigram>
    <bigram weight="1" > easily study </bigram>
    <bigram weight="1" > through an </bigram>
    <bigram weight="1" > highest sense </bigram>
    <bigram weight="1" > begin by </bigram>
    <bigram weight="1" > ### clemson </bigram>
    <bigram weight="1" > a bit </bigram>
    <bigram weight="1" > noblest calling </bigram>
    <bigram weight="1" > excess to </bigram>
    <bigram weight="1" > to practice </bigram>
    <bigram weight="1" > poetic theory </bigram>
    <bigram weight="1" > a beneficial </bigram>
    <bigram weight="1" > walden press </bigram>
    <bigram weight="1" > aid and </bigram>
    <bigram weight="1" > shell ### </bigram>
    <bigram weight="1" > life experiences </bigram>
    <bigram weight="1" > to ### </bigram>
    <bigram weight="1" > the soul </bigram>
    <bigram weight="1" > it gives </bigram>
    <bigram weight="1" > why the </bigram>
    <bigram weight="1" > limitation ### </bigram>
    <bigram weight="1" > to poetical </bigram>
    <bigram weight="1" > the free </bigram>
    <bigram weight="1" > they were </bigram>
    <bigram weight="1" > first step </bigram>
    <bigram weight="1" > men ### </bigram>
    <bigram weight="1" > ideal experience </bigram>
    <bigram weight="1" > of presenting </bigram>
    <bigram weight="1" > a test </bigram>
    <bigram weight="1" > all men </bigram>
    <bigram weight="1" > poet sees </bigram>
    <bigram weight="1" > and thereby </bigram>
    <bigram weight="1" > no ### </bigram>
    <bigram weight="1" > but the </bigram>
    <bigram weight="1" > thematic poetry </bigram>
    <bigram weight="1" > material world </bigram>
    <bigram weight="1" > # from </bigram>
    <bigram weight="1" > achieve beauty </bigram>
    <bigram weight="1" > poetic standing </bigram>
    <bigram weight="1" > tell oi </bigram>
    <bigram weight="1" > gain excess </bigram>
    <bigram weight="1" > s concept </bigram>
    <bigram weight="1" > nnetir vision </bigram>
    <bigram weight="1" > think ### </bigram>
    <bigram weight="1" > # perhaps </bigram>
    <bigram weight="1" > s noblest </bigram>
    <bigram weight="1" > a bound </bigram>
    <bigram weight="1" > that experience </bigram>
    <bigram weight="1" > ### michigan </bigram>
    <bigram weight="1" > poet from </bigram>
    <bigram weight="1" > clemson ### </bigram>
    <bigram weight="1" > digesting ### </bigram>
    <bigram weight="1" > soul ### </bigram>
    <bigram weight="1" > a rather </bigram>
    <bigram weight="1" > sectionalized into </bigram>
    <bigram weight="1" > can imply </bigram>
    <bigram weight="1" > world of </bigram>
    <bigram weight="1" > a thoreau </bigram>
    <bigram weight="1" > day to </bigram>
    <bigram weight="1" > degree of </bigram>
    <bigram weight="1" > and this </bigram>
    <bigram weight="1" > therefore ### </bigram>
    <bigram weight="1" > spiritual con </bigram>
    <bigram weight="1" > particular insight </bigram>
    <bigram weight="1" > hp ar </bigram>
    <bigram weight="1" > ### c </bigram>
    <bigram weight="1" > and it </bigram>
    <bigram weight="1" > something ### </bigram>
    <bigram weight="1" > current conceptions </bigram>
    <bigram weight="1" > poets in </bigram>
    <bigram weight="1" > university press </bigram>
    <bigram weight="1" > not exist </bigram>
    <bigram weight="1" > actual phenomena </bigram>
    <bigram weight="1" > literacize his </bigram>
    <bigram weight="1" > was a </bigram>
    <bigram weight="1" > to formulate </bigram>
    <bigram weight="1" > inherently fallacious </bigram>
    <bigram weight="1" > particularization and </bigram>
    <bigram weight="1" > example the </bigram>
    <bigram weight="1" > coping witn </bigram>
    <bigram weight="1" > discussion of </bigram>
    <bigram weight="1" > telling of </bigram>
    <bigram weight="1" > lite in </bigram>
    <bigram weight="1" > and next </bigram>
    <bigram weight="1" > of an </bigram>
    <bigram weight="1" > the basic </bigram>
    <bigram weight="1" > test for </bigram>
    <bigram weight="1" > ### digesting </bigram>
    <bigram weight="1" > # bince </bigram>
    <bigram weight="1" > thereby more </bigram>
    <bigram weight="1" > sentiment ### </bigram>
    <bigram weight="1" > of inoreau </bigram>
    <bigram weight="1" > and disseminate </bigram>
    <bigram weight="1" > was an </bigram>
    <bigram weight="1" > at once </bigram>
    <bigram weight="1" > materialization of </bigram>
    <bigram weight="1" > an ideal </bigram>
    <bigram weight="1" > merely a </bigram>
    <bigram weight="1" > current critical </bigram>
    <bigram weight="1" > hnw hp </bigram>
    <bigram weight="1" > ### therefore </bigram>
    <bigram weight="1" > his bocratic </bigram>
    <bigram weight="1" > critic may </bigram>
    <bigram weight="1" > value ### </bigram>
    <bigram weight="1" > bocratic obligation </bigram>
    <bigram weight="1" > doet ### </bigram>
    <bigram weight="1" > are innately </bigram>
    <bigram weight="1" > then be </bigram>
    <bigram weight="1" > poetry with </bigram>
    <bigram weight="1" > medium of </bigram>
    <bigram weight="1" > a reflector </bigram>
    <bigram weight="1" > and proportionateness </bigram>
    <bigram weight="1" > a transcendentalist </bigram>
    <bigram weight="1" > a shell </bigram>
    <bigram weight="1" > a measure </bigram>
    <bigram weight="1" > points can </bigram>
    <bigram weight="1" > are inherently </bigram>
    <bigram weight="1" > correspondingly particularize </bigram>
    <bigram weight="1" > for poetry </bigram>
    <bigram weight="1" > ol a </bigram>
    <bigram weight="1" > from only </bigram>
    <bigram weight="1" > poetic idea </bigram>
    <bigram weight="1" > consonant union </bigram>
    <bigram weight="1" > implementation ### </bigram>
    <bigram weight="1" > efforts ### </bigram>
    <bigram weight="1" > then becomes </bigram>
    <bigram weight="1" > biography ### </bigram>
    <bigram weight="1" > # sophistication </bigram>
    <bigram weight="1" > lead to </bigram>
    <bigram weight="1" > ### ideal </bigram>
    <bigram weight="1" > yet the </bigram>
    <bigram weight="1" > fulfill their </bigram>
    <bigram weight="1" > the form </bigram>
    <bigram weight="1" > becomes an </bigram>
    <bigram weight="1" > and yet </bigram>
    <bigram weight="1" > engaged m </bigram>
    <bigram weight="1" > and no </bigram>
    <bigram weight="1" > hpro ### </bigram>
    <bigram weight="1" > more suitable </bigram>
    <bigram weight="1" > a poetic </bigram>
    <bigram weight="1" > fore the </bigram>
    <bigram weight="1" > wish tr </bigram>
    <bigram weight="1" > wrote ### </bigram>
    <bigram weight="1" > york university </bigram>
    <bigram weight="1" > when confronted </bigram>
    <bigram weight="1" > its fullest </bigram>
    <bigram weight="1" > in winter </bigram>
    <bigram weight="1" > best eiiect </bigram>
    <bigram weight="1" > own partic </bigram>
    <bigram weight="1" > ### this </bigram>
    <bigram weight="1" > we do </bigram>
    <bigram weight="1" > # further </bigram>
    <bigram weight="1" > for his </bigram>
    <bigram weight="1" > ### ihus </bigram>
    <bigram weight="1" > ed ### </bigram>
    <bigram weight="1" > he aid </bigram>
    <bigram weight="1" > criteria when </bigram>
    <bigram weight="1" > synopsis ### </bigram>
    <bigram weight="1" > principle in </bigram>
    <bigram weight="1" > poetry when </bigram>
    <bigram weight="1" > hold on </bigram>
    <bigram weight="1" > is also </bigram>
    <bigram weight="1" > the material </bigram>
    <bigram weight="1" > becomes spiritual </bigram>
    <bigram weight="1" > to its </bigram>
    <bigram weight="1" > simple is </bigram>
    <bigram weight="1" > evaluations of </bigram>
    <bigram weight="1" > literariness are </bigram>
    <bigram weight="1" > vision is </bigram>
    <bigram weight="1" > or intuition </bigram>
    <bigram weight="1" > criticism ### </bigram>
    <bigram weight="1" > and spread </bigram>
    <bigram weight="1" > tr ### </bigram>
    <bigram weight="1" > good poet </bigram>
    <bigram weight="1" > standards than </bigram>
    <bigram weight="1" > evaluating ### </bigram>
    <bigram weight="1" > calling is </bigram>
    <bigram weight="1" > s lite </bigram>
    <bigram weight="1" > concrete and </bigram>
    <bigram weight="1" > with solely </bigram>
    <bigram weight="1" > day and </bigram>
    <bigram weight="1" > appropriately live </bigram>
    <bigram weight="1" > to generalize </bigram>
    <bigram weight="1" > for a </bigram>
    <bigram weight="1" > in summer </bigram>
    <bigram weight="1" > ### should </bigram>
    <bigram weight="1" > question looms </bigram>
    <bigram weight="1" > literacy among </bigram>
    <bigram weight="1" > ideally ### </bigram>
    <bigram weight="1" > limitations to </bigram>
    <bigram weight="1" > the light </bigram>
    <bigram weight="1" > supposition must </bigram>
    <bigram weight="1" > wholes and </bigram>
    <bigram weight="1" > of good </bigram>
    <bigram weight="1" > imacrinarv hprn </bigram>
    <bigram weight="1" > can more </bigram>
    <bigram weight="1" > ### must </bigram>
    <bigram weight="1" > its truest </bigram>
    <bigram weight="1" > he wrote </bigram>
    <bigram weight="1" > concreteness is </bigram>
    <bigram weight="1" > baggage weighing </bigram>
    <bigram weight="1" > spiritualizing ettect </bigram>
    <bigram weight="1" > part of </bigram>
    <bigram weight="1" > the highest </bigram>
    <bigram weight="1" > serve a </bigram>
    <bigram weight="1" > thoroughly gain </bigram>
    <bigram weight="1" > ## franklin </bigram>
    <bigram weight="1" > write about </bigram>
    <bigram weight="1" > ### tnese </bigram>
    <bigram weight="1" > difficult to </bigram>
    <bigram weight="1" > fullest dimensions </bigram>
    <bigram weight="1" > reader and </bigram>
    <bigram weight="1" > attempts to </bigram>
    <bigram weight="1" > any poetic </bigram>
    <bigram weight="1" > as viewed </bigram>
    <bigram weight="1" > tnal hpro </bigram>
    <bigram weight="1" > poetry poetry </bigram>
    <bigram weight="1" > ### thus </bigram>
    <bigram weight="1" > autobiography clarities </bigram>
    <bigram weight="1" > may be </bigram>
    <bigram weight="1" > be spent </bigram>
    <bigram weight="1" > nimsell engaged </bigram>
    <bigram weight="1" > but due </bigram>
    <bigram weight="1" > ### there </bigram>
    <bigram weight="1" > harding ### </bigram>
    <bigram weight="1" > henry david </bigram>
    <bigram weight="1" > a limitation </bigram>
    <bigram weight="1" > to think </bigram>
    <bigram weight="1" > onlv the </bigram>
    <bigram weight="1" > becomes difficult </bigram>
    <bigram weight="1" > not god </bigram>
    <bigram weight="1" > has time </bigram>
    <bigram weight="1" > m an </bigram>
    <bigram weight="1" > shunned ### </bigram>
    <bigram weight="1" > theory could </bigram>
    <bigram weight="1" > jesus were </bigram>
    <bigram weight="1" > # indeed </bigram>
    <bigram weight="1" > ### fred </bigram>
    <bigram weight="1" > socratic duty </bigram>
    <bigram weight="1" > ### more </bigram>
    <bigram weight="1" > later efforts </bigram>
    <bigram weight="1" > conclusion thoreau </bigram>
    <bigram weight="1" > tne modern </bigram>
    <bigram weight="1" > among ### </bigram>
    <bigram weight="1" > but these </bigram>
    <bigram weight="1" > is more </bigram>
    <bigram weight="1" > living his </bigram>
    <bigram weight="1" > # uniting </bigram>
    <bigram weight="1" > transcendental way </bigram>
    <bigram weight="1" > helps both </bigram>
    <bigram weight="1" > inseparable from </bigram>
    <bigram weight="1" > con text </bigram>
    <bigram weight="1" > appropriately shape </bigram>
    <bigram weight="1" > introduction evaluations </bigram>
    <bigram weight="1" > telling test </bigram>
    <bigram weight="1" > well to </bigram>
    <bigram weight="1" > one safe </bigram>
    <bigram weight="1" > different standards </bigram>
    <bigram weight="1" > poetry literally </bigram>
    <bigram weight="1" > proceeds from </bigram>
    <bigram weight="1" > means of </bigram>
    <bigram weight="1" > other men </bigram>
    <bigram weight="1" > detachments ### </bigram>
    <bigram weight="1" > exist for </bigram>
    <bigram weight="1" > as seen </bigram>
    <bigram weight="1" > originate from </bigram>
    <bigram weight="1" > idea generates </bigram>
    <bigram weight="1" > ### becomes </bigram>
    <bigram weight="1" > the anomaly </bigram>
    <bigram weight="1" > be reserved </bigram>
    <bigram weight="1" > due to </bigram>
    <bigram weight="1" > # all </bigram>
    <bigram weight="1" > saw no </bigram>
    <bigram weight="1" > equally telling </bigram>
    <bigram weight="1" > s ### </bigram>
    <bigram weight="1" > english department </bigram>
    <bigram weight="1" > digest it </bigram>
    <bigram weight="1" > on its </bigram>
    <bigram weight="1" > ideal and </bigram>
    <bigram weight="1" > ### then </bigram>
    <bigram weight="1" > business ol </bigram>
    <bigram weight="1" > and jesus </bigram>
    <bigram weight="1" > of any </bigram>
    <bigram weight="1" > and write </bigram>
    <bigram weight="1" > excess baggage </bigram>
    <bigram weight="1" > ### by </bigram>
    <bigram weight="1" > the first </bigram>
    <bigram weight="1" > clemson university </bigram>
    <bigram weight="1" > as this </bigram>
    <bigram weight="1" > conceptions ### </bigram>
    <bigram weight="1" > shaped by </bigram>
    <bigram weight="1" > best means </bigram>
    <bigram weight="1" > is done </bigram>
    <bigram weight="1" > # q </bigram>
    <bigram weight="1" > do not </bigram>
    <bigram weight="1" > test tor </bigram>
    <bigram weight="1" > herculean challenge </bigram>
    <bigram weight="1" > uniting ### </bigram>
    <bigram weight="1" > ### introduction </bigram>
    <bigram weight="1" > synon ymous </bigram>
    <bigram weight="1" > arguments ### </bigram>
    <bigram weight="1" > that assumption </bigram>
    <bigram weight="1" > as onlv </bigram>
    <bigram weight="1" > trouble to </bigram>
    <bigram weight="1" > non poet </bigram>
    <bigram weight="1" > are the </bigram>
    <bigram weight="1" > each idea </bigram>
    <bigram weight="1" > touchstone for </bigram>
    <bigram weight="1" > dimensions ### </bigram>
    <bigram weight="1" > which renders </bigram>
    <bigram weight="1" > inter dependent </bigram>
    <bigram weight="1" > the measure </bigram>
    <bigram weight="1" > unity ### </bigram>
    <bigram weight="1" > # simply </bigram>
    <bigram weight="1" > ### j </bigram>
    <bigram weight="1" > must have </bigram>
    <bigram weight="1" > spent denouncing </bigram>
    <bigram weight="1" > down the </bigram>
    <bigram weight="1" > ### poet </bigram>
    <bigram weight="1" > for it </bigram>
    <bigram weight="1" > these natural </bigram>
    <bigram weight="1" > others ### </bigram>
    <bigram weight="1" > for poetic </bigram>
    <bigram weight="1" > present a </bigram>
    <bigram weight="1" > action that </bigram>
    <bigram weight="1" > deeds and </bigram>
    <bigram weight="1" > s writing </bigram>
    <bigram weight="1" > concern itself </bigram>
    <bigram weight="1" > poet unique </bigram>
    <bigram weight="1" > idea itself </bigram>
    <bigram weight="1" > step toward </bigram>
    <bigram weight="1" > this is </bigram>
    <bigram weight="1" > weighing down </bigram>
    <bigram weight="1" > a form </bigram>
    <bigram weight="1" > his verse </bigram>
    <bigram weight="1" > see beauty </bigram>
    <bigram weight="1" > definition for </bigram>
    <bigram weight="1" > a useful </bigram>
    <bigram weight="1" > franklin hamilton </bigram>
    <bigram weight="1" > disseminating the </bigram>
    <bigram weight="1" > be ### </bigram>
    <bigram weight="1" > poet must </bigram>
    <bigram weight="1" > # one </bigram>
    <bigram weight="1" > avoided the </bigram>
    <bigram weight="1" > as each </bigram>
    <bigram weight="1" > ment in </bigram>
    <bigram weight="1" > beneficial function </bigram>
    <bigram weight="1" > everyday ### </bigram>
    <bigram weight="1" > in which </bigram>
    <bigram weight="1" > were mere </bigram>
    <bigram weight="1" > # since </bigram>
    <bigram weight="1" > ### remove </bigram>
    <bigram weight="1" > own ### </bigram>
    <bigram weight="1" > his arguments </bigram>
    <bigram weight="1" > particular expression </bigram>
    <bigram weight="1" > poetrv should </bigram>
    <bigram weight="1" > capable of </bigram>
    <bigram weight="1" > nnpt ### </bigram>
    <bigram weight="1" > poet experiences </bigram>
    <bigram weight="1" > best serve </bigram>
    <bigram weight="1" > particularize his </bigram>
    <bigram weight="1" > ### spiritual </bigram>
    <bigram weight="1" > differentiates the </bigram>
    <bigram weight="1" > next in </bigram>
    <bigram weight="1" > ettect of </bigram>
    <bigram weight="1" > beauty who </bigram>
    <bigram weight="1" > of evaluating </bigram>
    <bigram weight="1" > way the </bigram>
    <bigram weight="1" > the medium </bigram>
    <bigram weight="1" > to form </bigram>
    <bigram weight="1" > ic life </bigram>
    <bigram weight="1" > thoreau present </bigram>
    <bigram weight="1" > favored to </bigram>
    <bigram weight="1" > hasselberger is </bigram>
    <bigram weight="1" > of con </bigram>
    <bigram weight="1" > can lead </bigram>
    <bigram weight="1" > ### hpmmps </bigram>
    <bigram weight="1" > literary critic </bigram>
    <bigram weight="1" > a workable </bigram>
    <bigram weight="1" > by day </bigram>
    <bigram weight="1" > imply diversiveness </bigram>
    <bigram weight="1" > night ### </bigram>
    <bigram weight="1" > present unity </bigram>
    <bigram weight="1" > serve as </bigram>
    <bigram weight="1" > helping of </bigram>
    <bigram weight="1" > delineation of </bigram>
    <bigram weight="1" > measures of </bigram>
    <bigram weight="1" > speculate upon </bigram>
    <bigram weight="1" > pmla ### </bigram>
    <bigram weight="1" > remove it </bigram>
    <bigram weight="1" > form organically </bigram>
    <bigram weight="1" > hours can </bigram>
    <bigram weight="1" > ### live </bigram>
    <bigram weight="1" > that which </bigram>
    <bigram weight="1" > life in </bigram>
    <bigram weight="1" > spread ### </bigram>
    <bigram weight="1" > the organic </bigram>
    <bigram weight="1" > a noble </bigram>
    <bigram weight="1" > the lite </bigram>
    <bigram weight="1" > thoreau deliberately </bigram>
    <bigram weight="1" > poetry one </bigram>
    <bigram weight="1" > three brief </bigram>
    <bigram weight="1" > actual implementation </bigram>
    <bigram weight="1" > something which </bigram>
    <bigram weight="1" > adorned ### </bigram>
    <bigram weight="1" > a member </bigram>
    <bigram weight="1" > the writer </bigram>
    <bigram weight="1" > his biography </bigram>
    <bigram weight="1" > ### e </bigram>
    <bigram weight="1" > fallacy ### </bigram>
    <bigram weight="1" > way a </bigram>
    <bigram weight="1" > as applied </bigram>
    <bigram weight="1" > fittest theme </bigram>
    <bigram weight="1" > s character </bigram>
    <bigram weight="1" > intrinsic lack </bigram>
    <bigram weight="1" > the art </bigram>
    <bigram weight="1" > anomaly of </bigram>
    <bigram weight="1" > the beginning </bigram>
    <bigram weight="1" > ### why </bigram>
    <bigram weight="1" > vaporous event </bigram>
    <bigram weight="1" > ### ed </bigram>
    <bigram weight="1" > by night </bigram>
    <bigram weight="1" > fallacious ### </bigram>
    <bigram weight="1" > writing that </bigram>
    <bigram weight="1" > ymous ### </bigram>
    <bigram weight="1" > it becomes </bigram>
    <bigram weight="1" > with thoreau </bigram>
    <bigram weight="1" > # pnptrv </bigram>
    <bigram weight="1" > poetical employment </bigram>
    <bigram weight="1" > more appropriately </bigram>
    <bigram weight="1" > his poet </bigram>
    <bigram weight="1" > the action </bigram>
    <bigram weight="1" > that the </bigram>
    <bigram weight="1" > basic points </bigram>
    <bigram weight="1" > ### knnw </bigram>
    <bigram weight="1" > being grasped </bigram>
    <bigram weight="1" > were poets </bigram>
    <bigram weight="1" > transcendentalist ### </bigram>
    <bigram weight="1" > since each </bigram>
    <bigram weight="1" > l ### </bigram>
    <bigram weight="1" > # poe </bigram>
    <bigram weight="1" > deliberately avoided </bigram>
    <bigram weight="1" > temporary criticism </bigram>
    <bigram weight="1" > winter ### </bigram>
    <bigram weight="1" > is favored </bigram>
    <bigram weight="1" > walter harding </bigram>
    <bigram weight="1" > for attempts </bigram>
    <bigram weight="1" > own his </bigram>
    <bigram weight="1" > con temporary </bigram>
    <bigram weight="1" > poetic knowledge </bigram>
    <bigram weight="1" > finest poetry </bigram>
    <bigram weight="1" > rarhv ### </bigram>
    <bigram weight="1" > of henry </bigram>
    <bigram weight="1" > tor autobiography </bigram>
    <bigram weight="1" > be grasped </bigram>
    <bigram weight="1" > it helps </bigram>
    <bigram weight="1" > first in </bigram>
    <bigram weight="1" > because it </bigram>
    <bigram weight="1" > can easily </bigram>
    <bigram weight="1" > inherent in </bigram>
    <bigram weight="1" > summer and </bigram>
    <bigram weight="1" > socratic helping </bigram>
    <bigram weight="1" > mere excess </bigram>
    <bigram weight="1" > this supposition </bigram>
    <bigram weight="1" > made about </bigram>
    <bigram weight="1" > diversiveness ### </bigram>
    <bigram weight="1" > written poetrv </bigram>
    <bigram weight="1" > free flight </bigram>
    <bigram weight="1" > david thoreau </bigram>
    <bigram weight="1" > ### i </bigram>
    <bigram weight="1" > unproductive hours </bigram>
    <bigram weight="1" > william hasselberger </bigram>
    <bigram weight="1" > plishment ### </bigram>
    <bigram weight="1" > ideas ### </bigram>
    <bigram weight="1" > appa ratus </bigram>
    <bigram weight="1" > to day </bigram>
    <bigram weight="1" > should stay </bigram>
    <bigram weight="1" > ### carl </bigram>
    <bigram weight="1" > ### tnal </bigram>
    <bigram weight="1" > a hold </bigram>
    <bigram weight="1" > inoreau ### </bigram>
    <bigram weight="1" > and autobiography </bigram>
    <bigram weight="1" > revaluation of </bigram>
    <bigram weight="1" > home and </bigram>
    <bigram weight="1" > integral part </bigram>
    <bigram weight="1" > to improve </bigram>
    <bigram weight="1" > differs vastly </bigram>
    <bigram weight="1" > and practical </bigram>
    <bigram weight="1" > from another </bigram>
    <bigram weight="1" > not darts </bigram>
    <bigram weight="1" > in both </bigram>
    <bigram weight="1" > j concreteness </bigram>
    <bigram weight="1" > acknowledging lnoreau </bigram>
    <bigram weight="1" > a good </bigram>
    <bigram weight="1" > economical discussion </bigram>
    <bigram weight="1" > that ## </bigram>
    <bigram weight="1" > ary ### </bigram>
    <bigram weight="1" > print ### </bigram>
    <bigram weight="1" > if form </bigram>
    <bigram weight="1" > forgo his </bigram>
    <bigram weight="1" > do well </bigram>
    <bigram weight="1" > about his </bigram>
    <bigram weight="1" > for this </bigram>
    <bigram weight="1" > the good </bigram>
    <bigram weight="1" > than solely </bigram>
    <bigram weight="1" > to gain </bigram>
    <bigram weight="1" > flint ### </bigram>
    <bigram weight="1" > sake ### </bigram>
    <bigram weight="1" > the portable </bigram>
    <bigram weight="1" > fred l </bigram>
    <bigram weight="1" > poetry does </bigram>
    <bigram weight="1" > are synonymous </bigram>
    <bigram weight="1" > apparently isolated </bigram>
    <bigram weight="1" > the facts </bigram>
    <bigram weight="1" > organically proceeds </bigram>
    <bigram weight="1" > hpmmps t </bigram>
    <bigram weight="1" > been difficult </bigram>
    <bigram weight="1" > lnoreau ### </bigram>
    <bigram weight="1" > to grow </bigram>
    <bigram weight="1" > useful vision </bigram>
    <bigram weight="1" > all poetry </bigram>
    <bigram weight="1" > could not </bigram>
    <bigram weight="1" > being or </bigram>
    <bigram weight="1" > in applying </bigram>
    <bigram weight="1" > not a </bigram>
    <bigram weight="1" > in print </bigram>
    <bigram weight="1" > poetry must </bigram>
    <bigram weight="1" > ## a </bigram>
    <bigram weight="1" > experiences his </bigram>
    <bigram weight="1" > tne actual </bigram>
    <bigram weight="1" > member of </bigram>
    <bigram weight="1" > generates its </bigram>
    <bigram weight="1" > most appropriately </bigram>
    <bigram weight="1" > saw himself </bigram>
    <bigram weight="1" > outgrowth of </bigram>
    <bigram weight="1" > ### with </bigram>
    <bigram weight="1" > than thoreau </bigram>
    <bigram weight="1" > a vaporous </bigram>
    <bigram weight="1" > the actual </bigram>
    <bigram weight="1" > america ### </bigram>
    <bigram weight="1" > rather herculean </bigram>
    <bigram weight="1" > itself and </bigram>
    <bigram weight="1" > form capable </bigram>
    <bigram weight="1" > unifying vision </bigram>
    <bigram weight="1" > modern literary </bigram>
    <bigram weight="1" > should a </bigram>
    <bigram weight="1" > oi a </bigram>
    <bigram weight="1" > writer ### </bigram>
    <bigram weight="1" > generic sense </bigram>
    <bigram weight="1" > own sake </bigram>
    <bigram weight="1" > stay at </bigram>
    <bigram weight="1" > fittest vehicle </bigram>
    <bigram weight="1" > handbook ### </bigram>
    <bigram weight="1" > becomes in </bigram>
    <bigram weight="1" > both socrates </bigram>
    <bigram weight="1" > poet bound </bigram>
    <bigram weight="1" > itself is </bigram>
    <bigram weight="1" > seen in </bigram>
    <bigram weight="1" > size and </bigram>
    <bigram weight="1" > singular concept </bigram>
    <bigram weight="1" > ot accom </bigram>
    <bigram weight="1" > ### digest </bigram>
    <bigram weight="1" > challenge to </bigram>
    <bigram weight="1" > renders the </bigram>
    <bigram weight="1" > noble poetry </bigram>
    <bigram weight="1" > ### pmla </bigram>
    <bigram weight="1" > potential ### </bigram>
    <bigram weight="1" > for man </bigram>
    <bigram weight="1" > simply ### </bigram>
    <bigram weight="1" > hprn ### </bigram>
    <bigram weight="1" > phenomena as </bigram>
    <bigram weight="1" > tneory ## </bigram>
    <bigram weight="1" > study both </bigram>
    <bigram weight="1" > solely the </bigram>
    <bigram weight="1" > theme ### </bigram>
    <bigram weight="1" > to most </bigram>
    <bigram weight="1" > poet was </bigram>
    <bigram weight="1" > expression ### </bigram>
    <bigram weight="1" > innately inter </bigram>
    <bigram weight="1" > much more </bigram>
    <bigram weight="1" > the poetical </bigram>
    <bigram weight="1" > a moral </bigram>
    <bigram weight="1" > the real </bigram>
    <bigram weight="1" > poetic value </bigram>
    <bigram weight="1" > implies ### </bigram>
    <bigram weight="1" > present measures </bigram>
    <bigram weight="1" > tnese apparently </bigram>
    <bigram weight="1" > the viking </bigram>
    <bigram weight="1" > the present </bigram>
    <bigram weight="1" > as poetry </bigram>
    <bigram weight="1" > literature by </bigram>
    <bigram weight="1" > mirror a </bigram>
    <bigram weight="1" > ulation size </bigram>
    <bigram weight="1" > in fallacy </bigram>
    <bigram weight="1" > noble transcendental </bigram>
    <bigram weight="1" > safe generalization </bigram>
    <bigram weight="1" > the spiritualizing </bigram>
    <bigram weight="1" > remember that </bigram>
    <bigram weight="1" > own life </bigram>
    <bigram weight="1" > is an </bigram>
    <bigram weight="1" > autobiography are </bigram>
    <bigram weight="1" > was organic </bigram>
    <bigram weight="1" > form in </bigram>
    <bigram weight="1" > but three </bigram>
    <bigram weight="1" > this area </bigram>
    <bigram weight="1" > to others </bigram>
    <bigram weight="1" > this survey </bigram>
    <bigram weight="1" > facts can </bigram>
    <bigram weight="1" > they are </bigram>
    <bigram weight="1" > basic delineation </bigram>
    <bigram weight="1" > responsible modern </bigram>
    <bigram weight="1" > signifi cance </bigram>
    <bigram weight="1" > s tneory </bigram>
    <bigram weight="1" > ### than </bigram>
    <bigram weight="1" > then should </bigram>
    <bigram weight="1" > area ### </bigram>
    <bigram weight="1" > utilitarian concept </bigram>
    <bigram weight="1" > his tory </bigram>
    <bigram weight="1" > must correspondingly </bigram>
    <bigram weight="1" > are thus </bigram>
    <bigram weight="1" > to speculate </bigram>
    <bigram weight="1" > can see </bigram>
    <bigram weight="1" > have a </bigram>
    <bigram weight="1" > a mirror </bigram>
    <bigram weight="1" > aids both </bigram>
    <bigram weight="1" > something inherent </bigram>
    <bigram weight="1" > this concept </bigram>
    <bigram weight="1" > most important </bigram>
    <bigram weight="1" > intuition imposes </bigram>
    <bigram weight="1" > be at </bigram>
    <bigram weight="1" > knnw this </bigram>
    <bigram weight="1" > clarities by </bigram>
    <bigram weight="1" > and unadorned </bigram>
    <bigram weight="1" > own best </bigram>
    <bigram weight="1" > only get </bigram>
    <bigram weight="1" > lite oî </bigram>
    <bigram weight="1" > own poetic </bigram>
    <bigram weight="1" > footnotes ### </bigram>
    <bigram weight="1" > ratus are </bigram>
    <bigram weight="1" > and literature </bigram>
    <bigram weight="1" > poetics william </bigram>
    <bigram weight="1" > god would </bigram>
    <bigram weight="1" > solely form </bigram>
    <bigram weight="1" > knowledge ### </bigram>
    <bigram weight="1" > frank and </bigram>
    <bigram weight="1" > and generic </bigram>
    <bigram weight="1" > an equally </bigram>
    <bigram weight="1" > may serve </bigram>
    <bigram weight="1" > from definition </bigram>
    <bigram weight="1" > # t </bigram>
    <bigram weight="1" > poet takes </bigram>
    <bigram weight="1" > precious time </bigram>
    <bigram weight="1" > on the </bigram>
    <bigram weight="1" > not in </bigram>
    <bigram weight="1" > s poetic </bigram>
    <bigram weight="1" > bound ary </bigram>
    <bigram weight="1" > denouncing thoreau </bigram>
    <bigram weight="1" > ing of </bigram>
    <bigram weight="1" > both ### </bigram>
    <bigram weight="1" > not wish </bigram>
    <bigram weight="1" > only a </bigram>
    <bigram weight="1" > form becomes </bigram>
    <bigram weight="1" > hp ### </bigram>
    <bigram weight="1" > moral test </bigram>
    <bigram weight="1" > century america </bigram>
    <bigram weight="1" > for they </bigram>
    <bigram weight="1" > deceptive ### </bigram>
    <bigram weight="1" > pnptrv ### </bigram>
    <bigram weight="1" > that as </bigram>
    <bigram weight="1" > life to </bigram>
    <bigram weight="1" > poetics ### </bigram>
    <bigram weight="1" > poetic sentiment </bigram>
    <bigram weight="1" > imposes upon </bigram>
    <bigram weight="1" > the natural </bigram>
    <bigram weight="1" > department at </bigram>
    <bigram weight="1" > writ ing </bigram>
    <bigram weight="1" > good writing </bigram>
    <bigram weight="1" > darts ### </bigram>
    <bigram weight="1" > more than </bigram>
    <bigram weight="1" > at clemson </bigram>
    <bigram weight="1" > useful ### </bigram>
    <bigram weight="1" > in order </bigram>
    <bigram weight="1" > ### each </bigram>
    <bigram weight="1" > try in </bigram>
    <bigram weight="1" > ol coping </bigram>
    <bigram weight="1" > dependent ### </bigram>
    <bigram weight="1" > literally blossoming </bigram>
    <bigram weight="1" > of ### </bigram>
    <bigram weight="1" > function in </bigram>
    <bigram weight="1" > upon itself </bigram>
    <bigram weight="1" > thoreau on </bigram>
    <bigram weight="1" > ana tnere </bigram>
    <bigram weight="1" > failed to </bigram>
    <bigram weight="1" > # that </bigram>
    <bigram weight="1" > order to </bigram>
    <bigram weight="1" > its intrinsic </bigram>
    <bigram weight="1" > bode ### </bigram>
    <bigram weight="1" > must forgo </bigram>
    <bigram weight="1" > organic outgrowth </bigram>
    <bigram weight="1" > for later </bigram>
    <bigram weight="1" > thus shunned </bigram>
    <bigram weight="1" > isolated natural </bigram>
    <bigram weight="1" > s pop </bigram>
    <bigram weight="1" > tnere fore </bigram>
    <bigram weight="1" > employment of </bigram>
    <bigram weight="1" > ### critical </bigram>
    <bigram weight="1" > hp nnpt </bigram>
    <bigram weight="1" > duty implies </bigram>
    <bigram weight="1" > ### walden </bigram>
    <bigram weight="1" > men see </bigram>
    <bigram weight="1" > # ideally </bigram>
    <bigram weight="1" > is his </bigram>
    <bigram weight="1" > of autobiog </bigram>
    <bigram weight="1" > ihus ### </bigram>
    <bigram weight="1" > vision for </bigram>
    <bigram weight="1" > socrates and </bigram>
    <bigram weight="1" > his conventional </bigram>
    <bigram weight="1" > three basic </bigram>
    <bigram weight="1" > to facilitate </bigram>
    <bigram weight="1" > gain a </bigram>
    <bigram weight="1" > the world </bigram>
    <bigram weight="1" > ### through </bigram>
    <bigram weight="1" > writing can </bigram>
    <bigram weight="1" > poet precious </bigram>
    <bigram weight="1" > should then </bigram>
    <bigram weight="1" > is why </bigram>
    <bigram weight="1" > ### potential </bigram>
    <bigram weight="1" > proportionateness which </bigram>
    <bigram weight="1" > from current </bigram>
    <bigram weight="1" > survey will </bigram>
    <bigram weight="1" > way ol </bigram>
    <bigram weight="1" > that thoreau </bigram>
    <bigram weight="1" > write his </bigram>
    <bigram weight="1" > experience ### </bigram>
    <bigram weight="1" > ## thematic </bigram>
    <bigram weight="1" > of this </bigram>
    <bigram weight="1" > would have </bigram>
    <bigram weight="1" > hamilton ### </bigram>
    <bigram weight="1" > one unavoidable </bigram>
    <bigram weight="1" > pop ulation </bigram>
    <bigram weight="1" > indeed ### </bigram>
    <bigram weight="1" > synonymous ### </bigram>
    <bigram weight="1" > unique ### </bigram>
    <bigram weight="1" > indeed he </bigram>
    <bigram weight="1" > standing ### </bigram>
    <bigram weight="1" > now has </bigram>
    <bigram weight="1" > toward a </bigram>
    <bigram weight="1" > upon an </bigram>
    <bigram weight="1" > ### express </bigram>
    <bigram weight="1" > applying different </bigram>
    <bigram weight="1" > perhaps thoreau </bigram>
    <bigram weight="1" > concept ### </bigram>
    <bigram weight="1" > applied to </bigram>
    <bigram weight="1" > is shaped </bigram>
    <bigram weight="1" > which admit </bigram>
    <bigram weight="1" > # lived </bigram>
    <bigram weight="1" > both truthful </bigram>
    <bigram weight="1" > poet to </bigram>
    <bigram weight="1" > admit tedly </bigram>
    <bigram weight="1" > autobiography ### </bigram>
    <bigram weight="1" > suitable than </bigram>
    <bigram weight="1" > his life </bigram>
    <bigram weight="1" > who failed </bigram>
    <bigram weight="1" > valuable because </bigram>
    <bigram weight="1" > viking press </bigram>
    <bigram weight="1" > carefully ### </bigram>
    <bigram weight="1" > tally with </bigram>
    <bigram weight="1" > the effeminacy </bigram>
    <bigram weight="1" > and useful </bigram>
    <bigram weight="1" > the confirmation </bigram>
    <bigram weight="1" > most noble </bigram>
    <bigram weight="1" > have been </bigram>
    <bigram weight="1" > lived day </bigram>
    <bigram weight="1" > ### from </bigram>
    <bigram weight="1" > ### written </bigram>
    <bigram weight="1" > a spiritual </bigram>
    <bigram weight="1" > other something </bigram>
    <bigram weight="1" > tedly labors </bigram>
    <bigram weight="1" > poetical insiehts </bigram>
    <bigram weight="1" > is that </bigram>
    <bigram weight="1" > eiiect his </bigram>
    <bigram weight="1" > about the </bigram>
    <bigram weight="1" > for form </bigram>
    <bigram weight="1" > truest signifi </bigram>
    <bigram weight="1" > be concrete </bigram>
    <bigram weight="1" > why then </bigram>
    <bigram weight="1" > must begin </bigram>
    <bigram weight="1" > made ### </bigram>
    <bigram weight="1" > becomes that </bigram>
    <bigram weight="1" > literature is </bigram>
    <bigram weight="1" > assumption ### </bigram>
    <bigram weight="1" > truths present </bigram>
    <bigram weight="1" > are synon </bigram>
    <bigram weight="1" > being that </bigram>
    <bigram weight="1" > the reader </bigram>
    <bigram weight="1" > poet for </bigram>
    <bigram weight="1" > an exercise </bigram>
    <bigram weight="1" > # we </bigram>
    <bigram weight="1" > difficult for </bigram>
    <bigram weight="1" > live the </bigram>
    <bigram weight="1" > no limitations </bigram>
    <bigram weight="1" > his poetic </bigram>
    <bigram weight="1" > the touchstone </bigram>
    <bigram weight="1" > poetry tor </bigram>
    <bigram weight="1" > or inspiration </bigram>
    <bigram weight="1" > his truths </bigram>
    <bigram weight="1" > thoreau held </bigram>
    <bigram weight="1" > poet first </bigram>
    <bigram weight="1" > ol his </bigram>
    <bigram weight="1" > an integral </bigram>
    <bigram weight="1" > ular insight </bigram>
    <bigram weight="1" > numerous unproductive </bigram>
    <bigram weight="1" > ## poetry </bigram>
    <bigram weight="1" > the basis </bigram>
    <bigram weight="1" > get on </bigram>
    <bigram weight="1" > this way </bigram>
    <bigram weight="1" > more thoroughly </bigram>
    <bigram weight="1" > to achieve </bigram>
    <bigram weight="1" > vehicle for </bigram>
    <bigram weight="1" > if the </bigram>
    <bigram weight="1" > poetry ot </bigram>
    <bigram weight="1" > labors under </bigram>
    <bigram weight="1" > critic would </bigram>
    <bigram weight="1" > autobiog rarhv </bigram>
    <bigram weight="1" > his ideas </bigram>
    <bigram weight="1" > in deeds </bigram>
    <bigram weight="1" > grow from </bigram>
    <bigram weight="1" > living transcends </bigram>
    <bigram weight="1" > of character </bigram>
    <bigram weight="1" > to remember </bigram>
    <bigram weight="1" > ### both </bigram>
    <bigram weight="1" > will concern </bigram>
    <bigram weight="1" > the english </bigram>
    <bigram weight="1" > ### indeed </bigram>
    <bigram weight="1" > insight or </bigram>
    <bigram weight="1" > poe try </bigram>
    <bigram weight="1" > # form </bigram>
    <bigram weight="1" > must not </bigram>
    <bigram weight="1" > which may </bigram>
    <bigram weight="1" > a revaluation </bigram>
    <bigram weight="1" > brief detachments </bigram>
    <bigram weight="1" > important and </bigram>
    <bigram weight="1" > more ### </bigram>
    <bigram weight="1" > verse ### </bigram>
    <bigram weight="1" > e ### </bigram>
    <bigram weight="1" > # numerous </bigram>
    <bigram weight="1" > at home </bigram>
    <bigram weight="1" > further more </bigram>
    <bigram weight="1" > # hnt </bigram>
    <bigram weight="1" > experience which </bigram>
    <bigram weight="1" > light of </bigram>
    <bigram weight="1" > literature ### </bigram>
    <bigram weight="1" > he can </bigram>
    <bigram weight="1" > i ### </bigram>
    <bigram weight="1" > which differentiates </bigram>
    <bigram weight="1" > by example </bigram>
    <bigram weight="1" > poetry itself </bigram>
    <bigram weight="1" > to nineteenth </bigram>
    <bigram weight="1" > the high </bigram>
    <bigram weight="1" > critic ### </bigram>
    <bigram weight="1" > not merely </bigram>
    <bigram weight="1" > live poetry </bigram>
    <bigram weight="1" > blossoming from </bigram>
    <bigram weight="1" > formulate ### </bigram>
    <bigram weight="1" > poet now </bigram>
    <bigram weight="1" > writing becomes </bigram>
    <bigram weight="1" > the concept </bigram>
    <bigram weight="1" > gives the </bigram>
    <bigram weight="1" > efforts with </bigram>
    <bigram weight="1" > will be </bigram>
    <bigram weight="1" > the responsible </bigram>
    <bigram weight="1" > to fulfill </bigram>
    <bigram weight="1" > s singular </bigram>
    <bigram weight="1" > bit deceptive </bigram>
    <bigram weight="1" > affectation ### </bigram>
    <bigram weight="1" > its expression </bigram>
    <bigram weight="1" > the doet </bigram>
    <bigram weight="1" > practice ### </bigram>
    <bigram weight="1" > than other </bigram>
    <bigram weight="1" > only tally </bigram>
    <bigram weight="1" > that form </bigram>
    <bigram weight="1" > ### utilitarian </bigram>
    <bigram weight="1" > see the </bigram>
    <bigram weight="1" > is valuable </bigram>
    <bigram weight="1" > himself as </bigram>
    <bigram weight="1" > and ### </bigram>
    <bigram weight="1" > write poetry </bigram>
    <bigram weight="1" > generalization may </bigram>
    <bigram weight="1" > shape îtselî </bigram>
    <bigram weight="1" > test ### </bigram>
    <bigram weight="1" > there is </bigram>
    <bigram weight="1" > world ### </bigram>
    <bigram weight="1" > reserved for </bigram>
    <bigram weight="1" > looms in </bigram>
    <bigram weight="1" > tory ### </bigram>
    <bigram weight="1" > poetry should </bigram>
    <bigram weight="1" > exercise in </bigram>
    <bigram weight="1" > ## differs </bigram>
    <bigram weight="1" > definition to </bigram>
    <bigram weight="1" > union of </bigram>
    <bigram weight="1" > lack of </bigram>
    <bigram weight="1" > # it </bigram>
    <bigram weight="1" > bince the </bigram>
    <bigram weight="1" > assess thoreau </bigram>
    <bigram weight="1" > on with </bigram>
    <bigram weight="1" > can originate </bigram>
    <bigram weight="1" > una nimsell </bigram>
    <bigram weight="1" > presenting his </bigram>
    <bigram weight="1" > in nature </bigram>
    <bigram weight="1" > particular poetic </bigram>
    <bigram weight="1" > portable thoreau </bigram>
    <bigram weight="1" > in itself </bigram>
    <bigram weight="1" > form of </bigram>
    <bigram weight="1" > generalize upon </bigram>
    <bigram weight="1" > the writ </bigram>
    <bigram weight="1" > that aids </bigram>
    <bigram weight="1" > the being </bigram>
    <bigram weight="1" > effeminacy of </bigram>
    <bigram weight="1" > expression time </bigram>
    <bigram weight="1" > this essay </bigram>
    <bigram weight="1" > participate in </bigram>
    <bigram weight="1" > conventional criteria </bigram>
    <bigram weight="1" > of being </bigram>
    <bigram weight="1" > when he </bigram>
    <bigram weight="1" > this imacrinarv </bigram>
    <bigram weight="1" > something is </bigram>
    <bigram weight="1" > another something </bigram>
    <bigram weight="1" > basis of </bigram>
    <bigram weight="1" > of literacy </bigram>
    <bigram weight="1" > critic must </bigram>
    <bigram weight="1" > thoreau handbook </bigram>
    <bigram weight="1" > art of </bigram>
    <bigram weight="1" > under that </bigram>
    <bigram weight="1" > and disseminating </bigram>
    <bigram weight="1" > itself with </bigram>
    <bigram weight="1" > is much </bigram>
    <bigram weight="1" > also tell </bigram>
    <bigram weight="1" > confronted with </bigram>
    <bigram weight="1" > by acknowledging </bigram>
    <bigram weight="1" > the simple </bigram>
    <bigram weight="1" > the particularization </bigram>
    <bigram weight="1" > workable definition </bigram>
    <bigram weight="1" > poetic inspiration </bigram>
    <bigram weight="1" > oî a </bigram>
    <bigram weight="1" > nature by </bigram>
    <bigram weight="1" > michigan ### </bigram>
    <bigram weight="1" > in poetic </bigram>
    <bigram weight="1" > # footnotes </bigram>
    <bigram weight="1" > vastly from </bigram>
    <bigram weight="1" > an economical </bigram>
    <bigram weight="1" > sense is </bigram>
    <bigram weight="1" > poetic insight </bigram>
    <bigram weight="1" > c ### </bigram>
    <bigram weight="1" > their ### </bigram>
    <bigram weight="1" > that other </bigram>
    <bigram weight="1" > the non </bigram>
    <bigram weight="1" > good man </bigram>
    <bigram weight="1" > essay will </bigram>
    <bigram weight="1" > which is </bigram>
    <bigram weight="1" > truths everyday </bigram>
    <bigram weight="1" > to assess </bigram>
    <bigram weight="1" > upon the </bigram>
    <bigram weight="1" > # conclusion </bigram>
    <bigram weight="1" > but a </bigram>
    <bigram weight="1" > a way </bigram>
    <bigram weight="1" > sense ### </bigram>
    <bigram weight="1" > beginning ### </bigram>
    <bigram weight="1" > transcends the </bigram>
    <bigram weight="1" > as nnetir </bigram>
    <bigram weight="1" > writing gives </bigram>
    <bigram weight="1" > tor his </bigram>
    <bigram weight="1" > facilitate an </bigram>
    <bigram weight="1" > îtselî ### </bigram>
    <bigram weight="1" > ### ana </bigram>
    <bigram weight="1" > also participate </bigram>
    <bigram weight="1" > an organic </bigram>
    <bigram weight="1" > unavoidable question </bigram>
    <bigram weight="1" > has his </bigram>
    <bigram weight="1" > they can </bigram>
    <bigram weight="1" > insiehts ### </bigram>
    <bigram weight="1" > disseminate his </bigram>
    <bigram weight="1" > beauty of </bigram>
    <bigram weight="1" > and a </bigram>
    <bigram weight="1" > with current </bigram>
    <bigram weight="1" > into three </bigram>
    <bigram weight="1" > autobiography is </bigram>
    <bigram weight="1" > telling ol </bigram>
    <bigram weight="1" > a practical </bigram>
    <bigram weight="1" > measure and </bigram>
    <bigram weight="1" > this synopsis </bigram>
    <bigram weight="1" > a unifying </bigram>
    <bigram weight="1" > ### flint </bigram>
    <bigram weight="1" > experiences as </bigram>
    <bigram weight="1" > experiencing poet </bigram>
    <bigram weight="1" > day ### </bigram>
    <bigram weight="1" > critical appa </bigram>
</article>
