<?xml version="1.0" encoding="UTF-8"?>
<article id="10.2307/23394541" >
    <bigram weight="82" > ### # </bigram>
    <bigram weight="24" > ### ### </bigram>
    <bigram weight="14" > ### s </bigram>
    <bigram weight="13" > in the </bigram>
    <bigram weight="12" > # i </bigram>
    <bigram weight="11" > ### and </bigram>
    <bigram weight="11" > of the </bigram>
    <bigram weight="9" > # ### </bigram>
    <bigram weight="9" > thoreau ### </bigram>
    <bigram weight="7" > and i </bigram>
    <bigram weight="7" > ### i </bigram>
    <bigram weight="7" > ## ### </bigram>
    <bigram weight="6" > on a </bigram>
    <bigram weight="6" > the ### </bigram>
    <bigram weight="6" > ### the </bigram>
    <bigram weight="5" > # the </bigram>
    <bigram weight="5" > said ### </bigram>
    <bigram weight="5" > ### as </bigram>
    <bigram weight="5" > s hut </bigram>
    <bigram weight="4" > # but </bigram>
    <bigram weight="4" > he might </bigram>
    <bigram weight="4" > ### which </bigram>
    <bigram weight="4" > in concord </bigram>
    <bigram weight="4" > of my </bigram>
    <bigram weight="4" > the circus </bigram>
    <bigram weight="4" > i could </bigram>
    <bigram weight="4" > in ## </bigram>
    <bigram weight="4" > had a </bigram>
    <bigram weight="4" > ### old </bigram>
    <bigram weight="4" > pony ### </bigram>
    <bigram weight="4" > ### a </bigram>
    <bigram weight="4" > ina ### </bigram>
    <bigram weight="4" > the family </bigram>
    <bigram weight="4" > as a </bigram>
    <bigram weight="4" > hut ### </bigram>
    <bigram weight="4" > concord ### </bigram>
    <bigram weight="4" > # one </bigram>
    <bigram weight="4" > old pony </bigram>
    <bigram weight="4" > at the </bigram>
    <bigram weight="4" > as the </bigram>
    <bigram weight="4" > of a </bigram>
    <bigram weight="4" > ### ## </bigram>
    <bigram weight="4" > young man </bigram>
    <bigram weight="4" > on the </bigram>
    <bigram weight="3" > ### on </bigram>
    <bigram weight="3" > were going </bigram>
    <bigram weight="3" > ### hut </bigram>
    <bigram weight="3" > for its </bigram>
    <bigram weight="3" > my mother </bigram>
    <bigram weight="3" > a good </bigram>
    <bigram weight="3" > ### with </bigram>
    <bigram weight="3" > clark ### </bigram>
    <bigram weight="3" > wanted to </bigram>
    <bigram weight="3" > me ### </bigram>
    <bigram weight="3" > but i </bigram>
    <bigram weight="3" > in part </bigram>
    <bigram weight="3" > i had </bigram>
    <bigram weight="3" > one of </bigram>
    <bigram weight="3" > and was </bigram>
    <bigram weight="3" > the hill </bigram>
    <bigram weight="3" > on its </bigram>
    <bigram weight="3" > morning ### </bigram>
    <bigram weight="3" > # my </bigram>
    <bigram weight="3" > to the </bigram>
    <bigram weight="3" > second thoreau </bigram>
    <bigram weight="3" > ### but </bigram>
    <bigram weight="3" > house was </bigram>
    <bigram weight="3" > i remember </bigram>
    <bigram weight="3" > a second </bigram>
    <bigram weight="3" > in my </bigram>
    <bigram weight="3" > for a </bigram>
    <bigram weight="3" > lives in </bigram>
    <bigram weight="3" > of thoreau </bigram>
    <bigram weight="3" > ### in </bigram>
    <bigram weight="3" > # ina </bigram>
    <bigram weight="3" > i was </bigram>
    <bigram weight="3" > might be </bigram>
    <bigram weight="2" > for many </bigram>
    <bigram weight="2" > could have </bigram>
    <bigram weight="2" > going to </bigram>
    <bigram weight="2" > have thoreau </bigram>
    <bigram weight="2" > did not </bigram>
    <bigram weight="2" > written by </bigram>
    <bigram weight="2" > i saw </bigram>
    <bigram weight="2" > and to </bigram>
    <bigram weight="2" > mentioned in </bigram>
    <bigram weight="2" > the farm </bigram>
    <bigram weight="2" > # her </bigram>
    <bigram weight="2" > ### to </bigram>
    <bigram weight="2" > years ### </bigram>
    <bigram weight="2" > s ### </bigram>
    <bigram weight="2" > that we </bigram>
    <bigram weight="2" > family at </bigram>
    <bigram weight="2" > to have </bigram>
    <bigram weight="2" > the door </bigram>
    <bigram weight="2" > mother said </bigram>
    <bigram weight="2" > thoreau s </bigram>
    <bigram weight="2" > # and </bigram>
    <bigram weight="2" > his head </bigram>
    <bigram weight="2" > ina clark </bigram>
    <bigram weight="2" > # we </bigram>
    <bigram weight="2" > be a </bigram>
    <bigram weight="2" > with the </bigram>
    <bigram weight="2" > ### being </bigram>
    <bigram weight="2" > the barnes </bigram>
    <bigram weight="2" > he could </bigram>
    <bigram weight="2" > hut he </bigram>
    <bigram weight="2" > just for </bigram>
    <bigram weight="2" > this young </bigram>
    <bigram weight="2" > in a </bigram>
    <bigram weight="2" > has the </bigram>
    <bigram weight="2" > ### who </bigram>
    <bigram weight="2" > a pet </bigram>
    <bigram weight="2" > may be </bigram>
    <bigram weight="2" > to tell </bigram>
    <bigram weight="2" > down the </bigram>
    <bigram weight="2" > ### mother </bigram>
    <bigram weight="2" > road in </bigram>
    <bigram weight="2" > for it </bigram>
    <bigram weight="2" > mrs ### </bigram>
    <bigram weight="2" > shoes and </bigram>
    <bigram weight="2" > before ina </bigram>
    <bigram weight="2" > that the </bigram>
    <bigram weight="2" > mansions ### </bigram>
    <bigram weight="2" > he said </bigram>
    <bigram weight="2" > was born </bigram>
    <bigram weight="2" > planned to </bigram>
    <bigram weight="2" > one day </bigram>
    <bigram weight="2" > uncle james </bigram>
    <bigram weight="2" > the young </bigram>
    <bigram weight="2" > i said </bigram>
    <bigram weight="2" > # he </bigram>
    <bigram weight="2" > ### ina </bigram>
    <bigram weight="2" > its way </bigram>
    <bigram weight="2" > us ### </bigram>
    <bigram weight="2" > a portion </bigram>
    <bigram weight="2" > ### he </bigram>
    <bigram weight="2" > called ### </bigram>
    <bigram weight="2" > in his </bigram>
    <bigram weight="2" > died in </bigram>
    <bigram weight="2" > better hut </bigram>
    <bigram weight="2" > # un </bigram>
    <bigram weight="2" > estabrook road </bigram>
    <bigram weight="2" > to me </bigram>
    <bigram weight="2" > it was </bigram>
    <bigram weight="2" > we were </bigram>
    <bigram weight="2" > i thought </bigram>
    <bigram weight="2" > many mansions </bigram>
    <bigram weight="2" > the top </bigram>
    <bigram weight="2" > brooks clark </bigram>
    <bigram weight="2" > ### for </bigram>
    <bigram weight="2" > darby ferguson </bigram>
    <bigram weight="2" > ina was </bigram>
    <bigram weight="2" > # this </bigram>
    <bigram weight="2" > on my </bigram>
    <bigram weight="2" > good story </bigram>
    <bigram weight="2" > concord in </bigram>
    <bigram weight="2" > # after </bigram>
    <bigram weight="2" > the idea </bigram>
    <bigram weight="2" > # it </bigram>
    <bigram weight="2" > on ### </bigram>
    <bigram weight="2" > and much </bigram>
    <bigram weight="2" > ot the </bigram>
    <bigram weight="2" > my uncle </bigram>
    <bigram weight="2" > top of </bigram>
    <bigram weight="2" > hill road </bigram>
    <bigram weight="2" > the brooks </bigram>
    <bigram weight="2" > # as </bigram>
    <bigram weight="2" > ### that </bigram>
    <bigram weight="2" > day ### </bigram>
    <bigram weight="2" > in this </bigram>
    <bigram weight="2" > ### this </bigram>
    <bigram weight="2" > and gave </bigram>
    <bigram weight="2" > ### at </bigram>
    <bigram weight="2" > hut as </bigram>
    <bigram weight="2" > my shoes </bigram>
    <bigram weight="2" > walden hut </bigram>
    <bigram weight="2" > a few </bigram>
    <bigram weight="2" > when i </bigram>
    <bigram weight="2" > ### t </bigram>
    <bigram weight="2" > must have </bigram>
    <bigram weight="2" > man who </bigram>
    <bigram weight="2" > tell a </bigram>
    <bigram weight="2" > mother ### </bigram>
    <bigram weight="2" > idea that </bigram>
    <bigram weight="2" > o ### </bigram>
    <bigram weight="2" > was always </bigram>
    <bigram weight="2" > and called </bigram>
    <bigram weight="2" > mr ### </bigram>
    <bigram weight="2" > # in </bigram>
    <bigram weight="2" > who lives </bigram>
    <bigram weight="2" > up the </bigram>
    <bigram weight="2" > ### aunt </bigram>
    <bigram weight="2" > on estabrook </bigram>
    <bigram weight="2" > a farm </bigram>
    <bigram weight="2" > or the </bigram>
    <bigram weight="2" > from the </bigram>
    <bigram weight="2" > recollection of </bigram>
    <bigram weight="2" > un the </bigram>
    <bigram weight="2" > over to </bigram>
    <bigram weight="2" > barnes hill </bigram>
    <bigram weight="2" > ### when </bigram>
    <bigram weight="1" > always highly </bigram>
    <bigram weight="1" > about so </bigram>
    <bigram weight="1" > not need </bigram>
    <bigram weight="1" > it round </bigram>
    <bigram weight="1" > vacation on </bigram>
    <bigram weight="1" > and crowded </bigram>
    <bigram weight="1" > man ### </bigram>
    <bigram weight="1" > i found </bigram>
    <bigram weight="1" > uarnei buinvans </bigram>
    <bigram weight="1" > trials and </bigram>
    <bigram weight="1" > road i </bigram>
    <bigram weight="1" > and that </bigram>
    <bigram weight="1" > recognition ### </bigram>
    <bigram weight="1" > otter his </bigram>
    <bigram weight="1" > trained and </bigram>
    <bigram weight="1" > few of </bigram>
    <bigram weight="1" > bne lookea </bigram>
    <bigram weight="1" > long legs </bigram>
    <bigram weight="1" > body ### </bigram>
    <bigram weight="1" > print this </bigram>
    <bigram weight="1" > home ### </bigram>
    <bigram weight="1" > was advanced </bigram>
    <bigram weight="1" > i he </bigram>
    <bigram weight="1" > part fanciful </bigram>
    <bigram weight="1" > ### tackle </bigram>
    <bigram weight="1" > lis back </bigram>
    <bigram weight="1" > a model </bigram>
    <bigram weight="1" > represent the </bigram>
    <bigram weight="1" > a wi </bigram>
    <bigram weight="1" > latèr in </bigram>
    <bigram weight="1" > with one </bigram>
    <bigram weight="1" > to visit </bigram>
    <bigram weight="1" > so named </bigram>
    <bigram weight="1" > ### hosmer </bigram>
    <bigram weight="1" > tongs ### </bigram>
    <bigram weight="1" > the lane </bigram>
    <bigram weight="1" > probably fifty </bigram>
    <bigram weight="1" > a rather </bigram>
    <bigram weight="1" > the woods </bigram>
    <bigram weight="1" > and in </bigram>
    <bigram weight="1" > ## upc </bigram>
    <bigram weight="1" > being little </bigram>
    <bigram weight="1" > hill and </bigram>
    <bigram weight="1" > easily recognized </bigram>
    <bigram weight="1" > # a </bigram>
    <bigram weight="1" > a vain </bigram>
    <bigram weight="1" > can turn </bigram>
    <bigram weight="1" > arched his </bigram>
    <bigram weight="1" > from top </bigram>
    <bigram weight="1" > that it </bigram>
    <bigram weight="1" > hunt ### </bigram>
    <bigram weight="1" > new owner </bigram>
    <bigram weight="1" > live to </bigram>
    <bigram weight="1" > ### ned </bigram>
    <bigram weight="1" > much in </bigram>
    <bigram weight="1" > informs us </bigram>
    <bigram weight="1" > goes back </bigram>
    <bigram weight="1" > could safely </bigram>
    <bigram weight="1" > ### where </bigram>
    <bigram weight="1" > ### bne </bigram>
    <bigram weight="1" > sunday best </bigram>
    <bigram weight="1" > plump victim </bigram>
    <bigram weight="1" > targe bowl </bigram>
    <bigram weight="1" > which shook </bigram>
    <bigram weight="1" > to peck </bigram>
    <bigram weight="1" > object was </bigram>
    <bigram weight="1" > nprfnrmprç ### </bigram>
    <bigram weight="1" > ne saw </bigram>
    <bigram weight="1" > by everyone </bigram>
    <bigram weight="1" > ride by </bigram>
    <bigram weight="1" > and imagined </bigram>
    <bigram weight="1" > m ### </bigram>
    <bigram weight="1" > leg with </bigram>
    <bigram weight="1" > billowing cos </bigram>
    <bigram weight="1" > his neck </bigram>
    <bigram weight="1" > out ano </bigram>
    <bigram weight="1" > no evidence </bigram>
    <bigram weight="1" > up early </bigram>
    <bigram weight="1" > and for </bigram>
    <bigram weight="1" > safely on </bigram>
    <bigram weight="1" > upc ### </bigram>
    <bigram weight="1" > tim up </bigram>
    <bigram weight="1" > ### verse </bigram>
    <bigram weight="1" > old ### </bigram>
    <bigram weight="1" > up on </bigram>
    <bigram weight="1" > some pieces </bigram>
    <bigram weight="1" > tattle bnow </bigram>
    <bigram weight="1" > crops and </bigram>
    <bigram weight="1" > a keen </bigram>
    <bigram weight="1" > ### must </bigram>
    <bigram weight="1" > and errors </bigram>
    <bigram weight="1" > journal ### </bigram>
    <bigram weight="1" > to come </bigram>
    <bigram weight="1" > of these </bigram>
    <bigram weight="1" > ### edwin </bigram>
    <bigram weight="1" > a big </bigram>
    <bigram weight="1" > the chaise </bigram>
    <bigram weight="1" > arrived in </bigram>
    <bigram weight="1" > when that </bigram>
    <bigram weight="1" > its own </bigram>
    <bigram weight="1" > wriat ### </bigram>
    <bigram weight="1" > iad become </bigram>
    <bigram weight="1" > actual events </bigram>
    <bigram weight="1" > i never </bigram>
    <bigram weight="1" > ### p </bigram>
    <bigram weight="1" > fifty or </bigram>
    <bigram weight="1" > son edward </bigram>
    <bigram weight="1" > talk as </bigram>
    <bigram weight="1" > lookea iike </bigram>
    <bigram weight="1" > and degan </bigram>
    <bigram weight="1" > said as </bigram>
    <bigram weight="1" > man the </bigram>
    <bigram weight="1" > could tell </bigram>
    <bigram weight="1" > father was </bigram>
    <bigram weight="1" > a great </bigram>
    <bigram weight="1" > folks ### </bigram>
    <bigram weight="1" > as well </bigram>
    <bigram weight="1" > ### thoreau </bigram>
    <bigram weight="1" > ### tne </bigram>
    <bigram weight="1" > out what </bigram>
    <bigram weight="1" > s niece </bigram>
    <bigram weight="1" > might je </bigram>
    <bigram weight="1" > alarm ### </bigram>
    <bigram weight="1" > ### about </bigram>
    <bigram weight="1" > considerable literary </bigram>
    <bigram weight="1" > irrlpr tn </bigram>
    <bigram weight="1" > recollections probably </bigram>
    <bigram weight="1" > to enjoy </bigram>
    <bigram weight="1" > it wdb </bigram>
    <bigram weight="1" > was rufus </bigram>
    <bigram weight="1" > live alone </bigram>
    <bigram weight="1" > ### always </bigram>
    <bigram weight="1" > did at </bigram>
    <bigram weight="1" > ### riders </bigram>
    <bigram weight="1" > that recognition </bigram>
    <bigram weight="1" > freedom to </bigram>
    <bigram weight="1" > the back </bigram>
    <bigram weight="1" > ### clock </bigram>
    <bigram weight="1" > # with </bigram>
    <bigram weight="1" > she wrote </bigram>
    <bigram weight="1" > ina liked </bigram>
    <bigram weight="1" > trim ### </bigram>
    <bigram weight="1" > ornamental than </bigram>
    <bigram weight="1" > that is </bigram>
    <bigram weight="1" > and with </bigram>
    <bigram weight="1" > taught for </bigram>
    <bigram weight="1" > concord schools </bigram>
    <bigram weight="1" > and m </bigram>
    <bigram weight="1" > olied many </bigram>
    <bigram weight="1" > the much </bigram>
    <bigram weight="1" > was harnessed </bigram>
    <bigram weight="1" > riders held </bigram>
    <bigram weight="1" > miss ina </bigram>
    <bigram weight="1" > her sister </bigram>
    <bigram weight="1" > keen sense </bigram>
    <bigram weight="1" > ### e </bigram>
    <bigram weight="1" > perhaps the </bigram>
    <bigram weight="1" > and surprise </bigram>
    <bigram weight="1" > for safety </bigram>
    <bigram weight="1" > picture of </bigram>
    <bigram weight="1" > cage and </bigram>
    <bigram weight="1" > named the </bigram>
    <bigram weight="1" > ### back </bigram>
    <bigram weight="1" > that tragic </bigram>
    <bigram weight="1" > obviously drawn </bigram>
    <bigram weight="1" > is no </bigram>
    <bigram weight="1" > ten der </bigram>
    <bigram weight="1" > born ### </bigram>
    <bigram weight="1" > he hoped </bigram>
    <bigram weight="1" > often mentioned </bigram>
    <bigram weight="1" > my life </bigram>
    <bigram weight="1" > dr repair </bigram>
    <bigram weight="1" > abbott telling </bigram>
    <bigram weight="1" > less than </bigram>
    <bigram weight="1" > at a </bigram>
    <bigram weight="1" > as ina </bigram>
    <bigram weight="1" > ran to </bigram>
    <bigram weight="1" > when my </bigram>
    <bigram weight="1" > dignity ### </bigram>
    <bigram weight="1" > of capt </bigram>
    <bigram weight="1" > safely depend </bigram>
    <bigram weight="1" > expect on </bigram>
    <bigram weight="1" > james died </bigram>
    <bigram weight="1" > sanborn and </bigram>
    <bigram weight="1" > visited concord </bigram>
    <bigram weight="1" > tree where </bigram>
    <bigram weight="1" > ni ### </bigram>
    <bigram weight="1" > t remember </bigram>
    <bigram weight="1" > finally landed </bigram>
    <bigram weight="1" > of wit </bigram>
    <bigram weight="1" > ### john </bigram>
    <bigram weight="1" > have every </bigram>
    <bigram weight="1" > accepted with </bigram>
    <bigram weight="1" > such an </bigram>
    <bigram weight="1" > saturday morning </bigram>
    <bigram weight="1" > their house </bigram>
    <bigram weight="1" > squeaky old </bigram>
    <bigram weight="1" > a possible </bigram>
    <bigram weight="1" > joy rides </bigram>
    <bigram weight="1" > i located </bigram>
    <bigram weight="1" > a dusty </bigram>
    <bigram weight="1" > to search </bigram>
    <bigram weight="1" > hanging on </bigram>
    <bigram weight="1" > every reason </bigram>
    <bigram weight="1" > writes about </bigram>
    <bigram weight="1" > lap ### </bigram>
    <bigram weight="1" > a winter </bigram>
    <bigram weight="1" > one s </bigram>
    <bigram weight="1" > in tact </bigram>
    <bigram weight="1" > have on </bigram>
    <bigram weight="1" > he build </bigram>
    <bigram weight="1" > big one </bigram>
    <bigram weight="1" > what ne </bigram>
    <bigram weight="1" > into the </bigram>
    <bigram weight="1" > s funeral </bigram>
    <bigram weight="1" > i lived </bigram>
    <bigram weight="1" > nake him </bigram>
    <bigram weight="1" > ### one </bigram>
    <bigram weight="1" > friend at </bigram>
    <bigram weight="1" > rock just </bigram>
    <bigram weight="1" > the people </bigram>
    <bigram weight="1" > did like </bigram>
    <bigram weight="1" > wanted and </bigram>
    <bigram weight="1" > siiddiv the </bigram>
    <bigram weight="1" > has become </bigram>
    <bigram weight="1" > road between </bigram>
    <bigram weight="1" > midst of </bigram>
    <bigram weight="1" > lesson ### </bigram>
    <bigram weight="1" > with us </bigram>
    <bigram weight="1" > outstretched ### </bigram>
    <bigram weight="1" > preface ### </bigram>
    <bigram weight="1" > neighbors and </bigram>
    <bigram weight="1" > farm and </bigram>
    <bigram weight="1" > license ### </bigram>
    <bigram weight="1" > morning i </bigram>
    <bigram weight="1" > people and </bigram>
    <bigram weight="1" > ### even </bigram>
    <bigram weight="1" > majestic to </bigram>
    <bigram weight="1" > thoreau was </bigram>
    <bigram weight="1" > somewhat immature </bigram>
    <bigram weight="1" > fanciful creation </bigram>
    <bigram weight="1" > playmate was </bigram>
    <bigram weight="1" > to a </bigram>
    <bigram weight="1" > a picture </bigram>
    <bigram weight="1" > anotner tairn </bigram>
    <bigram weight="1" > and how </bigram>
    <bigram weight="1" > immature ### </bigram>
    <bigram weight="1" > # well </bigram>
    <bigram weight="1" > good nature </bigram>
    <bigram weight="1" > then and </bigram>
    <bigram weight="1" > was as </bigram>
    <bigram weight="1" > circus is </bigram>
    <bigram weight="1" > personal appearance </bigram>
    <bigram weight="1" > ### rock </bigram>
    <bigram weight="1" > lealth and </bigram>
    <bigram weight="1" > model to </bigram>
    <bigram weight="1" > well and </bigram>
    <bigram weight="1" > she might </bigram>
    <bigram weight="1" > can find </bigram>
    <bigram weight="1" > movea to </bigram>
    <bigram weight="1" > anderson ### </bigram>
    <bigram weight="1" > if that </bigram>
    <bigram weight="1" > is rhoreau </bigram>
    <bigram weight="1" > early ### </bigram>
    <bigram weight="1" > that on </bigram>
    <bigram weight="1" > driveway ### </bigram>
    <bigram weight="1" > the barefoot </bigram>
    <bigram weight="1" > dy our </bigram>
    <bigram weight="1" > own oxen </bigram>
    <bigram weight="1" > at mr </bigram>
    <bigram weight="1" > hinges on </bigram>
    <bigram weight="1" > apron in </bigram>
    <bigram weight="1" > rooster and </bigram>
    <bigram weight="1" > of this </bigram>
    <bigram weight="1" > called his </bigram>
    <bigram weight="1" > ina could </bigram>
    <bigram weight="1" > and tents </bigram>
    <bigram weight="1" > ### wriat </bigram>
    <bigram weight="1" > useful life </bigram>
    <bigram weight="1" > saw that </bigram>
    <bigram weight="1" > years in </bigram>
    <bigram weight="1" > just over </bigram>
    <bigram weight="1" > just arrived </bigram>
    <bigram weight="1" > ### before </bigram>
    <bigram weight="1" > inspiration ### </bigram>
    <bigram weight="1" > edge or </bigram>
    <bigram weight="1" > up in </bigram>
    <bigram weight="1" > com janionship </bigram>
    <bigram weight="1" > a patient </bigram>
    <bigram weight="1" > ### morning </bigram>
    <bigram weight="1" > turned and </bigram>
    <bigram weight="1" > hair ribbons </bigram>
    <bigram weight="1" > waist to </bigram>
    <bigram weight="1" > what has </bigram>
    <bigram weight="1" > brought to </bigram>
    <bigram weight="1" > lead my </bigram>
    <bigram weight="1" > earliest irishmen </bigram>
    <bigram weight="1" > was on </bigram>
    <bigram weight="1" > victim ### </bigram>
    <bigram weight="1" > schools ### </bigram>
    <bigram weight="1" > i slid </bigram>
    <bigram weight="1" > to ### </bigram>
    <bigram weight="1" > to otter </bigram>
    <bigram weight="1" > the new </bigram>
    <bigram weight="1" > the needed </bigram>
    <bigram weight="1" > to swing </bigram>
    <bigram weight="1" > thus called </bigram>
    <bigram weight="1" > we planned </bigram>
    <bigram weight="1" > walk in </bigram>
    <bigram weight="1" > that living </bigram>
    <bigram weight="1" > to carlisle </bigram>
    <bigram weight="1" > i ### </bigram>
    <bigram weight="1" > wide ### </bigram>
    <bigram weight="1" > foot of </bigram>
    <bigram weight="1" > my absence </bigram>
    <bigram weight="1" > a horseback </bigram>
    <bigram weight="1" > one can </bigram>
    <bigram weight="1" > upon as </bigram>
    <bigram weight="1" > that ### </bigram>
    <bigram weight="1" > the tarm </bigram>
    <bigram weight="1" > and events </bigram>
    <bigram weight="1" > ny ### </bigram>
    <bigram weight="1" > and ### </bigram>
    <bigram weight="1" > you talk </bigram>
    <bigram weight="1" > days ### </bigram>
    <bigram weight="1" > but uncle </bigram>
    <bigram weight="1" > wrote her </bigram>
    <bigram weight="1" > and has </bigram>
    <bigram weight="1" > # she </bigram>
    <bigram weight="1" > as exciting </bigram>
    <bigram weight="1" > lay his </bigram>
    <bigram weight="1" > ### was </bigram>
    <bigram weight="1" > such intemperance </bigram>
    <bigram weight="1" > taught to </bigram>
    <bigram weight="1" > inen i </bigram>
    <bigram weight="1" > which iad </bigram>
    <bigram weight="1" > swift nasal </bigram>
    <bigram weight="1" > the foot </bigram>
    <bigram weight="1" > sup olied </bigram>
    <bigram weight="1" > way up </bigram>
    <bigram weight="1" > as such </bigram>
    <bigram weight="1" > no difference </bigram>
    <bigram weight="1" > plains ### </bigram>
    <bigram weight="1" > to be </bigram>
    <bigram weight="1" > maintained the </bigram>
    <bigram weight="1" > woman so </bigram>
    <bigram weight="1" > wit ### </bigram>
    <bigram weight="1" > i held </bigram>
    <bigram weight="1" > was missing </bigram>
    <bigram weight="1" > wi ## </bigram>
    <bigram weight="1" > missing for </bigram>
    <bigram weight="1" > years ago </bigram>
    <bigram weight="1" > nast findina </bigram>
    <bigram weight="1" > the walden </bigram>
    <bigram weight="1" > see ### </bigram>
    <bigram weight="1" > much liked </bigram>
    <bigram weight="1" > repair a </bigram>
    <bigram weight="1" > handsome and </bigram>
    <bigram weight="1" > beautiful horses </bigram>
    <bigram weight="1" > j ### </bigram>
    <bigram weight="1" > to achieve </bigram>
    <bigram weight="1" > seat ### </bigram>
    <bigram weight="1" > find in </bigram>
    <bigram weight="1" > anxiety i </bigram>
    <bigram weight="1" > interest in </bigram>
    <bigram weight="1" > exciting as </bigram>
    <bigram weight="1" > my shiny </bigram>
    <bigram weight="1" > anticipated or </bigram>
    <bigram weight="1" > i heard </bigram>
    <bigram weight="1" > a decade </bigram>
    <bigram weight="1" > janionship of </bigram>
    <bigram weight="1" > ### melvin </bigram>
    <bigram weight="1" > her nephew </bigram>
    <bigram weight="1" > little straighter </bigram>
    <bigram weight="1" > about the </bigram>
    <bigram weight="1" > the morning </bigram>
    <bigram weight="1" > for i </bigram>
    <bigram weight="1" > docile strawberry </bigram>
    <bigram weight="1" > a design </bigram>
    <bigram weight="1" > purchase ### </bigram>
    <bigram weight="1" > and mr </bigram>
    <bigram weight="1" > come to </bigram>
    <bigram weight="1" > household began </bigram>
    <bigram weight="1" > named ### </bigram>
    <bigram weight="1" > tore it </bigram>
    <bigram weight="1" > the freedom </bigram>
    <bigram weight="1" > her ### </bigram>
    <bigram weight="1" > and there </bigram>
    <bigram weight="1" > and well </bigram>
    <bigram weight="1" > hallowell abbott </bigram>
    <bigram weight="1" > head and </bigram>
    <bigram weight="1" > naa oeen </bigram>
    <bigram weight="1" > limself ### </bigram>
    <bigram weight="1" > nemn ### </bigram>
    <bigram weight="1" > wavç nf </bigram>
    <bigram weight="1" > and billowing </bigram>
    <bigram weight="1" > in ina </bigram>
    <bigram weight="1" > niece ### </bigram>
    <bigram weight="1" > jozing ### </bigram>
    <bigram weight="1" > wheel over </bigram>
    <bigram weight="1" > the household </bigram>
    <bigram weight="1" > than useful </bigram>
    <bigram weight="1" > prnvidpnre are </bigram>
    <bigram weight="1" > faithful friend </bigram>
    <bigram weight="1" > was announced </bigram>
    <bigram weight="1" > ot gum </bigram>
    <bigram weight="1" > suddenly turned </bigram>
    <bigram weight="1" > called and </bigram>
    <bigram weight="1" > patient in </bigram>
    <bigram weight="1" > and write </bigram>
    <bigram weight="1" > nnp hundrprl </bigram>
    <bigram weight="1" > jerk as </bigram>
    <bigram weight="1" > wavs located </bigram>
    <bigram weight="1" > sized kitchen </bigram>
    <bigram weight="1" > longer lives </bigram>
    <bigram weight="1" > decade before </bigram>
    <bigram weight="1" > the earliest </bigram>
    <bigram weight="1" > how he </bigram>
    <bigram weight="1" > the edge </bigram>
    <bigram weight="1" > located and </bigram>
    <bigram weight="1" > long and </bigram>
    <bigram weight="1" > estabrook woods </bigram>
    <bigram weight="1" > who died </bigram>
    <bigram weight="1" > ride up </bigram>
    <bigram weight="1" > straighter after </bigram>
    <bigram weight="1" > minis ter </bigram>
    <bigram weight="1" > up onto </bigram>
    <bigram weight="1" > our own </bigram>
    <bigram weight="1" > response ### </bigram>
    <bigram weight="1" > have some </bigram>
    <bigram weight="1" > the ci </bigram>
    <bigram weight="1" > bartlett used </bigram>
    <bigram weight="1" > fine trim </bigram>
    <bigram weight="1" > uark tarm </bigram>
    <bigram weight="1" > know that </bigram>
    <bigram weight="1" > we know </bigram>
    <bigram weight="1" > story ### </bigram>
    <bigram weight="1" > be like </bigram>
    <bigram weight="1" > lookea out </bigram>
    <bigram weight="1" > lived with </bigram>
    <bigram weight="1" > much beloved </bigram>
    <bigram weight="1" > sign of </bigram>
    <bigram weight="1" > and fine </bigram>
    <bigram weight="1" > on rainy </bigram>
    <bigram weight="1" > sundav dinner </bigram>
    <bigram weight="1" > here ### </bigram>
    <bigram weight="1" > about ### </bigram>
    <bigram weight="1" > room enough </bigram>
    <bigram weight="1" > the house </bigram>
    <bigram weight="1" > bottom ### </bigram>
    <bigram weight="1" > the old </bigram>
    <bigram weight="1" > held in </bigram>
    <bigram weight="1" > must be </bigram>
    <bigram weight="1" > small shed </bigram>
    <bigram weight="1" > george mel </bigram>
    <bigram weight="1" > own hinges </bigram>
    <bigram weight="1" > clark and </bigram>
    <bigram weight="1" > early nours </bigram>
    <bigram weight="1" > do i </bigram>
    <bigram weight="1" > no longer </bigram>
    <bigram weight="1" > ly ### </bigram>
    <bigram weight="1" > iukey ana </bigram>
    <bigram weight="1" > atxer anotner </bigram>
    <bigram weight="1" > fnrtv nprfnrmprç </bigram>
    <bigram weight="1" > early years </bigram>
    <bigram weight="1" > ina attended </bigram>
    <bigram weight="1" > a fashion </bigram>
    <bigram weight="1" > ### oh </bigram>
    <bigram weight="1" > aunt iukey </bigram>
    <bigram weight="1" > ictivities were </bigram>
    <bigram weight="1" > table ### </bigram>
    <bigram weight="1" > and the </bigram>
    <bigram weight="1" > tairn ly </bigram>
    <bigram weight="1" > a targe </bigram>
    <bigram weight="1" > generations in </bigram>
    <bigram weight="1" > lse he </bigram>
    <bigram weight="1" > its period </bigram>
    <bigram weight="1" > admiringly in </bigram>
    <bigram weight="1" > going up </bigram>
    <bigram weight="1" > workmen accepted </bigram>
    <bigram weight="1" > s personal </bigram>
    <bigram weight="1" > # ## </bigram>
    <bigram weight="1" > circus riders </bigram>
    <bigram weight="1" > me to </bigram>
    <bigram weight="1" > old chaise </bigram>
    <bigram weight="1" > farm where </bigram>
    <bigram weight="1" > pie ### </bigram>
    <bigram weight="1" > mel vin </bigram>
    <bigram weight="1" > recounts it </bigram>
    <bigram weight="1" > are obviously </bigram>
    <bigram weight="1" > hollow sound </bigram>
    <bigram weight="1" > degan my </bigram>
    <bigram weight="1" > thought she </bigram>
    <bigram weight="1" > and offered </bigram>
    <bigram weight="1" > the trapper </bigram>
    <bigram weight="1" > setting a </bigram>
    <bigram weight="1" > go ### </bigram>
    <bigram weight="1" > the thoreau </bigram>
    <bigram weight="1" > harness him </bigram>
    <bigram weight="1" > off to </bigram>
    <bigram weight="1" > his whole </bigram>
    <bigram weight="1" > i met </bigram>
    <bigram weight="1" > we print </bigram>
    <bigram weight="1" > the first </bigram>
    <bigram weight="1" > they are </bigram>
    <bigram weight="1" > the one </bigram>
    <bigram weight="1" > whirh inrluried </bigram>
    <bigram weight="1" > peck grain </bigram>
    <bigram weight="1" > many years </bigram>
    <bigram weight="1" > to give </bigram>
    <bigram weight="1" > ### acquired </bigram>
    <bigram weight="1" > psalm that </bigram>
    <bigram weight="1" > i finally </bigram>
    <bigram weight="1" > many generations </bigram>
    <bigram weight="1" > if he </bigram>
    <bigram weight="1" > i turned </bigram>
    <bigram weight="1" > among us </bigram>
    <bigram weight="1" > could look </bigram>
    <bigram weight="1" > him ### </bigram>
    <bigram weight="1" > it from </bigram>
    <bigram weight="1" > not forget </bigram>
    <bigram weight="1" > him off </bigram>
    <bigram weight="1" > the clark </bigram>
    <bigram weight="1" > a memorial </bigram>
    <bigram weight="1" > inrluried the </bigram>
    <bigram weight="1" > when she </bigram>
    <bigram weight="1" > james and </bigram>
    <bigram weight="1" > enjoy the </bigram>
    <bigram weight="1" > upon the </bigram>
    <bigram weight="1" > a better </bigram>
    <bigram weight="1" > circus would </bigram>
    <bigram weight="1" > well do </bigram>
    <bigram weight="1" > summer vacation </bigram>
    <bigram weight="1" > five years </bigram>
    <bigram weight="1" > been ### </bigram>
    <bigram weight="1" > her uncle </bigram>
    <bigram weight="1" > hill has </bigram>
    <bigram weight="1" > circus ### </bigram>
    <bigram weight="1" > the midst </bigram>
    <bigram weight="1" > why ### </bigram>
    <bigram weight="1" > life i </bigram>
    <bigram weight="1" > on tne </bigram>
    <bigram weight="1" > attention by </bigram>
    <bigram weight="1" > bright colors </bigram>
    <bigram weight="1" > beorge nemn </bigram>
    <bigram weight="1" > don ### </bigram>
    <bigram weight="1" > looked upon </bigram>
    <bigram weight="1" > heard a </bigram>
    <bigram weight="1" > being taught </bigram>
    <bigram weight="1" > stuck some </bigram>
    <bigram weight="1" > aunt sukey </bigram>
    <bigram weight="1" > the airy </bigram>
    <bigram weight="1" > farm horse </bigram>
    <bigram weight="1" > window but </bigram>
    <bigram weight="1" > i informed </bigram>
    <bigram weight="1" > premises of </bigram>
    <bigram weight="1" > to take </bigram>
    <bigram weight="1" > ### ictivities </bigram>
    <bigram weight="1" > nave me </bigram>
    <bigram weight="1" > round safely </bigram>
    <bigram weight="1" > church steeple </bigram>
    <bigram weight="1" > with good </bigram>
    <bigram weight="1" > as doctor </bigram>
    <bigram weight="1" > artistic talent </bigram>
    <bigram weight="1" > nasal ### </bigram>
    <bigram weight="1" > about one </bigram>
    <bigram weight="1" > and ran </bigram>
    <bigram weight="1" > of many </bigram>
    <bigram weight="1" > after a </bigram>
    <bigram weight="1" > become a </bigram>
    <bigram weight="1" > caught in </bigram>
    <bigram weight="1" > to see </bigram>
    <bigram weight="1" > my object </bigram>
    <bigram weight="1" > ### swift </bigram>
    <bigram weight="1" > james is </bigram>
    <bigram weight="1" > remember he </bigram>
    <bigram weight="1" > write out </bigram>
    <bigram weight="1" > ### what </bigram>
    <bigram weight="1" > so majestic </bigram>
    <bigram weight="1" > neighbors as </bigram>
    <bigram weight="1" > of alarm </bigram>
    <bigram weight="1" > big ### </bigram>
    <bigram weight="1" > # when </bigram>
    <bigram weight="1" > a short </bigram>
    <bigram weight="1" > is often </bigram>
    <bigram weight="1" > der age </bigram>
    <bigram weight="1" > part tact </bigram>
    <bigram weight="1" > venture i </bigram>
    <bigram weight="1" > ### m </bigram>
    <bigram weight="1" > top to </bigram>
    <bigram weight="1" > upon a </bigram>
    <bigram weight="1" > search tor </bigram>
    <bigram weight="1" > but no </bigram>
    <bigram weight="1" > serve as </bigram>
    <bigram weight="1" > a handsome </bigram>
    <bigram weight="1" > out of </bigram>
    <bigram weight="1" > road over </bigram>
    <bigram weight="1" > that hp </bigram>
    <bigram weight="1" > saw the </bigram>
    <bigram weight="1" > be selected </bigram>
    <bigram weight="1" > un ### </bigram>
    <bigram weight="1" > gladys clark </bigram>
    <bigram weight="1" > journals ### </bigram>
    <bigram weight="1" > nours of </bigram>
    <bigram weight="1" > ash tree </bigram>
    <bigram weight="1" > he anticipated </bigram>
    <bigram weight="1" > portion to </bigram>
    <bigram weight="1" > ways to </bigram>
    <bigram weight="1" > several confirmed </bigram>
    <bigram weight="1" > was brought </bigram>
    <bigram weight="1" > located me </bigram>
    <bigram weight="1" > enough for </bigram>
    <bigram weight="1" > we drove </bigram>
    <bigram weight="1" > with nnp </bigram>
    <bigram weight="1" > remember that </bigram>
    <bigram weight="1" > country round </bigram>
    <bigram weight="1" > i stuck </bigram>
    <bigram weight="1" > effect a </bigram>
    <bigram weight="1" > of concord </bigram>
    <bigram weight="1" > the removal </bigram>
    <bigram weight="1" > # james </bigram>
    <bigram weight="1" > grain out </bigram>
    <bigram weight="1" > irishmen to </bigram>
    <bigram weight="1" > as their </bigram>
    <bigram weight="1" > to make </bigram>
    <bigram weight="1" > in poor </bigram>
    <bigram weight="1" > buinvans ### </bigram>
    <bigram weight="1" > the driver </bigram>
    <bigram weight="1" > to bottom </bigram>
    <bigram weight="1" > ### we </bigram>
    <bigram weight="1" > the com </bigram>
    <bigram weight="1" > sense of </bigram>
    <bigram weight="1" > could coax </bigram>
    <bigram weight="1" > hut now </bigram>
    <bigram weight="1" > ### whirh </bigram>
    <bigram weight="1" > a chariot </bigram>
    <bigram weight="1" > as when </bigram>
    <bigram weight="1" > passing of </bigram>
    <bigram weight="1" > bottoms of </bigram>
    <bigram weight="1" > ears turned </bigram>
    <bigram weight="1" > a swing </bigram>
    <bigram weight="1" > my faithful </bigram>
    <bigram weight="1" > my ### </bigram>
    <bigram weight="1" > to concord </bigram>
    <bigram weight="1" > to our </bigram>
    <bigram weight="1" > ina probably </bigram>
    <bigram weight="1" > think must </bigram>
    <bigram weight="1" > an horse </bigram>
    <bigram weight="1" > a linn </bigram>
    <bigram weight="1" > ned ### </bigram>
    <bigram weight="1" > # mv </bigram>
    <bigram weight="1" > play house </bigram>
    <bigram weight="1" > solitude he </bigram>
    <bigram weight="1" > clark editor </bigram>
    <bigram weight="1" > tumes of </bigram>
    <bigram weight="1" > plain folks </bigram>
    <bigram weight="1" > to serve </bigram>
    <bigram weight="1" > adventure and </bigram>
    <bigram weight="1" > where thoreau </bigram>
    <bigram weight="1" > object drew </bigram>
    <bigram weight="1" > my playmate </bigram>
    <bigram weight="1" > # couldn </bigram>
    <bigram weight="1" > a play </bigram>
    <bigram weight="1" > life here </bigram>
    <bigram weight="1" > onto lis </bigram>
    <bigram weight="1" > probably the </bigram>
    <bigram weight="1" > corner and </bigram>
    <bigram weight="1" > the neighborhood </bigram>
    <bigram weight="1" > has lived </bigram>
    <bigram weight="1" > ### or </bigram>
    <bigram weight="1" > ### saw </bigram>
    <bigram weight="1" > airy and </bigram>
    <bigram weight="1" > would have </bigram>
    <bigram weight="1" > ### inen </bigram>
    <bigram weight="1" > coax him </bigram>
    <bigram weight="1" > open window </bigram>
    <bigram weight="1" > special way </bigram>
    <bigram weight="1" > rumpled apparel </bigram>
    <bigram weight="1" > call upon </bigram>
    <bigram weight="1" > to attend </bigram>
    <bigram weight="1" > my ride </bigram>
    <bigram weight="1" > would nake </bigram>
    <bigram weight="1" > always called </bigram>
    <bigram weight="1" > horse is </bigram>
    <bigram weight="1" > horses with </bigram>
    <bigram weight="1" > well aimed </bigram>
    <bigram weight="1" > i o </bigram>
    <bigram weight="1" > way to </bigram>
    <bigram weight="1" > rufus clark </bigram>
    <bigram weight="1" > everyone else </bigram>
    <bigram weight="1" > edwin bacon </bigram>
    <bigram weight="1" > tied it </bigram>
    <bigram weight="1" > was somewhere </bigram>
    <bigram weight="1" > my long </bigram>
    <bigram weight="1" > confirmed facts </bigram>
    <bigram weight="1" > ot being </bigram>
    <bigram weight="1" > exercises and </bigram>
    <bigram weight="1" > this charming </bigram>
    <bigram weight="1" > neighbor hood </bigram>
    <bigram weight="1" > enjoyed meeting </bigram>
    <bigram weight="1" > arawn dy </bigram>
    <bigram weight="1" > himself a </bigram>
    <bigram weight="1" > advanced in </bigram>
    <bigram weight="1" > his cap </bigram>
    <bigram weight="1" > the solitude </bigram>
    <bigram weight="1" > s journals </bigram>
    <bigram weight="1" > dress and </bigram>
    <bigram weight="1" > be just </bigram>
    <bigram weight="1" > trapper and </bigram>
    <bigram weight="1" > rumbling and </bigram>
    <bigram weight="1" > # latèr </bigram>
    <bigram weight="1" > sudden jerk </bigram>
    <bigram weight="1" > attention above </bigram>
    <bigram weight="1" > safety ### </bigram>
    <bigram weight="1" > stupor always </bigram>
    <bigram weight="1" > followed such </bigram>
    <bigram weight="1" > leg to </bigram>
    <bigram weight="1" > realize the </bigram>
    <bigram weight="1" > my own </bigram>
    <bigram weight="1" > leslie anderson </bigram>
    <bigram weight="1" > rode into </bigram>
    <bigram weight="1" > would bring </bigram>
    <bigram weight="1" > wondering if </bigram>
    <bigram weight="1" > bring him </bigram>
    <bigram weight="1" > a safe </bigram>
    <bigram weight="1" > a hind </bigram>
    <bigram weight="1" > horseback ride </bigram>
    <bigram weight="1" > gum on </bigram>
    <bigram weight="1" > aiued rriend </bigram>
    <bigram weight="1" > nearby church </bigram>
    <bigram weight="1" > selected for </bigram>
    <bigram weight="1" > alfred ### </bigram>
    <bigram weight="1" > tell my </bigram>
    <bigram weight="1" > my lap </bigram>
    <bigram weight="1" > hut in </bigram>
    <bigram weight="1" > absence the </bigram>
    <bigram weight="1" > that if </bigram>
    <bigram weight="1" > as preparing </bigram>
    <bigram weight="1" > of less </bigram>
    <bigram weight="1" > pieces ot </bigram>
    <bigram weight="1" > my patient </bigram>
    <bigram weight="1" > the bottoms </bigram>
    <bigram weight="1" > to find </bigram>
    <bigram weight="1" > him inspiration </bigram>
    <bigram weight="1" > old well </bigram>
    <bigram weight="1" > on some </bigram>
    <bigram weight="1" > which the </bigram>
    <bigram weight="1" > much wanted </bigram>
    <bigram weight="1" > still ### </bigram>
    <bigram weight="1" > especially on </bigram>
    <bigram weight="1" > picnic ### </bigram>
    <bigram weight="1" > chaise ### </bigram>
    <bigram weight="1" > intended to </bigram>
    <bigram weight="1" > and docile </bigram>
    <bigram weight="1" > head on </bigram>
    <bigram weight="1" > found a </bigram>
    <bigram weight="1" > # suddenly </bigram>
    <bigram weight="1" > are nast </bigram>
    <bigram weight="1" > remember what </bigram>
    <bigram weight="1" > its several </bigram>
    <bigram weight="1" > he arched </bigram>
    <bigram weight="1" > afternoon ### </bigram>
    <bigram weight="1" > the minis </bigram>
    <bigram weight="1" > that location </bigram>
    <bigram weight="1" > become more </bigram>
    <bigram weight="1" > and aiued </bigram>
    <bigram weight="1" > family table </bigram>
    <bigram weight="1" > tnrougn an </bigram>
    <bigram weight="1" > it he </bigram>
    <bigram weight="1" > new venture </bigram>
    <bigram weight="1" > gave advice </bigram>
    <bigram weight="1" > never witnessed </bigram>
    <bigram weight="1" > surprising grace </bigram>
    <bigram weight="1" > cord to </bigram>
    <bigram weight="1" > on account </bigram>
    <bigram weight="1" > he suddenly </bigram>
    <bigram weight="1" > house on </bigram>
    <bigram weight="1" > s name </bigram>
    <bigram weight="1" > grace a </bigram>
    <bigram weight="1" > rather eccentric </bigram>
    <bigram weight="1" > a plump </bigram>
    <bigram weight="1" > seven years </bigram>
    <bigram weight="1" > the phrase </bigram>
    <bigram weight="1" > m i </bigram>
    <bigram weight="1" > john brooks </bigram>
    <bigram weight="1" > the toll </bigram>
    <bigram weight="1" > charm ### </bigram>
    <bigram weight="1" > harnessed ### </bigram>
    <bigram weight="1" > bacon ### </bigram>
    <bigram weight="1" > family goes </bigram>
    <bigram weight="1" > and tore </bigram>
    <bigram weight="1" > thing for </bigram>
    <bigram weight="1" > located my </bigram>
    <bigram weight="1" > ### lse </bigram>
    <bigram weight="1" > on those </bigram>
    <bigram weight="1" > eleanor hallowell </bigram>
    <bigram weight="1" > telling about </bigram>
    <bigram weight="1" > was probably </bigram>
    <bigram weight="1" > ### walks </bigram>
    <bigram weight="1" > aitrea hosmer </bigram>
    <bigram weight="1" > thus early </bigram>
    <bigram weight="1" > so recently </bigram>
    <bigram weight="1" > sister harriet </bigram>
    <bigram weight="1" > first thoreau </bigram>
    <bigram weight="1" > his box </bigram>
    <bigram weight="1" > james acquired </bigram>
    <bigram weight="1" > s recollection </bigram>
    <bigram weight="1" > was a </bigram>
    <bigram weight="1" > shook his </bigram>
    <bigram weight="1" > carlisle ### </bigram>
    <bigram weight="1" > colors and </bigram>
    <bigram weight="1" > a long </bigram>
    <bigram weight="1" > the long </bigram>
    <bigram weight="1" > ot actual </bigram>
    <bigram weight="1" > history ### </bigram>
    <bigram weight="1" > little did </bigram>
    <bigram weight="1" > the various </bigram>
    <bigram weight="1" > saw wnat </bigram>
    <bigram weight="1" > well as </bigram>
    <bigram weight="1" > hill ariu </bigram>
    <bigram weight="1" > under a </bigram>
    <bigram weight="1" > become of </bigram>
    <bigram weight="1" > josiah bartlett </bigram>
    <bigram weight="1" > strawberry roan </bigram>
    <bigram weight="1" > he had </bigram>
    <bigram weight="1" > to lay </bigram>
    <bigram weight="1" > t he </bigram>
    <bigram weight="1" > deep seat </bigram>
    <bigram weight="1" > melvin ### </bigram>
    <bigram weight="1" > and noes </bigram>
    <bigram weight="1" > for an </bigram>
    <bigram weight="1" > nf prnvidpnre </bigram>
    <bigram weight="1" > so admiringly </bigram>
    <bigram weight="1" > what ### </bigram>
    <bigram weight="1" > him a </bigram>
    <bigram weight="1" > on horseback </bigram>
    <bigram weight="1" > this recollection </bigram>
    <bigram weight="1" > but the </bigram>
    <bigram weight="1" > ### much </bigram>
    <bigram weight="1" > i don </bigram>
    <bigram weight="1" > phrase ### </bigram>
    <bigram weight="1" > with pointed </bigram>
    <bigram weight="1" > one ### </bigram>
    <bigram weight="1" > else was </bigram>
    <bigram weight="1" > evidence that </bigram>
    <bigram weight="1" > grounds ### </bigram>
    <bigram weight="1" > george melvin </bigram>
    <bigram weight="1" > shined my </bigram>
    <bigram weight="1" > memorial to </bigram>
    <bigram weight="1" > she recounts </bigram>
    <bigram weight="1" > used the </bigram>
    <bigram weight="1" > stood on </bigram>
    <bigram weight="1" > i while </bigram>
    <bigram weight="1" > fine door </bigram>
    <bigram weight="1" > the day </bigram>
    <bigram weight="1" > a pair </bigram>
    <bigram weight="1" > kick which </bigram>
    <bigram weight="1" > thoreau writes </bigram>
    <bigram weight="1" > tact ### </bigram>
    <bigram weight="1" > harriet taught </bigram>
    <bigram weight="1" > mv uncle </bigram>
    <bigram weight="1" > explain what </bigram>
    <bigram weight="1" > began to </bigram>
    <bigram weight="1" > rides we </bigram>
    <bigram weight="1" > over a </bigram>
    <bigram weight="1" > slid dff </bigram>
    <bigram weight="1" > high kick </bigram>
    <bigram weight="1" > and sunday </bigram>
    <bigram weight="1" > chariot ### </bigram>
    <bigram weight="1" > lonely as </bigram>
    <bigram weight="1" > tne uia </bigram>
    <bigram weight="1" > he believed </bigram>
    <bigram weight="1" > was written </bigram>
    <bigram weight="1" > ### you </bigram>
    <bigram weight="1" > and tied </bigram>
    <bigram weight="1" > rides in </bigram>
    <bigram weight="1" > seldom harnessed </bigram>
    <bigram weight="1" > for limself </bigram>
    <bigram weight="1" > the premises </bigram>
    <bigram weight="1" > years while </bigram>
    <bigram weight="1" > the hut </bigram>
    <bigram weight="1" > leap ### </bigram>
    <bigram weight="1" > reminded of </bigram>
    <bigram weight="1" > witnessed the </bigram>
    <bigram weight="1" > circus ina </bigram>
    <bigram weight="1" > and better </bigram>
    <bigram weight="1" > ana beorge </bigram>
    <bigram weight="1" > aimed leap </bigram>
    <bigram weight="1" > ### just </bigram>
    <bigram weight="1" > including the </bigram>
    <bigram weight="1" > block and </bigram>
    <bigram weight="1" > to avoid </bigram>
    <bigram weight="1" > this darby </bigram>
    <bigram weight="1" > and hunter </bigram>
    <bigram weight="1" > might expect </bigram>
    <bigram weight="1" > selected the </bigram>
    <bigram weight="1" > nut ### </bigram>
    <bigram weight="1" > chaise including </bigram>
    <bigram weight="1" > were well </bigram>
    <bigram weight="1" > to enlarge </bigram>
    <bigram weight="1" > cap as </bigram>
    <bigram weight="1" > theroad and </bigram>
    <bigram weight="1" > what he </bigram>
    <bigram weight="1" > ### five </bigram>
    <bigram weight="1" > ### by </bigram>
    <bigram weight="1" > as her </bigram>
    <bigram weight="1" > was up </bigram>
    <bigram weight="1" > into it </bigram>
    <bigram weight="1" > drawn with </bigram>
    <bigram weight="1" > name is </bigram>
    <bigram weight="1" > met darby </bigram>
    <bigram weight="1" > offered a </bigram>
    <bigram weight="1" > # still </bigram>
    <bigram weight="1" > the proper </bigram>
    <bigram weight="1" > ### atxer </bigram>
    <bigram weight="1" > and explain </bigram>
    <bigram weight="1" > highly respected </bigram>
    <bigram weight="1" > literary license </bigram>
    <bigram weight="1" > the afternoon </bigram>
    <bigram weight="1" > being in </bigram>
    <bigram weight="1" > after i </bigram>
    <bigram weight="1" > through purchase </bigram>
    <bigram weight="1" > association ### </bigram>
    <bigram weight="1" > woods and </bigram>
    <bigram weight="1" > a sign </bigram>
    <bigram weight="1" > by going </bigram>
    <bigram weight="1" > verse ot </bigram>
    <bigram weight="1" > other performance </bigram>
    <bigram weight="1" > is on </bigram>
    <bigram weight="1" > back ### </bigram>
    <bigram weight="1" > the reputation </bigram>
    <bigram weight="1" > a rule </bigram>
    <bigram weight="1" > hp wavç </bigram>
    <bigram weight="1" > ago when </bigram>
    <bigram weight="1" > a most </bigram>
    <bigram weight="1" > and jozing </bigram>
    <bigram weight="1" > world and </bigram>
    <bigram weight="1" > james selected </bigram>
    <bigram weight="1" > tarm in </bigram>
    <bigram weight="1" > as he </bigram>
    <bigram weight="1" > ### our </bigram>
    <bigram weight="1" > hoped to </bigram>
    <bigram weight="1" > even looked </bigram>
    <bigram weight="1" > kitchen apron </bigram>
    <bigram weight="1" > intemperance and </bigram>
    <bigram weight="1" > sound and </bigram>
    <bigram weight="1" > nature and </bigram>
    <bigram weight="1" > clark farm </bigram>
    <bigram weight="1" > the neighbors </bigram>
    <bigram weight="1" > the leek </bigram>
    <bigram weight="1" > # there </bigram>
    <bigram weight="1" > everyone ### </bigram>
    <bigram weight="1" > memory of </bigram>
    <bigram weight="1" > and useful </bigram>
    <bigram weight="1" > i intended </bigram>
    <bigram weight="1" > acquired the </bigram>
    <bigram weight="1" > for exam </bigram>
    <bigram weight="1" > my joy </bigram>
    <bigram weight="1" > to call </bigram>
    <bigram weight="1" > use it </bigram>
    <bigram weight="1" > tents were </bigram>
    <bigram weight="1" > while on </bigram>
    <bigram weight="1" > to james </bigram>
    <bigram weight="1" > to grace </bigram>
    <bigram weight="1" > hunter had </bigram>
    <bigram weight="1" > oh ### </bigram>
    <bigram weight="1" > a high </bigram>
    <bigram weight="1" > and besides </bigram>
    <bigram weight="1" > lane ### </bigram>
    <bigram weight="1" > door of </bigram>
    <bigram weight="1" > recognized ### </bigram>
    <bigram weight="1" > believed himself </bigram>
    <bigram weight="1" > moved from </bigram>
    <bigram weight="1" > one that </bigram>
    <bigram weight="1" > family moved </bigram>
    <bigram weight="1" > by ina </bigram>
    <bigram weight="1" > respected ### </bigram>
    <bigram weight="1" > ### un </bigram>
    <bigram weight="1" > need a </bigram>
    <bigram weight="1" > nephew george </bigram>
    <bigram weight="1" > selected ### </bigram>
    <bigram weight="1" > was named </bigram>
    <bigram weight="1" > amusement ### </bigram>
    <bigram weight="1" > is doubtless </bigram>
    <bigram weight="1" > announced that </bigram>
    <bigram weight="1" > pet rooster </bigram>
    <bigram weight="1" > him as </bigram>
    <bigram weight="1" > creation ### </bigram>
    <bigram weight="1" > living in </bigram>
    <bigram weight="1" > which had </bigram>
    <bigram weight="1" > on one </bigram>
    <bigram weight="1" > poor lealth </bigram>
    <bigram weight="1" > we inspected </bigram>
    <bigram weight="1" > and rides </bigram>
    <bigram weight="1" > s preface </bigram>
    <bigram weight="1" > dwells in </bigram>
    <bigram weight="1" > melvin thus </bigram>
    <bigram weight="1" > was big </bigram>
    <bigram weight="1" > # on </bigram>
    <bigram weight="1" > low he </bigram>
    <bigram weight="1" > neck and </bigram>
    <bigram weight="1" > good sized </bigram>
    <bigram weight="1" > sxtreme dignity </bigram>
    <bigram weight="1" > dinner ### </bigram>
    <bigram weight="1" > most kindly </bigram>
    <bigram weight="1" > hut was </bigram>
    <bigram weight="1" > it as </bigram>
    <bigram weight="1" > knew when </bigram>
    <bigram weight="1" > ## cord </bigram>
    <bigram weight="1" > i rode </bigram>
    <bigram weight="1" > find amusement </bigram>
    <bigram weight="1" > saio ### </bigram>
    <bigram weight="1" > was reminded </bigram>
    <bigram weight="1" > a small </bigram>
    <bigram weight="1" > but that </bigram>
    <bigram weight="1" > shed and </bigram>
    <bigram weight="1" > drive with </bigram>
    <bigram weight="1" > findina nut </bigram>
    <bigram weight="1" > and especially </bigram>
    <bigram weight="1" > concord history </bigram>
    <bigram weight="1" > saw and </bigram>
    <bigram weight="1" > shiny shoes </bigram>
    <bigram weight="1" > a neighbor </bigram>
    <bigram weight="1" > with their </bigram>
    <bigram weight="1" > apparel showed </bigram>
    <bigram weight="1" > parts from </bigram>
    <bigram weight="1" > i enjoyed </bigram>
    <bigram weight="1" > hosmer asked </bigram>
    <bigram weight="1" > tact naa </bigram>
    <bigram weight="1" > hope that </bigram>
    <bigram weight="1" > enlarge dr </bigram>
    <bigram weight="1" > as i </bigram>
    <bigram weight="1" > linn ridinn </bigram>
    <bigram weight="1" > the small </bigram>
    <bigram weight="1" > held my </bigram>
    <bigram weight="1" > i have </bigram>
    <bigram weight="1" > lived on </bigram>
    <bigram weight="1" > i planned </bigram>
    <bigram weight="1" > house of </bigram>
    <bigram weight="1" > when everyone </bigram>
    <bigram weight="1" > patient and </bigram>
    <bigram weight="1" > asked for </bigram>
    <bigram weight="1" > herselt was </bigram>
    <bigram weight="1" > ride ### </bigram>
    <bigram weight="1" > great rumbling </bigram>
    <bigram weight="1" > reason to </bigram>
    <bigram weight="1" > that visited </bigram>
    <bigram weight="1" > this paper </bigram>
    <bigram weight="1" > edward ### </bigram>
    <bigram weight="1" > toll owing </bigram>
    <bigram weight="1" > rule to </bigram>
    <bigram weight="1" > whole body </bigram>
    <bigram weight="1" > and brother </bigram>
    <bigram weight="1" > nature ### </bigram>
    <bigram weight="1" > while my </bigram>
    <bigram weight="1" > that my </bigram>
    <bigram weight="1" > ### while </bigram>
    <bigram weight="1" > pointed ears </bigram>
    <bigram weight="1" > it because </bigram>
    <bigram weight="1" > box stall </bigram>
    <bigram weight="1" > ### uardy </bigram>
    <bigram weight="1" > liked neighbor </bigram>
    <bigram weight="1" > gave a </bigram>
    <bigram weight="1" > and my </bigram>
    <bigram weight="1" > a wide </bigram>
    <bigram weight="1" > farm on </bigram>
    <bigram weight="1" > many ways </bigram>
    <bigram weight="1" > much rumpled </bigram>
    <bigram weight="1" > have room </bigram>
    <bigram weight="1" > conflation ot </bigram>
    <bigram weight="1" > away ### </bigram>
    <bigram weight="1" > part conflation </bigram>
    <bigram weight="1" > had so </bigram>
    <bigram weight="1" > account of </bigram>
    <bigram weight="1" > riders ### </bigram>
    <bigram weight="1" > give ### </bigram>
    <bigram weight="1" > ### hunt </bigram>
    <bigram weight="1" > i realize </bigram>
    <bigram weight="1" > my new </bigram>
    <bigram weight="1" > closed ### </bigram>
    <bigram weight="1" > day with </bigram>
    <bigram weight="1" > reputation he </bigram>
    <bigram weight="1" > ### thomas </bigram>
    <bigram weight="1" > errors ### </bigram>
    <bigram weight="1" > needed parts </bigram>
    <bigram weight="1" > kindly and </bigram>
    <bigram weight="1" > safely ### </bigram>
    <bigram weight="1" > to my </bigram>
    <bigram weight="1" > by miss </bigram>
    <bigram weight="1" > we can </bigram>
    <bigram weight="1" > sister and </bigram>
    <bigram weight="1" > drew nearer </bigram>
    <bigram weight="1" > in town </bigram>
    <bigram weight="1" > but low </bigram>
    <bigram weight="1" > ### leslie </bigram>
    <bigram weight="1" > # then </bigram>
    <bigram weight="1" > ### is </bigram>
    <bigram weight="1" > as my </bigram>
    <bigram weight="1" > early setting </bigram>
    <bigram weight="1" > some of </bigram>
    <bigram weight="1" > called by </bigram>
    <bigram weight="1" > build another </bigram>
    <bigram weight="1" > into an </bigram>
    <bigram weight="1" > inspected the </bigram>
    <bigram weight="1" > his lesson </bigram>
    <bigram weight="1" > # to </bigram>
    <bigram weight="1" > sat a </bigram>
    <bigram weight="1" > circus still </bigram>
    <bigram weight="1" > milking stool </bigram>
    <bigram weight="1" > the early </bigram>
    <bigram weight="1" > eccentric woman </bigram>
    <bigram weight="1" > down theroad </bigram>
    <bigram weight="1" > of tongs </bigram>
    <bigram weight="1" > s was </bigram>
    <bigram weight="1" > informed my </bigram>
    <bigram weight="1" > in fine </bigram>
    <bigram weight="1" > my swing </bigram>
    <bigram weight="1" > horse ### </bigram>
    <bigram weight="1" > recently been </bigram>
    <bigram weight="1" > because he </bigram>
    <bigram weight="1" > # vet </bigram>
    <bigram weight="1" > as she </bigram>
    <bigram weight="1" > an old </bigram>
    <bigram weight="1" > ano saio </bigram>
    <bigram weight="1" > morning ot </bigram>
    <bigram weight="1" > the plain </bigram>
    <bigram weight="1" > the estabrook </bigram>
    <bigram weight="1" > and interest </bigram>
    <bigram weight="1" > clock in </bigram>
    <bigram weight="1" > that special </bigram>
    <bigram weight="1" > which i </bigram>
    <bigram weight="1" > i stood </bigram>
    <bigram weight="1" > paper may </bigram>
    <bigram weight="1" > ### psalm </bigram>
    <bigram weight="1" > short ### </bigram>
    <bigram weight="1" > while i </bigram>
    <bigram weight="1" > thoreau no </bigram>
    <bigram weight="1" > useful ### </bigram>
    <bigram weight="1" > mm ### </bigram>
    <bigram weight="1" > advice as </bigram>
    <bigram weight="1" > when he </bigram>
    <bigram weight="1" > i did </bigram>
    <bigram weight="1" > been one </bigram>
    <bigram weight="1" > a story </bigram>
    <bigram weight="1" > back and </bigram>
    <bigram weight="1" > i kept </bigram>
    <bigram weight="1" > con ## </bigram>
    <bigram weight="1" > looked into </bigram>
    <bigram weight="1" > events ### </bigram>
    <bigram weight="1" > nade no </bigram>
    <bigram weight="1" > town and </bigram>
    <bigram weight="1" > arks maintained </bigram>
    <bigram weight="1" > forget ny </bigram>
    <bigram weight="1" > their ### </bigram>
    <bigram weight="1" > and looked </bigram>
    <bigram weight="1" > attended was </bigram>
    <bigram weight="1" > in years </bigram>
    <bigram weight="1" > drove about </bigram>
    <bigram weight="1" > still hanging </bigram>
    <bigram weight="1" > before i </bigram>
    <bigram weight="1" > turn round </bigram>
    <bigram weight="1" > ### miss </bigram>
    <bigram weight="1" > thoreau who </bigram>
    <bigram weight="1" > to drive </bigram>
    <bigram weight="1" > lowell road </bigram>
    <bigram weight="1" > in con </bigram>
    <bigram weight="1" > meeting him </bigram>
    <bigram weight="1" > swing exercises </bigram>
    <bigram weight="1" > of his </bigram>
    <bigram weight="1" > uia tattle </bigram>
    <bigram weight="1" > s walden </bigram>
    <bigram weight="1" > he touched </bigram>
    <bigram weight="1" > easily ### </bigram>
    <bigram weight="1" > ### alfred </bigram>
    <bigram weight="1" > ## when </bigram>
    <bigram weight="1" > way nade </bigram>
    <bigram weight="1" > funeral ### </bigram>
    <bigram weight="1" > cultivation which </bigram>
    <bigram weight="1" > hut for </bigram>
    <bigram weight="1" > was to </bigram>
    <bigram weight="1" > me the </bigram>
    <bigram weight="1" > have somewhat </bigram>
    <bigram weight="1" > it here </bigram>
    <bigram weight="1" > distance for </bigram>
    <bigram weight="1" > it tnrougn </bigram>
    <bigram weight="1" > roan farm </bigram>
    <bigram weight="1" > it ### </bigram>
    <bigram weight="1" > the site </bigram>
    <bigram weight="1" > not live </bigram>
    <bigram weight="1" > my dress </bigram>
    <bigram weight="1" > long summer </bigram>
    <bigram weight="1" > hnrçpç ### </bigram>
    <bigram weight="1" > charming recollection </bigram>
    <bigram weight="1" > besides ### </bigram>
    <bigram weight="1" > to help </bigram>
    <bigram weight="1" > he trained </bigram>
    <bigram weight="1" > did i </bigram>
    <bigram weight="1" > stall and </bigram>
    <bigram weight="1" > him i </bigram>
    <bigram weight="1" > such a </bigram>
    <bigram weight="1" > boston ### </bigram>
    <bigram weight="1" > animal cage </bigram>
    <bigram weight="1" > tn siiddiv </bigram>
    <bigram weight="1" > and walk </bigram>
    <bigram weight="1" > a milking </bigram>
    <bigram weight="1" > difference to </bigram>
    <bigram weight="1" > cos tumes </bigram>
    <bigram weight="1" > by mrs </bigram>
    <bigram weight="1" > age of </bigram>
    <bigram weight="1" > were in </bigram>
    <bigram weight="1" > i sat </bigram>
    <bigram weight="1" > avoid a </bigram>
    <bigram weight="1" > ### live </bigram>
    <bigram weight="1" > oxen ### </bigram>
    <bigram weight="1" > we met </bigram>
    <bigram weight="1" > uncle sold </bigram>
    <bigram weight="1" > p ### </bigram>
    <bigram weight="1" > always followed </bigram>
    <bigram weight="1" > period charm </bigram>
    <bigram weight="1" > he did </bigram>
    <bigram weight="1" > never knew </bigram>
    <bigram weight="1" > its association </bigram>
    <bigram weight="1" > an ### </bigram>
    <bigram weight="1" > uncle ### </bigram>
    <bigram weight="1" > her artistic </bigram>
    <bigram weight="1" > a house </bigram>
    <bigram weight="1" > a circus </bigram>
    <bigram weight="1" > wnat lookea </bigram>
    <bigram weight="1" > or sixty </bigram>
    <bigram weight="1" > the concord </bigram>
    <bigram weight="1" > facts and </bigram>
    <bigram weight="1" > couldn ### </bigram>
    <bigram weight="1" > somewhere in </bigram>
    <bigram weight="1" > well up </bigram>
    <bigram weight="1" > landed safely </bigram>
    <bigram weight="1" > title of </bigram>
    <bigram weight="1" > it had </bigram>
    <bigram weight="1" > made it </bigram>
    <bigram weight="1" > and mrs </bigram>
    <bigram weight="1" > qood and </bigram>
    <bigram weight="1" > editor ### </bigram>
    <bigram weight="1" > # stupor </bigram>
    <bigram weight="1" > with her </bigram>
    <bigram weight="1" > looked down </bigram>
    <bigram weight="1" > a chopping </bigram>
    <bigram weight="1" > who lived </bigram>
    <bigram weight="1" > and become </bigram>
    <bigram weight="1" > guess they </bigram>
    <bigram weight="1" > portion of </bigram>
    <bigram weight="1" > a squeaky </bigram>
    <bigram weight="1" > crowded circus </bigram>
    <bigram weight="1" > ferguson ### </bigram>
    <bigram weight="1" > hands ### </bigram>
    <bigram weight="1" > our attention </bigram>
    <bigram weight="1" > leek of </bigram>
    <bigram weight="1" > ### during </bigram>
    <bigram weight="1" > born # </bigram>
    <bigram weight="1" > and surprising </bigram>
    <bigram weight="1" > rhoreau ### </bigram>
    <bigram weight="1" > their anxiety </bigram>
    <bigram weight="1" > legs outstretched </bigram>
    <bigram weight="1" > events mentioned </bigram>
    <bigram weight="1" > imagined that </bigram>
    <bigram weight="1" > iike a </bigram>
    <bigram weight="1" > he dwells </bigram>
    <bigram weight="1" > by eleanor </bigram>
    <bigram weight="1" > uncle retain </bigram>
    <bigram weight="1" > s father </bigram>
    <bigram weight="1" > tackle tim </bigram>
    <bigram weight="1" > the sundav </bigram>
    <bigram weight="1" > door ### </bigram>
    <bigram weight="1" > mother that </bigram>
    <bigram weight="1" > been drowned </bigram>
    <bigram weight="1" > were looked </bigram>
    <bigram weight="1" > ferguson i </bigram>
    <bigram weight="1" > ter did </bigram>
    <bigram weight="1" > winter morning </bigram>
    <bigram weight="1" > some saturday </bigram>
    <bigram weight="1" > back many </bigram>
    <bigram weight="1" > the workmen </bigram>
    <bigram weight="1" > like him </bigram>
    <bigram weight="1" > was in </bigram>
    <bigram weight="1" > to harness </bigram>
    <bigram weight="1" > childhood recollection </bigram>
    <bigram weight="1" > ### trials </bigram>
    <bigram weight="1" > some new </bigram>
    <bigram weight="1" > ridinn on </bigram>
    <bigram weight="1" > harnessed we </bigram>
    <bigram weight="1" > between hildreth </bigram>
    <bigram weight="1" > possible ### </bigram>
    <bigram weight="1" > and hollow </bigram>
    <bigram weight="1" > vain thing </bigram>
    <bigram weight="1" > an adventure </bigram>
    <bigram weight="1" > and aitrea </bigram>
    <bigram weight="1" > brooks uark </bigram>
    <bigram weight="1" > she herselt </bigram>
    <bigram weight="1" > ### thus </bigram>
    <bigram weight="1" > proper cultivation </bigram>
    <bigram weight="1" > hundrprl hnrçpç </bigram>
    <bigram weight="1" > event ### </bigram>
    <bigram weight="1" > sold the </bigram>
    <bigram weight="1" > more ornamental </bigram>
    <bigram weight="1" > this world </bigram>
    <bigram weight="1" > look into </bigram>
    <bigram weight="1" > e mm </bigram>
    <bigram weight="1" > touched his </bigram>
    <bigram weight="1" > ### informs </bigram>
    <bigram weight="1" > could easily </bigram>
    <bigram weight="1" > site james </bigram>
    <bigram weight="1" > during his </bigram>
    <bigram weight="1" > one morning </bigram>
    <bigram weight="1" > was much </bigram>
    <bigram weight="1" > these wavs </bigram>
    <bigram weight="1" > which caught </bigram>
    <bigram weight="1" > one wheel </bigram>
    <bigram weight="1" > boston boston </bigram>
    <bigram weight="1" > hosmer ### </bigram>
    <bigram weight="1" > i lead </bigram>
    <bigram weight="1" > the country </bigram>
    <bigram weight="1" > met and </bigram>
    <bigram weight="1" > vin s </bigram>
    <bigram weight="1" > the object </bigram>
    <bigram weight="1" > a nearby </bigram>
    <bigram weight="1" > horseback one </bigram>
    <bigram weight="1" > and beautiful </bigram>
    <bigram weight="1" > always so </bigram>
    <bigram weight="1" > was seldom </bigram>
    <bigram weight="1" > still fresh </bigram>
    <bigram weight="1" > for me </bigram>
    <bigram weight="1" > # fnrtv </bigram>
    <bigram weight="1" > where i </bigram>
    <bigram weight="1" > barefoot farmer </bigram>
    <bigram weight="1" > day we </bigram>
    <bigram weight="1" > preparing to </bigram>
    <bigram weight="1" > my waist </bigram>
    <bigram weight="1" > him to </bigram>
    <bigram weight="1" > swing ### </bigram>
    <bigram weight="1" > ### deep </bigram>
    <bigram weight="1" > ### under </bigram>
    <bigram weight="1" > ### j </bigram>
    <bigram weight="1" > a large </bigram>
    <bigram weight="1" > thomas sanborn </bigram>
    <bigram weight="1" > his sxtreme </bigram>
    <bigram weight="1" > ribbons and </bigram>
    <bigram weight="1" > hood picnic </bigram>
    <bigram weight="1" > be easily </bigram>
    <bigram weight="1" > probably never </bigram>
    <bigram weight="1" > retain ### </bigram>
    <bigram weight="1" > of lowell </bigram>
    <bigram weight="1" > frame for </bigram>
    <bigram weight="1" > attend a </bigram>
    <bigram weight="1" > suddenly he </bigram>
    <bigram weight="1" > acquired through </bigram>
    <bigram weight="1" > tragic event </bigram>
    <bigram weight="1" > who wanted </bigram>
    <bigram weight="1" > dff ### </bigram>
    <bigram weight="1" > ## animal </bigram>
    <bigram weight="1" > which was </bigram>
    <bigram weight="1" > achieve ### </bigram>
    <bigram weight="1" > little in </bigram>
    <bigram weight="1" > and her </bigram>
    <bigram weight="1" > safe distance </bigram>
    <bigram weight="1" > various crops </bigram>
    <bigram weight="1" > moved away </bigram>
    <bigram weight="1" > joy and </bigram>
    <bigram weight="1" > recollection for </bigram>
    <bigram weight="1" > # raymond </bigram>
    <bigram weight="1" > our qood </bigram>
    <bigram weight="1" > farmer thoreau </bigram>
    <bigram weight="1" > his fore </bigram>
    <bigram weight="1" > to use </bigram>
    <bigram weight="1" > wdb ### </bigram>
    <bigram weight="1" > had such </bigram>
    <bigram weight="1" > ### why </bigram>
    <bigram weight="1" > fashion much </bigram>
    <bigram weight="1" > small beams </bigram>
    <bigram weight="1" > tor me </bigram>
    <bigram weight="1" > above any </bigram>
    <bigram weight="1" > with a </bigram>
    <bigram weight="1" > a ### </bigram>
    <bigram weight="1" > neighborhood ### </bigram>
    <bigram weight="1" > brother were </bigram>
    <bigram weight="1" > and did </bigram>
    <bigram weight="1" > tired ot </bigram>
    <bigram weight="1" > uardy ### </bigram>
    <bigram weight="1" > my sister </bigram>
    <bigram weight="1" > doubtless ### </bigram>
    <bigram weight="1" > vogue ### </bigram>
    <bigram weight="1" > that nave </bigram>
    <bigram weight="1" > farm ### </bigram>
    <bigram weight="1" > i think </bigram>
    <bigram weight="1" > it a </bigram>
    <bigram weight="1" > the title </bigram>
    <bigram weight="1" > round my </bigram>
    <bigram weight="1" > to ride </bigram>
    <bigram weight="1" > best were </bigram>
    <bigram weight="1" > exam pie </bigram>
    <bigram weight="1" > he soon </bigram>
    <bigram weight="1" > to hope </bigram>
    <bigram weight="1" > doctor josiah </bigram>
    <bigram weight="1" > in vogue </bigram>
    <bigram weight="1" > any other </bigram>
    <bigram weight="1" > round boston </bigram>
    <bigram weight="1" > an open </bigram>
    <bigram weight="1" > depend upon </bigram>
    <bigram weight="1" > make a </bigram>
    <bigram weight="1" > somewhat resembled </bigram>
    <bigram weight="1" > turned his </bigram>
    <bigram weight="1" > pair of </bigram>
    <bigram weight="1" > resembled a </bigram>
    <bigram weight="1" > me at </bigram>
    <bigram weight="1" > now ### </bigram>
    <bigram weight="1" > miss gladys </bigram>
    <bigram weight="1" > certain ### </bigram>
    <bigram weight="1" > noes not </bigram>
    <bigram weight="1" > my hair </bigram>
    <bigram weight="1" > # must </bigram>
    <bigram weight="1" > his journal </bigram>
    <bigram weight="1" > her recollections </bigram>
    <bigram weight="1" > appearance as </bigram>
    <bigram weight="1" > ever moved </bigram>
    <bigram weight="1" > or ### </bigram>
    <bigram weight="1" > in irrlpr </bigram>
    <bigram weight="1" > the driveway </bigram>
    <bigram weight="1" > one o </bigram>
    <bigram weight="1" > just huts </bigram>
    <bigram weight="1" > owing day </bigram>
    <bigram weight="1" > lived a </bigram>
    <bigram weight="1" > owner wanted </bigram>
    <bigram weight="1" > calf but </bigram>
    <bigram weight="1" > here among </bigram>
    <bigram weight="1" > swing up </bigram>
    <bigram weight="1" > the memory </bigram>
    <bigram weight="1" > and selected </bigram>
    <bigram weight="1" > stool in </bigram>
    <bigram weight="1" > ### would </bigram>
    <bigram weight="1" > he called </bigram>
    <bigram weight="1" > beloved in </bigram>
    <bigram weight="1" > visit a </bigram>
    <bigram weight="1" > as we </bigram>
    <bigram weight="1" > shake hands </bigram>
    <bigram weight="1" > have you </bigram>
    <bigram weight="1" > when on </bigram>
    <bigram weight="1" > had just </bigram>
    <bigram weight="1" > # shined </bigram>
    <bigram weight="1" > to shake </bigram>
    <bigram weight="1" > hildreth ### </bigram>
    <bigram weight="1" > a frame </bigram>
    <bigram weight="1" > no response </bigram>
    <bigram weight="1" > bnow grounds </bigram>
    <bigram weight="1" > talent and </bigram>
    <bigram weight="1" > be lonely </bigram>
    <bigram weight="1" > going down </bigram>
    <bigram weight="1" > chopping block </bigram>
    <bigram weight="1" > is a </bigram>
    <bigram weight="1" > beams just </bigram>
    <bigram weight="1" > recollection ### </bigram>
    <bigram weight="1" > that house </bigram>
    <bigram weight="1" > huts ### </bigram>
    <bigram weight="1" > ci arks </bigram>
    <bigram weight="1" > oeen movea </bigram>
    <bigram weight="1" > was ever </bigram>
    <bigram weight="1" > few ### </bigram>
    <bigram weight="1" > in thoreau </bigram>
    <bigram weight="1" > je ni </bigram>
    <bigram weight="1" > walks and </bigram>
    <bigram weight="1" > liked to </bigram>
    <bigram weight="1" > they may </bigram>
    <bigram weight="1" > there ### </bigram>
    <bigram weight="1" > a sudden </bigram>
    <bigram weight="1" > to go </bigram>
    <bigram weight="1" > driver ### </bigram>
    <bigram weight="1" > tarm on </bigram>
    <bigram weight="1" > vet ### </bigram>
    <bigram weight="1" > story # </bigram>
    <bigram weight="1" > woods in </bigram>
    <bigram weight="1" > with considerable </bigram>
    <bigram weight="1" > in cambridge </bigram>
    <bigram weight="1" > design for </bigram>
    <bigram weight="1" > fresh ### </bigram>
    <bigram weight="1" > my attention </bigram>
    <bigram weight="1" > as to </bigram>
    <bigram weight="1" > us acquired </bigram>
    <bigram weight="1" > rainy days </bigram>
    <bigram weight="1" > soon tired </bigram>
    <bigram weight="1" > is still </bigram>
    <bigram weight="1" > neighbor ### </bigram>
    <bigram weight="1" > his son </bigram>
    <bigram weight="1" > raymond emerson </bigram>
    <bigram weight="1" > have been </bigram>
    <bigram weight="1" > tne uarnei </bigram>
    <bigram weight="1" > another and </bigram>
    <bigram weight="1" > remember i </bigram>
    <bigram weight="1" > farm sup </bigram>
    <bigram weight="1" > dusty and </bigram>
    <bigram weight="1" > fore leg </bigram>
    <bigram weight="1" > the ten </bigram>
    <bigram weight="1" > help him </bigram>
    <bigram weight="1" > the passing </bigram>
    <bigram weight="1" > location was </bigram>
    <bigram weight="1" > surprise it </bigram>
    <bigram weight="1" > large ash </bigram>
    <bigram weight="1" > this george </bigram>
    <bigram weight="1" > i wanted </bigram>
    <bigram weight="1" > ### up </bigram>
    <bigram weight="1" > hut would </bigram>
    <bigram weight="1" > was located </bigram>
    <bigram weight="1" > the plains </bigram>
    <bigram weight="1" > with my </bigram>
    <bigram weight="1" > showed ### </bigram>
    <bigram weight="1" > up to </bigram>
    <bigram weight="1" > up ### </bigram>
    <bigram weight="1" > at home </bigram>
    <bigram weight="1" > nearer i </bigram>
    <bigram weight="1" > shoes ### </bigram>
    <bigram weight="1" > he was </bigram>
    <bigram weight="1" > acquired it </bigram>
    <bigram weight="1" > turned down </bigram>
    <bigram weight="1" > ### some </bigram>
    <bigram weight="1" > ariu arawn </bigram>
    <bigram weight="1" > those joy </bigram>
    <bigram weight="1" > steeple ### </bigram>
    <bigram weight="1" > sukey ### </bigram>
    <bigram weight="1" > there is </bigram>
    <bigram weight="1" > you been </bigram>
    <bigram weight="1" > cambridge when </bigram>
    <bigram weight="1" > s corner </bigram>
    <bigram weight="1" > much to </bigram>
    <bigram weight="1" > in many </bigram>
    <bigram weight="1" > new neighbors </bigram>
    <bigram weight="1" > sixty years </bigram>
    <bigram weight="1" > in nature </bigram>
    <bigram weight="1" > to thoreau </bigram>
    <bigram weight="1" > i made </bigram>
    <bigram weight="1" > door was </bigram>
    <bigram weight="1" > thought perhaps </bigram>
    <bigram weight="1" > where have </bigram>
    <bigram weight="1" > own early </bigram>
    <bigram weight="1" > the effect </bigram>
    <bigram weight="1" > a childhood </bigram>
    <bigram weight="1" > a little </bigram>
    <bigram weight="1" > ### an </bigram>
    <bigram weight="1" > i guess </bigram>
    <bigram weight="1" > take a </bigram>
    <bigram weight="1" > clark family </bigram>
    <bigram weight="1" > years before </bigram>
    <bigram weight="1" > than seven </bigram>
    <bigram weight="1" > kept wondering </bigram>
    <bigram weight="1" > drowned ### </bigram>
    <bigram weight="1" > but he </bigram>
    <bigram weight="1" > capt ### </bigram>
    <bigram weight="1" > as somewhat </bigram>
    <bigram weight="1" > story written </bigram>
    <bigram weight="1" > like to </bigram>
    <bigram weight="1" > removal of </bigram>
    <bigram weight="1" > rriend has </bigram>
    <bigram weight="1" > was closed </bigram>
    <bigram weight="1" > pet calf </bigram>
    <bigram weight="1" > a certain </bigram>
    <bigram weight="1" > back of </bigram>
    <bigram weight="1" > alone and </bigram>
    <bigram weight="1" > bowl which </bigram>
    <bigram weight="1" > emerson on </bigram>
    <bigram weight="1" > after that </bigram>
    <bigram weight="1" > and a </bigram>
    <bigram weight="1" > performance ### </bigram>
    <bigram weight="1" > grace ### </bigram>
    <bigram weight="1" > to represent </bigram>
    <bigram weight="1" > # they </bigram>
    <bigram weight="1" > of their </bigram>
    <bigram weight="1" > # little </bigram>
    <bigram weight="1" > many bright </bigram>
    <bigram weight="1" > hind leg </bigram>
</article>
