<?xml version="1.0" encoding="UTF-8"?>
<article id="10.2307/23394593" >
    <bigram weight="129" > ### # </bigram>
    <bigram weight="79" > ### ### </bigram>
    <bigram weight="53" > # ### </bigram>
    <bigram weight="30" > ## ### </bigram>
    <bigram weight="29" > ### ## </bigram>
    <bigram weight="29" > ### j </bigram>
    <bigram weight="26" > ### p </bigram>
    <bigram weight="26" > p ### </bigram>
    <bigram weight="20" > of the </bigram>
    <bigram weight="16" > ### he </bigram>
    <bigram weight="15" > ### and </bigram>
    <bigram weight="14" > ### the </bigram>
    <bigram weight="13" > ### i </bigram>
    <bigram weight="11" > in the </bigram>
    <bigram weight="9" > j iii </bigram>
    <bigram weight="9" > iii ### </bigram>
    <bigram weight="9" > ### but </bigram>
    <bigram weight="8" > to see </bigram>
    <bigram weight="8" > to the </bigram>
    <bigram weight="8" > # i </bigram>
    <bigram weight="7" > x ### </bigram>
    <bigram weight="7" > and the </bigram>
    <bigram weight="7" > ### s </bigram>
    <bigram weight="7" > j x </bigram>
    <bigram weight="6" > ### thoreau </bigram>
    <bigram weight="6" > to be </bigram>
    <bigram weight="6" > # ## </bigram>
    <bigram weight="6" > ### or </bigram>
    <bigram weight="6" > to look </bigram>
    <bigram weight="5" > in his </bigram>
    <bigram weight="5" > with the </bigram>
    <bigram weight="5" > him ### </bigram>
    <bigram weight="5" > not to </bigram>
    <bigram weight="5" > the eye </bigram>
    <bigram weight="5" > eye ### </bigram>
    <bigram weight="5" > ### for </bigram>
    <bigram weight="5" > # then </bigram>
    <bigram weight="5" > ### it </bigram>
    <bigram weight="5" > # he </bigram>
    <bigram weight="5" > it is </bigram>
    <bigram weight="5" > there is </bigram>
    <bigram weight="4" > writes ### </bigram>
    <bigram weight="4" > we are </bigram>
    <bigram weight="4" > ### not </bigram>
    <bigram weight="4" > part of </bigram>
    <bigram weight="4" > that ### </bigram>
    <bigram weight="4" > look at </bigram>
    <bigram weight="4" > ### we </bigram>
    <bigram weight="4" > as a </bigram>
    <bigram weight="4" > he writes </bigram>
    <bigram weight="4" > iv ### </bigram>
    <bigram weight="4" > as if </bigram>
    <bigram weight="4" > at the </bigram>
    <bigram weight="4" > ### as </bigram>
    <bigram weight="4" > of a </bigram>
    <bigram weight="4" > j iv </bigram>
    <bigram weight="4" > i ### </bigram>
    <bigram weight="4" > ### in </bigram>
    <bigram weight="3" > # but </bigram>
    <bigram weight="3" > # the </bigram>
    <bigram weight="3" > j i </bigram>
    <bigram weight="3" > by the </bigram>
    <bigram weight="3" > i see </bigram>
    <bigram weight="3" > into the </bigram>
    <bigram weight="3" > look ### </bigram>
    <bigram weight="3" > ### pp </bigram>
    <bigram weight="3" > of my </bigram>
    <bigram weight="3" > in a </bigram>
    <bigram weight="3" > all ### </bigram>
    <bigram weight="3" > ### you </bigram>
    <bigram weight="3" > the same </bigram>
    <bigram weight="3" > the reflection </bigram>
    <bigram weight="3" > us ### </bigram>
    <bigram weight="3" > the pond </bigram>
    <bigram weight="3" > pp ### </bigram>
    <bigram weight="3" > thoreau ### </bigram>
    <bigram weight="3" > the landscape </bigram>
    <bigram weight="3" > would be </bigram>
    <bigram weight="3" > i have </bigram>
    <bigram weight="3" > of ### </bigram>
    <bigram weight="3" > # it </bigram>
    <bigram weight="3" > of all </bigram>
    <bigram weight="3" > of his </bigram>
    <bigram weight="3" > to us </bigram>
    <bigram weight="3" > the most </bigram>
    <bigram weight="3" > ### that </bigram>
    <bigram weight="3" > how to </bigram>
    <bigram weight="3" > the river </bigram>
    <bigram weight="3" > see things </bigram>
    <bigram weight="3" > them ### </bigram>
    <bigram weight="3" > but he </bigram>
    <bigram weight="3" > ### when </bigram>
    <bigram weight="3" > side of </bigram>
    <bigram weight="2" > and that </bigram>
    <bigram weight="2" > of walden </bigram>
    <bigram weight="2" > he saw </bigram>
    <bigram weight="2" > goes on </bigram>
    <bigram weight="2" > prose ### </bigram>
    <bigram weight="2" > to say </bigram>
    <bigram weight="2" > and to </bigram>
    <bigram weight="2" > mind ### </bigram>
    <bigram weight="2" > so much </bigram>
    <bigram weight="2" > much virtue </bigram>
    <bigram weight="2" > the heavens </bigram>
    <bigram weight="2" > say that </bigram>
    <bigram weight="2" > walden ### </bigram>
    <bigram weight="2" > a great </bigram>
    <bigram weight="2" > stubble ### </bigram>
    <bigram weight="2" > exception ### </bigram>
    <bigram weight="2" > ### e </bigram>
    <bigram weight="2" > winter ### </bigram>
    <bigram weight="2" > his shoulder </bigram>
    <bigram weight="2" > for himself </bigram>
    <bigram weight="2" > and are </bigram>
    <bigram weight="2" > writing was </bigram>
    <bigram weight="2" > i find </bigram>
    <bigram weight="2" > true sauntering </bigram>
    <bigram weight="2" > see is </bigram>
    <bigram weight="2" > thoreau was </bigram>
    <bigram weight="2" > ### of </bigram>
    <bigram weight="2" > the ### </bigram>
    <bigram weight="2" > view ### </bigram>
    <bigram weight="2" > seeing # </bigram>
    <bigram weight="2" > # even </bigram>
    <bigram weight="2" > us all </bigram>
    <bigram weight="2" > a true </bigram>
    <bigram weight="2" > result of </bigram>
    <bigram weight="2" > of our </bigram>
    <bigram weight="2" > i must </bigram>
    <bigram weight="2" > when we </bigram>
    <bigram weight="2" > that his </bigram>
    <bigram weight="2" > his eyes </bigram>
    <bigram weight="2" > he goes </bigram>
    <bigram weight="2" > bright ### </bigram>
    <bigram weight="2" > come to </bigram>
    <bigram weight="2" > i am </bigram>
    <bigram weight="2" > bright tint </bigram>
    <bigram weight="2" > of science </bigram>
    <bigram weight="2" > directly ### </bigram>
    <bigram weight="2" > again he </bigram>
    <bigram weight="2" > poet ### </bigram>
    <bigram weight="2" > against the </bigram>
    <bigram weight="2" > of view </bigram>
    <bigram weight="2" > like a </bigram>
    <bigram weight="2" > fact ### </bigram>
    <bigram weight="2" > may be </bigram>
    <bigram weight="2" > he was </bigram>
    <bigram weight="2" > science ### </bigram>
    <bigram weight="2" > the rule </bigram>
    <bigram weight="2" > # thoreau </bigram>
    <bigram weight="2" > even a </bigram>
    <bigram weight="2" > that the </bigram>
    <bigram weight="2" > there are </bigram>
    <bigram weight="2" > and looking </bigram>
    <bigram weight="2" > season ### </bigram>
    <bigram weight="2" > he is </bigram>
    <bigram weight="2" > ### what </bigram>
    <bigram weight="2" > is as </bigram>
    <bigram weight="2" > is in </bigram>
    <bigram weight="2" > v ### </bigram>
    <bigram weight="2" > saw the </bigram>
    <bigram weight="2" > # in </bigram>
    <bigram weight="2" > rule and </bigram>
    <bigram weight="2" > might have </bigram>
    <bigram weight="2" > # what </bigram>
    <bigram weight="2" > ### etc </bigram>
    <bigram weight="2" > point of </bigram>
    <bigram weight="2" > it with </bigram>
    <bigram weight="2" > the head </bigram>
    <bigram weight="2" > he explains </bigram>
    <bigram weight="2" > at this </bigram>
    <bigram weight="2" > or tne </bigram>
    <bigram weight="2" > see the </bigram>
    <bigram weight="2" > vi ### </bigram>
    <bigram weight="2" > seems to </bigram>
    <bigram weight="2" > art of </bigram>
    <bigram weight="2" > to study </bigram>
    <bigram weight="2" > but a </bigram>
    <bigram weight="2" > j v </bigram>
    <bigram weight="2" > ### early </bigram>
    <bigram weight="2" > # so </bigram>
    <bigram weight="2" > etc ### </bigram>
    <bigram weight="2" > my senses </bigram>
    <bigram weight="2" > that is </bigram>
    <bigram weight="2" > # perhaps </bigram>
    <bigram weight="2" > are many </bigram>
    <bigram weight="2" > you look </bigram>
    <bigram weight="2" > of seeing </bigram>
    <bigram weight="2" > of light </bigram>
    <bigram weight="2" > dimension ### </bigram>
    <bigram weight="2" > heavens ### </bigram>
    <bigram weight="2" > it was </bigram>
    <bigram weight="2" > on to </bigram>
    <bigram weight="2" > ### by </bigram>
    <bigram weight="2" > need is </bigram>
    <bigram weight="2" > reflections ### </bigram>
    <bigram weight="2" > shadow the </bigram>
    <bigram weight="2" > at all </bigram>
    <bigram weight="2" > as bad </bigram>
    <bigram weight="2" > the art </bigram>
    <bigram weight="2" > just as </bigram>
    <bigram weight="2" > says ### </bigram>
    <bigram weight="2" > russets ### </bigram>
    <bigram weight="2" > river across </bigram>
    <bigram weight="2" > seeing ### </bigram>
    <bigram weight="2" > aspect of </bigram>
    <bigram weight="2" > find them </bigram>
    <bigram weight="2" > sauntering of </bigram>
    <bigram weight="2" > the poet </bigram>
    <bigram weight="2" > with their </bigram>
    <bigram weight="2" > and poetic </bigram>
    <bigram weight="2" > the ice </bigram>
    <bigram weight="2" > some advantage </bigram>
    <bigram weight="2" > light ### </bigram>
    <bigram weight="2" > virtue there </bigram>
    <bigram weight="2" > to him </bigram>
    <bigram weight="2" > his most </bigram>
    <bigram weight="2" > when he </bigram>
    <bigram weight="2" > e ### </bigram>
    <bigram weight="2" > the sun </bigram>
    <bigram weight="2" > # if </bigram>
    <bigram weight="2" > j vi </bigram>
    <bigram weight="2" > it to </bigram>
    <bigram weight="2" > the man </bigram>
    <bigram weight="2" > habit of </bigram>
    <bigram weight="2" > such a </bigram>
    <bigram weight="2" > are so </bigram>
    <bigram weight="2" > flowers ### </bigram>
    <bigram weight="2" > all the </bigram>
    <bigram weight="2" > for a </bigram>
    <bigram weight="2" > ### this </bigram>
    <bigram weight="2" > # one </bigram>
    <bigram weight="2" > the more </bigram>
    <bigram weight="2" > how much </bigram>
    <bigram weight="2" > you commonly </bigram>
    <bigram weight="2" > himself in </bigram>
    <bigram weight="2" > to observe </bigram>
    <bigram weight="2" > things as </bigram>
    <bigram weight="2" > is not </bigram>
    <bigram weight="2" > in ### </bigram>
    <bigram weight="2" > what i </bigram>
    <bigram weight="2" > himself to </bigram>
    <bigram weight="2" > the exception </bigram>
    <bigram weight="2" > his fellow </bigram>
    <bigram weight="2" > he says </bigram>
    <bigram weight="2" > talks about </bigram>
    <bigram weight="2" > this season </bigram>
    <bigram weight="2" > ### how </bigram>
    <bigram weight="2" > have a </bigram>
    <bigram weight="2" > simply seeing </bigram>
    <bigram weight="2" > observations ### </bigram>
    <bigram weight="2" > for the </bigram>
    <bigram weight="2" > man of </bigram>
    <bigram weight="2" > time ### </bigram>
    <bigram weight="2" > the possibilities </bigram>
    <bigram weight="2" > for ### </bigram>
    <bigram weight="2" > i need </bigram>
    <bigram weight="2" > if the </bigram>
    <bigram weight="2" > fellow man </bigram>
    <bigram weight="2" > in simply </bigram>
    <bigram weight="2" > from the </bigram>
    <bigram weight="2" > prepared to </bigram>
    <bigram weight="2" > the habit </bigram>
    <bigram weight="2" > as we </bigram>
    <bigram weight="2" > on the </bigram>
    <bigram weight="2" > a certain </bigram>
    <bigram weight="1" > got into </bigram>
    <bigram weight="1" > too subtle </bigram>
    <bigram weight="1" > he proceeds </bigram>
    <bigram weight="1" > be found </bigram>
    <bigram weight="1" > you have </bigram>
    <bigram weight="1" > as being </bigram>
    <bigram weight="1" > observation ### </bigram>
    <bigram weight="1" > the first </bigram>
    <bigram weight="1" > ## i </bigram>
    <bigram weight="1" > another visual </bigram>
    <bigram weight="1" > a small </bigram>
    <bigram weight="1" > eager ness </bigram>
    <bigram weight="1" > man ### </bigram>
    <bigram weight="1" > the world </bigram>
    <bigram weight="1" > is just </bigram>
    <bigram weight="1" > love of </bigram>
    <bigram weight="1" > year to </bigram>
    <bigram weight="1" > conscious was </bigram>
    <bigram weight="1" > against a </bigram>
    <bigram weight="1" > backs to </bigram>
    <bigram weight="1" > the voyager </bigram>
    <bigram weight="1" > the substance </bigram>
    <bigram weight="1" > passage he </bigram>
    <bigram weight="1" > poets mature </bigram>
    <bigram weight="1" > things ### </bigram>
    <bigram weight="1" > river ### </bigram>
    <bigram weight="1" > observe is </bigram>
    <bigram weight="1" > colors ### </bigram>
    <bigram weight="1" > if my </bigram>
    <bigram weight="1" > now shadow </bigram>
    <bigram weight="1" > i know </bigram>
    <bigram weight="1" > jre ### </bigram>
    <bigram weight="1" > i he </bigram>
    <bigram weight="1" > striking subaqueous </bigram>
    <bigram weight="1" > ### yearning </bigram>
    <bigram weight="1" > of course </bigram>
    <bigram weight="1" > the lit </bigram>
    <bigram weight="1" > very narrow </bigram>
    <bigram weight="1" > ### belt </bigram>
    <bigram weight="1" > actually the </bigram>
    <bigram weight="1" > lashes ### </bigram>
    <bigram weight="1" > see without </bigram>
    <bigram weight="1" > the refractions </bigram>
    <bigram weight="1" > more bright </bigram>
    <bigram weight="1" > perceptive acuity </bigram>
    <bigram weight="1" > be better </bigram>
    <bigram weight="1" > strain ### </bigram>
    <bigram weight="1" > but soon </bigram>
    <bigram weight="1" > and cones </bigram>
    <bigram weight="1" > lodged against </bigram>
    <bigram weight="1" > voluminous journal </bigram>
    <bigram weight="1" > hill on </bigram>
    <bigram weight="1" > sky ### </bigram>
    <bigram weight="1" > i saw </bigram>
    <bigram weight="1" > say ### </bigram>
    <bigram weight="1" > particularly aware </bigram>
    <bigram weight="1" > significant perhaps </bigram>
    <bigram weight="1" > to behave </bigram>
    <bigram weight="1" > man throuah </bigram>
    <bigram weight="1" > effort is </bigram>
    <bigram weight="1" > to this </bigram>
    <bigram weight="1" > sun of </bigram>
    <bigram weight="1" > for us </bigram>
    <bigram weight="1" > spring day </bigram>
    <bigram weight="1" > wanting to </bigram>
    <bigram weight="1" > be firmly </bigram>
    <bigram weight="1" > great art </bigram>
    <bigram weight="1" > so many </bigram>
    <bigram weight="1" > ook at </bigram>
    <bigram weight="1" > wood and </bigram>
    <bigram weight="1" > my facts </bigram>
    <bigram weight="1" > glance at </bigram>
    <bigram weight="1" > through his </bigram>
    <bigram weight="1" > to appreciate </bigram>
    <bigram weight="1" > low ### </bigram>
    <bigram weight="1" > you torn </bigram>
    <bigram weight="1" > seen at </bigram>
    <bigram weight="1" > j ii </bigram>
    <bigram weight="1" > where to </bigram>
    <bigram weight="1" > particularly susceptible </bigram>
    <bigram weight="1" > keep sound </bigram>
    <bigram weight="1" > after examining </bigram>
    <bigram weight="1" > are abstracted </bigram>
    <bigram weight="1" > the impressions </bigram>
    <bigram weight="1" > walker ### </bigram>
    <bigram weight="1" > many detailed </bigram>
    <bigram weight="1" > of eyes </bigram>
    <bigram weight="1" > interests that </bigram>
    <bigram weight="1" > half of </bigram>
    <bigram weight="1" > for his </bigram>
    <bigram weight="1" > later faded </bigram>
    <bigram weight="1" > by evoking </bigram>
    <bigram weight="1" > walden today </bigram>
    <bigram weight="1" > flowers and </bigram>
    <bigram weight="1" > his senses </bigram>
    <bigram weight="1" > examining the </bigram>
    <bigram weight="1" > dissipated by </bigram>
    <bigram weight="1" > forever be </bigram>
    <bigram weight="1" > figure ### </bigram>
    <bigram weight="1" > his ambivalent </bigram>
    <bigram weight="1" > ### to </bigram>
    <bigram weight="1" > mysterious contrasts </bigram>
    <bigram weight="1" > serve his </bigram>
    <bigram weight="1" > creep upon </bigram>
    <bigram weight="1" > a grain </bigram>
    <bigram weight="1" > a naturalist </bigram>
    <bigram weight="1" > stance impress </bigram>
    <bigram weight="1" > has striven </bigram>
    <bigram weight="1" > eye must </bigram>
    <bigram weight="1" > you and </bigram>
    <bigram weight="1" > last till </bigram>
    <bigram weight="1" > world infinitely </bigram>
    <bigram weight="1" > to such </bigram>
    <bigram weight="1" > rhythmic ### </bigram>
    <bigram weight="1" > he wrote </bigram>
    <bigram weight="1" > just the </bigram>
    <bigram weight="1" > not wholes </bigram>
    <bigram weight="1" > a pleasing </bigram>
    <bigram weight="1" > to come </bigram>
    <bigram weight="1" > cally slid </bigram>
    <bigram weight="1" > there ever </bigram>
    <bigram weight="1" > his left </bigram>
    <bigram weight="1" > so conscious </bigram>
    <bigram weight="1" > a particularly </bigram>
    <bigram weight="1" > be reflected </bigram>
    <bigram weight="1" > he declares </bigram>
    <bigram weight="1" > could never </bigram>
    <bigram weight="1" > eyesight dominated </bigram>
    <bigram weight="1" > and says </bigram>
    <bigram weight="1" > is like </bigram>
    <bigram weight="1" > that writing </bigram>
    <bigram weight="1" > ### stopped </bigram>
    <bigram weight="1" > their lichens </bigram>
    <bigram weight="1" > be understood </bigram>
    <bigram weight="1" > have later </bigram>
    <bigram weight="1" > affected by </bigram>
    <bigram weight="1" > faded ### </bigram>
    <bigram weight="1" > heads ### </bigram>
    <bigram weight="1" > wnere tne </bigram>
    <bigram weight="1" > note books </bigram>
    <bigram weight="1" > ever looking </bigram>
    <bigram weight="1" > back the </bigram>
    <bigram weight="1" > visionary imagery </bigram>
    <bigram weight="1" > find it </bigram>
    <bigram weight="1" > slender glades </bigram>
    <bigram weight="1" > he finds </bigram>
    <bigram weight="1" > be ### </bigram>
    <bigram weight="1" > more troubled </bigram>
    <bigram weight="1" > is but </bigram>
    <bigram weight="1" > one bright </bigram>
    <bigram weight="1" > this earth </bigram>
    <bigram weight="1" > do not </bigram>
    <bigram weight="1" > too ### </bigram>
    <bigram weight="1" > even alexander </bigram>
    <bigram weight="1" > refractions of </bigram>
    <bigram weight="1" > cast pearls </bigram>
    <bigram weight="1" > mind experiences </bigram>
    <bigram weight="1" > ## # </bigram>
    <bigram weight="1" > a wood </bigram>
    <bigram weight="1" > rare genius </bigram>
    <bigram weight="1" > and symmetry </bigram>
    <bigram weight="1" > and rewriting </bigram>
    <bigram weight="1" > certain perceptive </bigram>
    <bigram weight="1" > quite dark </bigram>
    <bigram weight="1" > a different </bigram>
    <bigram weight="1" > one had </bigram>
    <bigram weight="1" > many passages </bigram>
    <bigram weight="1" > earth ### </bigram>
    <bigram weight="1" > and confining </bigram>
    <bigram weight="1" > aware of </bigram>
    <bigram weight="1" > ### walden </bigram>
    <bigram weight="1" > of looking </bigram>
    <bigram weight="1" > if it </bigram>
    <bigram weight="1" > bank ### </bigram>
    <bigram weight="1" > and die </bigram>
    <bigram weight="1" > can only </bigram>
    <bigram weight="1" > the microscope </bigram>
    <bigram weight="1" > a low </bigram>
    <bigram weight="1" > is their </bigram>
    <bigram weight="1" > ### soft </bigram>
    <bigram weight="1" > ot nature </bigram>
    <bigram weight="1" > with carlyle </bigram>
    <bigram weight="1" > and sees </bigram>
    <bigram weight="1" > the back </bigram>
    <bigram weight="1" > a contrary </bigram>
    <bigram weight="1" > all up </bigram>
    <bigram weight="1" > in writing </bigram>
    <bigram weight="1" > some time </bigram>
    <bigram weight="1" > walk along </bigram>
    <bigram weight="1" > round her </bigram>
    <bigram weight="1" > slope to </bigram>
    <bigram weight="1" > view not </bigram>
    <bigram weight="1" > they keep </bigram>
    <bigram weight="1" > because there </bigram>
    <bigram weight="1" > to understand </bigram>
    <bigram weight="1" > to have </bigram>
    <bigram weight="1" > he clauses </bigram>
    <bigram weight="1" > pond where </bigram>
    <bigram weight="1" > way ### </bigram>
    <bigram weight="1" > he might </bigram>
    <bigram weight="1" > dominant image </bigram>
    <bigram weight="1" > distinctly ### </bigram>
    <bigram weight="1" > casually creep </bigram>
    <bigram weight="1" > ### enchanted </bigram>
    <bigram weight="1" > ### hunters </bigram>
    <bigram weight="1" > he talks </bigram>
    <bigram weight="1" > the point </bigram>
    <bigram weight="1" > # like </bigram>
    <bigram weight="1" > a hill </bigram>
    <bigram weight="1" > when a </bigram>
    <bigram weight="1" > he imposed </bigram>
    <bigram weight="1" > slower in </bigram>
    <bigram weight="1" > tapering toward </bigram>
    <bigram weight="1" > that plagued </bigram>
    <bigram weight="1" > less you </bigram>
    <bigram weight="1" > is no </bigram>
    <bigram weight="1" > success ### </bigram>
    <bigram weight="1" > reason concealed </bigram>
    <bigram weight="1" > without seeing </bigram>
    <bigram weight="1" > the nerves </bigram>
    <bigram weight="1" > is required </bigram>
    <bigram weight="1" > fair haven </bigram>
    <bigram weight="1" > images to </bigram>
    <bigram weight="1" > and eauallv </bigram>
    <bigram weight="1" > peculiarly bright </bigram>
    <bigram weight="1" > more poetry </bigram>
    <bigram weight="1" > find myself </bigram>
    <bigram weight="1" > chiefly the </bigram>
    <bigram weight="1" > wears this </bigram>
    <bigram weight="1" > less of </bigram>
    <bigram weight="1" > direct focus </bigram>
    <bigram weight="1" > ### something </bigram>
    <bigram weight="1" > adding as </bigram>
    <bigram weight="1" > withering ### </bigram>
    <bigram weight="1" > aside ### </bigram>
    <bigram weight="1" > for views </bigram>
    <bigram weight="1" > for you </bigram>
    <bigram weight="1" > my knowledge </bigram>
    <bigram weight="1" > earth itself </bigram>
    <bigram weight="1" > walden pond </bigram>
    <bigram weight="1" > troubled ### </bigram>
    <bigram weight="1" > nature loves </bigram>
    <bigram weight="1" > remarks even </bigram>
    <bigram weight="1" > by often </bigram>
    <bigram weight="1" > his head </bigram>
    <bigram weight="1" > ice as </bigram>
    <bigram weight="1" > course ### </bigram>
    <bigram weight="1" > shadows behind </bigram>
    <bigram weight="1" > time when </bigram>
    <bigram weight="1" > that i </bigram>
    <bigram weight="1" > from even </bigram>
    <bigram weight="1" > firmly anchored </bigram>
    <bigram weight="1" > be described </bigram>
    <bigram weight="1" > brightness ### </bigram>
    <bigram weight="1" > ## as </bigram>
    <bigram weight="1" > will ocserve </bigram>
    <bigram weight="1" > looking up </bigram>
    <bigram weight="1" > stars and </bigram>
    <bigram weight="1" > ### now </bigram>
    <bigram weight="1" > scientific ### </bigram>
    <bigram weight="1" > acuity through </bigram>
    <bigram weight="1" > views as </bigram>
    <bigram weight="1" > listen to </bigram>
    <bigram weight="1" > seems more </bigram>
    <bigram weight="1" > get if </bigram>
    <bigram weight="1" > landscape as </bigram>
    <bigram weight="1" > indian maiden </bigram>
    <bigram weight="1" > especially when </bigram>
    <bigram weight="1" > plagued him </bigram>
    <bigram weight="1" > opaque earth </bigram>
    <bigram weight="1" > fire ### </bigram>
    <bigram weight="1" > at clouds </bigram>
    <bigram weight="1" > delicious ### </bigram>
    <bigram weight="1" > concrete world </bigram>
    <bigram weight="1" > abundance of </bigram>
    <bigram weight="1" > and another </bigram>
    <bigram weight="1" > it were </bigram>
    <bigram weight="1" > my thoughts </bigram>
    <bigram weight="1" > optical sideviews </bigram>
    <bigram weight="1" > coming by </bigram>
    <bigram weight="1" > soft and </bigram>
    <bigram weight="1" > upon him </bigram>
    <bigram weight="1" > as there </bigram>
    <bigram weight="1" > her waist </bigram>
    <bigram weight="1" > its stream </bigram>
    <bigram weight="1" > only wiin </bigram>
    <bigram weight="1" > # stinnett </bigram>
    <bigram weight="1" > something he </bigram>
    <bigram weight="1" > oversees him </bigram>
    <bigram weight="1" > advises ### </bigram>
    <bigram weight="1" > vaque distinction </bigram>
    <bigram weight="1" > other day </bigram>
    <bigram weight="1" > s second </bigram>
    <bigram weight="1" > # others </bigram>
    <bigram weight="1" > and started </bigram>
    <bigram weight="1" > the horizon </bigram>
    <bigram weight="1" > shadows to </bigram>
    <bigram weight="1" > an outgrowth </bigram>
    <bigram weight="1" > be a </bigram>
    <bigram weight="1" > clarify for </bigram>
    <bigram weight="1" > light penetrating </bigram>
    <bigram weight="1" > visual perspectives </bigram>
    <bigram weight="1" > and seeking </bigram>
    <bigram weight="1" > l see </bigram>
    <bigram weight="1" > what appears </bigram>
    <bigram weight="1" > passage about </bigram>
    <bigram weight="1" > of controlling </bigram>
    <bigram weight="1" > changes too </bigram>
    <bigram weight="1" > on r </bigram>
    <bigram weight="1" > to a </bigram>
    <bigram weight="1" > in fact </bigram>
    <bigram weight="1" > not just </bigram>
    <bigram weight="1" > us that </bigram>
    <bigram weight="1" > the mind </bigram>
    <bigram weight="1" > ### l </bigram>
    <bigram weight="1" > not find </bigram>
    <bigram weight="1" > along the </bigram>
    <bigram weight="1" > the fall </bigram>
    <bigram weight="1" > makes is </bigram>
    <bigram weight="1" > sight of </bigram>
    <bigram weight="1" > ### selected </bigram>
    <bigram weight="1" > record the </bigram>
    <bigram weight="1" > he made </bigram>
    <bigram weight="1" > his reflection </bigram>
    <bigram weight="1" > passages in </bigram>
    <bigram weight="1" > as long </bigram>
    <bigram weight="1" > ### tike </bigram>
    <bigram weight="1" > it glowed </bigram>
    <bigram weight="1" > captain ### </bigram>
    <bigram weight="1" > is his </bigram>
    <bigram weight="1" > meet each </bigram>
    <bigram weight="1" > about and </bigram>
    <bigram weight="1" > ### effortlessly </bigram>
    <bigram weight="1" > world and </bigram>
    <bigram weight="1" > turns the </bigram>
    <bigram weight="1" > phenomenon ### </bigram>
    <bigram weight="1" > distinct and </bigram>
    <bigram weight="1" > as heaven </bigram>
    <bigram weight="1" > difficult always </bigram>
    <bigram weight="1" > beautv of </bigram>
    <bigram weight="1" > black ### </bigram>
    <bigram weight="1" > of autumn </bigram>
    <bigram weight="1" > eves and </bigram>
    <bigram weight="1" > shoulder for </bigram>
    <bigram weight="1" > unusual perception </bigram>
    <bigram weight="1" > for facts </bigram>
    <bigram weight="1" > but are </bigram>
    <bigram weight="1" > see details </bigram>
    <bigram weight="1" > w ### </bigram>
    <bigram weight="1" > or just </bigram>
    <bigram weight="1" > lasting food </bigram>
    <bigram weight="1" > often builds </bigram>
    <bigram weight="1" > eve unused </bigram>
    <bigram weight="1" > ana wnere </bigram>
    <bigram weight="1" > discipline he </bigram>
    <bigram weight="1" > you would </bigram>
    <bigram weight="1" > ### go </bigram>
    <bigram weight="1" > of summer </bigram>
    <bigram weight="1" > is sad </bigram>
    <bigram weight="1" > another time </bigram>
    <bigram weight="1" > is that </bigram>
    <bigram weight="1" > the skin </bigram>
    <bigram weight="1" > not his </bigram>
    <bigram weight="1" > eyes ### </bigram>
    <bigram weight="1" > a broad </bigram>
    <bigram weight="1" > we paddled </bigram>
    <bigram weight="1" > corrections ### </bigram>
    <bigram weight="1" > and lodged </bigram>
    <bigram weight="1" > function as </bigram>
    <bigram weight="1" > visual acuity </bigram>
    <bigram weight="1" > often thoreau </bigram>
    <bigram weight="1" > that study </bigram>
    <bigram weight="1" > controlling and </bigram>
    <bigram weight="1" > my gaze </bigram>
    <bigram weight="1" > eye a </bigram>
    <bigram weight="1" > die young </bigram>
    <bigram weight="1" > were sufficiently </bigram>
    <bigram weight="1" > about reflections </bigram>
    <bigram weight="1" > thoreau chose </bigram>
    <bigram weight="1" > hi s </bigram>
    <bigram weight="1" > the human </bigram>
    <bigram weight="1" > to render </bigram>
    <bigram weight="1" > the upper </bigram>
    <bigram weight="1" > this inky </bigram>
    <bigram weight="1" > life ### </bigram>
    <bigram weight="1" > look the </bigram>
    <bigram weight="1" > demands he </bigram>
    <bigram weight="1" > strawberries ### </bigram>
    <bigram weight="1" > ## ook </bigram>
    <bigram weight="1" > what has </bigram>
    <bigram weight="1" > belt of </bigram>
    <bigram weight="1" > s woods </bigram>
    <bigram weight="1" > behave ### </bigram>
    <bigram weight="1" > trained himself </bigram>
    <bigram weight="1" > was looking </bigram>
    <bigram weight="1" > with him </bigram>
    <bigram weight="1" > grain more </bigram>
    <bigram weight="1" > lives ### </bigram>
    <bigram weight="1" > cope ### </bigram>
    <bigram weight="1" > unfrequented dell </bigram>
    <bigram weight="1" > the journal </bigram>
    <bigram weight="1" > re flections </bigram>
    <bigram weight="1" > on his </bigram>
    <bigram weight="1" > beautiful facts </bigram>
    <bigram weight="1" > see for </bigram>
    <bigram weight="1" > and ### </bigram>
    <bigram weight="1" > understand the </bigram>
    <bigram weight="1" > and can </bigram>
    <bigram weight="1" > and he </bigram>
    <bigram weight="1" > gaze to </bigram>
    <bigram weight="1" > susceptible to </bigram>
    <bigram weight="1" > less delicious </bigram>
    <bigram weight="1" > scious side </bigram>
    <bigram weight="1" > developing descriptions </bigram>
    <bigram weight="1" > admits he </bigram>
    <bigram weight="1" > emotional and </bigram>
    <bigram weight="1" > the beholder </bigram>
    <bigram weight="1" > nerves of </bigram>
    <bigram weight="1" > always to </bigram>
    <bigram weight="1" > shore of </bigram>
    <bigram weight="1" > this reason </bigram>
    <bigram weight="1" > a black </bigram>
    <bigram weight="1" > looking ### </bigram>
    <bigram weight="1" > ### w </bigram>
    <bigram weight="1" > beautifully uses </bigram>
    <bigram weight="1" > the color </bigram>
    <bigram weight="1" > ### ap </bigram>
    <bigram weight="1" > and light </bigram>
    <bigram weight="1" > tree stems </bigram>
    <bigram weight="1" > # their </bigram>
    <bigram weight="1" > reason is </bigram>
    <bigram weight="1" > explains he </bigram>
    <bigram weight="1" > alexander or </bigram>
    <bigram weight="1" > rejoices because </bigram>
    <bigram weight="1" > and reflecting </bigram>
    <bigram weight="1" > perception of </bigram>
    <bigram weight="1" > appreciate ### </bigram>
    <bigram weight="1" > nuances of </bigram>
    <bigram weight="1" > perhaps ie </bigram>
    <bigram weight="1" > he advises </bigram>
    <bigram weight="1" > particular brightness </bigram>
    <bigram weight="1" > steady and </bigram>
    <bigram weight="1" > beholder ### </bigram>
    <bigram weight="1" > more you </bigram>
    <bigram weight="1" > detail would </bigram>
    <bigram weight="1" > then i </bigram>
    <bigram weight="1" > ripple ### </bigram>
    <bigram weight="1" > beauty of </bigram>
    <bigram weight="1" > ner ### </bigram>
    <bigram weight="1" > harmony and </bigram>
    <bigram weight="1" > haven ### </bigram>
    <bigram weight="1" > looks fairer </bigram>
    <bigram weight="1" > have almost </bigram>
    <bigram weight="1" > the reason </bigram>
    <bigram weight="1" > being reflected </bigram>
    <bigram weight="1" > world as </bigram>
    <bigram weight="1" > as fatal </bigram>
    <bigram weight="1" > the superficial </bigram>
    <bigram weight="1" > all his </bigram>
    <bigram weight="1" > # resigning </bigram>
    <bigram weight="1" > and eye </bigram>
    <bigram weight="1" > ### tie </bigram>
    <bigram weight="1" > we will </bigram>
    <bigram weight="1" > the trees </bigram>
    <bigram weight="1" > sunlight had </bigram>
    <bigram weight="1" > and fails </bigram>
    <bigram weight="1" > adds ### </bigram>
    <bigram weight="1" > facts were </bigram>
    <bigram weight="1" > the early </bigram>
    <bigram weight="1" > behind ### </bigram>
    <bigram weight="1" > about the </bigram>
    <bigram weight="1" > short life </bigram>
    <bigram weight="1" > tint stood </bigram>
    <bigram weight="1" > stems all </bigram>
    <bigram weight="1" > ### man </bigram>
    <bigram weight="1" > tialities ### </bigram>
    <bigram weight="1" > must walk </bigram>
    <bigram weight="1" > deliberate effort </bigram>
    <bigram weight="1" > himself often </bigram>
    <bigram weight="1" > each other </bigram>
    <bigram weight="1" > men ### </bigram>
    <bigram weight="1" > go beyond </bigram>
    <bigram weight="1" > possibilities which </bigram>
    <bigram weight="1" > of corrections </bigram>
    <bigram weight="1" > to terms </bigram>
    <bigram weight="1" > penetrating the </bigram>
    <bigram weight="1" > concludes ### </bigram>
    <bigram weight="1" > # walden </bigram>
    <bigram weight="1" > to wake </bigram>
    <bigram weight="1" > better off </bigram>
    <bigram weight="1" > head ### </bigram>
    <bigram weight="1" > so desperately </bigram>
    <bigram weight="1" > dark stems </bigram>
    <bigram weight="1" > visual dimension </bigram>
    <bigram weight="1" > required to </bigram>
    <bigram weight="1" > when coming </bigram>
    <bigram weight="1" > but i </bigram>
    <bigram weight="1" > the physical </bigram>
    <bigram weight="1" > he regrets </bigram>
    <bigram weight="1" > horizon in </bigram>
    <bigram weight="1" > i smooth </bigram>
    <bigram weight="1" > he adds </bigram>
    <bigram weight="1" > and it </bigram>
    <bigram weight="1" > are born </bigram>
    <bigram weight="1" > phenomena in </bigram>
    <bigram weight="1" > facts are </bigram>
    <bigram weight="1" > we turned </bigram>
    <bigram weight="1" > medusa ### </bigram>
    <bigram weight="1" > visions ### </bigram>
    <bigram weight="1" > can still </bigram>
    <bigram weight="1" > in ## </bigram>
    <bigram weight="1" > evoking mysterious </bigram>
    <bigram weight="1" > his first </bigram>
    <bigram weight="1" > was an </bigram>
    <bigram weight="1" > the fact </bigram>
    <bigram weight="1" > shadow of </bigram>
    <bigram weight="1" > growth ### </bigram>
    <bigram weight="1" > contrasts ### </bigram>
    <bigram weight="1" > most men </bigram>
    <bigram weight="1" > says it </bigram>
    <bigram weight="1" > tor this </bigram>
    <bigram weight="1" > low hills </bigram>
    <bigram weight="1" > desires to </bigram>
    <bigram weight="1" > the edge </bigram>
    <bigram weight="1" > narrow and </bigram>
    <bigram weight="1" > looking over </bigram>
    <bigram weight="1" > finds himselt </bigram>
    <bigram weight="1" > or glancing </bigram>
    <bigram weight="1" > day in </bigram>
    <bigram weight="1" > fascinated by </bigram>
    <bigram weight="1" > our own </bigram>
    <bigram weight="1" > by intention </bigram>
    <bigram weight="1" > edge of </bigram>
    <bigram weight="1" > was ### </bigram>
    <bigram weight="1" > their growth </bigram>
    <bigram weight="1" > wrote ### </bigram>
    <bigram weight="1" > the stream </bigram>
    <bigram weight="1" > here in </bigram>
    <bigram weight="1" > only half </bigram>
    <bigram weight="1" > half ### </bigram>
    <bigram weight="1" > actually rejoices </bigram>
    <bigram weight="1" > ### chose </bigram>
    <bigram weight="1" > optical gymnastics </bigram>
    <bigram weight="1" > find him </bigram>
    <bigram weight="1" > because he </bigram>
    <bigram weight="1" > between my </bigram>
    <bigram weight="1" > this sort </bigram>
    <bigram weight="1" > the house </bigram>
    <bigram weight="1" > like an </bigram>
    <bigram weight="1" > looking at </bigram>
    <bigram weight="1" > that otherwise </bigram>
    <bigram weight="1" > be smoothly </bigram>
    <bigram weight="1" > must be </bigram>
    <bigram weight="1" > nature are </bigram>
    <bigram weight="1" > perhaps transmuted </bigram>
    <bigram weight="1" > well not </bigram>
    <bigram weight="1" > hill ### </bigram>
    <bigram weight="1" > the phenomenon </bigram>
    <bigram weight="1" > images by </bigram>
    <bigram weight="1" > small bush </bigram>
    <bigram weight="1" > dominated his </bigram>
    <bigram weight="1" > rest ### </bigram>
    <bigram weight="1" > responses nature </bigram>
    <bigram weight="1" > as flowers </bigram>
    <bigram weight="1" > to his </bigram>
    <bigram weight="1" > verting the </bigram>
    <bigram weight="1" > of colors </bigram>
    <bigram weight="1" > subaqueous rainbow </bigram>
    <bigram weight="1" > reflected from </bigram>
    <bigram weight="1" > change for </bigram>
    <bigram weight="1" > observed their </bigram>
    <bigram weight="1" > anchored to </bigram>
    <bigram weight="1" > difficult to </bigram>
    <bigram weight="1" > own point </bigram>
    <bigram weight="1" > ### instead </bigram>
    <bigram weight="1" > picture ### </bigram>
    <bigram weight="1" > was he </bigram>
    <bigram weight="1" > on himself </bigram>
    <bigram weight="1" > trees ### </bigram>
    <bigram weight="1" > our lives </bigram>
    <bigram weight="1" > his art </bigram>
    <bigram weight="1" > we behold </bigram>
    <bigram weight="1" > cultivated ### </bigram>
    <bigram weight="1" > so hardened </bigram>
    <bigram weight="1" > to tell </bigram>
    <bigram weight="1" > slid over </bigram>
    <bigram weight="1" > the importance </bigram>
    <bigram weight="1" > to ripple </bigram>
    <bigram weight="1" > dipped his </bigram>
    <bigram weight="1" > they inspired </bigram>
    <bigram weight="1" > being narrowed </bigram>
    <bigram weight="1" > but ### </bigram>
    <bigram weight="1" > otherwise might </bigram>
    <bigram weight="1" > appears to </bigram>
    <bigram weight="1" > few favored </bigram>
    <bigram weight="1" > the surface </bigram>
    <bigram weight="1" > are russets </bigram>
    <bigram weight="1" > he admits </bigram>
    <bigram weight="1" > ness to </bigram>
    <bigram weight="1" > clouds as </bigram>
    <bigram weight="1" > person to </bigram>
    <bigram weight="1" > they are </bigram>
    <bigram weight="1" > different note </bigram>
    <bigram weight="1" > rainbow in </bigram>
    <bigram weight="1" > sides distinctly </bigram>
    <bigram weight="1" > by partly </bigram>
    <bigram weight="1" > if there </bigram>
    <bigram weight="1" > am dissipated </bigram>
    <bigram weight="1" > and separating </bigram>
    <bigram weight="1" > is fortunate </bigram>
    <bigram weight="1" > must iook </bigram>
    <bigram weight="1" > point stinnett </bigram>
    <bigram weight="1" > if he </bigram>
    <bigram weight="1" > brush in </bigram>
    <bigram weight="1" > blending of </bigram>
    <bigram weight="1" > ### men </bigram>
    <bigram weight="1" > is obvious </bigram>
    <bigram weight="1" > richer ### </bigram>
    <bigram weight="1" > delineate all </bigram>
    <bigram weight="1" > seeing some </bigram>
    <bigram weight="1" > has made </bigram>
    <bigram weight="1" > sense and </bigram>
    <bigram weight="1" > down the </bigram>
    <bigram weight="1" > off if </bigram>
    <bigram weight="1" > # whatever </bigram>
    <bigram weight="1" > and hill </bigram>
    <bigram weight="1" > head of </bigram>
    <bigram weight="1" > together ### </bigram>
    <bigram weight="1" > to think </bigram>
    <bigram weight="1" > paint and </bigram>
    <bigram weight="1" > thoreau protests </bigram>
    <bigram weight="1" > of optical </bigram>
    <bigram weight="1" > the warm </bigram>
    <bigram weight="1" > smoothly flowing </bigram>
    <bigram weight="1" > that we </bigram>
    <bigram weight="1" > ray as </bigram>
    <bigram weight="1" > ### a </bigram>
    <bigram weight="1" > as unusual </bigram>
    <bigram weight="1" > knew he </bigram>
    <bigram weight="1" > separating the </bigram>
    <bigram weight="1" > reader of </bigram>
    <bigram weight="1" > the vaque </bigram>
    <bigram weight="1" > was even </bigram>
    <bigram weight="1" > produce a </bigram>
    <bigram weight="1" > sees is </bigram>
    <bigram weight="1" > sun on </bigram>
    <bigram weight="1" > the stubble </bigram>
    <bigram weight="1" > notice ### </bigram>
    <bigram weight="1" > gymnastics ### </bigram>
    <bigram weight="1" > time and </bigram>
    <bigram weight="1" > what you </bigram>
    <bigram weight="1" > # mnce </bigram>
    <bigram weight="1" > fruits have </bigram>
    <bigram weight="1" > powerful and </bigram>
    <bigram weight="1" > dusk ### </bigram>
    <bigram weight="1" > substance of </bigram>
    <bigram weight="1" > is the </bigram>
    <bigram weight="1" > poten tialities </bigram>
    <bigram weight="1" > wake us </bigram>
    <bigram weight="1" > indelibly in </bigram>
    <bigram weight="1" > go not </bigram>
    <bigram weight="1" > a stirring </bigram>
    <bigram weight="1" > brightness being </bigram>
    <bigram weight="1" > ### losing </bigram>
    <bigram weight="1" > these maaical </bigram>
    <bigram weight="1" > wander as </bigram>
    <bigram weight="1" > he gained </bigram>
    <bigram weight="1" > ### saunter </bigram>
    <bigram weight="1" > ### changes </bigram>
    <bigram weight="1" > concealed from </bigram>
    <bigram weight="1" > broad ### </bigram>
    <bigram weight="1" > much the </bigram>
    <bigram weight="1" > applied it </bigram>
    <bigram weight="1" > and say </bigram>
    <bigram weight="1" > that he </bigram>
    <bigram weight="1" > to year </bigram>
    <bigram weight="1" > imaginative ### </bigram>
    <bigram weight="1" > of nature </bigram>
    <bigram weight="1" > were particularly </bigram>
    <bigram weight="1" > ocserve ### </bigram>
    <bigram weight="1" > out of </bigram>
    <bigram weight="1" > are slower </bigram>
    <bigram weight="1" > writina ### </bigram>
    <bigram weight="1" > and time </bigram>
    <bigram weight="1" > he concludes </bigram>
    <bigram weight="1" > spinning and </bigram>
    <bigram weight="1" > much writing </bigram>
    <bigram weight="1" > the glorious </bigram>
    <bigram weight="1" > looking down </bigram>
    <bigram weight="1" > sub verting </bigram>
    <bigram weight="1" > a slight </bigram>
    <bigram weight="1" > and rearranged </bigram>
    <bigram weight="1" > for poetry </bigram>
    <bigram weight="1" > sauntering a </bigram>
    <bigram weight="1" > at that </bigram>
    <bigram weight="1" > again ### </bigram>
    <bigram weight="1" > tne ground </bigram>
    <bigram weight="1" > love may </bigram>
    <bigram weight="1" > ### most </bigram>
    <bigram weight="1" > the skies </bigram>
    <bigram weight="1" > and reconsidered </bigram>
    <bigram weight="1" > their fruits </bigram>
    <bigram weight="1" > visible to </bigram>
    <bigram weight="1" > his scientific </bigram>
    <bigram weight="1" > perspectives ### </bigram>
    <bigram weight="1" > the rainbow </bigram>
    <bigram weight="1" > landscape looks </bigram>
    <bigram weight="1" > many observations </bigram>
    <bigram weight="1" > science to </bigram>
    <bigram weight="1" > in developing </bigram>
    <bigram weight="1" > i should </bigram>
    <bigram weight="1" > clauses ### </bigram>
    <bigram weight="1" > saw ### </bigram>
    <bigram weight="1" > regular figure </bigram>
    <bigram weight="1" > a regular </bigram>
    <bigram weight="1" > for reflections </bigram>
    <bigram weight="1" > outgrowth of </bigram>
    <bigram weight="1" > one day </bigram>
    <bigram weight="1" > ### view </bigram>
    <bigram weight="1" > to detail </bigram>
    <bigram weight="1" > directly before </bigram>
    <bigram weight="1" > i had </bigram>
    <bigram weight="1" > objects are </bigram>
    <bigram weight="1" > is some </bigram>
    <bigram weight="1" > another dimension </bigram>
    <bigram weight="1" > voyager with </bigram>
    <bigram weight="1" > of such </bigram>
    <bigram weight="1" > we find </bigram>
    <bigram weight="1" > terms with </bigram>
    <bigram weight="1" > preserve the </bigram>
    <bigram weight="1" > the result </bigram>
    <bigram weight="1" > had mechani </bigram>
    <bigram weight="1" > around us </bigram>
    <bigram weight="1" > heaven ### </bigram>
    <bigram weight="1" > delicious flavor </bigram>
    <bigram weight="1" > yearning to </bigram>
    <bigram weight="1" > no rest </bigram>
    <bigram weight="1" > i notice </bigram>
    <bigram weight="1" > squinting through </bigram>
    <bigram weight="1" > for thoreau </bigram>
    <bigram weight="1" > black shadows </bigram>
    <bigram weight="1" > need but </bigram>
    <bigram weight="1" > siae or </bigram>
    <bigram weight="1" > fishers ### </bigram>
    <bigram weight="1" > free senses </bigram>
    <bigram weight="1" > tangle of </bigram>
    <bigram weight="1" > he thinks </bigram>
    <bigram weight="1" > too directly </bigram>
    <bigram weight="1" > in seeing </bigram>
    <bigram weight="1" > our world </bigram>
    <bigram weight="1" > phenom enon </bigram>
    <bigram weight="1" > most used </bigram>
    <bigram weight="1" > sad to </bigram>
    <bigram weight="1" > across his </bigram>
    <bigram weight="1" > proceeds to </bigram>
    <bigram weight="1" > effortlessly written </bigram>
    <bigram weight="1" > ### h </bigram>
    <bigram weight="1" > if trying </bigram>
    <bigram weight="1" > be science </bigram>
    <bigram weight="1" > the greater </bigram>
    <bigram weight="1" > his eager </bigram>
    <bigram weight="1" > dedicated to </bigram>
    <bigram weight="1" > skin ### </bigram>
    <bigram weight="1" > attention to </bigram>
    <bigram weight="1" > its own </bigram>
    <bigram weight="1" > contain them </bigram>
    <bigram weight="1" > sense of </bigram>
    <bigram weight="1" > is reduced </bigram>
    <bigram weight="1" > his rare </bigram>
    <bigram weight="1" > and what </bigram>
    <bigram weight="1" > stinnett writes </bigram>
    <bigram weight="1" > of harmony </bigram>
    <bigram weight="1" > conflicts that </bigram>
    <bigram weight="1" > at flowers </bigram>
    <bigram weight="1" > their abundance </bigram>
    <bigram weight="1" > rather unlikely </bigram>
    <bigram weight="1" > himself ### </bigram>
    <bigram weight="1" > being ### </bigram>
    <bigram weight="1" > nov ### </bigram>
    <bigram weight="1" > woods his </bigram>
    <bigram weight="1" > most trouble </bigram>
    <bigram weight="1" > of maiden </bigram>
    <bigram weight="1" > of medusa </bigram>
    <bigram weight="1" > a dualism </bigram>
    <bigram weight="1" > iriruuyn ariu </bigram>
    <bigram weight="1" > stopped and </bigram>
    <bigram weight="1" > myself prepared </bigram>
    <bigram weight="1" > does the </bigram>
    <bigram weight="1" > nature triggered </bigram>
    <bigram weight="1" > vain for </bigram>
    <bigram weight="1" > ### each </bigram>
    <bigram weight="1" > about turning </bigram>
    <bigram weight="1" > trying to </bigram>
    <bigram weight="1" > to our </bigram>
    <bigram weight="1" > the range </bigram>
    <bigram weight="1" > s j </bigram>
    <bigram weight="1" > failed to </bigram>
    <bigram weight="1" > are concealed </bigram>
    <bigram weight="1" > food and </bigram>
    <bigram weight="1" > impossible for </bigram>
    <bigram weight="1" > see visions </bigram>
    <bigram weight="1" > their success </bigram>
    <bigram weight="1" > june again </bigram>
    <bigram weight="1" > field of </bigram>
    <bigram weight="1" > maiden ### </bigram>
    <bigram weight="1" > as much </bigram>
    <bigram weight="1" > caught a </bigram>
    <bigram weight="1" > per forming </bigram>
    <bigram weight="1" > to record </bigram>
    <bigram weight="1" > eyes to </bigram>
    <bigram weight="1" > found in </bigram>
    <bigram weight="1" > first jre </bigram>
    <bigram weight="1" > year becoming </bigram>
    <bigram weight="1" > world around </bigram>
    <bigram weight="1" > these answering </bigram>
    <bigram weight="1" > certain aspect </bigram>
    <bigram weight="1" > # iheir </bigram>
    <bigram weight="1" > handwritten scraps </bigram>
    <bigram weight="1" > long as </bigram>
    <bigram weight="1" > fact that </bigram>
    <bigram weight="1" > forming all </bigram>
    <bigram weight="1" > moonlight boat </bigram>
    <bigram weight="1" > made on </bigram>
    <bigram weight="1" > striking images </bigram>
    <bigram weight="1" > times is </bigram>
    <bigram weight="1" > are out </bigram>
    <bigram weight="1" > every wood </bigram>
    <bigram weight="1" > to contain </bigram>
    <bigram weight="1" > delicate nuances </bigram>
    <bigram weight="1" > as wide </bigram>
    <bigram weight="1" > more with </bigram>
    <bigram weight="1" > clarity and </bigram>
    <bigram weight="1" > in paint </bigram>
    <bigram weight="1" > papers with </bigram>
    <bigram weight="1" > the woman </bigram>
    <bigram weight="1" > his brush </bigram>
    <bigram weight="1" > of attention </bigram>
    <bigram weight="1" > with free </bigram>
    <bigram weight="1" > would have </bigram>
    <bigram weight="1" > ### from </bigram>
    <bigram weight="1" > that they </bigram>
    <bigram weight="1" > imposed for </bigram>
    <bigram weight="1" > did in </bigram>
    <bigram weight="1" > mv eves </bigram>
    <bigram weight="1" > fall day </bigram>
    <bigram weight="1" > because we </bigram>
    <bigram weight="1" > the wheels </bigram>
    <bigram weight="1" > contrary and </bigram>
    <bigram weight="1" > the last </bigram>
    <bigram weight="1" > s visual </bigram>
    <bigram weight="1" > flowing ### </bigram>
    <bigram weight="1" > to succeed </bigram>
    <bigram weight="1" > unused before </bigram>
    <bigram weight="1" > even startled </bigram>
    <bigram weight="1" > ### unusual </bigram>
    <bigram weight="1" > naturalist ### </bigram>
    <bigram weight="1" > eastern shore </bigram>
    <bigram weight="1" > to stone </bigram>
    <bigram weight="1" > in ex </bigram>
    <bigram weight="1" > the opaque </bigram>
    <bigram weight="1" > stones ### </bigram>
    <bigram weight="1" > across the </bigram>
    <bigram weight="1" > the clarity </bigram>
    <bigram weight="1" > the concrete </bigram>
    <bigram weight="1" > the english </bigram>
    <bigram weight="1" > or staring </bigram>
    <bigram weight="1" > knows nothing </bigram>
    <bigram weight="1" > if one </bigram>
    <bigram weight="1" > as farmers </bigram>
    <bigram weight="1" > i feel </bigram>
    <bigram weight="1" > # such </bigram>
    <bigram weight="1" > maiden wears </bigram>
    <bigram weight="1" > one fall </bigram>
    <bigram weight="1" > from ripple </bigram>
    <bigram weight="1" > written prose </bigram>
    <bigram weight="1" > but suffer </bigram>
    <bigram weight="1" > turning his </bigram>
    <bigram weight="1" > be just </bigram>
    <bigram weight="1" > and i </bigram>
    <bigram weight="1" > or winter </bigram>
    <bigram weight="1" > unorthodox viewing </bigram>
    <bigram weight="1" > ### ana </bigram>
    <bigram weight="1" > # listen </bigram>
    <bigram weight="1" > unless you </bigram>
    <bigram weight="1" > nature directly </bigram>
    <bigram weight="1" > and shadow </bigram>
    <bigram weight="1" > much beauty </bigram>
    <bigram weight="1" > reflection seems </bigram>
    <bigram weight="1" > enon ### </bigram>
    <bigram weight="1" > xi ### </bigram>
    <bigram weight="1" > that part </bigram>
    <bigram weight="1" > fruits may </bigram>
    <bigram weight="1" > you perceive </bigram>
    <bigram weight="1" > at walden </bigram>
    <bigram weight="1" > to explore </bigram>
    <bigram weight="1" > ### quite </bigram>
    <bigram weight="1" > knock the </bigram>
    <bigram weight="1" > and fought </bigram>
    <bigram weight="1" > turned our </bigram>
    <bigram weight="1" > striven in </bigram>
    <bigram weight="1" > abstracted ### </bigram>
    <bigram weight="1" > shoulder ### </bigram>
    <bigram weight="1" > value of </bigram>
    <bigram weight="1" > and blending </bigram>
    <bigram weight="1" > of that </bigram>
    <bigram weight="1" > rock ### </bigram>
    <bigram weight="1" > think that </bigram>
    <bigram weight="1" > intention of </bigram>
    <bigram weight="1" > we refer </bigram>
    <bigram weight="1" > or attention </bigram>
    <bigram weight="1" > ripple to </bigram>
    <bigram weight="1" > versions ### </bigram>
    <bigram weight="1" > often times </bigram>
    <bigram weight="1" > throuah his </bigram>
    <bigram weight="1" > different entry </bigram>
    <bigram weight="1" > better not </bigram>
    <bigram weight="1" > more lasting </bigram>
    <bigram weight="1" > sodden ### </bigram>
    <bigram weight="1" > # whether </bigram>
    <bigram weight="1" > fatal as </bigram>
    <bigram weight="1" > manuscripts of </bigram>
    <bigram weight="1" > looking between </bigram>
    <bigram weight="1" > object and </bigram>
    <bigram weight="1" > slight ### </bigram>
    <bigram weight="1" > that if </bigram>
    <bigram weight="1" > is how </bigram>
    <bigram weight="1" > to find </bigram>
    <bigram weight="1" > pond one </bigram>
    <bigram weight="1" > young ### </bigram>
    <bigram weight="1" > leafy tree </bigram>
    <bigram weight="1" > described ### </bigram>
    <bigram weight="1" > sunlight that </bigram>
    <bigram weight="1" > he got </bigram>
    <bigram weight="1" > or dividing </bigram>
    <bigram weight="1" > the prose </bigram>
    <bigram weight="1" > what is </bigram>
    <bigram weight="1" > others are </bigram>
    <bigram weight="1" > some to </bigram>
    <bigram weight="1" > white sky </bigram>
    <bigram weight="1" > serene fire </bigram>
    <bigram weight="1" > his composition </bigram>
    <bigram weight="1" > summer and </bigram>
    <bigram weight="1" > be part </bigram>
    <bigram weight="1" > the russets </bigram>
    <bigram weight="1" > a delicious </bigram>
    <bigram weight="1" > language until </bigram>
    <bigram weight="1" > ## sometimes </bigram>
    <bigram weight="1" > in coming </bigram>
    <bigram weight="1" > count some </bigram>
    <bigram weight="1" > does not </bigram>
    <bigram weight="1" > more praise </bigram>
    <bigram weight="1" > appeared yet </bigram>
    <bigram weight="1" > bush of </bigram>
    <bigram weight="1" > intention or </bigram>
    <bigram weight="1" > to flowers </bigram>
    <bigram weight="1" > have gained </bigram>
    <bigram weight="1" > dualism which </bigram>
    <bigram weight="1" > us he </bigram>
    <bigram weight="1" > stream with </bigram>
    <bigram weight="1" > bad to </bigram>
    <bigram weight="1" > wide as </bigram>
    <bigram weight="1" > monthly ### </bigram>
    <bigram weight="1" > lethe # </bigram>
    <bigram weight="1" > how often </bigram>
    <bigram weight="1" > genius for </bigram>
    <bigram weight="1" > by ### </bigram>
    <bigram weight="1" > legs at </bigram>
    <bigram weight="1" > almost a </bigram>
    <bigram weight="1" > glades ### </bigram>
    <bigram weight="1" > and serene </bigram>
    <bigram weight="1" > down at </bigram>
    <bigram weight="1" > he enjoyed </bigram>
    <bigram weight="1" > junes he </bigram>
    <bigram weight="1" > a man </bigram>
    <bigram weight="1" > naturally to </bigram>
    <bigram weight="1" > s cope </bigram>
    <bigram weight="1" > you will </bigram>
    <bigram weight="1" > narrow border </bigram>
    <bigram weight="1" > poetry and </bigram>
    <bigram weight="1" > we saw </bigram>
    <bigram weight="1" > uncon scious </bigram>
    <bigram weight="1" > started ### </bigram>
    <bigram weight="1" > all kinds </bigram>
    <bigram weight="1" > ### tangle </bigram>
    <bigram weight="1" > marianne walker </bigram>
    <bigram weight="1" > softening and </bigram>
    <bigram weight="1" > journal are </bigram>
    <bigram weight="1" > confining my </bigram>
    <bigram weight="1" > still look </bigram>
    <bigram weight="1" > staring across </bigram>
    <bigram weight="1" > eauallv bright </bigram>
    <bigram weight="1" > these eyes </bigram>
    <bigram weight="1" > ### she </bigram>
    <bigram weight="1" > chose to </bigram>
    <bigram weight="1" > so he </bigram>
    <bigram weight="1" > ### very </bigram>
    <bigram weight="1" > explore the </bigram>
    <bigram weight="1" > was a </bigram>
    <bigram weight="1" > that apparently </bigram>
    <bigram weight="1" > inform us </bigram>
    <bigram weight="1" > ### like </bigram>
    <bigram weight="1" > all our </bigram>
    <bigram weight="1" > maaical phenomena </bigram>
    <bigram weight="1" > the sunlight </bigram>
    <bigram weight="1" > pond but </bigram>
    <bigram weight="1" > till fall </bigram>
    <bigram weight="1" > paper and </bigram>
    <bigram weight="1" > house and </bigram>
    <bigram weight="1" > fixed indelibly </bigram>
    <bigram weight="1" > i knock </bigram>
    <bigram weight="1" > than he </bigram>
    <bigram weight="1" > transmuted more </bigram>
    <bigram weight="1" > # scattered </bigram>
    <bigram weight="1" > at her </bigram>
    <bigram weight="1" > become of </bigram>
    <bigram weight="1" > the discipline </bigram>
    <bigram weight="1" > rich passage </bigram>
    <bigram weight="1" > it ### </bigram>
    <bigram weight="1" > passerby might </bigram>
    <bigram weight="1" > and his </bigram>
    <bigram weight="1" > he himself </bigram>
    <bigram weight="1" > over his </bigram>
    <bigram weight="1" > the sunny </bigram>
    <bigram weight="1" > way at </bigram>
    <bigram weight="1" > but was </bigram>
    <bigram weight="1" > lichens ### </bigram>
    <bigram weight="1" > ### fishers </bigram>
    <bigram weight="1" > but the </bigram>
    <bigram weight="1" > almost say </bigram>
    <bigram weight="1" > received no </bigram>
    <bigram weight="1" > just to </bigram>
    <bigram weight="1" > only be </bigram>
    <bigram weight="1" > fall or </bigram>
    <bigram weight="1" > pond ### </bigram>
    <bigram weight="1" > course of </bigram>
    <bigram weight="1" > all aglow </bigram>
    <bigram weight="1" > i count </bigram>
    <bigram weight="1" > the low </bigram>
    <bigram weight="1" > ueyunu ner </bigram>
    <bigram weight="1" > she reflects </bigram>
    <bigram weight="1" > and scientific </bigram>
    <bigram weight="1" > trie siae </bigram>
    <bigram weight="1" > noticed the </bigram>
    <bigram weight="1" > d ### </bigram>
    <bigram weight="1" > an infinite </bigram>
    <bigram weight="1" > ### ever </bigram>
    <bigram weight="1" > purposefully cultivated </bigram>
    <bigram weight="1" > senses were </bigram>
    <bigram weight="1" > eyes are </bigram>
    <bigram weight="1" > succeed # </bigram>
    <bigram weight="1" > things to </bigram>
    <bigram weight="1" > stood on </bigram>
    <bigram weight="1" > grinding ### </bigram>
    <bigram weight="1" > of unorthodox </bigram>
    <bigram weight="1" > this broad </bigram>
    <bigram weight="1" > tinkered and </bigram>
    <bigram weight="1" > art he </bigram>
    <bigram weight="1" > before swine </bigram>
    <bigram weight="1" > study lichens </bigram>
    <bigram weight="1" > ### can </bigram>
    <bigram weight="1" > infinitely richer </bigram>
    <bigram weight="1" > he actually </bigram>
    <bigram weight="1" > ### into </bigram>
    <bigram weight="1" > him # </bigram>
    <bigram weight="1" > and slender </bigram>
    <bigram weight="1" > the tree </bigram>
    <bigram weight="1" > natural object </bigram>
    <bigram weight="1" > be difficult </bigram>
    <bigram weight="1" > a result </bigram>
    <bigram weight="1" > wood end </bigram>
    <bigram weight="1" > said ### </bigram>
    <bigram weight="1" > poetry to </bigram>
    <bigram weight="1" > advantage in </bigram>
    <bigram weight="1" > feel that </bigram>
    <bigram weight="1" > us in </bigram>
    <bigram weight="1" > some rather </bigram>
    <bigram weight="1" > reflection ### </bigram>
    <bigram weight="1" > original manuscripts </bigram>
    <bigram weight="1" > student oversees </bigram>
    <bigram weight="1" > he purposefully </bigram>
    <bigram weight="1" > ### uncon </bigram>
    <bigram weight="1" > henry david </bigram>
    <bigram weight="1" > acuity was </bigram>
    <bigram weight="1" > and stones </bigram>
    <bigram weight="1" > by ebby </bigram>
    <bigram weight="1" > thoreau will </bigram>
    <bigram weight="1" > same demands </bigram>
    <bigram weight="1" > to serve </bigram>
    <bigram weight="1" > number of </bigram>
    <bigram weight="1" > then he </bigram>
    <bigram weight="1" > complains of </bigram>
    <bigram weight="1" > of every </bigram>
    <bigram weight="1" > appears ### </bigram>
    <bigram weight="1" > the way </bigram>
    <bigram weight="1" > report the </bigram>
    <bigram weight="1" > from our </bigram>
    <bigram weight="1" > dry headache </bigram>
    <bigram weight="1" > carlyle who </bigram>
    <bigram weight="1" > on both </bigram>
    <bigram weight="1" > light and </bigram>
    <bigram weight="1" > blotted paper </bigram>
    <bigram weight="1" > our visual </bigram>
    <bigram weight="1" > poetic responses </bigram>
    <bigram weight="1" > the cool </bigram>
    <bigram weight="1" > # tapering </bigram>
    <bigram weight="1" > but one </bigram>
    <bigram weight="1" > had in </bigram>
    <bigram weight="1" > match for </bigram>
    <bigram weight="1" > upper part </bigram>
    <bigram weight="1" > he complains </bigram>
    <bigram weight="1" > but do </bigram>
    <bigram weight="1" > distinction which </bigram>
    <bigram weight="1" > reflection of </bigram>
    <bigram weight="1" > the commonplace </bigram>
    <bigram weight="1" > who said </bigram>
    <bigram weight="1" > places ### </bigram>
    <bigram weight="1" > and dark </bigram>
    <bigram weight="1" > i say </bigram>
    <bigram weight="1" > last are </bigram>
    <bigram weight="1" > then adding </bigram>
    <bigram weight="1" > reflection in </bigram>
    <bigram weight="1" > the original </bigram>
    <bigram weight="1" > thinks he </bigram>
    <bigram weight="1" > seeing re </bigram>
    <bigram weight="1" > pre eminency </bigram>
    <bigram weight="1" > ## ## </bigram>
    <bigram weight="1" > his voluminous </bigram>
    <bigram weight="1" > and produce </bigram>
    <bigram weight="1" > whatever way </bigram>
    <bigram weight="1" > stream without </bigram>
    <bigram weight="1" > pools ### </bigram>
    <bigram weight="1" > each its </bigram>
    <bigram weight="1" > woman who </bigram>
    <bigram weight="1" > tike phenom </bigram>
    <bigram weight="1" > thoreau could </bigram>
    <bigram weight="1" > no more </bigram>
    <bigram weight="1" > view and </bigram>
    <bigram weight="1" > little lethe </bigram>
    <bigram weight="1" > fought with </bigram>
    <bigram weight="1" > ie knew </bigram>
    <bigram weight="1" > all this </bigram>
    <bigram weight="1" > like strawberries </bigram>
    <bigram weight="1" > i observe </bigram>
    <bigram weight="1" > no intention </bigram>
    <bigram weight="1" > both sides </bigram>
    <bigram weight="1" > refer things </bigram>
    <bigram weight="1" > plainly hard </bigram>
    <bigram weight="1" > down in </bigram>
    <bigram weight="1" > placed at </bigram>
    <bigram weight="1" > he even </bigram>
    <bigram weight="1" > re fleeted </bigram>
    <bigram weight="1" > one warm </bigram>
    <bigram weight="1" > serving his </bigram>
    <bigram weight="1" > ariu ueyunu </bigram>
    <bigram weight="1" > ### his </bigram>
    <bigram weight="1" > but would </bigram>
    <bigram weight="1" > another of </bigram>
    <bigram weight="1" > breaks through </bigram>
    <bigram weight="1" > explains a </bigram>
    <bigram weight="1" > light the </bigram>
    <bigram weight="1" > scattered about </bigram>
    <bigram weight="1" > dividing of </bigram>
    <bigram weight="1" > smooth back </bigram>
    <bigram weight="1" > was fascinated </bigram>
    <bigram weight="1" > # ne </bigram>
    <bigram weight="1" > ### hi </bigram>
    <bigram weight="1" > it come </bigram>
    <bigram weight="1" > interested in </bigram>
    <bigram weight="1" > then ### </bigram>
    <bigram weight="1" > descriptions ### </bigram>
    <bigram weight="1" > commonly will </bigram>
    <bigram weight="1" > entry he </bigram>
    <bigram weight="1" > ever was </bigram>
    <bigram weight="1" > # there </bigram>
    <bigram weight="1" > pleasing softening </bigram>
    <bigram weight="1" > importance of </bigram>
    <bigram weight="1" > these optical </bigram>
    <bigram weight="1" > mnce there </bigram>
    <bigram weight="1" > my legs </bigram>
    <bigram weight="1" > and love </bigram>
    <bigram weight="1" > see too </bigram>
    <bigram weight="1" > end appears </bigram>
    <bigram weight="1" > the aspect </bigram>
    <bigram weight="1" > perhaps of </bigram>
    <bigram weight="1" > nature does </bigram>
    <bigram weight="1" > described the </bigram>
    <bigram weight="1" > was walking </bigram>
    <bigram weight="1" > poetic prose </bigram>
    <bigram weight="1" > books to </bigram>
    <bigram weight="1" > he wanted </bigram>
    <bigram weight="1" > study stars </bigram>
    <bigram weight="1" > lakes or </bigram>
    <bigram weight="1" > he tells </bigram>
    <bigram weight="1" > man cannot </bigram>
    <bigram weight="1" > until he </bigram>
    <bigram weight="1" > it has </bigram>
    <bigram weight="1" > which show </bigram>
    <bigram weight="1" > spatial vantage </bigram>
    <bigram weight="1" > when in </bigram>
    <bigram weight="1" > his mind </bigram>
    <bigram weight="1" > head and </bigram>
    <bigram weight="1" > dedication to </bigram>
    <bigram weight="1" > through deliberate </bigram>
    <bigram weight="1" > as wnen </bigram>
    <bigram weight="1" > if we </bigram>
    <bigram weight="1" > english language </bigram>
    <bigram weight="1" > rainbow ### </bigram>
    <bigram weight="1" > wheels spinning </bigram>
    <bigram weight="1" > a narrow </bigram>
    <bigram weight="1" > subtle to </bigram>
    <bigram weight="1" > stinnett makes </bigram>
    <bigram weight="1" > s shore </bigram>
    <bigram weight="1" > j xi </bigram>
    <bigram weight="1" > describing it </bigram>
    <bigram weight="1" > afford to </bigram>
    <bigram weight="1" > from year </bigram>
    <bigram weight="1" > full beautv </bigram>
    <bigram weight="1" > our view </bigram>
    <bigram weight="1" > the delicate </bigram>
    <bigram weight="1" > sub stance </bigram>
    <bigram weight="1" > r ### </bigram>
    <bigram weight="1" > visual ray </bigram>
    <bigram weight="1" > not so </bigram>
    <bigram weight="1" > his dominant </bigram>
    <bigram weight="1" > more into </bigram>
    <bigram weight="1" > cannot afford </bigram>
    <bigram weight="1" > to sub </bigram>
    <bigram weight="1" > favored lakes </bigram>
    <bigram weight="1" > him per </bigram>
    <bigram weight="1" > s common </bigram>
    <bigram weight="1" > attention ### </bigram>
    <bigram weight="1" > lit side </bigram>
    <bigram weight="1" > landscape this </bigram>
    <bigram weight="1" > early spring </bigram>
    <bigram weight="1" > to serving </bigram>
    <bigram weight="1" > the obscurest </bigram>
    <bigram weight="1" > pearls before </bigram>
    <bigram weight="1" > image and </bigram>
    <bigram weight="1" > of much </bigram>
    <bigram weight="1" > her is </bigram>
    <bigram weight="1" > his pre </bigram>
    <bigram weight="1" > the motor </bigram>
    <bigram weight="1" > will even </bigram>
    <bigram weight="1" > be cause </bigram>
    <bigram weight="1" > might function </bigram>
    <bigram weight="1" > character of </bigram>
    <bigram weight="1" > sideviews ### </bigram>
    <bigram weight="1" > insight ### </bigram>
    <bigram weight="1" > unusual visual </bigram>
    <bigram weight="1" > physical description </bigram>
    <bigram weight="1" > commonplace ### </bigram>
    <bigram weight="1" > habitual dedication </bigram>
    <bigram weight="1" > later in </bigram>
    <bigram weight="1" > a particular </bigram>
    <bigram weight="1" > reflecting no </bigram>
    <bigram weight="1" > viewing fixed </bigram>
    <bigram weight="1" > over winter </bigram>
    <bigram weight="1" > experiences that </bigram>
    <bigram weight="1" > triggered in </bigram>
    <bigram weight="1" > it appeared </bigram>
    <bigram weight="1" > that re </bigram>
    <bigram weight="1" > # sub </bigram>
    <bigram weight="1" > # always </bigram>
    <bigram weight="1" > rewriting ### </bigram>
    <bigram weight="1" > walking on </bigram>
    <bigram weight="1" > fortunate for </bigram>
    <bigram weight="1" > as i </bigram>
    <bigram weight="1" > surface of </bigram>
    <bigram weight="1" > with our </bigram>
    <bigram weight="1" > of direct </bigram>
    <bigram weight="1" > oak on </bigram>
    <bigram weight="1" > a scientist </bigram>
    <bigram weight="1" > protests ### </bigram>
    <bigram weight="1" > have failed </bigram>
    <bigram weight="1" > # later </bigram>
    <bigram weight="1" > ### they </bigram>
    <bigram weight="1" > eye lashes </bigram>
    <bigram weight="1" > red oak </bigram>
    <bigram weight="1" > ### these </bigram>
    <bigram weight="1" > ### pictorial </bigram>
    <bigram weight="1" > ### dr </bigram>
    <bigram weight="1" > nature ### </bigram>
    <bigram weight="1" > men are </bigram>
    <bigram weight="1" > that my </bigram>
    <bigram weight="1" > the eve </bigram>
    <bigram weight="1" > the moon </bigram>
    <bigram weight="1" > # yet </bigram>
    <bigram weight="1" > of what </bigram>
    <bigram weight="1" > say how </bigram>
    <bigram weight="1" > render another </bigram>
    <bigram weight="1" > and we </bigram>
    <bigram weight="1" > was not </bigram>
    <bigram weight="1" > the white </bigram>
    <bigram weight="1" > great painter </bigram>
    <bigram weight="1" > their black </bigram>
    <bigram weight="1" > legs up </bigram>
    <bigram weight="1" > shakespeare ### </bigram>
    <bigram weight="1" > my eyes </bigram>
    <bigram weight="1" > and clouds </bigram>
    <bigram weight="1" > glorious ones </bigram>
    <bigram weight="1" > discussing the </bigram>
    <bigram weight="1" > the course </bigram>
    <bigram weight="1" > used different </bigram>
    <bigram weight="1" > his artistic </bigram>
    <bigram weight="1" > declares ### </bigram>
    <bigram weight="1" > which i </bigram>
    <bigram weight="1" > massed together </bigram>
    <bigram weight="1" > thoreau s </bigram>
    <bigram weight="1" > trouble some </bigram>
    <bigram weight="1" > a pencil </bigram>
    <bigram weight="1" > all its </bigram>
    <bigram weight="1" > tne picture </bigram>
    <bigram weight="1" > wholes ### </bigram>
    <bigram weight="1" > inky ### </bigram>
    <bigram weight="1" > flections ### </bigram>
    <bigram weight="1" > dr down </bigram>
    <bigram weight="1" > # seeing </bigram>
    <bigram weight="1" > paddled down </bigram>
    <bigram weight="1" > most unfrequented </bigram>
    <bigram weight="1" > of meteorology </bigram>
    <bigram weight="1" > passages discussing </bigram>
    <bigram weight="1" > tree ### </bigram>
    <bigram weight="1" > and made </bigram>
    <bigram weight="1" > poet and </bigram>
    <bigram weight="1" > eyes see </bigram>
    <bigram weight="1" > more interested </bigram>
    <bigram weight="1" > to preserve </bigram>
    <bigram weight="1" > will forever </bigram>
    <bigram weight="1" > ### leafy </bigram>
    <bigram weight="1" > no light </bigram>
    <bigram weight="1" > a moonlight </bigram>
    <bigram weight="1" > cones round </bigram>
    <bigram weight="1" > be seen </bigram>
    <bigram weight="1" > the character </bigram>
    <bigram weight="1" > selected and </bigram>
    <bigram weight="1" > between his </bigram>
    <bigram weight="1" > ### is </bigram>
    <bigram weight="1" > as my </bigram>
    <bigram weight="1" > chose and </bigram>
    <bigram weight="1" > some of </bigram>
    <bigram weight="1" > the reader </bigram>
    <bigram weight="1" > the student </bigram>
    <bigram weight="1" > its moods </bigram>
    <bigram weight="1" > dark in </bigram>
    <bigram weight="1" > very striking </bigram>
    <bigram weight="1" > the phenomena </bigram>
    <bigram weight="1" > # to </bigram>
    <bigram weight="1" > this way </bigram>
    <bigram weight="1" > look carefully </bigram>
    <bigram weight="1" > of spatial </bigram>
    <bigram weight="1" > know ### </bigram>
    <bigram weight="1" > the dark </bigram>
    <bigram weight="1" > scientific eyesight </bigram>
    <bigram weight="1" > interesting and </bigram>
    <bigram weight="1" > the value </bigram>
    <bigram weight="1" > range of </bigram>
    <bigram weight="1" > same ### </bigram>
    <bigram weight="1" > colored points </bigram>
    <bigram weight="1" > seeing only </bigram>
    <bigram weight="1" > more ### </bigram>
    <bigram weight="1" > ### which </bigram>
    <bigram weight="1" > for one </bigram>
    <bigram weight="1" > born to </bigram>
    <bigram weight="1" > would casually </bigram>
    <bigram weight="1" > # disagreeing </bigram>
    <bigram weight="1" > clouds ### </bigram>
    <bigram weight="1" > let it </bigram>
    <bigram weight="1" > fairer when </bigram>
    <bigram weight="1" > to meet </bigram>
    <bigram weight="1" > tells us </bigram>
    <bigram weight="1" > his eye </bigram>
    <bigram weight="1" > was thoreau </bigram>
    <bigram weight="1" > hunters ### </bigram>
    <bigram weight="1" > lichens there </bigram>
    <bigram weight="1" > see that </bigram>
    <bigram weight="1" > # considering </bigram>
    <bigram weight="1" > the best </bigram>
    <bigram weight="1" > then light </bigram>
    <bigram weight="1" > closing mv </bigram>
    <bigram weight="1" > are not </bigram>
    <bigram weight="1" > i stood </bigram>
    <bigram weight="1" > # nature </bigram>
    <bigram weight="1" > show his </bigram>
    <bigram weight="1" > pictorial passage </bigram>
    <bigram weight="1" > buried in </bigram>
    <bigram weight="1" > imagery ### </bigram>
    <bigram weight="1" > s point </bigram>
    <bigram weight="1" > infinite number </bigram>
    <bigram weight="1" > seeing by </bigram>
    <bigram weight="1" > autumn that </bigram>
    <bigram weight="1" > boat ride </bigram>
    <bigram weight="1" > a very </bigram>
    <bigram weight="1" > personal conflicts </bigram>
    <bigram weight="1" > often recording </bigram>
    <bigram weight="1" > coming to </bigram>
    <bigram weight="1" > greater part </bigram>
    <bigram weight="1" > not a </bigram>
    <bigram weight="1" > to ## </bigram>
    <bigram weight="1" > thoughts ### </bigram>
    <bigram weight="1" > # walk </bigram>
    <bigram weight="1" > or flashes </bigram>
    <bigram weight="1" > excess that </bigram>
    <bigram weight="1" > such excess </bigram>
    <bigram weight="1" > scraps of </bigram>
    <bigram weight="1" > his wanting </bigram>
    <bigram weight="1" > were placed </bigram>
    <bigram weight="1" > microscope ### </bigram>
    <bigram weight="1" > this rhythmic </bigram>
    <bigram weight="1" > farmers ### </bigram>
    <bigram weight="1" > from a </bigram>
    <bigram weight="1" > he forced </bigram>
    <bigram weight="1" > never resist </bigram>
    <bigram weight="1" > and as </bigram>
    <bigram weight="1" > the very </bigram>
    <bigram weight="1" > reflections he </bigram>
    <bigram weight="1" > was precisely </bigram>
    <bigram weight="1" > points in </bigram>
    <bigram weight="1" > to write </bigram>
    <bigram weight="1" > a blotted </bigram>
    <bigram weight="1" > with in </bigram>
    <bigram weight="1" > walk more </bigram>
    <bigram weight="1" > his writina </bigram>
    <bigram weight="1" > perceive ### </bigram>
    <bigram weight="1" > paddle its </bigram>
    <bigram weight="1" > reconsidered ### </bigram>
    <bigram weight="1" > striving to </bigram>
    <bigram weight="1" > thoreau and </bigram>
    <bigram weight="1" > not keep </bigram>
    <bigram weight="1" > wiin trie </bigram>
    <bigram weight="1" > senses get </bigram>
    <bigram weight="1" > his observations </bigram>
    <bigram weight="1" > brilliant colored </bigram>
    <bigram weight="1" > # how </bigram>
    <bigram weight="1" > ### caskie </bigram>
    <bigram weight="1" > moods ### </bigram>
    <bigram weight="1" > where the </bigram>
    <bigram weight="1" > was to </bigram>
    <bigram weight="1" > are imaginative </bigram>
    <bigram weight="1" > symmetry ### </bigram>
    <bigram weight="1" > may almost </bigram>
    <bigram weight="1" > h ### </bigram>
    <bigram weight="1" > in an </bigram>
    <bigram weight="1" > saw it </bigram>
    <bigram weight="1" > s bank </bigram>
    <bigram weight="1" > not something </bigram>
    <bigram weight="1" > work for </bigram>
    <bigram weight="1" > toward the </bigram>
    <bigram weight="1" > sufficiently vital </bigram>
    <bigram weight="1" > ### against </bigram>
    <bigram weight="1" > would do </bigram>
    <bigram weight="1" > builds striking </bigram>
    <bigram weight="1" > partly closing </bigram>
    <bigram weight="1" > concealed to </bigram>
    <bigram weight="1" > hard work </bigram>
    <bigram weight="1" > not cast </bigram>
    <bigram weight="1" > he trained </bigram>
    <bigram weight="1" > had dipped </bigram>
    <bigram weight="1" > wholes nor </bigram>
    <bigram weight="1" > or paddle </bigram>
    <bigram weight="1" > we look </bigram>
    <bigram weight="1" > the wood </bigram>
    <bigram weight="1" > which slope </bigram>
    <bigram weight="1" > iheir fruits </bigram>
    <bigram weight="1" > my eye </bigram>
    <bigram weight="1" > ### objects </bigram>
    <bigram weight="1" > which nature </bigram>
    <bigram weight="1" > in some </bigram>
    <bigram weight="1" > that of </bigram>
    <bigram weight="1" > ebby hubbard </bigram>
    <bigram weight="1" > prose was </bigram>
    <bigram weight="1" > by reflections </bigram>
    <bigram weight="1" > are his </bigram>
    <bigram weight="1" > suffer from </bigram>
    <bigram weight="1" > most powerful </bigram>
    <bigram weight="1" > artistic insight </bigram>
    <bigram weight="1" > if your </bigram>
    <bigram weight="1" > not with </bigram>
    <bigram weight="1" > in my </bigram>
    <bigram weight="1" > perhaps there </bigram>
    <bigram weight="1" > an amusing </bigram>
    <bigram weight="1" > beauty visible </bigram>
    <bigram weight="1" > warm ### </bigram>
    <bigram weight="1" > eye it </bigram>
    <bigram weight="1" > more distinct </bigram>
    <bigram weight="1" > day ### </bigram>
    <bigram weight="1" > obvious ### </bigram>
    <bigram weight="1" > in october </bigram>
    <bigram weight="1" > down and </bigram>
    <bigram weight="1" > a natural </bigram>
    <bigram weight="1" > he uses </bigram>
    <bigram weight="1" > instead of </bigram>
    <bigram weight="1" > he did </bigram>
    <bigram weight="1" > color seems </bigram>
    <bigram weight="1" > inspired some </bigram>
    <bigram weight="1" > hubbard ### </bigram>
    <bigram weight="1" > disagreeing with </bigram>
    <bigram weight="1" > would get </bigram>
    <bigram weight="1" > facts and </bigram>
    <bigram weight="1" > gained another </bigram>
    <bigram weight="1" > the field </bigram>
    <bigram weight="1" > # these </bigram>
    <bigram weight="1" > toward them </bigram>
    <bigram weight="1" > will not </bigram>
    <bigram weight="1" > hardened by </bigram>
    <bigram weight="1" > reduced to </bigram>
    <bigram weight="1" > ### especially </bigram>
    <bigram weight="1" > seeing it </bigram>
    <bigram weight="1" > motor grinding </bigram>
    <bigram weight="1" > he seems </bigram>
    <bigram weight="1" > the two </bigram>
    <bigram weight="1" > then again </bigram>
    <bigram weight="1" > of stubble </bigram>
    <bigram weight="1" > in looking </bigram>
    <bigram weight="1" > he described </bigram>
    <bigram weight="1" > precisely as </bigram>
    <bigram weight="1" > yet he </bigram>
    <bigram weight="1" > in this </bigram>
    <bigram weight="1" > a more </bigram>
    <bigram weight="1" > a reflection </bigram>
    <bigram weight="1" > wood ### </bigram>
    <bigram weight="1" > across fair </bigram>
    <bigram weight="1" > for describing </bigram>
    <bigram weight="1" > by marianne </bigram>
    <bigram weight="1" > knowledge is </bigram>
    <bigram weight="1" > is better </bigram>
    <bigram weight="1" > in him </bigram>
    <bigram weight="1" > himselt ### </bigram>
    <bigram weight="1" > which last </bigram>
    <bigram weight="1" > came naturally </bigram>
    <bigram weight="1" > used ### </bigram>
    <bigram weight="1" > narrowed down </bigram>
    <bigram weight="1" > scientist ### </bigram>
    <bigram weight="1" > and buried </bigram>
    <bigram weight="1" > object ### </bigram>
    <bigram weight="1" > stone ### </bigram>
    <bigram weight="1" > obscurest ### </bigram>
    <bigram weight="1" > get no </bigram>
    <bigram weight="1" > walden with </bigram>
    <bigram weight="1" > very ### </bigram>
    <bigram weight="1" > hand against </bigram>
    <bigram weight="1" > # here </bigram>
    <bigram weight="1" > loves ### </bigram>
    <bigram weight="1" > ice ### </bigram>
    <bigram weight="1" > made a </bigram>
    <bigram weight="1" > or shakespeare </bigram>
    <bigram weight="1" > october ### </bigram>
    <bigram weight="1" > thoreau after </bigram>
    <bigram weight="1" > sort of </bigram>
    <bigram weight="1" > he used </bigram>
    <bigram weight="1" > commonly see </bigram>
    <bigram weight="1" > to clarify </bigram>
    <bigram weight="1" > ground or </bigram>
    <bigram weight="1" > are a </bigram>
    <bigram weight="1" > iook iriruuyn </bigram>
    <bigram weight="1" > understood some </bigram>
    <bigram weight="1" > stinnett talks </bigram>
    <bigram weight="1" > about dusk </bigram>
    <bigram weight="1" > our heads </bigram>
    <bigram weight="1" > warm sunlight </bigram>
    <bigram weight="1" > ex change </bigram>
    <bigram weight="1" > dark and </bigram>
    <bigram weight="1" > reflection you </bigram>
    <bigram weight="1" > or poetry </bigram>
    <bigram weight="1" > poetry ### </bigram>
    <bigram weight="1" > # now </bigram>
    <bigram weight="1" > common sense </bigram>
    <bigram weight="1" > ### my </bigram>
    <bigram weight="1" > was actually </bigram>
    <bigram weight="1" > today ### </bigram>
    <bigram weight="1" > which might </bigram>
    <bigram weight="1" > something that </bigram>
    <bigram weight="1" > discarded ### </bigram>
    <bigram weight="1" > senses wander </bigram>
    <bigram weight="1" > writing and </bigram>
    <bigram weight="1" > mature early </bigram>
    <bigram weight="1" > itself images </bigram>
    <bigram weight="1" > he remarks </bigram>
    <bigram weight="1" > some parts </bigram>
    <bigram weight="1" > till june </bigram>
    <bigram weight="1" > his legs </bigram>
    <bigram weight="1" > is more </bigram>
    <bigram weight="1" > the shadow </bigram>
    <bigram weight="1" > truly and </bigram>
    <bigram weight="1" > tell us </bigram>
    <bigram weight="1" > to inform </bigram>
    <bigram weight="1" > broad sweep </bigram>
    <bigram weight="1" > kinds of </bigram>
    <bigram weight="1" > we may </bigram>
    <bigram weight="1" > mechani cally </bigram>
    <bigram weight="1" > second love </bigram>
    <bigram weight="1" > common ### </bigram>
    <bigram weight="1" > is impossible </bigram>
    <bigram weight="1" > of handwritten </bigram>
    <bigram weight="1" > he stresses </bigram>
    <bigram weight="1" > bad ### </bigram>
    <bigram weight="1" > stresses that </bigram>
    <bigram weight="1" > a few </bigram>
    <bigram weight="1" > the object </bigram>
    <bigram weight="1" > this observing </bigram>
    <bigram weight="1" > vital and </bigram>
    <bigram weight="1" > ### see </bigram>
    <bigram weight="1" > to their </bigram>
    <bigram weight="1" > and beautiful </bigram>
    <bigram weight="1" > losing brightness </bigram>
    <bigram weight="1" > ### some </bigram>
    <bigram weight="1" > ap ### </bigram>
    <bigram weight="1" > who beautifully </bigram>
    <bigram weight="1" > day when </bigram>
    <bigram weight="1" > and more </bigram>
    <bigram weight="1" > the eastern </bigram>
    <bigram weight="1" > exploring all </bigram>
    <bigram weight="1" > ### seeing </bigram>
    <bigram weight="1" > my mind </bigram>
    <bigram weight="1" > to delineate </bigram>
    <bigram weight="1" > even see </bigram>
    <bigram weight="1" > them all </bigram>
    <bigram weight="1" > fear that </bigram>
    <bigram weight="1" > behold it </bigram>
    <bigram weight="1" > am being </bigram>
    <bigram weight="1" > nothing of </bigram>
    <bigram weight="1" > wanted so </bigram>
    <bigram weight="1" > most interesting </bigram>
    <bigram weight="1" > ### steady </bigram>
    <bigram weight="1" > look for </bigram>
    <bigram weight="1" > ## thoreau </bigram>
    <bigram weight="1" > desperately to </bigram>
    <bigram weight="1" > eye toward </bigram>
    <bigram weight="1" > of wholes </bigram>
    <bigram weight="1" > was the </bigram>
    <bigram weight="1" > soon withering </bigram>
    <bigram weight="1" > becoming more </bigram>
    <bigram weight="1" > delicate ### </bigram>
    <bigram weight="1" > a match </bigram>
    <bigram weight="1" > our poten </bigram>
    <bigram weight="1" > ### too </bigram>
    <bigram weight="1" > tie must </bigram>
    <bigram weight="1" > ### because </bigram>
    <bigram weight="1" > ### let </bigram>
    <bigram weight="1" > eyelashes ### </bigram>
    <bigram weight="1" > hero has </bigram>
    <bigram weight="1" > be less </bigram>
    <bigram weight="1" > of brilliant </bigram>
    <bigram weight="1" > enchanted by </bigram>
    <bigram weight="1" > by so </bigram>
    <bigram weight="1" > ### perhaps </bigram>
    <bigram weight="1" > river breaks </bigram>
    <bigram weight="1" > of visionary </bigram>
    <bigram weight="1" > a dull </bigram>
    <bigram weight="1" > aglow with </bigram>
    <bigram weight="1" > # by </bigram>
    <bigram weight="1" > saunter ### </bigram>
    <bigram weight="1" > senses ### </bigram>
    <bigram weight="1" > who sits </bigram>
    <bigram weight="1" > praise than </bigram>
    <bigram weight="1" > always disturbed </bigram>
    <bigram weight="1" > gained a </bigram>
    <bigram weight="1" > of one </bigram>
    <bigram weight="1" > reflected and </bigram>
    <bigram weight="1" > sometimes his </bigram>
    <bigram weight="1" > fall of </bigram>
    <bigram weight="1" > the atlantic </bigram>
    <bigram weight="1" > his habitual </bigram>
    <bigram weight="1" > he knows </bigram>
    <bigram weight="1" > that deliberate </bigram>
    <bigram weight="1" > were his </bigram>
    <bigram weight="1" > eye were </bigram>
    <bigram weight="1" > # another </bigram>
    <bigram weight="1" > to you </bigram>
    <bigram weight="1" > see these </bigram>
    <bigram weight="1" > but half </bigram>
    <bigram weight="1" > the sky </bigram>
    <bigram weight="1" > sits in </bigram>
    <bigram weight="1" > in vain </bigram>
    <bigram weight="1" > caskie stinnett </bigram>
    <bigram weight="1" > border of </bigram>
    <bigram weight="1" > but only </bigram>
    <bigram weight="1" > uses a </bigram>
    <bigram weight="1" > with a </bigram>
    <bigram weight="1" > a ### </bigram>
    <bigram weight="1" > much be </bigram>
    <bigram weight="1" > was plainly </bigram>
    <bigram weight="1" > description of </bigram>
    <bigram weight="1" > is from </bigram>
    <bigram weight="1" > book or </bigram>
    <bigram weight="1" > dull ### </bigram>
    <bigram weight="1" > forced it </bigram>
    <bigram weight="1" > must let </bigram>
    <bigram weight="1" > ### unless </bigram>
    <bigram weight="1" > see ### </bigram>
    <bigram weight="1" > sky becomes </bigram>
    <bigram weight="1" > parts ### </bigram>
    <bigram weight="1" > david thoreau </bigram>
    <bigram weight="1" > beyond just </bigram>
    <bigram weight="1" > swine ### </bigram>
    <bigram weight="1" > reflects the </bigram>
    <bigram weight="1" > wnen you </bigram>
    <bigram weight="1" > amusing aside </bigram>
    <bigram weight="1" > a rock </bigram>
    <bigram weight="1" > ii ### </bigram>
    <bigram weight="1" > was always </bigram>
    <bigram weight="1" > of down </bigram>
    <bigram weight="1" > ### peculiarly </bigram>
    <bigram weight="1" > another for </bigram>
    <bigram weight="1" > a sense </bigram>
    <bigram weight="1" > apparently came </bigram>
    <bigram weight="1" > do well </bigram>
    <bigram weight="1" > through my </bigram>
    <bigram weight="1" > it turns </bigram>
    <bigram weight="1" > some poets </bigram>
    <bigram weight="1" > ### tinkered </bigram>
    <bigram weight="1" > glowed almost </bigram>
    <bigram weight="1" > eyes caught </bigram>
    <bigram weight="1" > early and </bigram>
    <bigram weight="1" > unlikely places </bigram>
    <bigram weight="1" > waist in </bigram>
    <bigram weight="1" > down to </bigram>
    <bigram weight="1" > j eye </bigram>
    <bigram weight="1" > write ### </bigram>
    <bigram weight="1" > his personal </bigram>
    <bigram weight="1" > indirect observation </bigram>
    <bigram weight="1" > let my </bigram>
    <bigram weight="1" > resigning himself </bigram>
    <bigram weight="1" > are prepared </bigram>
    <bigram weight="1" > just letting </bigram>
    <bigram weight="1" > tne river </bigram>
    <bigram weight="1" > stood directly </bigram>
    <bigram weight="1" > ### d </bigram>
    <bigram weight="1" > sweep ### </bigram>
    <bigram weight="1" > is ### </bigram>
    <bigram weight="1" > way henry </bigram>
    <bigram weight="1" > one time </bigram>
    <bigram weight="1" > ride to </bigram>
    <bigram weight="1" > possibilities of </bigram>
    <bigram weight="1" > the full </bigram>
    <bigram weight="1" > always striving </bigram>
    <bigram weight="1" > details ### </bigram>
    <bigram weight="1" > regrets that </bigram>
    <bigram weight="1" > shore as </bigram>
    <bigram weight="1" > two interests </bigram>
    <bigram weight="1" > keep till </bigram>
    <bigram weight="1" > a common </bigram>
    <bigram weight="1" > he of </bigram>
    <bigram weight="1" > have the </bigram>
    <bigram weight="1" > eminency if </bigram>
    <bigram weight="1" > painter who </bigram>
    <bigram weight="1" > of fact </bigram>
    <bigram weight="1" > writes in </bigram>
    <bigram weight="1" > your eye </bigram>
    <bigram weight="1" > almost like </bigram>
    <bigram weight="1" > early versions </bigram>
    <bigram weight="1" > observe are </bigram>
    <bigram weight="1" > stirring captain </bigram>
    <bigram weight="1" > startled by </bigram>
    <bigram weight="1" > whether he </bigram>
    <bigram weight="1" > vantage points </bigram>
    <bigram weight="1" > focus or </bigram>
    <bigram weight="1" > ### would </bigram>
    <bigram weight="1" > are junes </bigram>
    <bigram weight="1" > a poet </bigram>
    <bigram weight="1" > pencil of </bigram>
    <bigram weight="1" > headache as </bigram>
    <bigram weight="1" > see chiefly </bigram>
    <bigram weight="1" > dell does </bigram>
    <bigram weight="1" > art were </bigram>
    <bigram weight="1" > uses light </bigram>
    <bigram weight="1" > now i </bigram>
    <bigram weight="1" > flavor like </bigram>
    <bigram weight="1" > atlantic monthly </bigram>
    <bigram weight="1" > before ### </bigram>
    <bigram weight="1" > up at </bigram>
    <bigram weight="1" > a passerby </bigram>
    <bigram weight="1" > ambivalent desires </bigram>
    <bigram weight="1" > left side </bigram>
    <bigram weight="1" > have noticed </bigram>
    <bigram weight="1" > up the </bigram>
    <bigram weight="1" > tint ### </bigram>
    <bigram weight="1" > torn a </bigram>
    <bigram weight="1" > superficial and </bigram>
    <bigram weight="1" > and observed </bigram>
    <bigram weight="1" > things from </bigram>
    <bigram weight="1" > seeking to </bigram>
    <bigram weight="1" > is a </bigram>
    <bigram weight="1" > journal which </bigram>
    <bigram weight="1" > are seeing </bigram>
    <bigram weight="1" > recording these </bigram>
    <bigram weight="1" > # time </bigram>
    <bigram weight="1" > man dedicated </bigram>
    <bigram weight="1" > at nature </bigram>
    <bigram weight="1" > he seemed </bigram>
    <bigram weight="1" > the sight </bigram>
    <bigram weight="1" > observing ### </bigram>
    <bigram weight="1" > there ### </bigram>
    <bigram weight="1" > points and </bigram>
    <bigram weight="1" > to go </bigram>
    <bigram weight="1" > ones ### </bigram>
    <bigram weight="1" > rearranged ### </bigram>
    <bigram weight="1" > nor the </bigram>
    <bigram weight="1" > even the </bigram>
    <bigram weight="1" > phenomena ot </bigram>
    <bigram weight="1" > cause they </bigram>
    <bigram weight="1" > perception ### </bigram>
    <bigram weight="1" > it would </bigram>
    <bigram weight="1" > were a </bigram>
    <bigram weight="1" > letting his </bigram>
    <bigram weight="1" > other ### </bigram>
    <bigram weight="1" > same person </bigram>
    <bigram weight="1" > are affected </bigram>
    <bigram weight="1" > you ### </bigram>
    <bigram weight="1" > hills which </bigram>
    <bigram weight="1" > that how </bigram>
    <bigram weight="1" > detailed passages </bigram>
    <bigram weight="1" > his short </bigram>
    <bigram weight="1" > ### dry </bigram>
    <bigram weight="1" > without looking </bigram>
    <bigram weight="1" > of things </bigram>
    <bigram weight="1" > as to </bigram>
    <bigram weight="1" > say the </bigram>
    <bigram weight="1" > flashes ### </bigram>
    <bigram weight="1" > or squinting </bigram>
    <bigram weight="1" > even applied </bigram>
    <bigram weight="1" > advantage from </bigram>
    <bigram weight="1" > made our </bigram>
    <bigram weight="1" > mind and </bigram>
    <bigram weight="1" > moon ### </bigram>
    <bigram weight="1" > looking through </bigram>
    <bigram weight="1" > for in </bigram>
    <bigram weight="1" > sound over </bigram>
    <bigram weight="1" > impress the </bigram>
    <bigram weight="1" > answering reflections </bigram>
    <bigram weight="1" > carefully we </bigram>
    <bigram weight="1" > the less </bigram>
    <bigram weight="1" > look between </bigram>
    <bigram weight="1" > fails to </bigram>
    <bigram weight="1" > considering sauntering </bigram>
    <bigram weight="1" > ne received </bigram>
    <bigram weight="1" > he would </bigram>
    <bigram weight="1" > it difficult </bigram>
    <bigram weight="1" > observe was </bigram>
    <bigram weight="1" > stems massed </bigram>
    <bigram weight="1" > of papers </bigram>
    <bigram weight="1" > resist exploring </bigram>
    <bigram weight="1" > skies and </bigram>
    <bigram weight="1" > reflections shadows </bigram>
    <bigram weight="1" > side he </bigram>
    <bigram weight="1" > are tor </bigram>
    <bigram weight="1" > up to </bigram>
    <bigram weight="1" > the emotional </bigram>
    <bigram weight="1" > as because </bigram>
    <bigram weight="1" > human mind </bigram>
    <bigram weight="1" > light was </bigram>
    <bigram weight="1" > becomes tne </bigram>
    <bigram weight="1" > the hero </bigram>
    <bigram weight="1" > and significant </bigram>
    <bigram weight="1" > has become </bigram>
    <bigram weight="1" > should need </bigram>
    <bigram weight="1" > deliberate indirect </bigram>
    <bigram weight="1" > through the </bigram>
    <bigram weight="1" > yet more </bigram>
    <bigram weight="1" > time again </bigram>
    <bigram weight="1" > early but </bigram>
    <bigram weight="1" > and sodden </bigram>
    <bigram weight="1" > impressions of </bigram>
    <bigram weight="1" > meteorology and </bigram>
    <bigram weight="1" > fleeted red </bigram>
    <bigram weight="1" > seemed to </bigram>
    <bigram weight="1" > us where </bigram>
    <bigram weight="1" > and beauty </bigram>
    <bigram weight="1" > before another </bigram>
    <bigram weight="1" > and discarded </bigram>
    <bigram weight="1" > or pools </bigram>
    <bigram weight="1" > day about </bigram>
    <bigram weight="1" > i fear </bigram>
    <bigram weight="1" > is particularly </bigram>
    <bigram weight="1" > best of </bigram>
    <bigram weight="1" > enjoyed at </bigram>
    <bigram weight="1" > ## for </bigram>
    <bigram weight="1" > my eyelashes </bigram>
    <bigram weight="1" > particularly rich </bigram>
    <bigram weight="1" > an indian </bigram>
    <bigram weight="1" > a little </bigram>
    <bigram weight="1" > composition ### </bigram>
    <bigram weight="1" > his delicate </bigram>
    <bigram weight="1" > my hand </bigram>
    <bigram weight="1" > the strain </bigram>
    <bigram weight="1" > to glance </bigram>
    <bigram weight="1" > first ### </bigram>
    <bigram weight="1" > cool less </bigram>
    <bigram weight="1" > i look </bigram>
    <bigram weight="1" > glancing with </bigram>
    <bigram weight="1" > more truly </bigram>
    <bigram weight="1" > disturbed that </bigram>
    <bigram weight="1" > own world </bigram>
    <bigram weight="1" > tne eye </bigram>
    <bigram weight="1" > study would </bigram>
    <bigram weight="1" > have an </bigram>
    <bigram weight="1" > ### then </bigram>
    <bigram weight="1" > our backs </bigram>
    <bigram weight="1" > like the </bigram>
    <bigram weight="1" > i was </bigram>
    <bigram weight="1" > back of </bigram>
    <bigram weight="1" > him but </bigram>
    <bigram weight="1" > ### nov </bigram>
    <bigram weight="1" > ### perception </bigram>
    <bigram weight="1" > and report </bigram>
    <bigram weight="1" > might be </bigram>
    <bigram weight="1" > thoreau often </bigram>
    <bigram weight="1" > over the </bigram>
    <bigram weight="1" > sunny side </bigram>
    <bigram weight="1" > one book </bigram>
    <bigram weight="1" > the other </bigram>
</article>
