<?xml version="1.0" encoding="UTF-8"?>
<article id="10.2307/23394539" >
    <bigram weight="19" > ### ### </bigram>
    <bigram weight="16" > ## ### </bigram>
    <bigram weight="15" > ### # </bigram>
    <bigram weight="10" > ### ## </bigram>
    <bigram weight="8" > mrs ### </bigram>
    <bigram weight="6" > ### the </bigram>
    <bigram weight="6" > a ### </bigram>
    <bigram weight="6" > ### s </bigram>
    <bigram weight="5" > march ## </bigram>
    <bigram weight="5" > thoreau ### </bigram>
    <bigram weight="5" > ### alcott </bigram>
    <bigram weight="4" > in the </bigram>
    <bigram weight="4" > ### bronson </bigram>
    <bigram weight="4" > bronson alcott </bigram>
    <bigram weight="4" > the ### </bigram>
    <bigram weight="3" > of the </bigram>
    <bigram weight="3" > ticknor and </bigram>
    <bigram weight="3" > ### a </bigram>
    <bigram weight="3" > houghton library </bigram>
    <bigram weight="3" > v ### </bigram>
    <bigram weight="3" > ### march </bigram>
    <bigram weight="3" > t ### </bigram>
    <bigram weight="3" > the houghton </bigram>
    <bigram weight="3" > the forester </bigram>
    <bigram weight="3" > ### in </bigram>
    <bigram weight="3" > alcott ### </bigram>
    <bigram weight="3" > and fields </bigram>
    <bigram weight="2" > mr alcott </bigram>
    <bigram weight="2" > fields ### </bigram>
    <bigram weight="2" > # ### </bigram>
    <bigram weight="2" > for ## </bigram>
    <bigram weight="2" > f ### </bigram>
    <bigram weight="2" > ### and </bigram>
    <bigram weight="2" > diary for </bigram>
    <bigram weight="2" > ### forrester </bigram>
    <bigram weight="2" > ## and </bigram>
    <bigram weight="2" > forrester ### </bigram>
    <bigram weight="2" > on february </bigram>
    <bigram weight="2" > ### family </bigram>
    <bigram weight="2" > agreed to </bigram>
    <bigram weight="2" > brother ### </bigram>
    <bigram weight="2" > february ## </bigram>
    <bigram weight="2" > # ## </bigram>
    <bigram weight="2" > n ### </bigram>
    <bigram weight="2" > ### p </bigram>
    <bigram weight="2" > ### f </bigram>
    <bigram weight="2" > to thoreau </bigram>
    <bigram weight="2" > elizabeth hoar </bigram>
    <bigram weight="2" > ### diary </bigram>
    <bigram weight="2" > he is </bigram>
    <bigram weight="2" > forester ### </bigram>
    <bigram weight="2" > may ### </bigram>
    <bigram weight="2" > # on </bigram>
    <bigram weight="2" > ### but </bigram>
    <bigram weight="2" > # v </bigram>
    <bigram weight="2" > letters ### </bigram>
    <bigram weight="2" > library ### </bigram>
    <bigram weight="2" > atlantic monthly </bigram>
    <bigram weight="2" > w ### </bigram>
    <bigram weight="2" > p ### </bigram>
    <bigram weight="2" > vol ### </bigram>
    <bigram weight="2" > ### vol </bigram>
    <bigram weight="2" > to her </bigram>
    <bigram weight="2" > on the </bigram>
    <bigram weight="2" > edi tion </bigram>
    <bigram weight="2" > family letters </bigram>
    <bigram weight="2" > concord to </bigram>
    <bigram weight="2" > abigail may </bigram>
    <bigram weight="2" > april ## </bigram>
    <bigram weight="2" > ### w </bigram>
    <bigram weight="2" > the atlantic </bigram>
    <bigram weight="2" > ### mrs </bigram>
    <bigram weight="2" > ### sunday </bigram>
    <bigram weight="2" > the april </bigram>
    <bigram weight="2" > ### pratt </bigram>
    <bigram weight="2" > alcott wrote </bigram>
    <bigram weight="2" > of a </bigram>
    <bigram weight="2" > frederick wagner </bigram>
    <bigram weight="1" > mechanical part </bigram>
    <bigram weight="1" > reading the </bigram>
    <bigram weight="1" > waldo emerson </bigram>
    <bigram weight="1" > j ### </bigram>
    <bigram weight="1" > reported that </bigram>
    <bigram weight="1" > ticknor ### </bigram>
    <bigram weight="1" > all his </bigram>
    <bigram weight="1" > walden and </bigram>
    <bigram weight="1" > for the </bigram>
    <bigram weight="1" > poor thoreau </bigram>
    <bigram weight="1" > s reading </bigram>
    <bigram weight="1" > a second </bigram>
    <bigram weight="1" > ### have </bigram>
    <bigram weight="1" > he smiled </bigram>
    <bigram weight="1" > smiled as </bigram>
    <bigram weight="1" > in an </bigram>
    <bigram weight="1" > to please </bigram>
    <bigram weight="1" > # ot </bigram>
    <bigram weight="1" > rivers ### </bigram>
    <bigram weight="1" > introduction he </bigram>
    <bigram weight="1" > ### samuel </bigram>
    <bigram weight="1" > monthly ### </bigram>
    <bigram weight="1" > visiting thoreau </bigram>
    <bigram weight="1" > naa deen </bigram>
    <bigram weight="1" > may alcott </bigram>
    <bigram weight="1" > inoreau which </bigram>
    <bigram weight="1" > had requested </bigram>
    <bigram weight="1" > ## henry </bigram>
    <bigram weight="1" > then the </bigram>
    <bigram weight="1" > # may </bigram>
    <bigram weight="1" > of henry </bigram>
    <bigram weight="1" > the mtiantic </bigram>
    <bigram weight="1" > tion recently </bigram>
    <bigram weight="1" > dulled senses </bigram>
    <bigram weight="1" > come to </bigram>
    <bigram weight="1" > the letter </bigram>
    <bigram weight="1" > reprint walden </bigram>
    <bigram weight="1" > ## walter </bigram>
    <bigram weight="1" > during the </bigram>
    <bigram weight="1" > ### harvard </bigram>
    <bigram weight="1" > my solitary </bigram>
    <bigram weight="1" > aicolt ### </bigram>
    <bigram weight="1" > a wpek </bigram>
    <bigram weight="1" > on sunday </bigram>
    <bigram weight="1" > collection ### </bigram>
    <bigram weight="1" > ### v </bigram>
    <bigram weight="1" > all unsold </bigram>
    <bigram weight="1" > s note </bigram>
    <bigram weight="1" > no ### </bigram>
    <bigram weight="1" > to visit </bigram>
    <bigram weight="1" > as if </bigram>
    <bigram weight="1" > ### clinton </bigram>
    <bigram weight="1" > then a </bigram>
    <bigram weight="1" > ### on </bigram>
    <bigram weight="1" > the mechanical </bigram>
    <bigram weight="1" > tion ### </bigram>
    <bigram weight="1" > clinton ### </bigram>
    <bigram weight="1" > thomas browne </bigram>
    <bigram weight="1" > and his </bigram>
    <bigram weight="1" > which is </bigram>
    <bigram weight="1" > and in </bigram>
    <bigram weight="1" > should have </bigram>
    <bigram weight="1" > is to </bigram>
    <bigram weight="1" > january ## </bigram>
    <bigram weight="1" > although mrs </bigram>
    <bigram weight="1" > about every </bigram>
    <bigram weight="1" > # a </bigram>
    <bigram weight="1" > to publish </bigram>
    <bigram weight="1" > fields and </bigram>
    <bigram weight="1" > wnose seiectea </bigram>
    <bigram weight="1" > published with </bigram>
    <bigram weight="1" > sweet apples </bigram>
    <bigram weight="1" > most gone </bigram>
    <bigram weight="1" > second editiontz </bigram>
    <bigram weight="1" > of inoreau </bigram>
    <bigram weight="1" > tribute ### </bigram>
    <bigram weight="1" > lo tmb </bigram>
    <bigram weight="1" > if his </bigram>
    <bigram weight="1" > title page </bigram>
    <bigram weight="1" > style to </bigram>
    <bigram weight="1" > deen reaaing </bigram>
    <bigram weight="1" > very calm </bigram>
    <bigram weight="1" > editiontz on </bigram>
    <bigram weight="1" > he left </bigram>
    <bigram weight="1" > part himself </bigram>
    <bigram weight="1" > emerson read </bigram>
    <bigram weight="1" > tuesday ### </bigram>
    <bigram weight="1" > william d </bigram>
    <bigram weight="1" > and mrs </bigram>
    <bigram weight="1" > ### ticknor </bigram>
    <bigram weight="1" > college ### </bigram>
    <bigram weight="1" > ## bouaht </bigram>
    <bigram weight="1" > concord ### </bigram>
    <bigram weight="1" > no mention </bigram>
    <bigram weight="1" > response to </bigram>
    <bigram weight="1" > thoreau copying </bigram>
    <bigram weight="1" > has been </bigram>
    <bigram weight="1" > to that </bigram>
    <bigram weight="1" > of english </bigram>
    <bigram weight="1" > ### wnose </bigram>
    <bigram weight="1" > our poor </bigram>
    <bigram weight="1" > merrimack rivers </bigram>
    <bigram weight="1" > nathaniel hawthorne </bigram>
    <bigram weight="1" > to him </bigram>
    <bigram weight="1" > up a </bigram>
    <bigram weight="1" > the department </bigram>
    <bigram weight="1" > compared alcott </bigram>
    <bigram weight="1" > of it </bigram>
    <bigram weight="1" > kussin ### </bigram>
    <bigram weight="1" > earnest about </bigram>
    <bigram weight="1" > monthly containing </bigram>
    <bigram weight="1" > and then </bigram>
    <bigram weight="1" > samuel j </bigram>
    <bigram weight="1" > reissuing them </bigram>
    <bigram weight="1" > unknown mr </bigram>
    <bigram weight="1" > ### to </bigram>
    <bigram weight="1" > thoreau is </bigram>
    <bigram weight="1" > permission of </bigram>
    <bigram weight="1" > although alcott </bigram>
    <bigram weight="1" > d ### </bigram>
    <bigram weight="1" > the essays </bigram>
    <bigram weight="1" > hoar and </bigram>
    <bigram weight="1" > on april </bigram>
    <bigram weight="1" > ticknor had </bigram>
    <bigram weight="1" > ### kussin </bigram>
    <bigram weight="1" > conies of </bigram>
    <bigram weight="1" > and that </bigram>
    <bigram weight="1" > charming my </bigram>
    <bigram weight="1" > a bottle </bigram>
    <bigram weight="1" > apples and </bigram>
    <bigram weight="1" > requested the </bigram>
    <bigram weight="1" > music to </bigram>
    <bigram weight="1" > ### collection </bigram>
    <bigram weight="1" > s letters </bigram>
    <bigram weight="1" > gone elizabeth </bigram>
    <bigram weight="1" > were numbered </bigram>
    <bigram weight="1" > emerson spoke </bigram>
    <bigram weight="1" > left for </bigram>
    <bigram weight="1" > bringing their </bigram>
    <bigram weight="1" > ### b </bigram>
    <bigram weight="1" > said ### </bigram>
    <bigram weight="1" > # ticknor </bigram>
    <bigram weight="1" > the days </bigram>
    <bigram weight="1" > emerson ### </bigram>
    <bigram weight="1" > well of </bigram>
    <bigram weight="1" > endnotes ### </bigram>
    <bigram weight="1" > a beautiful </bigram>
    <bigram weight="1" > of mrs </bigram>
    <bigram weight="1" > ### published </bigram>
    <bigram weight="1" > alcott ## </bigram>
    <bigram weight="1" > mr t </bigram>
    <bigram weight="1" > containing his </bigram>
    <bigram weight="1" > henry david </bigram>
    <bigram weight="1" > please him </bigram>
    <bigram weight="1" > seiectea writings </bigram>
    <bigram weight="1" > ### y </bigram>
    <bigram weight="1" > ### nr </bigram>
    <bigram weight="1" > letters of </bigram>
    <bigram weight="1" > a new </bigram>
    <bigram weight="1" > university ### </bigram>
    <bigram weight="1" > makes no </bigram>
    <bigram weight="1" > tmb ### </bigram>
    <bigram weight="1" > orchard house </bigram>
    <bigram weight="1" > cnnrord and </bigram>
    <bigram weight="1" > his papers </bigram>
    <bigram weight="1" > sunday march </bigram>
    <bigram weight="1" > # although </bigram>
    <bigram weight="1" > it and </bigram>
    <bigram weight="1" > light and </bigram>
    <bigram weight="1" > ### brings </bigram>
    <bigram weight="1" > unsigned tribute </bigram>
    <bigram weight="1" > brings light </bigram>
    <bigram weight="1" > birds and </bigram>
    <bigram weight="1" > library and </bigram>
    <bigram weight="1" > ## mrs </bigram>
    <bigram weight="1" > s visiting </bigram>
    <bigram weight="1" > ### then </bigram>
    <bigram weight="1" > friday ### </bigram>
    <bigram weight="1" > any of </bigram>
    <bigram weight="1" > s style </bigram>
    <bigram weight="1" > ## agreed </bigram>
    <bigram weight="1" > ### by </bigram>
    <bigram weight="1" > ### hp </bigram>
    <bigram weight="1" > a biography </bigram>
    <bigram weight="1" > on friday </bigram>
    <bigram weight="1" > wild apples </bigram>
    <bigram weight="1" > thoreau should </bigram>
    <bigram weight="1" > sketch of </bigram>
    <bigram weight="1" > days of </bigram>
    <bigram weight="1" > in june </bigram>
    <bigram weight="1" > thought it </bigram>
    <bigram weight="1" > ## # </bigram>
    <bigram weight="1" > him ### </bigram>
    <bigram weight="1" > by james </bigram>
    <bigram weight="1" > to buy </bigram>
    <bigram weight="1" > sunday fell </bigram>
    <bigram weight="1" > # mrs </bigram>
    <bigram weight="1" > aided by </bigram>
    <bigram weight="1" > read the </bigram>
    <bigram weight="1" > said nothing </bigram>
    <bigram weight="1" > faithful elizabeth </bigram>
    <bigram weight="1" > ### frederick </bigram>
    <bigram weight="1" > papers miss </bigram>
    <bigram weight="1" > principle ### </bigram>
    <bigram weight="1" > one word </bigram>
    <bigram weight="1" > wagner ### </bigram>
    <bigram weight="1" > # abigail </bigram>
    <bigram weight="1" > numbered mr </bigram>
    <bigram weight="1" > to do </bigram>
    <bigram weight="1" > fields agreed </bigram>
    <bigram weight="1" > to reprint </bigram>
    <bigram weight="1" > hp cnnrord </bigram>
    <bigram weight="1" > sir thomas </bigram>
    <bigram weight="1" > are published </bigram>
    <bigram weight="1" > ihoreau liked </bigram>
    <bigram weight="1" > carried to </bigram>
    <bigram weight="1" > ## are </bigram>
    <bigram weight="1" > calm ### </bigram>
    <bigram weight="1" > alcott stated </bigram>
    <bigram weight="1" > sunday ### </bigram>
    <bigram weight="1" > the n </bigram>
    <bigram weight="1" > is very </bigram>
    <bigram weight="1" > ### n </bigram>
    <bigram weight="1" > of ## </bigram>
    <bigram weight="1" > arranging his </bigram>
    <bigram weight="1" > her brother </bigram>
    <bigram weight="1" > ## endnotes </bigram>
    <bigram weight="1" > ### our </bigram>
    <bigram weight="1" > of cider </bigram>
    <bigram weight="1" > and on </bigram>
    <bigram weight="1" > unsold conies </bigram>
    <bigram weight="1" > been working </bigram>
    <bigram weight="1" > s response </bigram>
    <bigram weight="1" > alcott reported </bigram>
    <bigram weight="1" > by the </bigram>
    <bigram weight="1" > cider which </bigram>
    <bigram weight="1" > ### aided </bigram>
    <bigram weight="1" > bv ticknor </bigram>
    <bigram weight="1" > projects on </bigram>
    <bigram weight="1" > autumnal tints </bigram>
    <bigram weight="1" > bouaht all </bigram>
    <bigram weight="1" > the essay </bigram>
    <bigram weight="1" > and love </bigram>
    <bigram weight="1" > unitarian minister </bigram>
    <bigram weight="1" > that ihoreau </bigram>
    <bigram weight="1" > ### wild </bigram>
    <bigram weight="1" > thing as </bigram>
    <bigram weight="1" > now and </bigram>
    <bigram weight="1" > ### naa </bigram>
    <bigram weight="1" > ### life </bigram>
    <bigram weight="1" > ### which </bigram>
    <bigram weight="1" > tion before </bigram>
    <bigram weight="1" > my life </bigram>
    <bigram weight="1" > that he </bigram>
    <bigram weight="1" > with a </bigram>
    <bigram weight="1" > harvard university </bigram>
    <bigram weight="1" > and said </bigram>
    <bigram weight="1" > walter harding </bigram>
    <bigram weight="1" > harding ### </bigram>
    <bigram weight="1" > wrote to </bigram>
    <bigram weight="1" > copying for </bigram>
    <bigram weight="1" > almost renews </bigram>
    <bigram weight="1" > working among </bigram>
    <bigram weight="1" > david thoreau </bigram>
    <bigram weight="1" > apprécia tion </bigram>
    <bigram weight="1" > his works </bigram>
    <bigram weight="1" > his sister </bigram>
    <bigram weight="1" > are charming </bigram>
    <bigram weight="1" > a uniform </bigram>
    <bigram weight="1" > has written </bigram>
    <bigram weight="1" > is too </bigram>
    <bigram weight="1" > his moments </bigram>
    <bigram weight="1" > nothing about </bigram>
    <bigram weight="1" > a good </bigram>
    <bigram weight="1" > appear in </bigram>
    <bigram weight="1" > before he </bigram>
    <bigram weight="1" > ### had </bigram>
    <bigram weight="1" > mtiantic preparatory </bigram>
    <bigram weight="1" > atlantic he </bigram>
    <bigram weight="1" > stated that </bigram>
    <bigram weight="1" > henry thoreau </bigram>
    <bigram weight="1" > blue birds </bigram>
    <bigram weight="1" > ### orchard </bigram>
    <bigram weight="1" > with the </bigram>
    <bigram weight="1" > to get </bigram>
    <bigram weight="1" > which seems </bigram>
    <bigram weight="1" > his ### </bigram>
    <bigram weight="1" > them in </bigram>
    <bigram weight="1" > hawthorne ### </bigram>
    <bigram weight="1" > robbins are </bigram>
    <bigram weight="1" > to appear </bigram>
    <bigram weight="1" > page as </bigram>
    <bigram weight="1" > bottle of </bigram>
    <bigram weight="1" > on tuesday </bigram>
    <bigram weight="1" > senses but </bigram>
    <bigram weight="1" > ### for </bigram>
    <bigram weight="1" > seen his </bigram>
    <bigram weight="1" > james t </bigram>
    <bigram weight="1" > writing a </bigram>
    <bigram weight="1" > april atlantic </bigram>
    <bigram weight="1" > an edi </bigram>
    <bigram weight="1" > among other </bigram>
    <bigram weight="1" > collec tion </bigram>
    <bigram weight="1" > professor of </bigram>
    <bigram weight="1" > uniform edi </bigram>
    <bigram weight="1" > aoril ## </bigram>
    <bigram weight="1" > room bringing </bigram>
    <bigram weight="1" > good introduction </bigram>
    <bigram weight="1" > parts unknown </bigram>
    <bigram weight="1" > wagner on </bigram>
    <bigram weight="1" > chairman of </bigram>
    <bigram weight="1" > the faithful </bigram>
    <bigram weight="1" > ### professor </bigram>
    <bigram weight="1" > beautiful sketch </bigram>
    <bigram weight="1" > ### autumnal </bigram>
    <bigram weight="1" > have you </bigram>
    <bigram weight="1" > extracts from </bigram>
    <bigram weight="1" > april no </bigram>
    <bigram weight="1" > minister in </bigram>
    <bigram weight="1" > ### fails </bigram>
    <bigram weight="1" > that william </bigram>
    <bigram weight="1" > but said </bigram>
    <bigram weight="1" > ### new </bigram>
    <bigram weight="1" > published bv </bigram>
    <bigram weight="1" > of concord </bigram>
    <bigram weight="1" > and edited </bigram>
    <bigram weight="1" > ### fields </bigram>
    <bigram weight="1" > solitary room </bigram>
    <bigram weight="1" > june with </bigram>
    <bigram weight="1" > nr rieias </bigram>
    <bigram weight="1" > fields had </bigram>
    <bigram weight="1" > essay and </bigram>
    <bigram weight="1" > of sir </bigram>
    <bigram weight="1" > have one </bigram>
    <bigram weight="1" > ### alfred </bigram>
    <bigram weight="1" > the previous </bigram>
    <bigram weight="1" > which fields </bigram>
    <bigram weight="1" > english and </bigram>
    <bigram weight="1" > been up </bigram>
    <bigram weight="1" > new title </bigram>
    <bigram weight="1" > wise apprécia </bigram>
    <bigram weight="1" > hamilton college </bigram>
    <bigram weight="1" > pratt ### </bigram>
    <bigram weight="1" > sister sophia </bigram>
    <bigram weight="1" > recently published </bigram>
    <bigram weight="1" > tints ### </bigram>
    <bigram weight="1" > knopf ### </bigram>
    <bigram weight="1" > from mrs </bigram>
    <bigram weight="1" > mr emerson </bigram>
    <bigram weight="1" > pp ### </bigram>
    <bigram weight="1" > life without </bigram>
    <bigram weight="1" > walking ### </bigram>
    <bigram weight="1" > mr ticknor </bigram>
    <bigram weight="1" > weak to </bigram>
    <bigram weight="1" > of wise </bigram>
    <bigram weight="1" > the brother </bigram>
    <bigram weight="1" > had come </bigram>
    <bigram weight="1" > to concord </bigram>
    <bigram weight="1" > himself mr </bigram>
    <bigram weight="1" > spoke well </bigram>
    <bigram weight="1" > new york </bigram>
    <bigram weight="1" > syracuse ### </bigram>
    <bigram weight="1" > had been </bigram>
    <bigram weight="1" > publish ### </bigram>
    <bigram weight="1" > the blue </bigram>
    <bigram weight="1" > get up </bigram>
    <bigram weight="1" > alcott dates </bigram>
    <bigram weight="1" > b ### </bigram>
    <bigram weight="1" > about ticknor </bigram>
    <bigram weight="1" > alcott noted </bigram>
    <bigram weight="1" > alcott has </bigram>
    <bigram weight="1" > he means </bigram>
    <bigram weight="1" > edited by </bigram>
    <bigram weight="1" > ralph waldo </bigram>
    <bigram weight="1" > house in </bigram>
    <bigram weight="1" > pratt of </bigram>
    <bigram weight="1" > works he </bigram>
    <bigram weight="1" > rapidly he </bigram>
    <bigram weight="1" > wpek on </bigram>
    <bigram weight="1" > written a </bigram>
    <bigram weight="1" > and chairman </bigram>
    <bigram weight="1" > ### walking </bigram>
    <bigram weight="1" > carries him </bigram>
    <bigram weight="1" > of emerson </bigram>
    <bigram weight="1" > too weak </bigram>
    <bigram weight="1" > in concord </bigram>
    <bigram weight="1" > as a </bigram>
    <bigram weight="1" > to my </bigram>
    <bigram weight="1" > that ralph </bigram>
    <bigram weight="1" > him he </bigram>
    <bigram weight="1" > york ### </bigram>
    <bigram weight="1" > of march </bigram>
    <bigram weight="1" > liked the </bigram>
    <bigram weight="1" > on t </bigram>
    <bigram weight="1" > reaaing in </bigram>
    <bigram weight="1" > biography of </bigram>
    <bigram weight="1" > my dulled </bigram>
    <bigram weight="1" > ### reissuing </bigram>
    <bigram weight="1" > do any </bigram>
    <bigram weight="1" > but this </bigram>
    <bigram weight="1" > dates the </bigram>
    <bigram weight="1" > his unsigned </bigram>
    <bigram weight="1" > every thing </bigram>
    <bigram weight="1" > fails rapidly </bigram>
    <bigram weight="1" > ### is </bigram>
    <bigram weight="1" > sophia ### </bigram>
    <bigram weight="1" > but earnest </bigram>
    <bigram weight="1" > renews my </bigram>
    <bigram weight="1" > for him </bigram>
    <bigram weight="1" > ### abigail </bigram>
    <bigram weight="1" > note ### </bigram>
    <bigram weight="1" > ot the </bigram>
    <bigram weight="1" > is arranging </bigram>
    <bigram weight="1" > by frederick </bigram>
    <bigram weight="1" > essays ### </bigram>
    <bigram weight="1" > and of </bigram>
    <bigram weight="1" > wrote from </bigram>
    <bigram weight="1" > forester to </bigram>
    <bigram weight="1" > previous january </bigram>
    <bigram weight="1" > ### hamilton </bigram>
    <bigram weight="1" > ### pp </bigram>
    <bigram weight="1" > to ### </bigram>
    <bigram weight="1" > ### collec </bigram>
    <bigram weight="1" > the early </bigram>
    <bigram weight="1" > preparatory lo </bigram>
    <bigram weight="1" > that of </bigram>
    <bigram weight="1" > as mr </bigram>
    <bigram weight="1" > ### knopf </bigram>
    <bigram weight="1" > in syracuse </bigram>
    <bigram weight="1" > is most </bigram>
    <bigram weight="1" > tion mr </bigram>
    <bigram weight="1" > him sweet </bigram>
    <bigram weight="1" > life ### </bigram>
    <bigram weight="1" > their music </bigram>
    <bigram weight="1" > up to </bigram>
    <bigram weight="1" > visit nathaniel </bigram>
    <bigram weight="1" > # extracts </bigram>
    <bigram weight="1" > other projects </bigram>
    <bigram weight="1" > word of </bigram>
    <bigram weight="1" > moments were </bigram>
    <bigram weight="1" > and merrimack </bigram>
    <bigram weight="1" > from the </bigram>
    <bigram weight="1" > and compared </bigram>
    <bigram weight="1" > he carried </bigram>
    <bigram weight="1" > alcott reports </bigram>
    <bigram weight="1" > by ticknor </bigram>
    <bigram weight="1" > ticknor has </bigram>
    <bigram weight="1" > is writing </bigram>
    <bigram weight="1" > early months </bigram>
    <bigram weight="1" > ### editor </bigram>
    <bigram weight="1" > thought thoreau </bigram>
    <bigram weight="1" > and ### </bigram>
    <bigram weight="1" > buy the </bigram>
    <bigram weight="1" > department ### </bigram>
    <bigram weight="1" > months of </bigram>
    <bigram weight="1" > and april </bigram>
    <bigram weight="1" > love ### </bigram>
    <bigram weight="1" > it a </bigram>
    <bigram weight="1" > letter ### </bigram>
    <bigram weight="1" > this ### </bigram>
    <bigram weight="1" > browne ### </bigram>
    <bigram weight="1" > in aoril </bigram>
    <bigram weight="1" > you seen </bigram>
    <bigram weight="1" > hoar is </bigram>
    <bigram weight="1" > y ### </bigram>
    <bigram weight="1" > published by </bigram>
    <bigram weight="1" > the right </bigram>
    <bigram weight="1" > writings aicolt </bigram>
    <bigram weight="1" > and robbins </bigram>
    <bigram weight="1" > apples ### </bigram>
    <bigram weight="1" > reports thoreau </bigram>
    <bigram weight="1" > means to </bigram>
    <bigram weight="1" > fell on </bigram>
    <bigram weight="1" > alfred a </bigram>
    <bigram weight="1" > mention of </bigram>
    <bigram weight="1" > for parts </bigram>
    <bigram weight="1" > rieias thought </bigram>
    <bigram weight="1" > ### almost </bigram>
    <bigram weight="1" > miss thoreau </bigram>
    <bigram weight="1" > seems to </bigram>
    <bigram weight="1" > alcott makes </bigram>
    <bigram weight="1" > ### during </bigram>
    <bigram weight="1" > her unitarian </bigram>
    <bigram weight="1" > without principle </bigram>
    <bigram weight="1" > and now </bigram>
    <bigram weight="1" > of all </bigram>
    <bigram weight="1" > he thought </bigram>
    <bigram weight="1" > him and </bigram>
    <bigram weight="1" > alcott carries </bigram>
    <bigram weight="1" > the permission </bigram>
    <bigram weight="1" > editor ### </bigram>
    <bigram weight="1" > noted that </bigram>
    <bigram weight="1" > thoreau the </bigram>
    <bigram weight="1" > right of </bigram>
    <bigram weight="1" > ## although </bigram>
</article>
