<?xml version="1.0" encoding="UTF-8"?>
<article id="10.2307/2379616" >
    <bigram weight="46" > ### # </bigram>
    <bigram weight="8" > # ### </bigram>
    <bigram weight="7" > thoreau ### </bigram>
    <bigram weight="7" > ### s </bigram>
    <bigram weight="6" > in the </bigram>
    <bigram weight="6" > # ## </bigram>
    <bigram weight="5" > ### and </bigram>
    <bigram weight="5" > ### ketcham </bigram>
    <bigram weight="5" > mr ### </bigram>
    <bigram weight="5" > ### the </bigram>
    <bigram weight="5" > ## ### </bigram>
    <bigram weight="5" > ### ### </bigram>
    <bigram weight="4" > # his </bigram>
    <bigram weight="4" > # in </bigram>
    <bigram weight="4" > for the </bigram>
    <bigram weight="4" > the case </bigram>
    <bigram weight="3" > # i </bigram>
    <bigram weight="3" > of the </bigram>
    <bigram weight="3" > # the </bigram>
    <bigram weight="3" > case against </bigram>
    <bigram weight="3" > it is </bigram>
    <bigram weight="3" > they are </bigram>
    <bigram weight="3" > walden ### </bigram>
    <bigram weight="3" > ### thoreau </bigram>
    <bigram weight="3" > is not </bigram>
    <bigram weight="3" > against thoreau </bigram>
    <bigram weight="3" > to the </bigram>
    <bigram weight="3" > to ### </bigram>
    <bigram weight="2" > ventured to </bigram>
    <bigram weight="2" > ### it </bigram>
    <bigram weight="2" > did not </bigram>
    <bigram weight="2" > in my </bigram>
    <bigram weight="2" > ### that </bigram>
    <bigram weight="2" > a case </bigram>
    <bigram weight="2" > dangerous ### </bigram>
    <bigram weight="2" > the music </bigram>
    <bigram weight="2" > ### to </bigram>
    <bigram weight="2" > me that </bigram>
    <bigram weight="2" > walden was </bigram>
    <bigram weight="2" > question of </bigram>
    <bigram weight="2" > of a </bigram>
    <bigram weight="2" > life at </bigram>
    <bigram weight="2" > do not </bigram>
    <bigram weight="2" > sense that </bigram>
    <bigram weight="2" > matter of </bigram>
    <bigram weight="2" > ### spiritual </bigram>
    <bigram weight="2" > logical consequences </bigram>
    <bigram weight="2" > at walden </bigram>
    <bigram weight="2" > # there </bigram>
    <bigram weight="2" > to enter </bigram>
    <bigram weight="2" > rest of </bigram>
    <bigram weight="2" > that he </bigram>
    <bigram weight="2" > ### something </bigram>
    <bigram weight="2" > by his </bigram>
    <bigram weight="2" > his ### </bigram>
    <bigram weight="2" > a question </bigram>
    <bigram weight="2" > is ### </bigram>
    <bigram weight="2" > ### for </bigram>
    <bigram weight="2" > insights ### </bigram>
    <bigram weight="2" > spiritual insights </bigram>
    <bigram weight="2" > ### but </bigram>
    <bigram weight="2" > # mr </bigram>
    <bigram weight="2" > not in </bigram>
    <bigram weight="2" > follow his </bigram>
    <bigram weight="2" > my article </bigram>
    <bigram weight="2" > john brown </bigram>
    <bigram weight="2" > # that </bigram>
    <bigram weight="2" > his life </bigram>
    <bigram weight="2" > have been </bigram>
    <bigram weight="2" > ketcham ### </bigram>
    <bigram weight="2" > ### is </bigram>
    <bigram weight="2" > when they </bigram>
    <bigram weight="2" > the rest </bigram>
    <bigram weight="2" > his own </bigram>
    <bigram weight="2" > at ### </bigram>
    <bigram weight="2" > they do </bigram>
    <bigram weight="2" > there is </bigram>
    <bigram weight="2" > thoreau to </bigram>
    <bigram weight="2" > ### was </bigram>
    <bigram weight="2" > to be </bigram>
    <bigram weight="2" > the logical </bigram>
    <bigram weight="2" > intended to </bigram>
    <bigram weight="1" > that his </bigram>
    <bigram weight="1" > impossible ### </bigram>
    <bigram weight="1" > j ### </bigram>
    <bigram weight="1" > ### long </bigram>
    <bigram weight="1" > this rejoinder </bigram>
    <bigram weight="1" > ### unnecessarily </bigram>
    <bigram weight="1" > something like </bigram>
    <bigram weight="1" > were the </bigram>
    <bigram weight="1" > exists ### </bigram>
    <bigram weight="1" > bare possibility </bigram>
    <bigram weight="1" > ### timehonored </bigram>
    <bigram weight="1" > alone ### </bigram>
    <bigram weight="1" > his conscience </bigram>
    <bigram weight="1" > passages ### </bigram>
    <bigram weight="1" > as highly </bigram>
    <bigram weight="1" > exhortation and </bigram>
    <bigram weight="1" > it ### </bigram>
    <bigram weight="1" > rationalization of </bigram>
    <bigram weight="1" > the world </bigram>
    <bigram weight="1" > as splendid </bigram>
    <bigram weight="1" > certain realms </bigram>
    <bigram weight="1" > surrendering to </bigram>
    <bigram weight="1" > of humanity </bigram>
    <bigram weight="1" > derived from </bigram>
    <bigram weight="1" > whether as </bigram>
    <bigram weight="1" > gandhi to </bigram>
    <bigram weight="1" > not hesitate </bigram>
    <bigram weight="1" > of walden </bigram>
    <bigram weight="1" > would like </bigram>
    <bigram weight="1" > not for </bigram>
    <bigram weight="1" > hobo who </bigram>
    <bigram weight="1" > that walden </bigram>
    <bigram weight="1" > the hobo </bigram>
    <bigram weight="1" > reasons disbar </bigram>
    <bigram weight="1" > that is </bigram>
    <bigram weight="1" > what different </bigram>
    <bigram weight="1" > law may </bigram>
    <bigram weight="1" > ### just </bigram>
    <bigram weight="1" > an illogicality </bigram>
    <bigram weight="1" > an extent </bigram>
    <bigram weight="1" > applied exclusively </bigram>
    <bigram weight="1" > as experience </bigram>
    <bigram weight="1" > be false </bigram>
    <bigram weight="1" > such a </bigram>
    <bigram weight="1" > declining into </bigram>
    <bigram weight="1" > can breed </bigram>
    <bigram weight="1" > charged ### </bigram>
    <bigram weight="1" > as indefectible </bigram>
    <bigram weight="1" > disbar the </bigram>
    <bigram weight="1" > himself alone </bigram>
    <bigram weight="1" > they were </bigram>
    <bigram weight="1" > men ### </bigram>
    <bigram weight="1" > to expose </bigram>
    <bigram weight="1" > can easily </bigram>
    <bigram weight="1" > at issue </bigram>
    <bigram weight="1" > all men </bigram>
    <bigram weight="1" > was his </bigram>
    <bigram weight="1" > matter what </bigram>
    <bigram weight="1" > indictment ### </bigram>
    <bigram weight="1" > case of </bigram>
    <bigram weight="1" > judgments when </bigram>
    <bigram weight="1" > men follow </bigram>
    <bigram weight="1" > that simple </bigram>
    <bigram weight="1" > exclusively to </bigram>
    <bigram weight="1" > s concept </bigram>
    <bigram weight="1" > we will </bigram>
    <bigram weight="1" > long as </bigram>
    <bigram weight="1" > verdict on </bigram>
    <bigram weight="1" > ## discussion </bigram>
    <bigram weight="1" > refusing to </bigram>
    <bigram weight="1" > stood in </bigram>
    <bigram weight="1" > he not </bigram>
    <bigram weight="1" > as seriously </bigram>
    <bigram weight="1" > invoked to </bigram>
    <bigram weight="1" > should have </bigram>
    <bigram weight="1" > ### step </bigram>
    <bigram weight="1" > mistaken ### </bigram>
    <bigram weight="1" > should even </bigram>
    <bigram weight="1" > like it </bigram>
    <bigram weight="1" > s most </bigram>
    <bigram weight="1" > in essence </bigram>
    <bigram weight="1" > evidence presented </bigram>
    <bigram weight="1" > was a </bigram>
    <bigram weight="1" > article did </bigram>
    <bigram weight="1" > mundane sophistries </bigram>
    <bigram weight="1" > compliment of </bigram>
    <bigram weight="1" > individual to </bigram>
    <bigram weight="1" > to convey </bigram>
    <bigram weight="1" > he did </bigram>
    <bigram weight="1" > rule are </bigram>
    <bigram weight="1" > his badgering </bigram>
    <bigram weight="1" > with universal </bigram>
    <bigram weight="1" > run to </bigram>
    <bigram weight="1" > these phrases </bigram>
    <bigram weight="1" > of dispute </bigram>
    <bigram weight="1" > inadequacies therein </bigram>
    <bigram weight="1" > the persistent </bigram>
    <bigram weight="1" > him the </bigram>
    <bigram weight="1" > ### not </bigram>
    <bigram weight="1" > the bare </bigram>
    <bigram weight="1" > opinion ### </bigram>
    <bigram weight="1" > # if </bigram>
    <bigram weight="1" > any ### </bigram>
    <bigram weight="1" > up an </bigram>
    <bigram weight="1" > become impossible </bigram>
    <bigram weight="1" > from some </bigram>
    <bigram weight="1" > to follow </bigram>
    <bigram weight="1" > or experience </bigram>
    <bigram weight="1" > suspect one </bigram>
    <bigram weight="1" > not a </bigram>
    <bigram weight="1" > will not </bigram>
    <bigram weight="1" > same time </bigram>
    <bigram weight="1" > more dubious </bigram>
    <bigram weight="1" > all the </bigram>
    <bigram weight="1" > discussion ## </bigram>
    <bigram weight="1" > it seems </bigram>
    <bigram weight="1" > s right </bigram>
    <bigram weight="1" > was never </bigram>
    <bigram weight="1" > rails ### </bigram>
    <bigram weight="1" > case thoreau </bigram>
    <bigram weight="1" > may result </bigram>
    <bigram weight="1" > he will </bigram>
    <bigram weight="1" > of conscience </bigram>
    <bigram weight="1" > conviction ### </bigram>
    <bigram weight="1" > according to </bigram>
    <bigram weight="1" > life would </bigram>
    <bigram weight="1" > noted his </bigram>
    <bigram weight="1" > was the </bigram>
    <bigram weight="1" > yet the </bigram>
    <bigram weight="1" > ### brief </bigram>
    <bigram weight="1" > above the </bigram>
    <bigram weight="1" > will never </bigram>
    <bigram weight="1" > and envy </bigram>
    <bigram weight="1" > take in </bigram>
    <bigram weight="1" > in this </bigram>
    <bigram weight="1" > step to </bigram>
    <bigram weight="1" > to speak </bigram>
    <bigram weight="1" > result from </bigram>
    <bigram weight="1" > but his </bigram>
    <bigram weight="1" > # john </bigram>
    <bigram weight="1" > most perverse </bigram>
    <bigram weight="1" > the rails </bigram>
    <bigram weight="1" > pond ### </bigram>
    <bigram weight="1" > conscience against </bigram>
    <bigram weight="1" > were superstitious </bigram>
    <bigram weight="1" > for if </bigram>
    <bigram weight="1" > enough to </bigram>
    <bigram weight="1" > bohemians or </bigram>
    <bigram weight="1" > brown ### </bigram>
    <bigram weight="1" > misapprehension suggested </bigram>
    <bigram weight="1" > impossible sense </bigram>
    <bigram weight="1" > never a </bigram>
    <bigram weight="1" > defend ### </bigram>
    <bigram weight="1" > brown were </bigram>
    <bigram weight="1" > started a </bigram>
    <bigram weight="1" > in agreeing </bigram>
    <bigram weight="1" > hears ### </bigram>
    <bigram weight="1" > the admirers </bigram>
    <bigram weight="1" > felt compelled </bigram>
    <bigram weight="1" > on getting </bigram>
    <bigram weight="1" > thoreau held </bigram>
    <bigram weight="1" > ### as </bigram>
    <bigram weight="1" > persistent irritation </bigram>
    <bigram weight="1" > a nation </bigram>
    <bigram weight="1" > are undoubtedly </bigram>
    <bigram weight="1" > badgering the </bigram>
    <bigram weight="1" > harper ### </bigram>
    <bigram weight="1" > against the </bigram>
    <bigram weight="1" > anarchism ### </bigram>
    <bigram weight="1" > # should </bigram>
    <bigram weight="1" > never see </bigram>
    <bigram weight="1" > his rationalization </bigram>
    <bigram weight="1" > issue ### </bigram>
    <bigram weight="1" > remains ### </bigram>
    <bigram weight="1" > compelled to </bigram>
    <bigram weight="1" > logician against </bigram>
    <bigram weight="1" > s dilemma </bigram>
    <bigram weight="1" > the more </bigram>
    <bigram weight="1" > one who </bigram>
    <bigram weight="1" > to his </bigram>
    <bigram weight="1" > ### must </bigram>
    <bigram weight="1" > do so </bigram>
    <bigram weight="1" > there are </bigram>
    <bigram weight="1" > not allow </bigram>
    <bigram weight="1" > were not </bigram>
    <bigram weight="1" > obey thoreau </bigram>
    <bigram weight="1" > the absurd </bigram>
    <bigram weight="1" > and the </bigram>
    <bigram weight="1" > ### at </bigram>
    <bigram weight="1" > different forms </bigram>
    <bigram weight="1" > consequences and </bigram>
    <bigram weight="1" > is inconsistent </bigram>
    <bigram weight="1" > any case </bigram>
    <bigram weight="1" > where it </bigram>
    <bigram weight="1" > over a </bigram>
    <bigram weight="1" > and very </bigram>
    <bigram weight="1" > walden pond </bigram>
    <bigram weight="1" > at the </bigram>
    <bigram weight="1" > n ### </bigram>
    <bigram weight="1" > criterion ### </bigram>
    <bigram weight="1" > illogicality matched </bigram>
    <bigram weight="1" > admire and </bigram>
    <bigram weight="1" > criticism leveled </bigram>
    <bigram weight="1" > thoreaus ### </bigram>
    <bigram weight="1" > phrases ### </bigram>
    <bigram weight="1" > the argument </bigram>
    <bigram weight="1" > a generation </bigram>
    <bigram weight="1" > even insisting </bigram>
    <bigram weight="1" > of thoreaus </bigram>
    <bigram weight="1" > to formulate </bigram>
    <bigram weight="1" > never ventured </bigram>
    <bigram weight="1" > for universal </bigram>
    <bigram weight="1" > consequences ### </bigram>
    <bigram weight="1" > with either </bigram>
    <bigram weight="1" > way of </bigram>
    <bigram weight="1" > of men </bigram>
    <bigram weight="1" > why we </bigram>
    <bigram weight="1" > ranting fanaticism </bigram>
    <bigram weight="1" > his notions </bigram>
    <bigram weight="1" > realms such </bigram>
    <bigram weight="1" > idealism and </bigram>
    <bigram weight="1" > to me </bigram>
    <bigram weight="1" > were also </bigram>
    <bigram weight="1" > to block </bigram>
    <bigram weight="1" > simple ### </bigram>
    <bigram weight="1" > meaning for </bigram>
    <bigram weight="1" > unsympathetic ### </bigram>
    <bigram weight="1" > empirical criterion </bigram>
    <bigram weight="1" > regarded his </bigram>
    <bigram weight="1" > such were </bigram>
    <bigram weight="1" > for nature </bigram>
    <bigram weight="1" > of refusing </bigram>
    <bigram weight="1" > no society </bigram>
    <bigram weight="1" > is one </bigram>
    <bigram weight="1" > mystic ### </bigram>
    <bigram weight="1" > law ### </bigram>
    <bigram weight="1" > seriously as </bigram>
    <bigram weight="1" > the rebellion </bigram>
    <bigram weight="1" > thoreau can </bigram>
    <bigram weight="1" > place his </bigram>
    <bigram weight="1" > in short </bigram>
    <bigram weight="1" > the mystic </bigram>
    <bigram weight="1" > desperation ### </bigram>
    <bigram weight="1" > brief of </bigram>
    <bigram weight="1" > ### see </bigram>
    <bigram weight="1" > majority rule </bigram>
    <bigram weight="1" > if he </bigram>
    <bigram weight="1" > any feeling </bigram>
    <bigram weight="1" > as they </bigram>
    <bigram weight="1" > with apocalyptic </bigram>
    <bigram weight="1" > consciences in </bigram>
    <bigram weight="1" > joined him </bigram>
    <bigram weight="1" > with lofty </bigram>
    <bigram weight="1" > that was </bigram>
    <bigram weight="1" > or validate </bigram>
    <bigram weight="1" > personal life </bigram>
    <bigram weight="1" > be made </bigram>
    <bigram weight="1" > then they </bigram>
    <bigram weight="1" > ### too </bigram>
    <bigram weight="1" > him ### </bigram>
    <bigram weight="1" > ### j </bigram>
    <bigram weight="1" > may have </bigram>
    <bigram weight="1" > we have </bigram>
    <bigram weight="1" > is all </bigram>
    <bigram weight="1" > either reason </bigram>
    <bigram weight="1" > or beachcombers </bigram>
    <bigram weight="1" > pronounces them </bigram>
    <bigram weight="1" > ### are </bigram>
    <bigram weight="1" > right and </bigram>
    <bigram weight="1" > anyone ### </bigram>
    <bigram weight="1" > for himself </bigram>
    <bigram weight="1" > this is </bigram>
    <bigram weight="1" > who stays </bigram>
    <bigram weight="1" > with his </bigram>
    <bigram weight="1" > is applied </bigram>
    <bigram weight="1" > a death </bigram>
    <bigram weight="1" > if thoreau </bigram>
    <bigram weight="1" > realms he </bigram>
    <bigram weight="1" > see a </bigram>
    <bigram weight="1" > his ideal </bigram>
    <bigram weight="1" > the individual </bigram>
    <bigram weight="1" > accept mr </bigram>
    <bigram weight="1" > and talks </bigram>
    <bigram weight="1" > with an </bigram>
    <bigram weight="1" > for those </bigram>
    <bigram weight="1" > things as </bigram>
    <bigram weight="1" > bent on </bigram>
    <bigram weight="1" > i paid </bigram>
    <bigram weight="1" > insisting ### </bigram>
    <bigram weight="1" > breed ### </bigram>
    <bigram weight="1" > universal principles </bigram>
    <bigram weight="1" > to place </bigram>
    <bigram weight="1" > to thoreau </bigram>
    <bigram weight="1" > reason or </bigram>
    <bigram weight="1" > ### fanaticism </bigram>
    <bigram weight="1" > ketcham pronounces </bigram>
    <bigram weight="1" > the defense </bigram>
    <bigram weight="1" > type that </bigram>
    <bigram weight="1" > paid him </bigram>
    <bigram weight="1" > many wrong </bigram>
    <bigram weight="1" > ### has </bigram>
    <bigram weight="1" > an indictment </bigram>
    <bigram weight="1" > envy him </bigram>
    <bigram weight="1" > ### n </bigram>
    <bigram weight="1" > also dangerous </bigram>
    <bigram weight="1" > thoreau they </bigram>
    <bigram weight="1" > psychological reasons </bigram>
    <bigram weight="1" > draw up </bigram>
    <bigram weight="1" > logical fallacies </bigram>
    <bigram weight="1" > from gandhi </bigram>
    <bigram weight="1" > been living </bigram>
    <bigram weight="1" > reason for </bigram>
    <bigram weight="1" > is caused </bigram>
    <bigram weight="1" > unwillingness to </bigram>
    <bigram weight="1" > as he </bigram>
    <bigram weight="1" > condemnation of </bigram>
    <bigram weight="1" > convey in </bigram>
    <bigram weight="1" > ferry ### </bigram>
    <bigram weight="1" > beachcombers or </bigram>
    <bigram weight="1" > such as </bigram>
    <bigram weight="1" > for everybody </bigram>
    <bigram weight="1" > he heard </bigram>
    <bigram weight="1" > and majority </bigram>
    <bigram weight="1" > indefectible ### </bigram>
    <bigram weight="1" > motives beginning </bigram>
    <bigram weight="1" > contradiction in </bigram>
    <bigram weight="1" > ### squarely </bigram>
    <bigram weight="1" > true ### </bigram>
    <bigram weight="1" > gamut of </bigram>
    <bigram weight="1" > getting a </bigram>
    <bigram weight="1" > ought to </bigram>
    <bigram weight="1" > s judgments </bigram>
    <bigram weight="1" > the shore </bigram>
    <bigram weight="1" > i intended </bigram>
    <bigram weight="1" > # thoreau </bigram>
    <bigram weight="1" > to such </bigram>
    <bigram weight="1" > ### vilify </bigram>
    <bigram weight="1" > undoubtedly as </bigram>
    <bigram weight="1" > just as </bigram>
    <bigram weight="1" > that the </bigram>
    <bigram weight="1" > held that </bigram>
    <bigram weight="1" > is no </bigram>
    <bigram weight="1" > a substantial </bigram>
    <bigram weight="1" > of motives </bigram>
    <bigram weight="1" > enter certain </bigram>
    <bigram weight="1" > been mistaken </bigram>
    <bigram weight="1" > unquestionably true </bigram>
    <bigram weight="1" > dispute ### </bigram>
    <bigram weight="1" > to logical </bigram>
    <bigram weight="1" > minority of </bigram>
    <bigram weight="1" > to walden </bigram>
    <bigram weight="1" > kind of </bigram>
    <bigram weight="1" > his contemporaries </bigram>
    <bigram weight="1" > highly suspect </bigram>
    <bigram weight="1" > validate where </bigram>
    <bigram weight="1" > anyone with </bigram>
    <bigram weight="1" > case for </bigram>
    <bigram weight="1" > formulate such </bigram>
    <bigram weight="1" > principles that </bigram>
    <bigram weight="1" > ever obey </bigram>
    <bigram weight="1" > # at </bigram>
    <bigram weight="1" > # those </bigram>
    <bigram weight="1" > feeling for </bigram>
    <bigram weight="1" > ### anyone </bigram>
    <bigram weight="1" > exhortation certainly </bigram>
    <bigram weight="1" > forms it </bigram>
    <bigram weight="1" > thoreau regarded </bigram>
    <bigram weight="1" > beyond logical </bigram>
    <bigram weight="1" > and so </bigram>
    <bigram weight="1" > rejoinder ### </bigram>
    <bigram weight="1" > unnecessarily eccentric </bigram>
    <bigram weight="1" > always right </bigram>
    <bigram weight="1" > guilty as </bigram>
    <bigram weight="1" > are subject </bigram>
    <bigram weight="1" > therein ### </bigram>
    <bigram weight="1" > even a </bigram>
    <bigram weight="1" > superstitious ### </bigram>
    <bigram weight="1" > be shown </bigram>
    <bigram weight="1" > good life </bigram>
    <bigram weight="1" > simply too </bigram>
    <bigram weight="1" > of thoreau </bigram>
    <bigram weight="1" > the good </bigram>
    <bigram weight="1" > of hares </bigram>
    <bigram weight="1" > not noble </bigram>
    <bigram weight="1" > ### inadequacies </bigram>
    <bigram weight="1" > # when </bigram>
    <bigram weight="1" > as charged </bigram>
    <bigram weight="1" > easily be </bigram>
    <bigram weight="1" > thoreau vincent </bigram>
    <bigram weight="1" > made out </bigram>
    <bigram weight="1" > ### his </bigram>
    <bigram weight="1" > tilt ### </bigram>
    <bigram weight="1" > such an </bigram>
    <bigram weight="1" > conscience as </bigram>
    <bigram weight="1" > ### princeton </bigram>
    <bigram weight="1" > prosecuting attorney </bigram>
    <bigram weight="1" > to appear </bigram>
    <bigram weight="1" > the misapprehension </bigram>
    <bigram weight="1" > of exhortation </bigram>
    <bigram weight="1" > example by </bigram>
    <bigram weight="1" > fanaticism of </bigram>
    <bigram weight="1" > he hears </bigram>
    <bigram weight="1" > the phrases </bigram>
    <bigram weight="1" > his personal </bigram>
    <bigram weight="1" > fallacies ### </bigram>
    <bigram weight="1" > the empirical </bigram>
    <bigram weight="1" > shown to </bigram>
    <bigram weight="1" > his kind </bigram>
    <bigram weight="1" > analysis is </bigram>
    <bigram weight="1" > who stood </bigram>
    <bigram weight="1" > application is </bigram>
    <bigram weight="1" > source ### </bigram>
    <bigram weight="1" > that no </bigram>
    <bigram weight="1" > and impossible </bigram>
    <bigram weight="1" > concept of </bigram>
    <bigram weight="1" > i noted </bigram>
    <bigram weight="1" > these principles </bigram>
    <bigram weight="1" > theory ### </bigram>
    <bigram weight="1" > in any </bigram>
    <bigram weight="1" > possibly dangerous </bigram>
    <bigram weight="1" > or ### </bigram>
    <bigram weight="1" > appears more </bigram>
    <bigram weight="1" > a number </bigram>
    <bigram weight="1" > however ### </bigram>
    <bigram weight="1" > the compliment </bigram>
    <bigram weight="1" > eccentric ### </bigram>
    <bigram weight="1" > suggested by </bigram>
    <bigram weight="1" > false ### </bigram>
    <bigram weight="1" > ### several </bigram>
    <bigram weight="1" > us with </bigram>
    <bigram weight="1" > time there </bigram>
    <bigram weight="1" > was for </bigram>
    <bigram weight="1" > for thoreau </bigram>
    <bigram weight="1" > or bohemians </bigram>
    <bigram weight="1" > those who </bigram>
    <bigram weight="1" > generation ### </bigram>
    <bigram weight="1" > anarchic individualism </bigram>
    <bigram weight="1" > those shared </bigram>
    <bigram weight="1" > as ### </bigram>
    <bigram weight="1" > the evidence </bigram>
    <bigram weight="1" > conscience above </bigram>
    <bigram weight="1" > march for </bigram>
    <bigram weight="1" > talks with </bigram>
    <bigram weight="1" > nation of </bigram>
    <bigram weight="1" > for ### </bigram>
    <bigram weight="1" > rebellion of </bigram>
    <bigram weight="1" > not all </bigram>
    <bigram weight="1" > # we </bigram>
    <bigram weight="1" > shared by </bigram>
    <bigram weight="1" > attorney bent </bigram>
    <bigram weight="1" > s condemnation </bigram>
    <bigram weight="1" > which is </bigram>
    <bigram weight="1" > just ### </bigram>
    <bigram weight="1" > a conviction </bigram>
    <bigram weight="1" > to earth </bigram>
    <bigram weight="1" > terror for </bigram>
    <bigram weight="1" > my opinion </bigram>
    <bigram weight="1" > superstitious and </bigram>
    <bigram weight="1" > obligatory for </bigram>
    <bigram weight="1" > block the </bigram>
    <bigram weight="1" > that a </bigram>
    <bigram weight="1" > matched only </bigram>
    <bigram weight="1" > appear for </bigram>
    <bigram weight="1" > the parallel </bigram>
    <bigram weight="1" > absurdity was </bigram>
    <bigram weight="1" > his injunction </bigram>
    <bigram weight="1" > was harper </bigram>
    <bigram weight="1" > too ### </bigram>
    <bigram weight="1" > collide with </bigram>
    <bigram weight="1" > perverse absurdity </bigram>
    <bigram weight="1" > has started </bigram>
    <bigram weight="1" > ### even </bigram>
    <bigram weight="1" > lofty idealism </bigram>
    <bigram weight="1" > a matter </bigram>
    <bigram weight="1" > to anarchic </bigram>
    <bigram weight="1" > and obligatory </bigram>
    <bigram weight="1" > his assumption </bigram>
    <bigram weight="1" > it may </bigram>
    <bigram weight="1" > ideal is </bigram>
    <bigram weight="1" > nature may </bigram>
    <bigram weight="1" > proves thoreau </bigram>
    <bigram weight="1" > obsession ### </bigram>
    <bigram weight="1" > splendid as </bigram>
    <bigram weight="1" > contemporaries should </bigram>
    <bigram weight="1" > that it </bigram>
    <bigram weight="1" > expose thoreau </bigram>
    <bigram weight="1" > analogous ### </bigram>
    <bigram weight="1" > rides the </bigram>
    <bigram weight="1" > is a </bigram>
    <bigram weight="1" > such things </bigram>
    <bigram weight="1" > is always </bigram>
    <bigram weight="1" > # yet </bigram>
    <bigram weight="1" > not find </bigram>
    <bigram weight="1" > for over </bigram>
    <bigram weight="1" > ### of </bigram>
    <bigram weight="1" > treating as </bigram>
    <bigram weight="1" > dubious according </bigram>
    <bigram weight="1" > substantial minority </bigram>
    <bigram weight="1" > a type </bigram>
    <bigram weight="1" > a prosecuting </bigram>
    <bigram weight="1" > no contradiction </bigram>
    <bigram weight="1" > ketcham retorts </bigram>
    <bigram weight="1" > them ### </bigram>
    <bigram weight="1" > are simply </bigram>
    <bigram weight="1" > in different </bigram>
    <bigram weight="1" > ### felt </bigram>
    <bigram weight="1" > agreeing ### </bigram>
    <bigram weight="1" > other passages </bigram>
    <bigram weight="1" > ### walden </bigram>
    <bigram weight="1" > may admire </bigram>
    <bigram weight="1" > that these </bigram>
    <bigram weight="1" > out ### </bigram>
    <bigram weight="1" > evidently superstitious </bigram>
    <bigram weight="1" > that can </bigram>
    <bigram weight="1" > which he </bigram>
    <bigram weight="1" > the verdict </bigram>
    <bigram weight="1" > have joined </bigram>
    <bigram weight="1" > beginning with </bigram>
    <bigram weight="1" > allow anyone </bigram>
    <bigram weight="1" > phrases were </bigram>
    <bigram weight="1" > quiet desperation </bigram>
    <bigram weight="1" > the matter </bigram>
    <bigram weight="1" > find his </bigram>
    <bigram weight="1" > collide ### </bigram>
    <bigram weight="1" > universal anarchism </bigram>
    <bigram weight="1" > princeton ### </bigram>
    <bigram weight="1" > liveliest of </bigram>
    <bigram weight="1" > i accept </bigram>
    <bigram weight="1" > possibility that </bigram>
    <bigram weight="1" > the same </bigram>
    <bigram weight="1" > too many </bigram>
    <bigram weight="1" > experience ### </bigram>
    <bigram weight="1" > his example </bigram>
    <bigram weight="1" > to draw </bigram>
    <bigram weight="1" > i hope </bigram>
    <bigram weight="1" > essence ### </bigram>
    <bigram weight="1" > number of </bigram>
    <bigram weight="1" > ketcham at </bigram>
    <bigram weight="1" > everybody ### </bigram>
    <bigram weight="1" > fanaticism ### </bigram>
    <bigram weight="1" > ### quiet </bigram>
    <bigram weight="1" > admirers who </bigram>
    <bigram weight="1" > practical application </bigram>
    <bigram weight="1" > on thoreau </bigram>
    <bigram weight="1" > of treating </bigram>
    <bigram weight="1" > he may </bigram>
    <bigram weight="1" > into ranting </bigram>
    <bigram weight="1" > absurd and </bigram>
    <bigram weight="1" > it already </bigram>
    <bigram weight="1" > very mundane </bigram>
    <bigram weight="1" > may take </bigram>
    <bigram weight="1" > within the </bigram>
    <bigram weight="1" > already exists </bigram>
    <bigram weight="1" > assumption that </bigram>
    <bigram weight="1" > extent ### </bigram>
    <bigram weight="1" > ### no </bigram>
    <bigram weight="1" > music which </bigram>
    <bigram weight="1" > irritation is </bigram>
    <bigram weight="1" > solitaries or </bigram>
    <bigram weight="1" > inconsistent with </bigram>
    <bigram weight="1" > ### or </bigram>
    <bigram weight="1" > the ### </bigram>
    <bigram weight="1" > logical analysis </bigram>
    <bigram weight="1" > several critics </bigram>
    <bigram weight="1" > ### from </bigram>
    <bigram weight="1" > injunction ### </bigram>
    <bigram weight="1" > is unquestionably </bigram>
    <bigram weight="1" > are evidently </bigram>
    <bigram weight="1" > as my </bigram>
    <bigram weight="1" > one reason </bigram>
    <bigram weight="1" > right to </bigram>
    <bigram weight="1" > article any </bigram>
    <bigram weight="1" > the way </bigram>
    <bigram weight="1" > the law </bigram>
    <bigram weight="1" > to defend </bigram>
    <bigram weight="1" > he took </bigram>
    <bigram weight="1" > some ### </bigram>
    <bigram weight="1" > about such </bigram>
    <bigram weight="1" > and declining </bigram>
    <bigram weight="1" > leveled by </bigram>
    <bigram weight="1" > a gamut </bigram>
    <bigram weight="1" > parallel psychological </bigram>
    <bigram weight="1" > earth in </bigram>
    <bigram weight="1" > all that </bigram>
    <bigram weight="1" > the liveliest </bigram>
    <bigram weight="1" > verities derived </bigram>
    <bigram weight="1" > by other </bigram>
    <bigram weight="1" > retorts that </bigram>
    <bigram weight="1" > the criticism </bigram>
    <bigram weight="1" > music he </bigram>
    <bigram weight="1" > subject to </bigram>
    <bigram weight="1" > on the </bigram>
    <bigram weight="1" > this point </bigram>
    <bigram weight="1" > timehonored tilt </bigram>
    <bigram weight="1" > vincent buranelli </bigram>
    <bigram weight="1" > squarely at </bigram>
    <bigram weight="1" > to run </bigram>
    <bigram weight="1" > as mr </bigram>
    <bigram weight="1" > wrong and </bigram>
    <bigram weight="1" > i do </bigram>
    <bigram weight="1" > can be </bigram>
    <bigram weight="1" > life ### </bigram>
    <bigram weight="1" > ### in </bigram>
    <bigram weight="1" > against law </bigram>
    <bigram weight="1" > point ### </bigram>
    <bigram weight="1" > ## this </bigram>
    <bigram weight="1" > as solitaries </bigram>
    <bigram weight="1" > # such </bigram>
    <bigram weight="1" > ### which </bigram>
    <bigram weight="1" > so collide </bigram>
    <bigram weight="1" > speak for </bigram>
    <bigram weight="1" > him on </bigram>
    <bigram weight="1" > own conscience </bigram>
    <bigram weight="1" > stays within </bigram>
    <bigram weight="1" > certainly can </bigram>
    <bigram weight="1" > who rides </bigram>
    <bigram weight="1" > hope to </bigram>
    <bigram weight="1" > by mr </bigram>
    <bigram weight="1" > ### however </bigram>
    <bigram weight="1" > thoreau for </bigram>
    <bigram weight="1" > meaning i </bigram>
    <bigram weight="1" > and i </bigram>
    <bigram weight="1" > them to </bigram>
    <bigram weight="1" > the meaning </bigram>
    <bigram weight="1" > principles as </bigram>
    <bigram weight="1" > by surrendering </bigram>
    <bigram weight="1" > heard was </bigram>
    <bigram weight="1" > humanity ### </bigram>
    <bigram weight="1" > at this </bigram>
    <bigram weight="1" > presented proves </bigram>
    <bigram weight="1" > that ### </bigram>
    <bigram weight="1" > sophistries ### </bigram>
    <bigram weight="1" > thoreau guilty </bigram>
    <bigram weight="1" > defense ### </bigram>
    <bigram weight="1" > apocalyptic terror </bigram>
    <bigram weight="1" > death march </bigram>
    <bigram weight="1" > only by </bigram>
    <bigram weight="1" > critics have </bigram>
    <bigram weight="1" > see beyond </bigram>
    <bigram weight="1" > and political </bigram>
    <bigram weight="1" > would become </bigram>
    <bigram weight="1" > which i </bigram>
    <bigram weight="1" > principles ### </bigram>
    <bigram weight="1" > and ### </bigram>
    <bigram weight="1" > individualism ### </bigram>
    <bigram weight="1" > is invoked </bigram>
    <bigram weight="1" > are not </bigram>
    <bigram weight="1" > by john </bigram>
    <bigram weight="1" > world ### </bigram>
    <bigram weight="1" > hares ### </bigram>
    <bigram weight="1" > own principles </bigram>
    <bigram weight="1" > in realms </bigram>
    <bigram weight="1" > of which </bigram>
    <bigram weight="1" > short ### </bigram>
    <bigram weight="1" > of taking </bigram>
    <bigram weight="1" > inadequacies in </bigram>
    <bigram weight="1" > # it </bigram>
    <bigram weight="1" > his obsession </bigram>
    <bigram weight="1" > very possibly </bigram>
    <bigram weight="1" > for entertaining </bigram>
    <bigram weight="1" > case appears </bigram>
    <bigram weight="1" > who would </bigram>
    <bigram weight="1" > something analogous </bigram>
    <bigram weight="1" > dilemma remains </bigram>
    <bigram weight="1" > notions about </bigram>
    <bigram weight="1" > buranelli the </bigram>
    <bigram weight="1" > are very </bigram>
    <bigram weight="1" > i did </bigram>
    <bigram weight="1" > shore of </bigram>
    <bigram weight="1" > not collide </bigram>
    <bigram weight="1" > noble verities </bigram>
    <bigram weight="1" > ### unsympathetic </bigram>
    <bigram weight="1" > was intended </bigram>
    <bigram weight="1" > society would </bigram>
    <bigram weight="1" > living with </bigram>
    <bigram weight="1" > more reason </bigram>
    <bigram weight="1" > entertaining the </bigram>
    <bigram weight="1" > have informed </bigram>
    <bigram weight="1" > his inadequacies </bigram>
    <bigram weight="1" > ### whether </bigram>
    <bigram weight="1" > did ### </bigram>
    <bigram weight="1" > so i </bigram>
    <bigram weight="1" > of us </bigram>
    <bigram weight="1" > argument at </bigram>
    <bigram weight="1" > taking these </bigram>
    <bigram weight="1" > experience is </bigram>
    <bigram weight="1" > and pernicious </bigram>
    <bigram weight="1" > informed me </bigram>
    <bigram weight="1" > took them </bigram>
    <bigram weight="1" > not strong </bigram>
    <bigram weight="1" > strong enough </bigram>
    <bigram weight="1" > ### source </bigram>
    <bigram weight="1" > seems to </bigram>
    <bigram weight="1" > would ever </bigram>
    <bigram weight="1" > from a </bigram>
    <bigram weight="1" > as moral </bigram>
    <bigram weight="1" > he never </bigram>
    <bigram weight="1" > only his </bigram>
    <bigram weight="1" > not ### </bigram>
    <bigram weight="1" > with any </bigram>
    <bigram weight="1" > like to </bigram>
    <bigram weight="1" > different men </bigram>
    <bigram weight="1" > ### then </bigram>
    <bigram weight="1" > hesitate to </bigram>
    <bigram weight="1" > caused by </bigram>
    <bigram weight="1" > of practical </bigram>
    <bigram weight="1" > s ferry </bigram>
    <bigram weight="1" > be just </bigram>
    <bigram weight="1" > vilify ### </bigram>
    <bigram weight="1" > ### only </bigram>
    <bigram weight="1" > he ventured </bigram>
    <bigram weight="1" > that all </bigram>
    <bigram weight="1" > the logician </bigram>
    <bigram weight="1" > enter ### </bigram>
    <bigram weight="1" > its meaning </bigram>
    <bigram weight="1" > men ought </bigram>
    <bigram weight="1" > the sense </bigram>
    <bigram weight="1" > of his </bigram>
    <bigram weight="1" > pernicious consciences </bigram>
    <bigram weight="1" > must he </bigram>
    <bigram weight="1" > political theory </bigram>
    <bigram weight="1" > of its </bigram>
    <bigram weight="1" > reason why </bigram>
    <bigram weight="1" > # they </bigram>
    <bigram weight="1" > ### he </bigram>
    <bigram weight="1" > no matter </bigram>
    <bigram weight="1" > his unwillingness </bigram>
    <bigram weight="1" > but in </bigram>
    <bigram weight="1" > moral exhortation </bigram>
</article>
