<?xml version="1.0" encoding="UTF-8"?>
<article id="10.2307/23394004" >
    <bigram weight="17" > ### ### </bigram>
    <bigram weight="15" > ### # </bigram>
    <bigram weight="9" > ## ### </bigram>
    <bigram weight="8" > ### ## </bigram>
    <bigram weight="5" > # ### </bigram>
    <bigram weight="5" > ### s </bigram>
    <bigram weight="4" > of the </bigram>
    <bigram weight="4" > ### and </bigram>
    <bigram weight="4" > university press </bigram>
    <bigram weight="4" > of ## </bigram>
    <bigram weight="3" > text ### </bigram>
    <bigram weight="3" > ### the </bigram>
    <bigram weight="3" > thoreau ### </bigram>
    <bigram weight="3" > in the </bigram>
    <bigram weight="3" > press ### </bigram>
    <bigram weight="3" > ### which </bigram>
    <bigram weight="3" > this text </bigram>
    <bigram weight="3" > of ### </bigram>
    <bigram weight="3" > to be </bigram>
    <bigram weight="2" > pp ### </bigram>
    <bigram weight="2" > p ### </bigram>
    <bigram weight="2" > of aeschylus </bigram>
    <bigram weight="2" > differs significantly </bigram>
    <bigram weight="2" > van anglen </bigram>
    <bigram weight="2" > ### seven </bigram>
    <bigram weight="2" > ed ### </bigram>
    <bigram weight="2" > d ### </bigram>
    <bigram weight="2" > ### to </bigram>
    <bigram weight="2" > emerson ### </bigram>
    <bigram weight="2" > # ## </bigram>
    <bigram weight="2" > ### p </bigram>
    <bigram weight="2" > which thoreau </bigram>
    <bigram weight="2" > against thebes </bigram>
    <bigram weight="2" > ### thoreau </bigram>
    <bigram weight="2" > and is </bigram>
    <bigram weight="2" > princeton university </bigram>
    <bigram weight="2" > ### ed </bigram>
    <bigram weight="2" > s library </bigram>
    <bigram weight="2" > for the </bigram>
    <bigram weight="2" > library ### </bigram>
    <bigram weight="2" > ### of </bigram>
    <bigram weight="2" > of this </bigram>
    <bigram weight="2" > ### pp </bigram>
    <bigram weight="2" > seven against </bigram>
    <bigram weight="2" > thebes ### </bigram>
    <bigram weight="2" > by princeton </bigram>
    <bigram weight="2" > of henry </bigram>
    <bigram weight="1" > be found </bigram>
    <bigram weight="1" > thoreau and </bigram>
    <bigram weight="1" > the course </bigram>
    <bigram weight="1" > and from </bigram>
    <bigram weight="1" > tauchnitz text </bigram>
    <bigram weight="1" > textual center </bigram>
    <bigram weight="1" > s reading </bigram>
    <bigram weight="1" > the university </bigram>
    <bigram weight="1" > later editions </bigram>
    <bigram weight="1" > mercantile societv </bigram>
    <bigram weight="1" > play ### </bigram>
    <bigram weight="1" > mccloskey and </bigram>
    <bigram weight="1" > anglen in </bigram>
    <bigram weight="1" > toi lowing </bigram>
    <bigram weight="1" > henry d </bigram>
    <bigram weight="1" > see ethel </bigram>
    <bigram weight="1" > summer of </bigram>
    <bigram weight="1" > and mr </bigram>
    <bigram weight="1" > # page </bigram>
    <bigram weight="1" > phraseology ### </bigram>
    <bigram weight="1" > during the </bigram>
    <bigram weight="1" > seybold ### </bigram>
    <bigram weight="1" > of course </bigram>
    <bigram weight="1" > # the </bigram>
    <bigram weight="1" > is presently </bigram>
    <bigram weight="1" > this facility </bigram>
    <bigram weight="1" > accurate expressae </bigram>
    <bigram weight="1" > ### va </bigram>
    <bigram weight="1" > yale university </bigram>
    <bigram weight="1" > and often </bigram>
    <bigram weight="1" > staten island </bigram>
    <bigram weight="1" > which is </bigram>
    <bigram weight="1" > ### line </bigram>
    <bigram weight="1" > found to </bigram>
    <bigram weight="1" > volume of </bigram>
    <bigram weight="1" > thoreau used </bigram>
    <bigram weight="1" > winter of </bigram>
    <bigram weight="1" > worked at </bigram>
    <bigram weight="1" > of phraseology </bigram>
    <bigram weight="1" > lator may </bigram>
    <bigram weight="1" > for four </bigram>
    <bigram weight="1" > the classics </bigram>
    <bigram weight="1" > the play </bigram>
    <bigram weight="1" > exemplar accurate </bigram>
    <bigram weight="1" > responsibility for </bigram>
    <bigram weight="1" > tragoediae ### </bigram>
    <bigram weight="1" > lipsiae ### </bigram>
    <bigram weight="1" > page ### </bigram>
    <bigram weight="1" > societv of </bigram>
    <bigram weight="1" > in each </bigram>
    <bigram weight="1" > introduction of </bigram>
    <bigram weight="1" > brennan for </bigram>
    <bigram weight="1" > significantly both </bigram>
    <bigram weight="1" > quest and </bigram>
    <bigram weight="1" > in emerson </bigram>
    <bigram weight="1" > second is </bigram>
    <bigram weight="1" > susan mccloskey </bigram>
    <bigram weight="1" > from other </bigram>
    <bigram weight="1" > for first </bigram>
    <bigram weight="1" > ## wish </bigram>
    <bigram weight="1" > graduate of </bigram>
    <bigram weight="1" > # note </bigram>
    <bigram weight="1" > classical text </bigram>
    <bigram weight="1" > course of </bigram>
    <bigram weight="1" > ## in </bigram>
    <bigram weight="1" > # these </bigram>
    <bigram weight="1" > a note </bigram>
    <bigram weight="1" > ### emerson </bigram>
    <bigram weight="1" > charlottes ville </bigram>
    <bigram weight="1" > significantly from </bigram>
    <bigram weight="1" > ### cambridge </bigram>
    <bigram weight="1" > in all </bigram>
    <bigram weight="1" > the volume </bigram>
    <bigram weight="1" > are two </bigram>
    <bigram weight="1" > first read </bigram>
    <bigram weight="1" > two relevant </bigram>
    <bigram weight="1" > of preparing </bigram>
    <bigram weight="1" > edition ### </bigram>
    <bigram weight="1" > readings of </bigram>
    <bigram weight="1" > ethel seybold </bigram>
    <bigram weight="1" > tauchnitn ### </bigram>
    <bigram weight="1" > k ### </bigram>
    <bigram weight="1" > ## there </bigram>
    <bigram weight="1" > s trans </bigram>
    <bigram weight="1" > ### oxonii </bigram>
    <bigram weight="1" > other contemporary </bigram>
    <bigram weight="1" > virginia ### </bigram>
    <bigram weight="1" > edition of </bigram>
    <bigram weight="1" > as one </bigram>
    <bigram weight="1" > at pembroke </bigram>
    <bigram weight="1" > of these </bigram>
    <bigram weight="1" > ### lipsiae </bigram>
    <bigram weight="1" > ad exemplar </bigram>
    <bigram weight="1" > study ing </bigram>
    <bigram weight="1" > tragedy during </bigram>
    <bigram weight="1" > the quest </bigram>
    <bigram weight="1" > is true </bigram>
    <bigram weight="1" > endnotes ### </bigram>
    <bigram weight="1" > fully documented </bigram>
    <bigram weight="1" > at the </bigram>
    <bigram weight="1" > in walter </bigram>
    <bigram weight="1" > may be </bigram>
    <bigram weight="1" > calling my </bigram>
    <bigram weight="1" > have determiniïï </bigram>
    <bigram weight="1" > the summer </bigram>
    <bigram weight="1" > the tragedy </bigram>
    <bigram weight="1" > has worked </bigram>
    <bigram weight="1" > lished by </bigram>
    <bigram weight="1" > this was </bigram>
    <bigram weight="1" > during his </bigram>
    <bigram weight="1" > the catalogue </bigram>
    <bigram weight="1" > thoreau textual </bigram>
    <bigram weight="1" > the thoreau </bigram>
    <bigram weight="1" > editor with </bigram>
    <bigram weight="1" > wish to </bigram>
    <bigram weight="1" > kevin van </bigram>
    <bigram weight="1" > s librarv </bigram>
    <bigram weight="1" > the print </bigram>
    <bigram weight="1" > texts of </bigram>
    <bigram weight="1" > ### editio </bigram>
    <bigram weight="1" > years ### </bigram>
    <bigram weight="1" > ### conn </bigram>
    <bigram weight="1" > was this </bigram>
    <bigram weight="1" > presently an </bigram>
    <bigram weight="1" > was the </bigram>
    <bigram weight="1" > princeton for </bigram>
    <bigram weight="1" > the first </bigram>
    <bigram weight="1" > catalogue of </bigram>
    <bigram weight="1" > ### see </bigram>
    <bigram weight="1" > the second </bigram>
    <bigram weight="1" > as well </bigram>
    <bigram weight="1" > by k </bigram>
    <bigram weight="1" > both from </bigram>
    <bigram weight="1" > ville ### </bigram>
    <bigram weight="1" > ## # </bigram>
    <bigram weight="1" > circumstances of </bigram>
    <bigram weight="1" > trans lator </bigram>
    <bigram weight="1" > the winter </bigram>
    <bigram weight="1" > ## ## </bigram>
    <bigram weight="1" > determiniïï which </bigram>
    <bigram weight="1" > which edi </bigram>
    <bigram weight="1" > which he </bigram>
    <bigram weight="1" > read the </bigram>
    <bigram weight="1" > press of </bigram>
    <bigram weight="1" > used during </bigram>
    <bigram weight="1" > stereotypa ### </bigram>
    <bigram weight="1" > this is </bigram>
    <bigram weight="1" > is included </bigram>
    <bigram weight="1" > notes and </bigram>
    <bigram weight="1" > ### listed </bigram>
    <bigram weight="1" > in which </bigram>
    <bigram weight="1" > translation of </bigram>
    <bigram weight="1" > # endnotes </bigram>
    <bigram weight="1" > these instances </bigram>
    <bigram weight="1" > which was </bigram>
    <bigram weight="1" > facility which </bigram>
    <bigram weight="1" > an editor </bigram>
    <bigram weight="1" > to thoreau </bigram>
    <bigram weight="1" > reading of </bigram>
    <bigram weight="1" > from later </bigram>
    <bigram weight="1" > ### translations </bigram>
    <bigram weight="1" > which differs </bigram>
    <bigram weight="1" > each instance </bigram>
    <bigram weight="1" > punctuation and </bigram>
    <bigram weight="1" > princeton ### </bigram>
    <bigram weight="1" > is the </bigram>
    <bigram weight="1" > aeschylus ### </bigram>
    <bigram weight="1" > pembroke college </bigram>
    <bigram weight="1" > by the </bigram>
    <bigram weight="1" > the trans </bigram>
    <bigram weight="1" > speeches ### </bigram>
    <bigram weight="1" > ### yale </bigram>
    <bigram weight="1" > well ### </bigram>
    <bigram weight="1" > emerson while </bigram>
    <bigram weight="1" > ## the </bigram>
    <bigram weight="1" > of princeton </bigram>
    <bigram weight="1" > there are </bigram>
    <bigram weight="1" > ### ad </bigram>
    <bigram weight="1" > the tauchnitz </bigram>
    <bigram weight="1" > walter harding </bigram>
    <bigram weight="1" > harding ### </bigram>
    <bigram weight="1" > to thank </bigram>
    <bigram weight="1" > oxford classical </bigram>
    <bigram weight="1" > ### i </bigram>
    <bigram weight="1" > forthcoming edition </bigram>
    <bigram weight="1" > and the </bigram>
    <bigram weight="1" > the translator </bigram>
    <bigram weight="1" > textual notes </bigram>
    <bigram weight="1" > of thoreau </bigram>
    <bigram weight="1" > print ing </bigram>
    <bigram weight="1" > translator this </bigram>
    <bigram weight="1" > course ### </bigram>
    <bigram weight="1" > and aeschylus </bigram>
    <bigram weight="1" > island with </bigram>
    <bigram weight="1" > with william </bigram>
    <bigram weight="1" > henry thoreau </bigram>
    <bigram weight="1" > was available </bigram>
    <bigram weight="1" > ### van </bigram>
    <bigram weight="1" > pub lished </bigram>
    <bigram weight="1" > mr ### </bigram>
    <bigram weight="1" > the tragoediae </bigram>
    <bigram weight="1" > translating the </bigram>
    <bigram weight="1" > editio stereotypa </bigram>
    <bigram weight="1" > editions of </bigram>
    <bigram weight="1" > willi am </bigram>
    <bigram weight="1" > capitalization as </bigram>
    <bigram weight="1" > william emerson </bigram>
    <bigram weight="1" > ### for </bigram>
    <bigram weight="1" > note on </bigram>
    <bigram weight="1" > ### d </bigram>
    <bigram weight="1" > instances will </bigram>
    <bigram weight="1" > cambridge ### </bigram>
    <bigram weight="1" > new haven </bigram>
    <bigram weight="1" > during which </bigram>
    <bigram weight="1" > volume ### </bigram>
    <bigram weight="1" > of punctuation </bigram>
    <bigram weight="1" > the mercantile </bigram>
    <bigram weight="1" > used by </bigram>
    <bigram weight="1" > to the </bigram>
    <bigram weight="1" > text itself </bigram>
    <bigram weight="1" > the existence </bigram>
    <bigram weight="1" > my attention </bigram>
    <bigram weight="1" > be pub </bigram>
    <bigram weight="1" > expressae ### </bigram>
    <bigram weight="1" > ### kevin </bigram>
    <bigram weight="1" > ### new </bigram>
    <bigram weight="1" > actually translating </bigram>
    <bigram weight="1" > ### be </bigram>
    <bigram weight="1" > preparing an </bigram>
    <bigram weight="1" > cases of </bigram>
    <bigram weight="1" > and capitalization </bigram>
    <bigram weight="1" > attention to </bigram>
    <bigram weight="1" > i have </bigram>
    <bigram weight="1" > conn ### </bigram>
    <bigram weight="1" > of new </bigram>
    <bigram weight="1" > am brennan </bigram>
    <bigram weight="1" > stay on </bigram>
    <bigram weight="1" > miss susan </bigram>
    <bigram weight="1" > ing of </bigram>
    <bigram weight="1" > his stay </bigram>
    <bigram weight="1" > the textual </bigram>
    <bigram weight="1" > # this </bigram>
    <bigram weight="1" > first calling </bigram>
    <bigram weight="1" > the circumstances </bigram>
    <bigram weight="1" > ### tauchnitn </bigram>
    <bigram weight="1" > is a </bigram>
    <bigram weight="1" > # a </bigram>
    <bigram weight="1" > four years </bigram>
    <bigram weight="1" > new york </bigram>
    <bigram weight="1" > translation differs </bigram>
    <bigram weight="1" > order ### </bigram>
    <bigram weight="1" > relevant printings </bigram>
    <bigram weight="1" > va ### </bigram>
    <bigram weight="1" > he first </bigram>
    <bigram weight="1" > an edition </bigram>
    <bigram weight="1" > ### ascription </bigram>
    <bigram weight="1" > classics ### </bigram>
    <bigram weight="1" > thoreau s </bigram>
    <bigram weight="1" > aeschylus and </bigram>
    <bigram weight="1" > tion of </bigram>
    <bigram weight="1" > ### willi </bigram>
    <bigram weight="1" > itself ### </bigram>
    <bigram weight="1" > on thoreau </bigram>
    <bigram weight="1" > and translation </bigram>
    <bigram weight="1" > on staten </bigram>
    <bigram weight="1" > ascription of </bigram>
    <bigram weight="1" > york ### </bigram>
    <bigram weight="1" > be fully </bigram>
    <bigram weight="1" > center at </bigram>
    <bigram weight="1" > available to </bigram>
    <bigram weight="1" > oxonii ### </bigram>
    <bigram weight="1" > is that </bigram>
    <bigram weight="1" > of speeches </bigram>
    <bigram weight="1" > often ### </bigram>
    <bigram weight="1" > of virginia </bigram>
    <bigram weight="1" > ing at </bigram>
    <bigram weight="1" > while actually </bigram>
    <bigram weight="1" > note ### </bigram>
    <bigram weight="1" > he has </bigram>
    <bigram weight="1" > existence of </bigram>
    <bigram weight="1" > lowing this </bigram>
    <bigram weight="1" > be published </bigram>
    <bigram weight="1" > # he </bigram>
    <bigram weight="1" > it was </bigram>
    <bigram weight="1" > of my </bigram>
    <bigram weight="1" > edi tion </bigram>
    <bigram weight="1" > and introduction </bigram>
    <bigram weight="1" > that of </bigram>
    <bigram weight="1" > ### charlottes </bigram>
    <bigram weight="1" > text of </bigram>
    <bigram weight="1" > printings of </bigram>
    <bigram weight="1" > durina the </bigram>
    <bigram weight="1" > from the </bigram>
    <bigram weight="1" > is now </bigram>
    <bigram weight="1" > included in </bigram>
    <bigram weight="1" > the writings </bigram>
    <bigram weight="1" > these is </bigram>
    <bigram weight="1" > contemporary texts </bigram>
    <bigram weight="1" > listed in </bigram>
    <bigram weight="1" > librarv durina </bigram>
    <bigram weight="1" > a graduate </bigram>
    <bigram weight="1" > was used </bigram>
    <bigram weight="1" > lations ### </bigram>
    <bigram weight="1" > first of </bigram>
    <bigram weight="1" > documented in </bigram>
    <bigram weight="1" > will ### </bigram>
    <bigram weight="1" > # it </bigram>
    <bigram weight="1" > translations ### </bigram>
    <bigram weight="1" > published as </bigram>
    <bigram weight="1" > all cases </bigram>
    <bigram weight="1" > anglen is </bigram>
    <bigram weight="1" > thoreau by </bigram>
    <bigram weight="1" > ### was </bigram>
    <bigram weight="1" > writings of </bigram>
    <bigram weight="1" > trans lations </bigram>
    <bigram weight="1" > line order </bigram>
    <bigram weight="1" > thoreau in </bigram>
    <bigram weight="1" > now study </bigram>
    <bigram weight="1" > my forthcoming </bigram>
    <bigram weight="1" > with responsibility </bigram>
    <bigram weight="1" > the oxford </bigram>
    <bigram weight="1" > s translation </bigram>
    <bigram weight="1" > aeschylus by </bigram>
    <bigram weight="1" > ### during </bigram>
    <bigram weight="1" > one volume </bigram>
    <bigram weight="1" > the readings </bigram>
    <bigram weight="1" > college ### </bigram>
    <bigram weight="1" > instance in </bigram>
    <bigram weight="1" > at princeton </bigram>
    <bigram weight="1" > haven ### </bigram>
    <bigram weight="1" > true in </bigram>
    <bigram weight="1" > be toi </bigram>
    <bigram weight="1" > thank miss </bigram>
</article>
