<?xml version="1.0" encoding="UTF-8"?>
<article id="10.2307/23393398" >
    <bigram weight="43" > ### # </bigram>
    <bigram weight="27" > ### ### </bigram>
    <bigram weight="12" > ### the </bigram>
    <bigram weight="10" > ## ### </bigram>
    <bigram weight="9" > of the </bigram>
    <bigram weight="9" > in the </bigram>
    <bigram weight="9" > ### s </bigram>
    <bigram weight="8" > ### and </bigram>
    <bigram weight="8" > # ### </bigram>
    <bigram weight="6" > the town </bigram>
    <bigram weight="6" > to the </bigram>
    <bigram weight="6" > for the </bigram>
    <bigram weight="5" > thoreau ### </bigram>
    <bigram weight="4" > town ### </bigram>
    <bigram weight="4" > in ## </bigram>
    <bigram weight="4" > ### as </bigram>
    <bigram weight="4" > ### a </bigram>
    <bigram weight="4" > area ### </bigram>
    <bigram weight="3" > the name </bigram>
    <bigram weight="3" > ### thoreau </bigram>
    <bigram weight="3" > # a </bigram>
    <bigram weight="3" > the mitchell </bigram>
    <bigram weight="3" > the ## </bigram>
    <bigram weight="3" > by the </bigram>
    <bigram weight="3" > a ### </bigram>
    <bigram weight="3" > # in </bigram>
    <bigram weight="3" > the area </bigram>
    <bigram weight="3" > name ### </bigram>
    <bigram weight="3" > with the </bigram>
    <bigram weight="3" > the same </bigram>
    <bigram weight="3" > the ### </bigram>
    <bigram weight="3" > to ### </bigram>
    <bigram weight="3" > ### in </bigram>
    <bigram weight="3" > and a </bigram>
    <bigram weight="2" > atlantic and </bigram>
    <bigram weight="2" > and pacific </bigram>
    <bigram weight="2" > west of </bigram>
    <bigram weight="2" > to a </bigram>
    <bigram weight="2" > he followed </bigram>
    <bigram weight="2" > making as </bigram>
    <bigram weight="2" > albuquerque ### </bigram>
    <bigram weight="2" > the hyde </bigram>
    <bigram weight="2" > mitchell ### </bigram>
    <bigram weight="2" > ### to </bigram>
    <bigram weight="2" > as in </bigram>
    <bigram weight="2" > part of </bigram>
    <bigram weight="2" > at the </bigram>
    <bigram weight="2" > as the </bigram>
    <bigram weight="2" > ### navajo </bigram>
    <bigram weight="2" > of a </bigram>
    <bigram weight="2" > down ### </bigram>
    <bigram weight="2" > ### ## </bigram>
    <bigram weight="2" > of timber </bigram>
    <bigram weight="2" > chaco canyon </bigram>
    <bigram weight="2" > the mississippi </bigram>
    <bigram weight="2" > santa fe </bigram>
    <bigram weight="2" > exploring expedition </bigram>
    <bigram weight="2" > # thoreau </bigram>
    <bigram weight="2" > ### which </bigram>
    <bigram weight="2" > of albuquerque </bigram>
    <bigram weight="2" > from ### </bigram>
    <bigram weight="2" > # fred </bigram>
    <bigram weight="2" > for lumber </bigram>
    <bigram weight="2" > michigan ### </bigram>
    <bigram weight="2" > ### but </bigram>
    <bigram weight="2" > on the </bigram>
    <bigram weight="2" > ### or </bigram>
    <bigram weight="2" > or the </bigram>
    <bigram weight="2" > # we </bigram>
    <bigram weight="2" > hyde exploring </bigram>
    <bigram weight="2" > that of </bigram>
    <bigram weight="2" > is now </bigram>
    <bigram weight="2" > called the </bigram>
    <bigram weight="2" > canyon ### </bigram>
    <bigram weight="2" > what is </bigram>
    <bigram weight="1" > and santa </bigram>
    <bigram weight="1" > now mesa </bigram>
    <bigram weight="1" > babbit soap </bigram>
    <bigram weight="1" > wild ### </bigram>
    <bigram weight="1" > reading as </bigram>
    <bigram weight="1" > several other </bigram>
    <bigram weight="1" > country west </bigram>
    <bigram weight="1" > accounts of </bigram>
    <bigram weight="1" > to uncover </bigram>
    <bigram weight="1" > navajo ### </bigram>
    <bigram weight="1" > son of </bigram>
    <bigram weight="1" > lecturing ### </bigram>
    <bigram weight="1" > than the </bigram>
    <bigram weight="1" > # how </bigram>
    <bigram weight="1" > a boost </bigram>
    <bigram weight="1" > slowly ### </bigram>
    <bigram weight="1" > rates were </bigram>
    <bigram weight="1" > journeyed no </bigram>
    <bigram weight="1" > shipping logs </bigram>
    <bigram weight="1" > by fire </bigram>
    <bigram weight="1" > high ### </bigram>
    <bigram weight="1" > named thoreau </bigram>
    <bigram weight="1" > ### day </bigram>
    <bigram weight="1" > dwelling ### </bigram>
    <bigram weight="1" > does not </bigram>
    <bigram weight="1" > and spanish </bigram>
    <bigram weight="1" > wetherill ### </bigram>
    <bigram weight="1" > had discovered </bigram>
    <bigram weight="1" > in wilderness </bigram>
    <bigram weight="1" > small kingdom </bigram>
    <bigram weight="1" > who had </bigram>
    <bigram weight="1" > the world </bigram>
    <bigram weight="1" > david thoreau </bigram>
    <bigram weight="1" > sawmill and </bigram>
    <bigram weight="1" > wait outside </bigram>
    <bigram weight="1" > ### fremont </bigram>
    <bigram weight="1" > new life </bigram>
    <bigram weight="1" > destroyed by </bigram>
    <bigram weight="1" > so far </bigram>
    <bigram weight="1" > nor conduct </bigram>
    <bigram weight="1" > two brothers </bigram>
    <bigram weight="1" > in his </bigram>
    <bigram weight="1" > is the </bigram>
    <bigram weight="1" > against a </bigram>
    <bigram weight="1" > addition to </bigram>
    <bigram weight="1" > restaurant called </bigram>
    <bigram weight="1" > its railway </bigram>
    <bigram weight="1" > calling the </bigram>
    <bigram weight="1" > intensely ### </bigram>
    <bigram weight="1" > now the </bigram>
    <bigram weight="1" > juniper trees </bigram>
    <bigram weight="1" > schools for </bigram>
    <bigram weight="1" > ### renamed </bigram>
    <bigram weight="1" > were too </bigram>
    <bigram weight="1" > barnes ### </bigram>
    <bigram weight="1" > the arrival </bigram>
    <bigram weight="1" > all his </bigram>
    <bigram weight="1" > lost its </bigram>
    <bigram weight="1" > not compete </bigram>
    <bigram weight="1" > depot was </bigram>
    <bigram weight="1" > trees invade </bigram>
    <bigram weight="1" > overhead in </bigram>
    <bigram weight="1" > mingle with </bigram>
    <bigram weight="1" > at lowest </bigram>
    <bigram weight="1" > ### pine </bigram>
    <bigram weight="1" > ### prizing </bigram>
    <bigram weight="1" > atchison ### </bigram>
    <bigram weight="1" > flying over </bigram>
    <bigram weight="1" > during the </bigram>
    <bigram weight="1" > commonly shortened </bigram>
    <bigram weight="1" > the surrounding </bigram>
    <bigram weight="1" > on that </bigram>
    <bigram weight="1" > system ### </bigram>
    <bigram weight="1" > acoma women </bigram>
    <bigram weight="1" > one also </bigram>
    <bigram weight="1" > after cutting </bigram>
    <bigram weight="1" > # the </bigram>
    <bigram weight="1" > miles east </bigram>
    <bigram weight="1" > conjectured ### </bigram>
    <bigram weight="1" > now on </bigram>
    <bigram weight="1" > pre historic </bigram>
    <bigram weight="1" > same awareness </bigram>
    <bigram weight="1" > seat on </bigram>
    <bigram weight="1" > the nearby </bigram>
    <bigram weight="1" > ### summer </bigram>
    <bigram weight="1" > ### their </bigram>
    <bigram weight="1" > with neat </bigram>
    <bigram weight="1" > last earth </bigram>
    <bigram weight="1" > opened a </bigram>
    <bigram weight="1" > mormon trek </bigram>
    <bigram weight="1" > invade the </bigram>
    <bigram weight="1" > # from </bigram>
    <bigram weight="1" > local pronunciation </bigram>
    <bigram weight="1" > stopped in </bigram>
    <bigram weight="1" > a franchise </bigram>
    <bigram weight="1" > s writings </bigram>
    <bigram weight="1" > others before </bigram>
    <bigram weight="1" > get the </bigram>
    <bigram weight="1" > footpath or </bigram>
    <bigram weight="1" > boost with </bigram>
    <bigram weight="1" > # establishing </bigram>
    <bigram weight="1" > then part </bigram>
    <bigram weight="1" > cadillac ### </bigram>
    <bigram weight="1" > the most </bigram>
    <bigram weight="1" > ### pur </bigram>
    <bigram weight="1" > kingdom of </bigram>
    <bigram weight="1" > warehouses and </bigram>
    <bigram weight="1" > and his </bigram>
    <bigram weight="1" > on foreign </bigram>
    <bigram weight="1" > soil or </bigram>
    <bigram weight="1" > trim little </bigram>
    <bigram weight="1" > and in </bigram>
    <bigram weight="1" > of pencil </bigram>
    <bigram weight="1" > we stopped </bigram>
    <bigram weight="1" > awareness ### </bigram>
    <bigram weight="1" > attractively landscaped </bigram>
    <bigram weight="1" > to day </bigram>
    <bigram weight="1" > fred and </bigram>
    <bigram weight="1" > shortened to </bigram>
    <bigram weight="1" > ruth carson </bigram>
    <bigram weight="1" > sky ### </bigram>
    <bigram weight="1" > wetherill opened </bigram>
    <bigram weight="1" > ### round </bigram>
    <bigram weight="1" > mater ### </bigram>
    <bigram weight="1" > physician ### </bigram>
    <bigram weight="1" > western town </bigram>
    <bigram weight="1" > small ### </bigram>
    <bigram weight="1" > japan ### </bigram>
    <bigram weight="1" > # henry </bigram>
    <bigram weight="1" > oregon trail </bigram>
    <bigram weight="1" > and to </bigram>
    <bigram weight="1" > brilliant skies </bigram>
    <bigram weight="1" > was an </bigram>
    <bigram weight="1" > learned ### </bigram>
    <bigram weight="1" > tures ### </bigram>
    <bigram weight="1" > the concord </bigram>
    <bigram weight="1" > shoreline of </bigram>
    <bigram weight="1" > ### not </bigram>
    <bigram weight="1" > the new </bigram>
    <bigram weight="1" > sunburned town </bigram>
    <bigram weight="1" > the services </bigram>
    <bigram weight="1" > house and </bigram>
    <bigram weight="1" > uncommon ### </bigram>
    <bigram weight="1" > on direct </bigram>
    <bigram weight="1" > their sawmill </bigram>
    <bigram weight="1" > office ### </bigram>
    <bigram weight="1" > s original </bigram>
    <bigram weight="1" > town water </bigram>
    <bigram weight="1" > of red </bigram>
    <bigram weight="1" > # this </bigram>
    <bigram weight="1" > thoreau lost </bigram>
    <bigram weight="1" > a market </bigram>
    <bigram weight="1" > was that </bigram>
    <bigram weight="1" > ### action </bigram>
    <bigram weight="1" > a year </bigram>
    <bigram weight="1" > round loaves </bigram>
    <bigram weight="1" > heirs to </bigram>
    <bigram weight="1" > with adobe </bigram>
    <bigram weight="1" > logs and </bigram>
    <bigram weight="1" > new england </bigram>
    <bigram weight="1" > loaves of </bigram>
    <bigram weight="1" > his travel </bigram>
    <bigram weight="1" > shipping point </bigram>
    <bigram weight="1" > of his </bigram>
    <bigram weight="1" > is aware </bigram>
    <bigram weight="1" > nor was </bigram>
    <bigram weight="1" > pacific railroad </bigram>
    <bigram weight="1" > came knows </bigram>
    <bigram weight="1" > brothers closed </bigram>
    <bigram weight="1" > the oregon </bigram>
    <bigram weight="1" > the two </bigram>
    <bigram weight="1" > # against </bigram>
    <bigram weight="1" > be came </bigram>
    <bigram weight="1" > name by </bigram>
    <bigram weight="1" > harvard ### </bigram>
    <bigram weight="1" > which does </bigram>
    <bigram weight="1" > mississippi ### </bigram>
    <bigram weight="1" > a young </bigram>
    <bigram weight="1" > expedition dissolved </bigram>
    <bigram weight="1" > can yon </bigram>
    <bigram weight="1" > ### required </bigram>
    <bigram weight="1" > railroad ### </bigram>
    <bigram weight="1" > establishing himself </bigram>
    <bigram weight="1" > a center </bigram>
    <bigram weight="1" > timber ### </bigram>
    <bigram weight="1" > of lumber </bigram>
    <bigram weight="1" > ### colonel </bigram>
    <bigram weight="1" > family name </bigram>
    <bigram weight="1" > corners area </bigram>
    <bigram weight="1" > are marked </bigram>
    <bigram weight="1" > marked with </bigram>
    <bigram weight="1" > to these </bigram>
    <bigram weight="1" > of america </bigram>
    <bigram weight="1" > sea in </bigram>
    <bigram weight="1" > ## in </bigram>
    <bigram weight="1" > ### per </bigram>
    <bigram weight="1" > widely accepted </bigram>
    <bigram weight="1" > the santa </bigram>
    <bigram weight="1" > cul tures </bigram>
    <bigram weight="1" > # son </bigram>
    <bigram weight="1" > to ask </bigram>
    <bigram weight="1" > # navajos </bigram>
    <bigram weight="1" > ### hern </bigram>
    <bigram weight="1" > another ### </bigram>
    <bigram weight="1" > and eventually </bigram>
    <bigram weight="1" > young physician </bigram>
    <bigram weight="1" > of bread </bigram>
    <bigram weight="1" > fresh from </bigram>
    <bigram weight="1" > from the </bigram>
    <bigram weight="1" > to michigan </bigram>
    <bigram weight="1" > would later </bigram>
    <bigram weight="1" > thoreau is </bigram>
    <bigram weight="1" > for three </bigram>
    <bigram weight="1" > thoreau journeyed </bigram>
    <bigram weight="1" > ing interstate </bigram>
    <bigram weight="1" > the sweep </bigram>
    <bigram weight="1" > ### miles </bigram>
    <bigram weight="1" > bears his </bigram>
    <bigram weight="1" > year the </bigram>
    <bigram weight="1" > philosopher ### </bigram>
    <bigram weight="1" > made a </bigram>
    <bigram weight="1" > of nearly </bigram>
    <bigram weight="1" > direction ### </bigram>
    <bigram weight="1" > day and </bigram>
    <bigram weight="1" > ### who </bigram>
    <bigram weight="1" > three decades </bigram>
    <bigram weight="1" > a large </bigram>
    <bigram weight="1" > uncover pueblo </bigram>
    <bigram weight="1" > pond # </bigram>
    <bigram weight="1" > the art </bigram>
    <bigram weight="1" > as are </bigram>
    <bigram weight="1" > three warehouses </bigram>
    <bigram weight="1" > citizenry ### </bigram>
    <bigram weight="1" > fortune of </bigram>
    <bigram weight="1" > his doctor </bigram>
    <bigram weight="1" > ### can </bigram>
    <bigram weight="1" > spirit ### </bigram>
    <bigram weight="1" > ### distant </bigram>
    <bigram weight="1" > a flawless </bigram>
    <bigram weight="1" > was given </bigram>
    <bigram weight="1" > are countless </bigram>
    <bigram weight="1" > down too </bigram>
    <bigram weight="1" > national monument </bigram>
    <bigram weight="1" > its appeal </bigram>
    <bigram weight="1" > his allusions </bigram>
    <bigram weight="1" > quaker who </bigram>
    <bigram weight="1" > eventually thoreau </bigram>
    <bigram weight="1" > ferent drummer </bigram>
    <bigram weight="1" > as had </bigram>
    <bigram weight="1" > ### at </bigram>
    <bigram weight="1" > an article </bigram>
    <bigram weight="1" > was accented </bigram>
    <bigram weight="1" > ruins in </bigram>
    <bigram weight="1" > ### all </bigram>
    <bigram weight="1" > outside the </bigram>
    <bigram weight="1" > united states </bigram>
    <bigram weight="1" > not pause </bigram>
    <bigram weight="1" > that farthest </bigram>
    <bigram weight="1" > timber in </bigram>
    <bigram weight="1" > sweep of </bigram>
    <bigram weight="1" > demand for </bigram>
    <bigram weight="1" > el paso </bigram>
    <bigram weight="1" > moon down </bigram>
    <bigram weight="1" > ### making </bigram>
    <bigram weight="1" > allusions to </bigram>
    <bigram weight="1" > of walden </bigram>
    <bigram weight="1" > association with </bigram>
    <bigram weight="1" > rail road </bigram>
    <bigram weight="1" > # ## </bigram>
    <bigram weight="1" > lowest ebb </bigram>
    <bigram weight="1" > not everyone </bigram>
    <bigram weight="1" > natural gas </bigram>
    <bigram weight="1" > henry david </bigram>
    <bigram weight="1" > econorny could </bigram>
    <bigram weight="1" > today ### </bigram>
    <bigram weight="1" > and lumber </bigram>
    <bigram weight="1" > market for </bigram>
    <bigram weight="1" > road passing </bigram>
    <bigram weight="1" > rail rates </bigram>
    <bigram weight="1" > charles darwin </bigram>
    <bigram weight="1" > he had </bigram>
    <bigram weight="1" > town so </bigram>
    <bigram weight="1" > a new </bigram>
    <bigram weight="1" > index to </bigram>
    <bigram weight="1" > slopes of </bigram>
    <bigram weight="1" > mexico ### </bigram>
    <bigram weight="1" > at chaco </bigram>
    <bigram weight="1" > ### nor </bigram>
    <bigram weight="1" > women sell </bigram>
    <bigram weight="1" > had read </bigram>
    <bigram weight="1" > trading post </bigram>
    <bigram weight="1" > monument ### </bigram>
    <bigram weight="1" > the place </bigram>
    <bigram weight="1" > of every </bigram>
    <bigram weight="1" > the railroad </bigram>
    <bigram weight="1" > at mitchell </bigram>
    <bigram weight="1" > three cul </bigram>
    <bigram weight="1" > zuni mountains </bigram>
    <bigram weight="1" > it was </bigram>
    <bigram weight="1" > name choice </bigram>
    <bigram weight="1" > de smet </bigram>
    <bigram weight="1" > of another </bigram>
    <bigram weight="1" > mexico ## </bigram>
    <bigram weight="1" > plant north </bigram>
    <bigram weight="1" > required three </bigram>
    <bigram weight="1" > of charles </bigram>
    <bigram weight="1" > geographical references </bigram>
    <bigram weight="1" > # for </bigram>
    <bigram weight="1" > years ### </bigram>
    <bigram weight="1" > miles to </bigram>
    <bigram weight="1" > mitchell house </bigram>
    <bigram weight="1" > was this </bigram>
    <bigram weight="1" > high above </bigram>
    <bigram weight="1" > but one </bigram>
    <bigram weight="1" > purchased by </bigram>
    <bigram weight="1" > subsequently destroyed </bigram>
    <bigram weight="1" > southern gateway </bigram>
    <bigram weight="1" > s ### </bigram>
    <bigram weight="1" > soap fortune </bigram>
    <bigram weight="1" > had attended </bigram>
    <bigram weight="1" > navajo and </bigram>
    <bigram weight="1" > ### vet </bigram>
    <bigram weight="1" > of americans </bigram>
    <bigram weight="1" > of mitchell </bigram>
    <bigram weight="1" > pause at </bigram>
    <bigram weight="1" > a few </bigram>
    <bigram weight="1" > life and </bigram>
    <bigram weight="1" > pencil ## </bigram>
    <bigram weight="1" > conduct toward </bigram>
    <bigram weight="1" > preservation of </bigram>
    <bigram weight="1" > post for </bigram>
    <bigram weight="1" > railway ties </bigram>
    <bigram weight="1" > direct ### </bigram>
    <bigram weight="1" > be given </bigram>
    <bigram weight="1" > year ### </bigram>
    <bigram weight="1" > few miles </bigram>
    <bigram weight="1" > boasted the </bigram>
    <bigram weight="1" > ### with </bigram>
    <bigram weight="1" > of gallup </bigram>
    <bigram weight="1" > the spirit </bigram>
    <bigram weight="1" > small shops </bigram>
    <bigram weight="1" > americans today </bigram>
    <bigram weight="1" > northwest ### </bigram>
    <bigram weight="1" > shops ### </bigram>
    <bigram weight="1" > grew ### </bigram>
    <bigram weight="1" > homes with </bigram>
    <bigram weight="1" > their railroad </bigram>
    <bigram weight="1" > apparently rail </bigram>
    <bigram weight="1" > themselves part </bigram>
    <bigram weight="1" > whether the </bigram>
    <bigram weight="1" > but another </bigram>
    <bigram weight="1" > lyceum lecturing </bigram>
    <bigram weight="1" > soared overhead </bigram>
    <bigram weight="1" > the widely </bigram>
    <bigram weight="1" > vet he </bigram>
    <bigram weight="1" > had made </bigram>
    <bigram weight="1" > in chateau </bigram>
    <bigram weight="1" > children of </bigram>
    <bigram weight="1" > reference to </bigram>
    <bigram weight="1" > small shop </bigram>
    <bigram weight="1" > # reading </bigram>
    <bigram weight="1" > read the </bigram>
    <bigram weight="1" > which ### </bigram>
    <bigram weight="1" > ### now </bigram>
    <bigram weight="1" > others ### </bigram>
    <bigram weight="1" > ## geographical </bigram>
    <bigram weight="1" > # nor </bigram>
    <bigram weight="1" > passing through </bigram>
    <bigram weight="1" > family at </bigram>
    <bigram weight="1" > we were </bigram>
    <bigram weight="1" > were heirs </bigram>
    <bigram weight="1" > mitchell from </bigram>
    <bigram weight="1" > ### nearby </bigram>
    <bigram weight="1" > doctor ### </bigram>
    <bigram weight="1" > from cadillac </bigram>
    <bigram weight="1" > ## wetherill </bigram>
    <bigram weight="1" > can only </bigram>
    <bigram weight="1" > prairie ### </bigram>
    <bigram weight="1" > darwin or </bigram>
    <bigram weight="1" > references from </bigram>
    <bigram weight="1" > and juniper </bigram>
    <bigram weight="1" > fame ### </bigram>
    <bigram weight="1" > ### china </bigram>
    <bigram weight="1" > everyone is </bigram>
    <bigram weight="1" > wetherill had </bigram>
    <bigram weight="1" > or at </bigram>
    <bigram weight="1" > town boasted </bigram>
    <bigram weight="1" > fe ### </bigram>
    <bigram weight="1" > from slopes </bigram>
    <bigram weight="1" > # his </bigram>
    <bigram weight="1" > spectacular back </bigram>
    <bigram weight="1" > genera tion </bigram>
    <bigram weight="1" > richard wetherill </bigram>
    <bigram weight="1" > gas company </bigram>
    <bigram weight="1" > ### get </bigram>
    <bigram weight="1" > we learned </bigram>
    <bigram weight="1" > emerson ### </bigram>
    <bigram weight="1" > s two </bigram>
    <bigram weight="1" > # with </bigram>
    <bigram weight="1" > sandstone cliffs </bigram>
    <bigram weight="1" > the best </bigram>
    <bigram weight="1" > closed their </bigram>
    <bigram weight="1" > ### southwestern </bigram>
    <bigram weight="1" > the townsite </bigram>
    <bigram weight="1" > day maintains </bigram>
    <bigram weight="1" > same rail </bigram>
    <bigram weight="1" > chateau ### </bigram>
    <bigram weight="1" > colonel doniphan </bigram>
    <bigram weight="1" > town grew </bigram>
    <bigram weight="1" > his writings </bigram>
    <bigram weight="1" > ### wetherill </bigram>
    <bigram weight="1" > night ### </bigram>
    <bigram weight="1" > community brought </bigram>
    <bigram weight="1" > how was </bigram>
    <bigram weight="1" > a trading </bigram>
    <bigram weight="1" > ### his </bigram>
    <bigram weight="1" > of arizona </bigram>
    <bigram weight="1" > the brothers </bigram>
    <bigram weight="1" > ### yet </bigram>
    <bigram weight="1" > yet common </bigram>
    <bigram weight="1" > and campers </bigram>
    <bigram weight="1" > flawless sky </bigram>
    <bigram weight="1" > talbot hyde </bigram>
    <bigram weight="1" > thoreau would </bigram>
    <bigram weight="1" > doniphan ### </bigram>
    <bigram weight="1" > don ### </bigram>
    <bigram weight="1" > way ### </bigram>
    <bigram weight="1" > as skilled </bigram>
    <bigram weight="1" > touch of </bigram>
    <bigram weight="1" > nearby zuni </bigram>
    <bigram weight="1" > cliff palace </bigram>
    <bigram weight="1" > through crownpoint </bigram>
    <bigram weight="1" > the journeys </bigram>
    <bigram weight="1" > little united </bigram>
    <bigram weight="1" > buses wait </bigram>
    <bigram weight="1" > the sphere </bigram>
    <bigram weight="1" > organized by </bigram>
    <bigram weight="1" > best engl </bigram>
    <bigram weight="1" > springs of </bigram>
    <bigram weight="1" > the american </bigram>
    <bigram weight="1" > gateway to </bigram>
    <bigram weight="1" > of john </bigram>
    <bigram weight="1" > tower repeats </bigram>
    <bigram weight="1" > list of </bigram>
    <bigram weight="1" > skies of </bigram>
    <bigram weight="1" > wilderness is </bigram>
    <bigram weight="1" > its rail </bigram>
    <bigram weight="1" > palace ### </bigram>
    <bigram weight="1" > travels on </bigram>
    <bigram weight="1" > ### michigan </bigram>
    <bigram weight="1" > water tower </bigram>
    <bigram weight="1" > board feet </bigram>
    <bigram weight="1" > reverting to </bigram>
    <bigram weight="1" > navajo blankets </bigram>
    <bigram weight="1" > followed a </bigram>
    <bigram weight="1" > africa # </bigram>
    <bigram weight="1" > in ### </bigram>
    <bigram weight="1" > ties ### </bigram>
    <bigram weight="1" > himself and </bigram>
    <bigram weight="1" > # after </bigram>
    <bigram weight="1" > a strong </bigram>
    <bigram weight="1" > prizing its </bigram>
    <bigram weight="1" > ### parkman </bigram>
    <bigram weight="1" > travel ing </bigram>
    <bigram weight="1" > county seat </bigram>
    <bigram weight="1" > l ### </bigram>
    <bigram weight="1" > name was </bigram>
    <bigram weight="1" > post office </bigram>
    <bigram weight="1" > question of </bigram>
    <bigram weight="1" > arizona territory </bigram>
    <bigram weight="1" > advice of </bigram>
    <bigram weight="1" > winter ### </bigram>
    <bigram weight="1" > consider themselves </bigram>
    <bigram weight="1" > england author </bigram>
    <bigram weight="1" > railroad shipping </bigram>
    <bigram weight="1" > of el </bigram>
    <bigram weight="1" > sell atlantic </bigram>
    <bigram weight="1" > in after </bigram>
    <bigram weight="1" > general merchandise </bigram>
    <bigram weight="1" > knows as </bigram>
    <bigram weight="1" > minnesota ### </bigram>
    <bigram weight="1" > carson a </bigram>
    <bigram weight="1" > # magpies </bigram>
    <bigram weight="1" > his family </bigram>
    <bigram weight="1" > ### springs </bigram>
    <bigram weight="1" > # yellow </bigram>
    <bigram weight="1" > park ### </bigram>
    <bigram weight="1" > divide ### </bigram>
    <bigram weight="1" > life ### </bigram>
    <bigram weight="1" > who ### </bigram>
    <bigram weight="1" > across highway </bigram>
    <bigram weight="1" > # at </bigram>
    <bigram weight="1" > indians of </bigram>
    <bigram weight="1" > alma mater </bigram>
    <bigram weight="1" > the journals </bigram>
    <bigram weight="1" > their land </bigram>
    <bigram weight="1" > suasion for </bigram>
    <bigram weight="1" > states post </bigram>
    <bigram weight="1" > and mexico </bigram>
    <bigram weight="1" > in africa </bigram>
    <bigram weight="1" > north of </bigram>
    <bigram weight="1" > pueblo bonito </bigram>
    <bigram weight="1" > back drop </bigram>
    <bigram weight="1" > scattered pinyon </bigram>
    <bigram weight="1" > others travel </bigram>
    <bigram weight="1" > franchise to </bigram>
    <bigram weight="1" > the prairie </bigram>
    <bigram weight="1" > quiet years </bigram>
    <bigram weight="1" > from clay </bigram>
    <bigram weight="1" > cutting but </bigram>
    <bigram weight="1" > landscaped compressor </bigram>
    <bigram weight="1" > rail system </bigram>
    <bigram weight="1" > walden pond </bigram>
    <bigram weight="1" > ### accounts </bigram>
    <bigram weight="1" > private dwelling </bigram>
    <bigram weight="1" > and with </bigram>
    <bigram weight="1" > # something </bigram>
    <bigram weight="1" > red sandstone </bigram>
    <bigram weight="1" > creating a </bigram>
    <bigram weight="1" > ### commonly </bigram>
    <bigram weight="1" > pine from </bigram>
    <bigram weight="1" > little western </bigram>
    <bigram weight="1" > in eroded </bigram>
    <bigram weight="1" > all americans </bigram>
    <bigram weight="1" > # mountain </bigram>
    <bigram weight="1" > the road </bigram>
    <bigram weight="1" > expedition ### </bigram>
    <bigram weight="1" > tion of </bigram>
    <bigram weight="1" > heyn ### </bigram>
    <bigram weight="1" > had others </bigram>
    <bigram weight="1" > crownpoint ### </bigram>
    <bigram weight="1" > town named </bigram>
    <bigram weight="1" > the touch </bigram>
    <bigram weight="1" > of this </bigram>
    <bigram weight="1" > pennsylvania quaker </bigram>
    <bigram weight="1" > skilled in </bigram>
    <bigram weight="1" > a footpath </bigram>
    <bigram weight="1" > yazzie ### </bigram>
    <bigram weight="1" > could not </bigram>
    <bigram weight="1" > in thorough </bigram>
    <bigram weight="1" > modern homes </bigram>
    <bigram weight="1" > bluebirds and </bigram>
    <bigram weight="1" > navajos called </bigram>
    <bigram weight="1" > jewelry which </bigram>
    <bigram weight="1" > the babbit </bigram>
    <bigram weight="1" > tangent to </bigram>
    <bigram weight="1" > with reference </bigram>
    <bigram weight="1" > were intrigued </bigram>
    <bigram weight="1" > services of </bigram>
    <bigram weight="1" > contract to </bigram>
    <bigram weight="1" > continental divide </bigram>
    <bigram weight="1" > the northwest </bigram>
    <bigram weight="1" > navajos ### </bigram>
    <bigram weight="1" > place ### </bigram>
    <bigram weight="1" > choice was </bigram>
    <bigram weight="1" > mountain bluebirds </bigram>
    <bigram weight="1" > had responded </bigram>
    <bigram weight="1" > rather than </bigram>
    <bigram weight="1" > countless others </bigram>
    <bigram weight="1" > america ### </bigram>
    <bigram weight="1" > decades the </bigram>
    <bigram weight="1" > ### slowly </bigram>
    <bigram weight="1" > interstate ## </bigram>
    <bigram weight="1" > john c </bigram>
    <bigram weight="1" > also travels </bigram>
    <bigram weight="1" > ### pre </bigram>
    <bigram weight="1" > ### sunburned </bigram>
    <bigram weight="1" > of wetherill </bigram>
    <bigram weight="1" > but leads </bigram>
    <bigram weight="1" > discovered cliff </bigram>
    <bigram weight="1" > west than </bigram>
    <bigram weight="1" > the demand </bigram>
    <bigram weight="1" > the shoreline </bigram>
    <bigram weight="1" > ### little </bigram>
    <bigram weight="1" > # rabbitbrush </bigram>
    <bigram weight="1" > one section </bigram>
    <bigram weight="1" > fire ### </bigram>
    <bigram weight="1" > ### start </bigram>
    <bigram weight="1" > a list </bigram>
    <bigram weight="1" > a genera </bigram>
    <bigram weight="1" > given new </bigram>
    <bigram weight="1" > ### topeka </bigram>
    <bigram weight="1" > town of </bigram>
    <bigram weight="1" > maintains an </bigram>
    <bigram weight="1" > indian ruin </bigram>
    <bigram weight="1" > the hydes </bigram>
    <bigram weight="1" > is ### </bigram>
    <bigram weight="1" > little prairie </bigram>
    <bigram weight="1" > followed for </bigram>
    <bigram weight="1" > until ## </bigram>
    <bigram weight="1" > thorough ### </bigram>
    <bigram weight="1" > ### plus </bigram>
    <bigram weight="1" > reads like </bigram>
    <bigram weight="1" > above the </bigram>
    <bigram weight="1" > sphere ### </bigram>
    <bigram weight="1" > ## whether </bigram>
    <bigram weight="1" > american lumber </bigram>
    <bigram weight="1" > ### long </bigram>
    <bigram weight="1" > concord philosopher </bigram>
    <bigram weight="1" > east of </bigram>
    <bigram weight="1" > the index </bigram>
    <bigram weight="1" > pacific its </bigram>
    <bigram weight="1" > ### trucks </bigram>
    <bigram weight="1" > at sea </bigram>
    <bigram weight="1" > a small </bigram>
    <bigram weight="1" > ask the </bigram>
    <bigram weight="1" > ### fame </bigram>
    <bigram weight="1" > william mitchell </bigram>
    <bigram weight="1" > and clark </bigram>
    <bigram weight="1" > urging to </bigram>
    <bigram weight="1" > wetherill to </bigram>
    <bigram weight="1" > west ### </bigram>
    <bigram weight="1" > ### high </bigram>
    <bigram weight="1" > mitchell property </bigram>
    <bigram weight="1" > ### threw </bigram>
    <bigram weight="1" > ### largely </bigram>
    <bigram weight="1" > lumber too </bigram>
    <bigram weight="1" > a town </bigram>
    <bigram weight="1" > ### one </bigram>
    <bigram weight="1" > store at </bigram>
    <bigram weight="1" > homesteaded in </bigram>
    <bigram weight="1" > now chaco </bigram>
    <bigram weight="1" > a rugged </bigram>
    <bigram weight="1" > leads on </bigram>
    <bigram weight="1" > compete with </bigram>
    <bigram weight="1" > long a </bigram>
    <bigram weight="1" > merchandise ### </bigram>
    <bigram weight="1" > to minnesota </bigram>
    <bigram weight="1" > ### new </bigram>
    <bigram weight="1" > town proudly </bigram>
    <bigram weight="1" > ### fresh </bigram>
    <bigram weight="1" > was converted </bigram>
    <bigram weight="1" > magpies consider </bigram>
    <bigram weight="1" > southwest and </bigram>
    <bigram weight="1" > feet of </bigram>
    <bigram weight="1" > every major </bigram>
    <bigram weight="1" > surrounding scenery </bigram>
    <bigram weight="1" > or pacific </bigram>
    <bigram weight="1" > was purchased </bigram>
    <bigram weight="1" > compressor plant </bigram>
    <bigram weight="1" > distant segment </bigram>
    <bigram weight="1" > and jewelry </bigram>
    <bigram weight="1" > territory ### </bigram>
    <bigram weight="1" > prairie dog </bigram>
    <bigram weight="1" > is still </bigram>
    <bigram weight="1" > ish ### </bigram>
    <bigram weight="1" > the plateau </bigram>
    <bigram weight="1" > engl ish </bigram>
    <bigram weight="1" > no father </bigram>
    <bigram weight="1" > trail ### </bigram>
    <bigram weight="1" > largely ponderosa </bigram>
    <bigram weight="1" > ### we </bigram>
    <bigram weight="1" > of lewis </bigram>
    <bigram weight="1" > another name </bigram>
    <bigram weight="1" > too ### </bigram>
    <bigram weight="1" > plateau country </bigram>
    <bigram weight="1" > people ### </bigram>
    <bigram weight="1" > chaco can </bigram>
    <bigram weight="1" > the atchison </bigram>
    <bigram weight="1" > austin and </bigram>
    <bigram weight="1" > summer and </bigram>
    <bigram weight="1" > accent its </bigram>
    <bigram weight="1" > company of </bigram>
    <bigram weight="1" > large refinery </bigram>
    <bigram weight="1" > most quoted </bigram>
    <bigram weight="1" > structures ### </bigram>
    <bigram weight="1" > pacific ### </bigram>
    <bigram weight="1" > returned to </bigram>
    <bigram weight="1" > two hundred </bigram>
    <bigram weight="1" > to what </bigram>
    <bigram weight="1" > asters accent </bigram>
    <bigram weight="1" > the north </bigram>
    <bigram weight="1" > major traveler </bigram>
    <bigram weight="1" > genial postmaster </bigram>
    <bigram weight="1" > the four </bigram>
    <bigram weight="1" > verde national </bigram>
    <bigram weight="1" > his name </bigram>
    <bigram weight="1" > mesa verde </bigram>
    <bigram weight="1" > own alma </bigram>
    <bigram weight="1" > earth down </bigram>
    <bigram weight="1" > the wild </bigram>
    <bigram weight="1" > smet in </bigram>
    <bigram weight="1" > brought association </bigram>
    <bigram weight="1" > neat green </bigram>
    <bigram weight="1" > his life </bigram>
    <bigram weight="1" > as lyceum </bigram>
    <bigram weight="1" > writings are </bigram>
    <bigram weight="1" > other small </bigram>
    <bigram weight="1" > hundred people </bigram>
    <bigram weight="1" > postmaster l </bigram>
    <bigram weight="1" > ## making </bigram>
    <bigram weight="1" > mitchell contract </bigram>
    <bigram weight="1" > ### creating </bigram>
    <bigram weight="1" > lumber a </bigram>
    <bigram weight="1" > a pennsylvania </bigram>
    <bigram weight="1" > father west </bigram>
    <bigram weight="1" > its citizenry </bigram>
    <bigram weight="1" > adobe structures </bigram>
    <bigram weight="1" > and at </bigram>
    <bigram weight="1" > wild asters </bigram>
    <bigram weight="1" > four corners </bigram>
    <bigram weight="1" > ### of </bigram>
    <bigram weight="1" > ### shipping </bigram>
    <bigram weight="1" > with which </bigram>
    <bigram weight="1" > gallup ### </bigram>
    <bigram weight="1" > ### austin </bigram>
    <bigram weight="1" > of ### </bigram>
    <bigram weight="1" > two public </bigram>
    <bigram weight="1" > contemporary ### </bigram>
    <bigram weight="1" > americans had </bigram>
    <bigram weight="1" > the westerly </bigram>
    <bigram weight="1" > eastern navajos </bigram>
    <bigram weight="1" > dissolved around </bigram>
    <bigram weight="1" > a restaurant </bigram>
    <bigram weight="1" > ruin in </bigram>
    <bigram weight="1" > public schools </bigram>
    <bigram weight="1" > yon national </bigram>
    <bigram weight="1" > paso natural </bigram>
    <bigram weight="1" > lumber company </bigram>
    <bigram weight="1" > pronunciation ### </bigram>
    <bigram weight="1" > renamed thoreau </bigram>
    <bigram weight="1" > and several </bigram>
    <bigram weight="1" > the preservation </bigram>
    <bigram weight="1" > move ## </bigram>
    <bigram weight="1" > expeditions of </bigram>
    <bigram weight="1" > and brilliant </bigram>
    <bigram weight="1" > little town </bigram>
    <bigram weight="1" > sun down </bigram>
    <bigram weight="1" > appeal to </bigram>
    <bigram weight="1" > and expeditions </bigram>
    <bigram weight="1" > this remote </bigram>
    <bigram weight="1" > # several </bigram>
    <bigram weight="1" > section of </bigram>
    <bigram weight="1" > journeys of </bigram>
    <bigram weight="1" > ### hawk </bigram>
    <bigram weight="1" > accented as </bigram>
    <bigram weight="1" > and subsequently </bigram>
    <bigram weight="1" > name for </bigram>
    <bigram weight="1" > new name </bigram>
    <bigram weight="1" > point for </bigram>
    <bigram weight="1" > foreign soil </bigram>
    <bigram weight="1" > ### until </bigram>
    <bigram weight="1" > topeka and </bigram>
    <bigram weight="1" > a spectacular </bigram>
    <bigram weight="1" > intrigued by </bigram>
    <bigram weight="1" > scenery and </bigram>
    <bigram weight="1" > and returned </bigram>
    <bigram weight="1" > farthest western </bigram>
    <bigram weight="1" > accepted ### </bigram>
    <bigram weight="1" > s more </bigram>
    <bigram weight="1" > the continental </bigram>
    <bigram weight="1" > parkman on </bigram>
    <bigram weight="1" > its brick </bigram>
    <bigram weight="1" > marched to </bigram>
    <bigram weight="1" > toward a </bigram>
    <bigram weight="1" > ### organized </bigram>
    <bigram weight="1" > from concord </bigram>
    <bigram weight="1" > this small </bigram>
    <bigram weight="1" > ### moon </bigram>
    <bigram weight="1" > ## school </bigram>
    <bigram weight="1" > their fragrant </bigram>
    <bigram weight="1" > in addition </bigram>
    <bigram weight="1" > trucks and </bigram>
    <bigram weight="1" > his urging </bigram>
    <bigram weight="1" > clark ### </bigram>
    <bigram weight="1" > eroded chaco </bigram>
    <bigram weight="1" > and winter </bigram>
    <bigram weight="1" > for eastern </bigram>
    <bigram weight="1" > or japan </bigram>
    <bigram weight="1" > an uncommon </bigram>
    <bigram weight="1" > start now </bigram>
    <bigram weight="1" > original name </bigram>
    <bigram weight="1" > w ### </bigram>
    <bigram weight="1" > a dif </bigram>
    <bigram weight="1" > ### father </bigram>
    <bigram weight="1" > spanish ### </bigram>
    <bigram weight="1" > an atlas </bigram>
    <bigram weight="1" > threw # </bigram>
    <bigram weight="1" > of genial </bigram>
    <bigram weight="1" > refinery across </bigram>
    <bigram weight="1" > school children </bigram>
    <bigram weight="1" > rabbitbrush ### </bigram>
    <bigram weight="1" > ### marched </bigram>
    <bigram weight="1" > only be </bigram>
    <bigram weight="1" > dog ### </bigram>
    <bigram weight="1" > ### from </bigram>
    <bigram weight="1" > with that </bigram>
    <bigram weight="1" > green lawns </bigram>
    <bigram weight="1" > far from </bigram>
    <bigram weight="1" > westerly direction </bigram>
    <bigram weight="1" > a settlement </bigram>
    <bigram weight="1" > ### calling </bigram>
    <bigram weight="1" > historic indian </bigram>
    <bigram weight="1" > to heyn </bigram>
    <bigram weight="1" > highway ## </bigram>
    <bigram weight="1" > yellow buses </bigram>
    <bigram weight="1" > new mexico </bigram>
    <bigram weight="1" > sell their </bigram>
    <bigram weight="1" > with thoreau </bigram>
    <bigram weight="1" > ebb during </bigram>
    <bigram weight="1" > ### is </bigram>
    <bigram weight="1" > brick red </bigram>
    <bigram weight="1" > cliffs ### </bigram>
    <bigram weight="1" > reading thoreau </bigram>
    <bigram weight="1" > ovens ### </bigram>
    <bigram weight="1" > to an </bigram>
    <bigram weight="1" > nearly two </bigram>
    <bigram weight="1" > aware the </bigram>
    <bigram weight="1" > the flag </bigram>
    <bigram weight="1" > land reverting </bigram>
    <bigram weight="1" > too high </bigram>
    <bigram weight="1" > # apparently </bigram>
    <bigram weight="1" > keeper econorny </bigram>
    <bigram weight="1" > fe depot </bigram>
    <bigram weight="1" > article as </bigram>
    <bigram weight="1" > repeats the </bigram>
    <bigram weight="1" > early in </bigram>
    <bigram weight="1" > dif ferent </bigram>
    <bigram weight="1" > still the </bigram>
    <bigram weight="1" > art of </bigram>
    <bigram weight="1" > thoreau had </bigram>
    <bigram weight="1" > per haps </bigram>
    <bigram weight="1" > mountains ### </bigram>
    <bigram weight="1" > converted into </bigram>
    <bigram weight="1" > man ### </bigram>
    <bigram weight="1" > from a </bigram>
    <bigram weight="1" > pur chased </bigram>
    <bigram weight="1" > quoted of </bigram>
    <bigram weight="1" > campers ### </bigram>
    <bigram weight="1" > rugged little </bigram>
    <bigram weight="1" > # he </bigram>
    <bigram weight="1" > father de </bigram>
    <bigram weight="1" > years its </bigram>
    <bigram weight="1" > china or </bigram>
    <bigram weight="1" > western way </bigram>
    <bigram weight="1" > author ### </bigram>
    <bigram weight="1" > s family </bigram>
    <bigram weight="1" > humboldt ### </bigram>
    <bigram weight="1" > the question </bigram>
    <bigram weight="1" > lumber ### </bigram>
    <bigram weight="1" > or livingstone </bigram>
    <bigram weight="1" > good an </bigram>
    <bigram weight="1" > ### quoting </bigram>
    <bigram weight="1" > hydes ### </bigram>
    <bigram weight="1" > red soil </bigram>
    <bigram weight="1" > drop of </bigram>
    <bigram weight="1" > of town </bigram>
    <bigram weight="1" > in what </bigram>
    <bigram weight="1" > several quiet </bigram>
    <bigram weight="1" > trek and </bigram>
    <bigram weight="1" > southwestern community </bigram>
    <bigram weight="1" > later be </bigram>
    <bigram weight="1" > for navajo </bigram>
    <bigram weight="1" > a store </bigram>
    <bigram weight="1" > livingstone in </bigram>
    <bigram weight="1" > fragrant ### </bigram>
    <bigram weight="1" > the southern </bigram>
    <bigram weight="1" > road station </bigram>
    <bigram weight="1" > which he </bigram>
    <bigram weight="1" > than ## </bigram>
    <bigram weight="1" > s general </bigram>
    <bigram weight="1" > grew from </bigram>
    <bigram weight="1" > ### sun </bigram>
    <bigram weight="1" > these and </bigram>
    <bigram weight="1" > national park </bigram>
    <bigram weight="1" > the southwest </bigram>
    <bigram weight="1" > journals of </bigram>
    <bigram weight="1" > station ### </bigram>
    <bigram weight="1" > and acoma </bigram>
    <bigram weight="1" > like the </bigram>
    <bigram weight="1" > haps the </bigram>
    <bigram weight="1" > attended harvard </bigram>
    <bigram weight="1" > ## it </bigram>
    <bigram weight="1" > which to </bigram>
    <bigram weight="1" > had homesteaded </bigram>
    <bigram weight="1" > before us </bigram>
    <bigram weight="1" > segment of </bigram>
    <bigram weight="1" > more than </bigram>
    <bigram weight="1" > campaigns in </bigram>
    <bigram weight="1" > the little </bigram>
    <bigram weight="1" > quoting emerson </bigram>
    <bigram weight="1" > atlas # </bigram>
    <bigram weight="1" > its small </bigram>
    <bigram weight="1" > company in </bigram>
    <bigram weight="1" > into a </bigram>
    <bigram weight="1" > ### crusted </bigram>
    <bigram weight="1" > concord named </bigram>
    <bigram weight="1" > of three </bigram>
    <bigram weight="1" > named for </bigram>
    <bigram weight="1" > crusted ### </bigram>
    <bigram weight="1" > chased a </bigram>
    <bigram weight="1" > the trim </bigram>
    <bigram weight="1" > per suasion </bigram>
    <bigram weight="1" > or humboldt </bigram>
    <bigram weight="1" > depression years </bigram>
    <bigram weight="1" > at last </bigram>
    <bigram weight="1" > the depression </bigram>
    <bigram weight="1" > travel reading </bigram>
    <bigram weight="1" > by richard </bigram>
    <bigram weight="1" > after years </bigram>
    <bigram weight="1" > property was </bigram>
    <bigram weight="1" > fred had </bigram>
    <bigram weight="1" > world ### </bigram>
    <bigram weight="1" > the atlantic </bigram>
    <bigram weight="1" > than to </bigram>
    <bigram weight="1" > # modern </bigram>
    <bigram weight="1" > a tangent </bigram>
    <bigram weight="1" > and wild </bigram>
    <bigram weight="1" > ### rather </bigram>
    <bigram weight="1" > hern don </bigram>
    <bigram weight="1" > was thoreau </bigram>
    <bigram weight="1" > years followed </bigram>
    <bigram weight="1" > and william </bigram>
    <bigram weight="1" > pinyon pines </bigram>
    <bigram weight="1" > arrival of </bigram>
    <bigram weight="1" > townsite grew </bigram>
    <bigram weight="1" > same year </bigram>
    <bigram weight="1" > writings reads </bigram>
    <bigram weight="1" > a private </bigram>
    <bigram weight="1" > be conjectured </bigram>
    <bigram weight="1" > ## board </bigram>
    <bigram weight="1" > thoreau by </bigram>
    <bigram weight="1" > ponderosa ### </bigram>
    <bigram weight="1" > given a </bigram>
    <bigram weight="1" > soil ### </bigram>
    <bigram weight="1" > railroad company </bigram>
    <bigram weight="1" > the indians </bigram>
    <bigram weight="1" > remote ### </bigram>
    <bigram weight="1" > and night </bigram>
    <bigram weight="1" > mississippi or </bigram>
    <bigram weight="1" > company ### </bigram>
    <bigram weight="1" > this was </bigram>
    <bigram weight="1" > us ### </bigram>
    <bigram weight="1" > center for </bigram>
    <bigram weight="1" > pines and </bigram>
    <bigram weight="1" > the local </bigram>
    <bigram weight="1" > ### w </bigram>
    <bigram weight="1" > as intensely </bigram>
    <bigram weight="1" > clay ovens </bigram>
    <bigram weight="1" > hyde were </bigram>
    <bigram weight="1" > lumber be </bigram>
    <bigram weight="1" > flag flying </bigram>
    <bigram weight="1" > north ### </bigram>
    <bigram weight="1" > # their </bigram>
    <bigram weight="1" > # early </bigram>
    <bigram weight="1" > strong per </bigram>
    <bigram weight="1" > lawns mingle </bigram>
    <bigram weight="1" > to sell </bigram>
    <bigram weight="1" > c ### </bigram>
    <bigram weight="1" > plus a </bigram>
    <bigram weight="1" > name # </bigram>
    <bigram weight="1" > and others </bigram>
    <bigram weight="1" > followed his </bigram>
    <bigram weight="1" > blankets and </bigram>
    <bigram weight="1" > the advice </bigram>
    <bigram weight="1" > bread ### </bigram>
    <bigram weight="1" > proudly bears </bigram>
    <bigram weight="1" > s campaigns </bigram>
    <bigram weight="1" > by ruth </bigram>
    <bigram weight="1" > brothers ### </bigram>
    <bigram weight="1" > responded to </bigram>
    <bigram weight="1" > something in </bigram>
    <bigram weight="1" > s own </bigram>
    <bigram weight="1" > ### scattered </bigram>
    <bigram weight="1" > of all </bigram>
    <bigram weight="1" > nearby county </bigram>
    <bigram weight="1" > to move </bigram>
    <bigram weight="1" > bonito ruins </bigram>
    <bigram weight="1" > ### then </bigram>
    <bigram weight="1" > the west </bigram>
    <bigram weight="1" > to his </bigram>
    <bigram weight="1" > common man </bigram>
    <bigram weight="1" > in a </bigram>
    <bigram weight="1" > action yazzie </bigram>
    <bigram weight="1" > traveler west </bigram>
    <bigram weight="1" > lewis and </bigram>
    <bigram weight="1" > as good </bigram>
    <bigram weight="1" > around ## </bigram>
    <bigram weight="1" > and talbot </bigram>
    <bigram weight="1" > low ### </bigram>
    <bigram weight="1" > thoreau the </bigram>
    <bigram weight="1" > ### barnes </bigram>
    <bigram weight="1" > shop keeper </bigram>
    <bigram weight="1" > too low </bigram>
    <bigram weight="1" > the mormon </bigram>
    <bigram weight="1" > of its </bigram>
    <bigram weight="1" > an attractively </bigram>
    <bigram weight="1" > hawk soared </bigram>
    <bigram weight="1" > over the </bigram>
    <bigram weight="1" > his contemporary </bigram>
    <bigram weight="1" > settlement of </bigram>
    <bigram weight="1" > drummer ### </bigram>
    <bigram weight="1" > fremont ### </bigram>
</article>
