<?xml version="1.0" encoding="UTF-8"?>
<article id="10.2307/23394592" >
    <bigram weight="43" > ### # </bigram>
    <bigram weight="28" > ### ### </bigram>
    <bigram weight="12" > ### to </bigram>
    <bigram weight="12" > ### ## </bigram>
    <bigram weight="11" > ### s </bigram>
    <bigram weight="10" > ## ### </bigram>
    <bigram weight="10" > # ### </bigram>
    <bigram weight="10" > to be </bigram>
    <bigram weight="9" > business ### </bigram>
    <bigram weight="8" > of the </bigram>
    <bigram weight="7" > ### and </bigram>
    <bigram weight="7" > ### the </bigram>
    <bigram weight="6" > p ### </bigram>
    <bigram weight="6" > father ### </bigram>
    <bigram weight="6" > ### p </bigram>
    <bigram weight="5" > jesus ### </bigram>
    <bigram weight="5" > in the </bigram>
    <bigram weight="5" > ### in </bigram>
    <bigram weight="4" > the temple </bigram>
    <bigram weight="4" > thoreau ### </bigram>
    <bigram weight="4" > house ### </bigram>
    <bigram weight="4" > s house </bigram>
    <bigram weight="4" > ### business </bigram>
    <bigram weight="4" > it is </bigram>
    <bigram weight="4" > s ### </bigram>
    <bigram weight="4" > # thoreau </bigram>
    <bigram weight="4" > ### for </bigram>
    <bigram weight="4" > is a </bigram>
    <bigram weight="4" > will be </bigram>
    <bigram weight="3" > private business </bigram>
    <bigram weight="3" > in jerusalem </bigram>
    <bigram weight="3" > and the </bigram>
    <bigram weight="3" > walden ### </bigram>
    <bigram weight="3" > time ### </bigram>
    <bigram weight="3" > ### thoreau </bigram>
    <bigram weight="3" > jerusalem ### </bigram>
    <bigram weight="3" > # his </bigram>
    <bigram weight="3" > ### i </bigram>
    <bigram weight="3" > he too </bigram>
    <bigram weight="3" > knowledge ### </bigram>
    <bigram weight="3" > ### of </bigram>
    <bigram weight="3" > my father </bigram>
    <bigram weight="3" > of all </bigram>
    <bigram weight="3" > kind of </bigram>
    <bigram weight="3" > ### he </bigram>
    <bigram weight="2" > # i </bigram>
    <bigram weight="2" > is walden </bigram>
    <bigram weight="2" > in his </bigram>
    <bigram weight="2" > the bible </bigram>
    <bigram weight="2" > # the </bigram>
    <bigram weight="2" > day ### </bigram>
    <bigram weight="2" > about his </bigram>
    <bigram weight="2" > his father </bigram>
    <bigram weight="2" > universal knowledge </bigram>
    <bigram weight="2" > at once </bigram>
    <bigram weight="2" > read every </bigram>
    <bigram weight="2" > s business </bigram>
    <bigram weight="2" > ### this </bigram>
    <bigram weight="2" > must be </bigram>
    <bigram weight="2" > d ### </bigram>
    <bigram weight="2" > ### using </bigram>
    <bigram weight="2" > ### as </bigram>
    <bigram weight="2" > habits ### </bigram>
    <bigram weight="2" > man ### </bigram>
    <bigram weight="2" > to his </bigram>
    <bigram weight="2" > that i </bigram>
    <bigram weight="2" > his business </bigram>
    <bigram weight="2" > luke ### </bigram>
    <bigram weight="2" > the celestial </bigram>
    <bigram weight="2" > empire ### </bigram>
    <bigram weight="2" > education and </bigram>
    <bigram weight="2" > is the </bigram>
    <bigram weight="2" > as he </bigram>
    <bigram weight="2" > and ever </bigram>
    <bigram weight="2" > of jesus </bigram>
    <bigram weight="2" > temple in </bigram>
    <bigram weight="2" > in ### </bigram>
    <bigram weight="2" > figure of </bigram>
    <bigram weight="2" > walden pond </bigram>
    <bigram weight="2" > his ### </bigram>
    <bigram weight="2" > upon a </bigram>
    <bigram weight="2" > ### begins </bigram>
    <bigram weight="2" > about my </bigram>
    <bigram weight="2" > the coast </bigram>
    <bigram weight="2" > taken from </bigram>
    <bigram weight="2" > # ## </bigram>
    <bigram weight="2" > ### jesus </bigram>
    <bigram weight="2" > for ### </bigram>
    <bigram weight="2" > ### but </bigram>
    <bigram weight="2" > every letter </bigram>
    <bigram weight="2" > a universal </bigram>
    <bigram weight="2" > to keep </bigram>
    <bigram weight="2" > account of </bigram>
    <bigram weight="2" > with the </bigram>
    <bigram weight="2" > thoreau s </bigram>
    <bigram weight="2" > ### is </bigram>
    <bigram weight="2" > strict business </bigram>
    <bigram weight="2" > i must </bigram>
    <bigram weight="2" > he has </bigram>
    <bigram weight="2" > ### it </bigram>
    <bigram weight="2" > ed ### </bigram>
    <bigram weight="2" > from the </bigram>
    <bigram weight="2" > ### where </bigram>
    <bigram weight="2" > be in </bigram>
    <bigram weight="2" > temple ### </bigram>
    <bigram weight="2" > spiritual education </bigram>
    <bigram weight="2" > business habits </bigram>
    <bigram weight="2" > celestial empire </bigram>
    <bigram weight="2" > on the </bigram>
    <bigram weight="2" > of a </bigram>
    <bigram weight="2" > and a </bigram>
    <bigram weight="2" > ever ### </bigram>
    <bigram weight="2" > of his </bigram>
    <bigram weight="1" > that his </bigram>
    <bigram weight="1" > alternatively rendered </bigram>
    <bigram weight="1" > to holy </bigram>
    <bigram weight="1" > the accounts </bigram>
    <bigram weight="1" > j ### </bigram>
    <bigram weight="1" > the gospel </bigram>
    <bigram weight="1" > his real </bigram>
    <bigram weight="1" > luke is </bigram>
    <bigram weight="1" > refinement ### </bigram>
    <bigram weight="1" > in it </bigram>
    <bigram weight="1" > stand ### </bigram>
    <bigram weight="1" > see note </bigram>
    <bigram weight="1" > a man </bigram>
    <bigram weight="1" > ven tures </bigram>
    <bigram weight="1" > on a </bigram>
    <bigram weight="1" > summer and </bigram>
    <bigram weight="1" > # how </bigram>
    <bigram weight="1" > exploring expeditions </bigram>
    <bigram weight="1" > more likely </bigram>
    <bigram weight="1" > curious metaphor </bigram>
    <bigram weight="1" > states ### </bigram>
    <bigram weight="1" > trade and </bigram>
    <bigram weight="1" > significance of </bigram>
    <bigram weight="1" > does not </bigram>
    <bigram weight="1" > s quest </bigram>
    <bigram weight="1" > it ### </bigram>
    <bigram weight="1" > the seriousness </bigram>
    <bigram weight="1" > attend to </bigram>
    <bigram weight="1" > and its </bigram>
    <bigram weight="1" > he acquires </bigram>
    <bigram weight="1" > the world </bigram>
    <bigram weight="1" > delicate texture </bigram>
    <bigram weight="1" > jersey shore </bigram>
    <bigram weight="1" > of salvation </bigram>
    <bigram weight="1" > cannot come </bigram>
    <bigram weight="1" > pier ### </bigram>
    <bigram weight="1" > indicates that </bigram>
    <bigram weight="1" > the error </bigram>
    <bigram weight="1" > variety of </bigram>
    <bigram weight="1" > doctors by </bigram>
    <bigram weight="1" > trade is </bigram>
    <bigram weight="1" > imports night </bigram>
    <bigram weight="1" > reached a </bigram>
    <bigram weight="1" > if possible </bigram>
    <bigram weight="1" > country affords </bigram>
    <bigram weight="1" > be followed </bigram>
    <bigram weight="1" > the christian </bigram>
    <bigram weight="1" > me ### </bigram>
    <bigram weight="1" > enough ### </bigram>
    <bigram weight="1" > and tret </bigram>
    <bigram weight="1" > the results </bigram>
    <bigram weight="1" > purely native </bigram>
    <bigram weight="1" > to superintend </bigram>
    <bigram weight="1" > henry d </bigram>
    <bigram weight="1" > house on </bigram>
    <bigram weight="1" > family for </bigram>
    <bigram weight="1" > long time </bigram>
    <bigram weight="1" > # wist </bigram>
    <bigram weight="1" > not the </bigram>
    <bigram weight="1" > as redeemer </bigram>
    <bigram weight="1" > go into </bigram>
    <bigram weight="1" > ### universal </bigram>
    <bigram weight="1" > he could </bigram>
    <bigram weight="1" > acquires spiritual </bigram>
    <bigram weight="1" > metaphor can </bigram>
    <bigram weight="1" > neighbor was </bigram>
    <bigram weight="1" > the richest </bigram>
    <bigram weight="1" > his understanding </bigram>
    <bigram weight="1" > hanno and </bigram>
    <bigram weight="1" > appreciated if </bigram>
    <bigram weight="1" > of commerce </bigram>
    <bigram weight="1" > forthright as </bigram>
    <bigram weight="1" > of trade </bigram>
    <bigram weight="1" > by luke </bigram>
    <bigram weight="1" > lights and </bigram>
    <bigram weight="1" > ### spiritual </bigram>
    <bigram weight="1" > products ### </bigram>
    <bigram weight="1" > such a </bigram>
    <bigram weight="1" > mornings ### </bigram>
    <bigram weight="1" > in some </bigram>
    <bigram weight="1" > you will </bigram>
    <bigram weight="1" > the soul </bigram>
    <bigram weight="1" > the lord </bigram>
    <bigram weight="1" > thing for </bigram>
    <bigram weight="1" > suggests that </bigram>
    <bigram weight="1" > once pilot </bigram>
    <bigram weight="1" > faculties of </bigram>
    <bigram weight="1" > ice and </bigram>
    <bigram weight="1" > and anticipate </bigram>
    <bigram weight="1" > commodities ### </bigram>
    <bigram weight="1" > ### materials </bigram>
    <bigram weight="1" > sought me </bigram>
    <bigram weight="1" > leaves his </bigram>
    <bigram weight="1" > position of </bigram>
    <bigram weight="1" > richest freight </bigram>
    <bigram weight="1" > if your </bigram>
    <bigram weight="1" > # ed </bigram>
    <bigram weight="1" > # once </bigram>
    <bigram weight="1" > ram ly </bigram>
    <bigram weight="1" > tor a </bigram>
    <bigram weight="1" > above passage </bigram>
    <bigram weight="1" > and exorbitant </bigram>
    <bigram weight="1" > nearer to </bigram>
    <bigram weight="1" > thus see </bigram>
    <bigram weight="1" > of commodities </bigram>
    <bigram weight="1" > has to </bigram>
    <bigram weight="1" > the divinity </bigram>
    <bigram weight="1" > soul ### </bigram>
    <bigram weight="1" > ### develop </bigram>
    <bigram weight="1" > been about </bigram>
    <bigram weight="1" > ### chapter </bigram>
    <bigram weight="1" > s enterprise </bigram>
    <bigram weight="1" > to read </bigram>
    <bigram weight="1" > be studied </bigram>
    <bigram weight="1" > his endeavors </bigram>
    <bigram weight="1" > that jesus </bigram>
    <bigram weight="1" > in nature </bigram>
    <bigram weight="1" > quotations are </bigram>
    <bigram weight="1" > allows the </bigram>
    <bigram weight="1" > ### prospects </bigram>
    <bigram weight="1" > remarks that </bigram>
    <bigram weight="1" > the spiritual </bigram>
    <bigram weight="1" > numbers ### </bigram>
    <bigram weight="1" > tami ly </bigram>
    <bigram weight="1" > and write </bigram>
    <bigram weight="1" > supply or </bigram>
    <bigram weight="1" > transactions is </bigram>
    <bigram weight="1" > find himself </bigram>
    <bigram weight="1" > jesus states </bigram>
    <bigram weight="1" > this passage </bigram>
    <bigram weight="1" > native bottoms </bigram>
    <bigram weight="1" > be about </bigram>
    <bigram weight="1" > and captain </bigram>
    <bigram weight="1" > say of </bigram>
    <bigram weight="1" > in person </bigram>
    <bigram weight="1" > deeply spiritual </bigram>
    <bigram weight="1" > a long </bigram>
    <bigram weight="1" > gospel of </bigram>
    <bigram weight="1" > using a </bigram>
    <bigram weight="1" > tures ### </bigram>
    <bigram weight="1" > is as </bigram>
    <bigram weight="1" > ### not </bigram>
    <bigram weight="1" > was stirring </bigram>
    <bigram weight="1" > calculator the </bigram>
    <bigram weight="1" > know how </bigram>
    <bigram weight="1" > write or </bigram>
    <bigram weight="1" > holy wis </bigram>
    <bigram weight="1" > illustrates the </bigram>
    <bigram weight="1" > the best </bigram>
    <bigram weight="1" > how you </bigram>
    <bigram weight="1" > thrift ### </bigram>
    <bigram weight="1" > passage suggests </bigram>
    <bigram weight="1" > same time </bigram>
    <bigram weight="1" > all the </bigram>
    <bigram weight="1" > keep up </bigram>
    <bigram weight="1" > the lives </bigram>
    <bigram weight="1" > of spiritual </bigram>
    <bigram weight="1" > steady despatch </bigram>
    <bigram weight="1" > lives of </bigram>
    <bigram weight="1" > for a </bigram>
    <bigram weight="1" > once the </bigram>
    <bigram weight="1" > is so </bigram>
    <bigram weight="1" > results of </bigram>
    <bigram weight="1" > questions and </bigram>
    <bigram weight="1" > basket of </bigram>
    <bigram weight="1" > the vessel </bigram>
    <bigram weight="1" > these will </bigram>
    <bigram weight="1" > affords ### </bigram>
    <bigram weight="1" > has been </bigram>
    <bigram weight="1" > a friendly </bigram>
    <bigram weight="1" > how is </bigram>
    <bigram weight="1" > van on </bigram>
    <bigram weight="1" > well understood </bigram>
    <bigram weight="1" > kjv ### </bigram>
    <bigram weight="1" > some salem </bigram>
    <bigram weight="1" > great adventurers </bigram>
    <bigram weight="1" > are from </bigram>
    <bigram weight="1" > ### much </bigram>
    <bigram weight="1" > are strictly </bigram>
    <bigram weight="1" > the figure </bigram>
    <bigram weight="1" > up a </bigram>
    <bigram weight="1" > interest ### </bigram>
    <bigram weight="1" > ### avanzo </bigram>
    <bigram weight="1" > theme in </bigram>
    <bigram weight="1" > as possible </bigram>
    <bigram weight="1" > # these </bigram>
    <bigram weight="1" > ### luke </bigram>
    <bigram weight="1" > of stock </bigram>
    <bigram weight="1" > such problems </bigram>
    <bigram weight="1" > for his </bigram>
    <bigram weight="1" > # jesus </bigram>
    <bigram weight="1" > i determined </bigram>
    <bigram weight="1" > i may </bigram>
    <bigram weight="1" > of economy </bigram>
    <bigram weight="1" > argues from </bigram>
    <bigram weight="1" > ### dedication </bigram>
    <bigram weight="1" > deeply is </bigram>
    <bigram weight="1" > parts of </bigram>
    <bigram weight="1" > find him </bigram>
    <bigram weight="1" > quest for </bigram>
    <bigram weight="1" > to its </bigram>
    <bigram weight="1" > taking advantage </bigram>
    <bigram weight="1" > dom ### </bigram>
    <bigram weight="1" > the house </bigram>
    <bigram weight="1" > manage a </bigram>
    <bigram weight="1" > for luke </bigram>
    <bigram weight="1" > to buy </bigram>
    <bigram weight="1" > thoreau is </bigram>
    <bigram weight="1" > m ### </bigram>
    <bigram weight="1" > nature herself </bigram>
    <bigram weight="1" > wonder he </bigram>
    <bigram weight="1" > be at </bigram>
    <bigram weight="1" > opening chapter </bigram>
    <bigram weight="1" > spectacular conceit </bigram>
    <bigram weight="1" > of profit </bigram>
    <bigram weight="1" > phoenicians down </bigram>
    <bigram weight="1" > to know </bigram>
    <bigram weight="1" > bible ### </bigram>
    <bigram weight="1" > with nature </bigram>
    <bigram weight="1" > the parable </bigram>
    <bigram weight="1" > all quotations </bigram>
    <bigram weight="1" > not understand </bigram>
    <bigram weight="1" > enterprise ### </bigram>
    <bigram weight="1" > major theme </bigram>
    <bigram weight="1" > spirit ### </bigram>
    <bigram weight="1" > ## endnotes </bigram>
    <bigram weight="1" > ### laymon </bigram>
    <bigram weight="1" > la perouse </bigram>
    <bigram weight="1" > enterprise of </bigram>
    <bigram weight="1" > ### unweariedly </bigram>
    <bigram weight="1" > kinds in </bigram>
    <bigram weight="1" > passage illustrates </bigram>
    <bigram weight="1" > dawn merely </bigram>
    <bigram weight="1" > possible ### </bigram>
    <bigram weight="1" > astounded the </bigram>
    <bigram weight="1" > pilot and </bigram>
    <bigram weight="1" > man care </bigram>
    <bigram weight="1" > # when </bigram>
    <bigram weight="1" > faithfully minding </bigram>
    <bigram weight="1" > passing vessels </bigram>
    <bigram weight="1" > of tare </bigram>
    <bigram weight="1" > ### at </bigram>
    <bigram weight="1" > that ye </bigram>
    <bigram weight="1" > s allusion </bigram>
    <bigram weight="1" > labor are </bigram>
    <bigram weight="1" > ### purely </bigram>
    <bigram weight="1" > every where </bigram>
    <bigram weight="1" > markets ### </bigram>
    <bigram weight="1" > commentary on </bigram>
    <bigram weight="1" > been alternatively </bigram>
    <bigram weight="1" > is with </bigram>
    <bigram weight="1" > the commentary </bigram>
    <bigram weight="1" > seen in </bigram>
    <bigram weight="1" > the tendencies </bigram>
    <bigram weight="1" > at the </bigram>
    <bigram weight="1" > navigation ### </bigram>
    <bigram weight="1" > then some </bigram>
    <bigram weight="1" > key metaphor </bigram>
    <bigram weight="1" > allusive and </bigram>
    <bigram weight="1" > vessel often </bigram>
    <bigram weight="1" > as the </bigram>
    <bigram weight="1" > ### there </bigram>
    <bigram weight="1" > ### my </bigram>
    <bigram weight="1" > after introducing </bigram>
    <bigram weight="1" > ### speaking </bigram>
    <bigram weight="1" > the biblical </bigram>
    <bigram weight="1" > horizon ### </bigram>
    <bigram weight="1" > shanley ### </bigram>
    <bigram weight="1" > discharged upon </bigram>
    <bigram weight="1" > speaking all </bigram>
    <bigram weight="1" > to anticipate </bigram>
    <bigram weight="1" > tendencies of </bigram>
    <bigram weight="1" > to time </bigram>
    <bigram weight="1" > all exploring </bigram>
    <bigram weight="1" > any neighbor </bigram>
    <bigram weight="1" > ### require </bigram>
    <bigram weight="1" > note ## </bigram>
    <bigram weight="1" > economy ### </bigram>
    <bigram weight="1" > always endeavored </bigram>
    <bigram weight="1" > commerce and </bigram>
    <bigram weight="1" > a similar </bigram>
    <bigram weight="1" > advantage of </bigram>
    <bigram weight="1" > his key </bigram>
    <bigram weight="1" > ### a </bigram>
    <bigram weight="1" > are indispensable </bigram>
    <bigram weight="1" > business is </bigram>
    <bigram weight="1" > that ### </bigram>
    <bigram weight="1" > no doubt </bigram>
    <bigram weight="1" > level ### </bigram>
    <bigram weight="1" > how the </bigram>
    <bigram weight="1" > jesus going </bigram>
    <bigram weight="1" > superintend the </bigram>
    <bigram weight="1" > they are </bigram>
    <bigram weight="1" > begins jesus </bigram>
    <bigram weight="1" > more fully </bigram>
    <bigram weight="1" > minding my </bigram>
    <bigram weight="1" > temple of </bigram>
    <bigram weight="1" > diligence that </bigram>
    <bigram weight="1" > the country </bigram>
    <bigram weight="1" > sweeping the </bigram>
    <bigram weight="1" > charts to </bigram>
    <bigram weight="1" > # all </bigram>
    <bigram weight="1" > too must </bigram>
    <bigram weight="1" > to every </bigram>
    <bigram weight="1" > even ### </bigram>
    <bigram weight="1" > once ### </bigram>
    <bigram weight="1" > labor to </bigram>
    <bigram weight="1" > in van </bigram>
    <bigram weight="1" > many parts </bigram>
    <bigram weight="1" > ### then </bigram>
    <bigram weight="1" > thoreau can </bigram>
    <bigram weight="1" > environs god </bigram>
    <bigram weight="1" > allusion to </bigram>
    <bigram weight="1" > is interesting </bigram>
    <bigram weight="1" > come nearer </bigram>
    <bigram weight="1" > state of </bigram>
    <bigram weight="1" > can attend </bigram>
    <bigram weight="1" > biblical source </bigram>
    <bigram weight="1" > ### see </bigram>
    <bigram weight="1" > relation to </bigram>
    <bigram weight="1" > that separates </bigram>
    <bigram weight="1" > such articles </bigram>
    <bigram weight="1" > good ven </bigram>
    <bigram weight="1" > that is </bigram>
    <bigram weight="1" > ### kjv </bigram>
    <bigram weight="1" > the spirit </bigram>
    <bigram weight="1" > higher calling </bigram>
    <bigram weight="1" > such transactions </bigram>
    <bigram weight="1" > spiritual enterprise </bigram>
    <bigram weight="1" > a deeply </bigram>
    <bigram weight="1" > chapter ### </bigram>
    <bigram weight="1" > keep the </bigram>
    <bigram weight="1" > of communicating </bigram>
    <bigram weight="1" > be taken </bigram>
    <bigram weight="1" > him ### </bigram>
    <bigram weight="1" > ### subsequent </bigram>
    <bigram weight="1" > many mornings </bigram>
    <bigram weight="1" > understanding and </bigram>
    <bigram weight="1" > and complexity </bigram>
    <bigram weight="1" > it that </bigram>
    <bigram weight="1" > remarks in </bigram>
    <bigram weight="1" > materials and </bigram>
    <bigram weight="1" > real ### </bigram>
    <bigram weight="1" > ments in </bigram>
    <bigram weight="1" > this private </bigram>
    <bigram weight="1" > of reefs </bigram>
    <bigram weight="1" > and pine </bigram>
    <bigram weight="1" > for by </bigram>
    <bigram weight="1" > a part </bigram>
    <bigram weight="1" > ## thoreau </bigram>
    <bigram weight="1" > coastwise ### </bigram>
    <bigram weight="1" > subsequent paragraphs </bigram>
    <bigram weight="1" > likely mean </bigram>
    <bigram weight="1" > too is </bigram>
    <bigram weight="1" > buoys to </bigram>
    <bigram weight="1" > native products </bigram>
    <bigram weight="1" > inspired by </bigram>
    <bigram weight="1" > be ### </bigram>
    <bigram weight="1" > provides a </bigram>
    <bigram weight="1" > idiom allows </bigram>
    <bigram weight="1" > possible in </bigram>
    <bigram weight="1" > to god </bigram>
    <bigram weight="1" > is his </bigram>
    <bigram weight="1" > calling ### </bigram>
    <bigram weight="1" > woven whole </bigram>
    <bigram weight="1" > to do </bigram>
    <bigram weight="1" > rendered ### </bigram>
    <bigram weight="1" > the sunrise </bigram>
    <bigram weight="1" > in man </bigram>
    <bigram weight="1" > sent ### </bigram>
    <bigram weight="1" > particular business </bigram>
    <bigram weight="1" > chapter ## </bigram>
    <bigram weight="1" > upon many </bigram>
    <bigram weight="1" > rock that </bigram>
    <bigram weight="1" > the untold </bigram>
    <bigram weight="1" > ### father </bigram>
    <bigram weight="1" > god and </bigram>
    <bigram weight="1" > begins thoreau </bigram>
    <bigram weight="1" > his tami </bigram>
    <bigram weight="1" > your own </bigram>
    <bigram weight="1" > almost at </bigram>
    <bigram weight="1" > a literal </bigram>
    <bigram weight="1" > is serious </bigram>
    <bigram weight="1" > telegraph ### </bigram>
    <bigram weight="1" > of war </bigram>
    <bigram weight="1" > him in </bigram>
    <bigram weight="1" > ### economy </bigram>
    <bigram weight="1" > from his </bigram>
    <bigram weight="1" > navigators ### </bigram>
    <bigram weight="1" > alludes to </bigram>
    <bigram weight="1" > bible serves </bigram>
    <bigram weight="1" > letter sent </bigram>
    <bigram weight="1" > and refining </bigram>
    <bigram weight="1" > the faculties </bigram>
    <bigram weight="1" > lord ### </bigram>
    <bigram weight="1" > divinity resides </bigram>
    <bigram weight="1" > prospects of </bigram>
    <bigram weight="1" > time to </bigram>
    <bigram weight="1" > details yourself </bigram>
    <bigram weight="1" > new lights </bigram>
    <bigram weight="1" > a distant </bigram>
    <bigram weight="1" > error of </bigram>
    <bigram weight="1" > similar kind </bigram>
    <bigram weight="1" > princeton ### </bigram>
    <bigram weight="1" > own business </bigram>
    <bigram weight="1" > or such </bigram>
    <bigram weight="1" > not know </bigram>
    <bigram weight="1" > yourself informed </bigram>
    <bigram weight="1" > our day </bigram>
    <bigram weight="1" > the significance </bigram>
    <bigram weight="1" > that to </bigram>
    <bigram weight="1" > i too </bigram>
    <bigram weight="1" > you stand </bigram>
    <bigram weight="1" > is not </bigram>
    <bigram weight="1" > about mine </bigram>
    <bigram weight="1" > intelligence ### </bigram>
    <bigram weight="1" > the supply </bigram>
    <bigram weight="1" > # like </bigram>
    <bigram weight="1" > ascertained ### </bigram>
    <bigram weight="1" > by the </bigram>
    <bigram weight="1" > keep yourself </bigram>
    <bigram weight="1" > economy that </bigram>
    <bigram weight="1" > this curious </bigram>
    <bigram weight="1" > underwriter ### </bigram>
    <bigram weight="1" > income ### </bigram>
    <bigram weight="1" > exorbitant market </bigram>
    <bigram weight="1" > nature and </bigram>
    <bigram weight="1" > dis charge </bigram>
    <bigram weight="1" > life are </bigram>
    <bigram weight="1" > # there </bigram>
    <bigram weight="1" > be kept </bigram>
    <bigram weight="1" > important thing </bigram>
    <bigram weight="1" > often the </bigram>
    <bigram weight="1" > asking questions </bigram>
    <bigram weight="1" > some calculator </bigram>
    <bigram weight="1" > know that </bigram>
    <bigram weight="1" > metaphor ### </bigram>
    <bigram weight="1" > # no </bigram>
    <bigram weight="1" > some private </bigram>
    <bigram weight="1" > that the </bigram>
    <bigram weight="1" > buy and </bigram>
    <bigram weight="1" > ### among </bigram>
    <bigram weight="1" > splits upon </bigram>
    <bigram weight="1" > of interest </bigram>
    <bigram weight="1" > of imports </bigram>
    <bigram weight="1" > transact some </bigram>
    <bigram weight="1" > in relation </bigram>
    <bigram weight="1" > lines have </bigram>
    <bigram weight="1" > peace every </bigram>
    <bigram weight="1" > that he </bigram>
    <bigram weight="1" > with a </bigram>
    <bigram weight="1" > idea of </bigram>
    <bigram weight="1" > a major </bigram>
    <bigram weight="1" > ### charts </bigram>
    <bigram weight="1" > winter ### </bigram>
    <bigram weight="1" > where he </bigram>
    <bigram weight="1" > to walden </bigram>
    <bigram weight="1" > nashville ### </bigram>
    <bigram weight="1" > not that </bigram>
    <bigram weight="1" > the above </bigram>
    <bigram weight="1" > commentary further </bigram>
    <bigram weight="1" > literal level </bigram>
    <bigram weight="1" > mis se </bigram>
    <bigram weight="1" > the more </bigram>
    <bigram weight="1" > his family </bigram>
    <bigram weight="1" > his considerable </bigram>
    <bigram weight="1" > ponds ### </bigram>
    <bigram weight="1" > wise ### </bigram>
    <bigram weight="1" > note that </bigram>
    <bigram weight="1" > and loss </bigram>
    <bigram weight="1" > like wise </bigram>
    <bigram weight="1" > in native </bigram>
    <bigram weight="1" > and labor </bigram>
    <bigram weight="1" > s account </bigram>
    <bigram weight="1" > all improve </bigram>
    <bigram weight="1" > business provides </bigram>
    <bigram weight="1" > determined to </bigram>
    <bigram weight="1" > a variety </bigram>
    <bigram weight="1" > page numbers </bigram>
    <bigram weight="1" > part of </bigram>
    <bigram weight="1" > into business </bigram>
    <bigram weight="1" > pp ### </bigram>
    <bigram weight="1" > of solomon </bigram>
    <bigram weight="1" > ### commentary </bigram>
    <bigram weight="1" > a rock </bigram>
    <bigram weight="1" > the speaker </bigram>
    <bigram weight="1" > is to </bigram>
    <bigram weight="1" > admitting ### </bigram>
    <bigram weight="1" > dedication to </bigram>
    <bigram weight="1" > and owner </bigram>
    <bigram weight="1" > ye not </bigram>
    <bigram weight="1" > unweariedly sweeping </bigram>
    <bigram weight="1" > the position </bigram>
    <bigram weight="1" > charge of </bigram>
    <bigram weight="1" > by his </bigram>
    <bigram weight="1" > his model </bigram>
    <bigram weight="1" > himself to </bigram>
    <bigram weight="1" > charles m </bigram>
    <bigram weight="1" > tare and </bigram>
    <bigram weight="1" > harbor ### </bigram>
    <bigram weight="1" > to acquire </bigram>
    <bigram weight="1" > often splits </bigram>
    <bigram weight="1" > texture ### </bigram>
    <bigram weight="1" > tret ### </bigram>
    <bigram weight="1" > of thoreau </bigram>
    <bigram weight="1" > is it </bigram>
    <bigram weight="1" > discoverers and </bigram>
    <bigram weight="1" > his parents </bigram>
    <bigram weight="1" > paragraphs of </bigram>
    <bigram weight="1" > pond the </bigram>
    <bigram weight="1" > responding as </bigram>
    <bigram weight="1" > ## i </bigram>
    <bigram weight="1" > have i </bigram>
    <bigram weight="1" > narrative ### </bigram>
    <bigram weight="1" > is in </bigram>
    <bigram weight="1" > allusion into </bigram>
    <bigram weight="1" > stock to </bigram>
    <bigram weight="1" > ### nature </bigram>
    <bigram weight="1" > jesus indicates </bigram>
    <bigram weight="1" > fate of </bigram>
    <bigram weight="1" > avanzo living </bigram>
    <bigram weight="1" > yet any </bigram>
    <bigram weight="1" > problems of </bigram>
    <bigram weight="1" > the phoenicians </bigram>
    <bigram weight="1" > and peace </bigram>
    <bigram weight="1" > all kinds </bigram>
    <bigram weight="1" > the logarithmic </bigram>
    <bigram weight="1" > must lose </bigram>
    <bigram weight="1" > for days </bigram>
    <bigram weight="1" > a romantic </bigram>
    <bigram weight="1" > whole that </bigram>
    <bigram weight="1" > had woven </bigram>
    <bigram weight="1" > ### princeton </bigram>
    <bigram weight="1" > laymon ### </bigram>
    <bigram weight="1" > economy is </bigram>
    <bigram weight="1" > down to </bigram>
    <bigram weight="1" > preparation for </bigram>
    <bigram weight="1" > merchants ### </bigram>
    <bigram weight="1" > his particular </bigram>
    <bigram weight="1" > romantic adaptation </bigram>
    <bigram weight="1" > there follows </bigram>
    <bigram weight="1" > ### did </bigram>
    <bigram weight="1" > # on </bigram>
    <bigram weight="1" > some small </bigram>
    <bigram weight="1" > conceit of </bigram>
    <bigram weight="1" > and navigators </bigram>
    <bigram weight="1" > a jersey </bigram>
    <bigram weight="1" > to detail </bigram>
    <bigram weight="1" > task the </bigram>
    <bigram weight="1" > own telegraph </bigram>
    <bigram weight="1" > ### italics </bigram>
    <bigram weight="1" > a labor </bigram>
    <bigram weight="1" > develop the </bigram>
    <bigram weight="1" > source ### </bigram>
    <bigram weight="1" > a kind </bigram>
    <bigram weight="1" > war and </bigram>
    <bigram weight="1" > parents find </bigram>
    <bigram weight="1" > in my </bigram>
    <bigram weight="1" > ### strict </bigram>
    <bigram weight="1" > jesus is </bigram>
    <bigram weight="1" > may say </bigram>
    <bigram weight="1" > ### like </bigram>
    <bigram weight="1" > god ### </bigram>
    <bigram weight="1" > considerable allusive </bigram>
    <bigram weight="1" > and will </bigram>
    <bigram weight="1" > with care </bigram>
    <bigram weight="1" > to manage </bigram>
    <bigram weight="1" > the narrative </bigram>
    <bigram weight="1" > every man </bigram>
    <bigram weight="1" > logically in </bigram>
    <bigram weight="1" > tables to </bigram>
    <bigram weight="1" > and buoys </bigram>
    <bigram weight="1" > and intelligence </bigram>
    <bigram weight="1" > and day </bigram>
    <bigram weight="1" > model is </bigram>
    <bigram weight="1" > from hanno </bigram>
    <bigram weight="1" > ### faithfully </bigram>
    <bigram weight="1" > parable maker </bigram>
    <bigram weight="1" > i went </bigram>
    <bigram weight="1" > ### wisdom </bigram>
    <bigram weight="1" > salvation ### </bigram>
    <bigram weight="1" > i been </bigram>
    <bigram weight="1" > new passages </bigram>
    <bigram weight="1" > but if </bigram>
    <bigram weight="1" > bather s </bigram>
    <bigram weight="1" > mean ing </bigram>
    <bigram weight="1" > on ### </bigram>
    <bigram weight="1" > ### great </bigram>
    <bigram weight="1" > for thoreau </bigram>
    <bigram weight="1" > and all </bigram>
    <bigram weight="1" > figurative craft </bigram>
    <bigram weight="1" > tion ### </bigram>
    <bigram weight="1" > to the </bigram>
    <bigram weight="1" > adventurers and </bigram>
    <bigram weight="1" > elaborate trope </bigram>
    <bigram weight="1" > freight will </bigram>
    <bigram weight="1" > the interpreter </bigram>
    <bigram weight="1" > we thus </bigram>
    <bigram weight="1" > to oversee </bigram>
    <bigram weight="1" > great discoverers </bigram>
    <bigram weight="1" > from this </bigram>
    <bigram weight="1" > kept pace </bigram>
    <bigram weight="1" > spiritual ### </bigram>
    <bigram weight="1" > demand a </bigram>
    <bigram weight="1" > much ice </bigram>
    <bigram weight="1" > italics added </bigram>
    <bigram weight="1" > say without </bigram>
    <bigram weight="1" > universal science </bigram>
    <bigram weight="1" > fixture enough </bigram>
    <bigram weight="1" > the transla </bigram>
    <bigram weight="1" > your trade </bigram>
    <bigram weight="1" > sunrise and </bigram>
    <bigram weight="1" > the ponds </bigram>
    <bigram weight="1" > the horizon </bigram>
    <bigram weight="1" > of words </bigram>
    <bigram weight="1" > from time </bigram>
    <bigram weight="1" > vessels bound </bigram>
    <bigram weight="1" > ### how </bigram>
    <bigram weight="1" > craft ### </bigram>
    <bigram weight="1" > ### before </bigram>
    <bigram weight="1" > fine ### </bigram>
    <bigram weight="1" > to jesus </bigram>
    <bigram weight="1" > before yet </bigram>
    <bigram weight="1" > you not </bigram>
    <bigram weight="1" > trope ### </bigram>
    <bigram weight="1" > i have </bigram>
    <bigram weight="1" > ### ed </bigram>
    <bigram weight="1" > ### we </bigram>
    <bigram weight="1" > should have </bigram>
    <bigram weight="1" > resides ### </bigram>
    <bigram weight="1" > his economy </bigram>
    <bigram weight="1" > like jesus </bigram>
    <bigram weight="1" > coast almost </bigram>
    <bigram weight="1" > all great </bigram>
    <bigram weight="1" > wist ye </bigram>
    <bigram weight="1" > for the </bigram>
    <bigram weight="1" > and responding </bigram>
    <bigram weight="1" > walden even </bigram>
    <bigram weight="1" > endnotes henry </bigram>
    <bigram weight="1" > necessaries ### </bigram>
    <bigram weight="1" > for such </bigram>
    <bigram weight="1" > himself ### </bigram>
    <bigram weight="1" > ### they </bigram>
    <bigram weight="1" > transla tion </bigram>
    <bigram weight="1" > have always </bigram>
    <bigram weight="1" > seriousness and </bigram>
    <bigram weight="1" > # lyndon </bigram>
    <bigram weight="1" > all passing </bigram>
    <bigram weight="1" > received ### </bigram>
    <bigram weight="1" > granite always </bigram>
    <bigram weight="1" > bottoms ### </bigram>
    <bigram weight="1" > be good </bigram>
    <bigram weight="1" > interpreter ### </bigram>
    <bigram weight="1" > # this </bigram>
    <bigram weight="1" > refining the </bigram>
    <bigram weight="1" > strictly accounted </bigram>
    <bigram weight="1" > ### temple </bigram>
    <bigram weight="1" > nature ### </bigram>
    <bigram weight="1" > added ### </bigram>
    <bigram weight="1" > anticipate the </bigram>
    <bigram weight="1" > shore ### </bigram>
    <bigram weight="1" > his end </bigram>
    <bigram weight="1" > adaptation of </bigram>
    <bigram weight="1" > when his </bigram>
    <bigram weight="1" > my bather </bigram>
    <bigram weight="1" > mario d </bigram>
    <bigram weight="1" > by page </bigram>
    <bigram weight="1" > untold fate </bigram>
    <bigram weight="1" > the dawn </bigram>
    <bigram weight="1" > and new </bigram>
    <bigram weight="1" > the important </bigram>
    <bigram weight="1" > communicating with </bigram>
    <bigram weight="1" > fit logically </bigram>
    <bigram weight="1" > but the </bigram>
    <bigram weight="1" > lose himself </bigram>
    <bigram weight="1" > of ### </bigram>
    <bigram weight="1" > to our </bigram>
    <bigram weight="1" > and thrift </bigram>
    <bigram weight="1" > if seen </bigram>
    <bigram weight="1" > thoreau alludes </bigram>
    <bigram weight="1" > of basket </bigram>
    <bigram weight="1" > be discharged </bigram>
    <bigram weight="1" > acquire strict </bigram>
    <bigram weight="1" > pine timber </bigram>
    <bigram weight="1" > or read </bigram>
    <bigram weight="1" > bound coastwise </bigram>
    <bigram weight="1" > and civilization </bigram>
    <bigram weight="1" > separates him </bigram>
    <bigram weight="1" > his role </bigram>
    <bigram weight="1" > thus for </bigram>
    <bigram weight="1" > science to </bigram>
    <bigram weight="1" > lyndon shanley </bigram>
    <bigram weight="1" > ### asking </bigram>
    <bigram weight="1" > to go </bigram>
    <bigram weight="1" > ### taking </bigram>
    <bigram weight="1" > night and </bigram>
    <bigram weight="1" > captain ### </bigram>
    <bigram weight="1" > market ### </bigram>
    <bigram weight="1" > ### walden </bigram>
    <bigram weight="1" > where the </bigram>
    <bigram weight="1" > to note </bigram>
    <bigram weight="1" > have been </bigram>
    <bigram weight="1" > informed of </bigram>
    <bigram weight="1" > doubt inspired </bigram>
    <bigram weight="1" > salem harbor </bigram>
    <bigram weight="1" > in walden </bigram>
    <bigram weight="1" > ### summer </bigram>
    <bigram weight="1" > sell and </bigram>
    <bigram weight="1" > how many </bigram>
    <bigram weight="1" > ### necessaries </bigram>
    <bigram weight="1" > busy in </bigram>
    <bigram weight="1" > ### studying </bigram>
    <bigram weight="1" > gauging of </bigram>
    <bigram weight="1" > redeemer ### </bigram>
    <bigram weight="1" > have reached </bigram>
    <bigram weight="1" > and gauging </bigram>
    <bigram weight="1" > business have </bigram>
    <bigram weight="1" > spiritual knowledge </bigram>
    <bigram weight="1" > corrected ### </bigram>
    <bigram weight="1" > ### preparation </bigram>
    <bigram weight="1" > the same </bigram>
    <bigram weight="1" > accounted for </bigram>
    <bigram weight="1" > to transact </bigram>
    <bigram weight="1" > distant and </bigram>
    <bigram weight="1" > of this </bigram>
    <bigram weight="1" > honest and </bigram>
    <bigram weight="1" > of luke </bigram>
    <bigram weight="1" > a steady </bigram>
    <bigram weight="1" > understand him </bigram>
    <bigram weight="1" > a spectacular </bigram>
    <bigram weight="1" > introducing his </bigram>
    <bigram weight="1" > are secured </bigram>
    <bigram weight="1" > ### from </bigram>
    <bigram weight="1" > this idiom </bigram>
    <bigram weight="1" > he did </bigram>
    <bigram weight="1" > owner and </bigram>
    <bigram weight="1" > household with </bigram>
    <bigram weight="1" > or renovation </bigram>
    <bigram weight="1" > follows a </bigram>
    <bigram weight="1" > counting house </bigram>
    <bigram weight="1" > serious ### </bigram>
    <bigram weight="1" > went on </bigram>
    <bigram weight="1" > among ### </bigram>
    <bigram weight="1" > further remarks </bigram>
    <bigram weight="1" > care ### </bigram>
    <bigram weight="1" > as to </bigram>
    <bigram weight="1" > the dis </bigram>
    <bigram weight="1" > fully appreciated </bigram>
    <bigram weight="1" > i cannot </bigram>
    <bigram weight="1" > and winter </bigram>
    <bigram weight="1" > do with </bigram>
    <bigram weight="1" > mine ### </bigram>
    <bigram weight="1" > seems to </bigram>
    <bigram weight="1" > him from </bigram>
    <bigram weight="1" > the state </bigram>
    <bigram weight="1" > ### no </bigram>
    <bigram weight="1" > serves the </bigram>
    <bigram weight="1" > trade to </bigram>
    <bigram weight="1" > as demand </bigram>
    <bigram weight="1" > ### mis </bigram>
    <bigram weight="1" > little granite </bigram>
    <bigram weight="1" > and keep </bigram>
    <bigram weight="1" > ly does </bigram>
    <bigram weight="1" > his ram </bigram>
    <bigram weight="1" > ### or </bigram>
    <bigram weight="1" > the kind </bigram>
    <bigram weight="1" > the ### </bigram>
    <bigram weight="1" > live to </bigram>
    <bigram weight="1" > the opening </bigram>
    <bigram weight="1" > be your </bigram>
    <bigram weight="1" > world of </bigram>
    <bigram weight="1" > understood as </bigram>
    <bigram weight="1" > be upon </bigram>
    <bigram weight="1" > did in </bigram>
    <bigram weight="1" > ### private </bigram>
    <bigram weight="1" > is that </bigram>
    <bigram weight="1" > an elaborate </bigram>
    <bigram weight="1" > ## the </bigram>
    <bigram weight="1" > # income </bigram>
    <bigram weight="1" > a household </bigram>
    <bigram weight="1" > renovation of </bigram>
    <bigram weight="1" > of business </bigram>
    <bigram weight="1" > that should </bigram>
    <bigram weight="1" > solomon in </bigram>
    <bigram weight="1" > ihough his </bigram>
    <bigram weight="1" > studied ### </bigram>
    <bigram weight="1" > the markets </bigram>
    <bigram weight="1" > into an </bigram>
    <bigram weight="1" > and forthright </bigram>
    <bigram weight="1" > text and </bigram>
    <bigram weight="1" > speaker argues </bigram>
    <bigram weight="1" > did you </bigram>
    <bigram weight="1" > # to </bigram>
    <bigram weight="1" > this text </bigram>
    <bigram weight="1" > secured ### </bigram>
    <bigram weight="1" > perouse ### </bigram>
    <bigram weight="1" > words taken </bigram>
    <bigram weight="1" > be fixture </bigram>
    <bigram weight="1" > the doctors </bigram>
    <bigram weight="1" > ### pp </bigram>
    <bigram weight="1" > see how </bigram>
    <bigram weight="1" > # about </bigram>
    <bigram weight="1" > been busy </bigram>
    <bigram weight="1" > too had </bigram>
    <bigram weight="1" > wisdom ### </bigram>
    <bigram weight="1" > by mario </bigram>
    <bigram weight="1" > the details </bigram>
    <bigram weight="1" > export such </bigram>
    <bigram weight="1" > on thus </bigram>
    <bigram weight="1" > maker ### </bigram>
    <bigram weight="1" > can be </bigram>
    <bigram weight="1" > coast ### </bigram>
    <bigram weight="1" > accounts ### </bigram>
    <bigram weight="1" > ### nashville </bigram>
    <bigram weight="1" > and sell </bigram>
    <bigram weight="1" > ### will </bigram>
    <bigram weight="1" > ### often </bigram>
    <bigram weight="1" > role as </bigram>
    <bigram weight="1" > always in </bigram>
    <bigram weight="1" > improve ments </bigram>
    <bigram weight="1" > oversee all </bigram>
    <bigram weight="1" > be ascertained </bigram>
    <bigram weight="1" > logarithmic tables </bigram>
    <bigram weight="1" > interesting to </bigram>
    <bigram weight="1" > in fine </bigram>
    <bigram weight="1" > and underwriter </bigram>
    <bigram weight="1" > using new </bigram>
    <bigram weight="1" > despatch of </bigram>
    <bigram weight="1" > the lines </bigram>
    <bigram weight="1" > and refinement </bigram>
    <bigram weight="1" > wis dom </bigram>
    <bigram weight="1" > no wonder </bigram>
    <bigram weight="1" > a higher </bigram>
    <bigram weight="1" > civilization ### </bigram>
    <bigram weight="1" > profit and </bigram>
    <bigram weight="1" > ## it </bigram>
    <bigram weight="1" > and merchants </bigram>
    <bigram weight="1" > endeavored to </bigram>
    <bigram weight="1" > best in </bigram>
    <bigram weight="1" > small counting </bigram>
    <bigram weight="1" > will export </bigram>
    <bigram weight="1" > # charles </bigram>
    <bigram weight="1" > going about </bigram>
    <bigram weight="1" > to task </bigram>
    <bigram weight="1" > living deeply </bigram>
    <bigram weight="1" > business has </bigram>
    <bigram weight="1" > biblical allusion </bigram>
    <bigram weight="1" > its biblical </bigram>
    <bigram weight="1" > trade with </bigram>
    <bigram weight="1" > intelligence and </bigram>
    <bigram weight="1" > require the </bigram>
    <bigram weight="1" > yourself in </bigram>
    <bigram weight="1" > as honest </bigram>
    <bigram weight="1" > ing is </bigram>
    <bigram weight="1" > my own </bigram>
    <bigram weight="1" > without boasting </bigram>
    <bigram weight="1" > of some </bigram>
    <bigram weight="1" > and ### </bigram>
    <bigram weight="1" > ### such </bigram>
    <bigram weight="1" > end ### </bigram>
    <bigram weight="1" > indispensable to </bigram>
    <bigram weight="1" > at walden </bigram>
    <bigram weight="1" > boasting ### </bigram>
    <bigram weight="1" > there is </bigram>
    <bigram weight="1" > reefs and </bigram>
    <bigram weight="1" > with ### </bigram>
    <bigram weight="1" > pace with </bigram>
    <bigram weight="1" > in navigation </bigram>
    <bigram weight="1" > ### intelligence </bigram>
    <bigram weight="1" > friendly pier </bigram>
    <bigram weight="1" > articles as </bigram>
    <bigram weight="1" > herself # </bigram>
    <bigram weight="1" > # it </bigram>
    <bigram weight="1" > days ### </bigram>
    <bigram weight="1" > could say </bigram>
    <bigram weight="1" > and heaven </bigram>
    <bigram weight="1" > his trade </bigram>
    <bigram weight="1" > # you </bigram>
    <bigram weight="1" > anticipate ### </bigram>
    <bigram weight="1" > to fit </bigram>
    <bigram weight="1" > the woven </bigram>
    <bigram weight="1" > person ### </bigram>
    <bigram weight="1" > ye sought </bigram>
    <bigram weight="1" > christian idea </bigram>
    <bigram weight="1" > and figurative </bigram>
    <bigram weight="1" > its environs </bigram>
    <bigram weight="1" > complexity of </bigram>
    <bigram weight="1" > so described </bigram>
    <bigram weight="1" > care and </bigram>
    <bigram weight="1" > a little </bigram>
    <bigram weight="1" > thoreau remarks </bigram>
    <bigram weight="1" > be more </bigram>
    <bigram weight="1" > than i </bigram>
    <bigram weight="1" > detail his </bigram>
    <bigram weight="1" > of life </bigram>
    <bigram weight="1" > passages and </bigram>
    <bigram weight="1" > thoreau in </bigram>
    <bigram weight="1" > ### ihough </bigram>
    <bigram weight="1" > luke by </bigram>
    <bigram weight="1" > in admitting </bigram>
    <bigram weight="1" > merely ### </bigram>
    <bigram weight="1" > heaven than </bigram>
    <bigram weight="1" > has astounded </bigram>
    <bigram weight="1" > letter received </bigram>
    <bigram weight="1" > followed by </bigram>
    <bigram weight="1" > and trade </bigram>
    <bigram weight="1" > to find </bigram>
    <bigram weight="1" > stirring about </bigram>
    <bigram weight="1" > a diligence </bigram>
    <bigram weight="1" > pond and </bigram>
    <bigram weight="1" > too leaves </bigram>
    <bigram weight="1" > i live </bigram>
    <bigram weight="1" > woven a </bigram>
    <bigram weight="1" > timber and </bigram>
    <bigram weight="1" > described ### </bigram>
    <bigram weight="1" > studying the </bigram>
    <bigram weight="1" > a delicate </bigram>
    <bigram weight="1" > business at </bigram>
    <bigram weight="1" > house of </bigram>
    <bigram weight="1" > ### after </bigram>
    <bigram weight="1" > endeavors ### </bigram>
    <bigram weight="1" > not well </bigram>
    <bigram weight="1" > is ### </bigram>
    <bigram weight="1" > where ### </bigram>
    <bigram weight="1" > ly tor </bigram>
    <bigram weight="1" > be corrected </bigram>
    <bigram weight="1" > # if </bigram>
    <bigram weight="1" > loss ### </bigram>
    <bigram weight="1" > ### account </bigram>
    <bigram weight="1" > se ### </bigram>
    <bigram weight="1" > business seems </bigram>
    <bigram weight="1" > expeditions ### </bigram>
    <bigram weight="1" > ### figure </bigram>
    <bigram weight="1" > ## j </bigram>
    <bigram weight="1" > of la </bigram>
</article>
