<?xml version="1.0" encoding="UTF-8"?>
<article id="10.2307/23393252" >
    <bigram weight="27" > ### # </bigram>
    <bigram weight="7" > # i </bigram>
    <bigram weight="6" > a ### </bigram>
    <bigram weight="6" > i would </bigram>
    <bigram weight="5" > of the </bigram>
    <bigram weight="5" > in the </bigram>
    <bigram weight="5" > ### t </bigram>
    <bigram weight="4" > to tie </bigram>
    <bigram weight="4" > knot ### </bigram>
    <bigram weight="4" > bow ties </bigram>
    <bigram weight="4" > the ends </bigram>
    <bigram weight="4" > # he </bigram>
    <bigram weight="4" > and i </bigram>
    <bigram weight="4" > i have </bigram>
    <bigram weight="3" > shoe laces </bigram>
    <bigram weight="3" > a granny </bigram>
    <bigram weight="3" > over left </bigram>
    <bigram weight="3" > he tried </bigram>
    <bigram weight="3" > tie a </bigram>
    <bigram weight="3" > henry thoreau </bigram>
    <bigram weight="3" > a bow </bigram>
    <bigram weight="3" > with the </bigram>
    <bigram weight="3" > right over </bigram>
    <bigram weight="3" > bow knot </bigram>
    <bigram weight="2" > and that </bigram>
    <bigram weight="2" > tying a </bigram>
    <bigram weight="2" > tied ### </bigram>
    <bigram weight="2" > ### henry </bigram>
    <bigram weight="2" > ### and </bigram>
    <bigram weight="2" > untied ### </bigram>
    <bigram weight="2" > from the </bigram>
    <bigram weight="2" > tying ### </bigram>
    <bigram weight="2" > we have </bigram>
    <bigram weight="2" > ### then </bigram>
    <bigram weight="2" > at night </bigram>
    <bigram weight="2" > the bow </bigram>
    <bigram weight="2" > granny knot </bigram>
    <bigram weight="2" > ends tucked </bigram>
    <bigram weight="2" > night ### </bigram>
    <bigram weight="2" > however ### </bigram>
    <bigram weight="2" > gave him </bigram>
    <bigram weight="2" > ties ### </bigram>
    <bigram weight="2" > that the </bigram>
    <bigram weight="2" > tie ### </bigram>
    <bigram weight="2" > men ### </bigram>
    <bigram weight="2" > # and </bigram>
    <bigram weight="2" > how to </bigram>
    <bigram weight="2" > his journal </bigram>
    <bigram weight="2" > on this </bigram>
    <bigram weight="2" > knot with </bigram>
    <bigram weight="2" > i can </bigram>
    <bigram weight="2" > won ### </bigram>
    <bigram weight="2" > ### that </bigram>
    <bigram weight="2" > have learned </bigram>
    <bigram weight="2" > him that </bigram>
    <bigram weight="2" > the foot </bigram>
    <bigram weight="2" > with his </bigram>
    <bigram weight="2" > as a </bigram>
    <bigram weight="2" > have been </bigram>
    <bigram weight="2" > laces ### </bigram>
    <bigram weight="2" > would have </bigram>
    <bigram weight="2" > from a </bigram>
    <bigram weight="2" > he could </bigram>
    <bigram weight="2" > ### in </bigram>
    <bigram weight="2" > off at </bigram>
    <bigram weight="2" > his own </bigram>
    <bigram weight="2" > to him </bigram>
    <bigram weight="2" > minute men </bigram>
    <bigram weight="2" > no one </bigram>
    <bigram weight="2" > square knot </bigram>
    <bigram weight="1" > ### delivered </bigram>
    <bigram weight="1" > interfering with </bigram>
    <bigram weight="1" > journal entry </bigram>
    <bigram weight="1" > soul for </bigram>
    <bigram weight="1" > all his </bigram>
    <bigram weight="1" > day however </bigram>
    <bigram weight="1" > we tie </bigram>
    <bigram weight="1" > loosening ### </bigram>
    <bigram weight="1" > my mortgaged </bigram>
    <bigram weight="1" > than the </bigram>
    <bigram weight="1" > been doing </bigram>
    <bigram weight="1" > drawer an </bigram>
    <bigram weight="1" > on purpose </bigram>
    <bigram weight="1" > all for </bigram>
    <bigram weight="1" > ties from </bigram>
    <bigram weight="1" > his genera </bigram>
    <bigram weight="1" > concord minute </bigram>
    <bigram weight="1" > debt to </bigram>
    <bigram weight="1" > half the </bigram>
    <bigram weight="1" > # but </bigram>
    <bigram weight="1" > out and </bigram>
    <bigram weight="1" > lie vertically </bigram>
    <bigram weight="1" > the following </bigram>
    <bigram weight="1" > t understand </bigram>
    <bigram weight="1" > his death </bigram>
    <bigram weight="1" > doing was </bigram>
    <bigram weight="1" > tenth of </bigram>
    <bigram weight="1" > over hand </bigram>
    <bigram weight="1" > in his </bigram>
    <bigram weight="1" > t work </bigram>
    <bigram weight="1" > and wear </bigram>
    <bigram weight="1" > stay tied </bigram>
    <bigram weight="1" > tied them </bigram>
    <bigram weight="1" > soul and </bigram>
    <bigram weight="1" > # you </bigram>
    <bigram weight="1" > sometimes tie </bigram>
    <bigram weight="1" > so they </bigram>
    <bigram weight="1" > henry how </bigram>
    <bigram weight="1" > lie along </bigram>
    <bigram weight="1" > decided that </bigram>
    <bigram weight="1" > ### tying </bigram>
    <bigram weight="1" > as concord </bigram>
    <bigram weight="1" > i decided </bigram>
    <bigram weight="1" > solutions he </bigram>
    <bigram weight="1" > getting them </bigram>
    <bigram weight="1" > that is </bigram>
    <bigram weight="1" > them because </bigram>
    <bigram weight="1" > for ## </bigram>
    <bigram weight="1" > one assumes </bigram>
    <bigram weight="1" > their loose </bigram>
    <bigram weight="1" > then right </bigram>
    <bigram weight="1" > you will </bigram>
    <bigram weight="1" > left ### </bigram>
    <bigram weight="1" > left and </bigram>
    <bigram weight="1" > knot and </bigram>
    <bigram weight="1" > and tempt </bigram>
    <bigram weight="1" > foot rather </bigram>
    <bigram weight="1" > at a </bigram>
    <bigram weight="1" > t come </bigram>
    <bigram weight="1" > thing since </bigram>
    <bigram weight="1" > head and </bigram>
    <bigram weight="1" > a four </bigram>
    <bigram weight="1" > it tries </bigram>
    <bigram weight="1" > he knew </bigram>
    <bigram weight="1" > ends won </bigram>
    <bigram weight="1" > they stay </bigram>
    <bigram weight="1" > since his </bigram>
    <bigram weight="1" > bested him </bigram>
    <bigram weight="1" > and his </bigram>
    <bigram weight="1" > the woods </bigram>
    <bigram weight="1" > # other </bigram>
    <bigram weight="1" > natural materials </bigram>
    <bigram weight="1" > more trouble </bigram>
    <bigram weight="1" > trouble keeping </bigram>
    <bigram weight="1" > had ### </bigram>
    <bigram weight="1" > ## no </bigram>
    <bigram weight="1" > records in </bigram>
    <bigram weight="1" > stronger than </bigram>
    <bigram weight="1" > been tying </bigram>
    <bigram weight="1" > a hundred </bigram>
    <bigram weight="1" > ### the </bigram>
    <bigram weight="1" > he did </bigram>
    <bigram weight="1" > knot by </bigram>
    <bigram weight="1" > such remote </bigram>
    <bigram weight="1" > ## and </bigram>
    <bigram weight="1" > in ## </bigram>
    <bigram weight="1" > reed ### </bigram>
    <bigram weight="1" > solution for </bigram>
    <bigram weight="1" > five minutes </bigram>
    <bigram weight="1" > the concord </bigram>
    <bigram weight="1" > would get </bigram>
    <bigram weight="1" > harvard college </bigram>
    <bigram weight="1" > dollars ### </bigram>
    <bigram weight="1" > shoes that </bigram>
    <bigram weight="1" > ### simple </bigram>
    <bigram weight="1" > his ancestor </bigram>
    <bigram weight="1" > what henry </bigram>
    <bigram weight="1" > and he </bigram>
    <bigram weight="1" > tion a </bigram>
    <bigram weight="1" > a unit </bigram>
    <bigram weight="1" > that little </bigram>
    <bigram weight="1" > elegant bow </bigram>
    <bigram weight="1" > pull them </bigram>
    <bigram weight="1" > a peddler </bigram>
    <bigram weight="1" > the laces </bigram>
    <bigram weight="1" > at breakfast </bigram>
    <bigram weight="1" > delivers speech </bigram>
    <bigram weight="1" > time i </bigram>
    <bigram weight="1" > college ### </bigram>
    <bigram weight="1" > satisfaction in </bigram>
    <bigram weight="1" > granny bow </bigram>
    <bigram weight="1" > reading his </bigram>
    <bigram weight="1" > it up </bigram>
    <bigram weight="1" > have bested </bigram>
    <bigram weight="1" > concord and </bigram>
    <bigram weight="1" > woods for </bigram>
    <bigram weight="1" > almost too </bigram>
    <bigram weight="1" > and no </bigram>
    <bigram weight="1" > ### knot </bigram>
    <bigram weight="1" > laces first </bigram>
    <bigram weight="1" > thomas b </bigram>
    <bigram weight="1" > graduate of </bigram>
    <bigram weight="1" > with recurved </bigram>
    <bigram weight="1" > recent muster </bigram>
    <bigram weight="1" > for if </bigram>
    <bigram weight="1" > stumbled on </bigram>
    <bigram weight="1" > trouble getting </bigram>
    <bigram weight="1" > do from </bigram>
    <bigram weight="1" > he stumbled </bigram>
    <bigram weight="1" > # one </bigram>
    <bigram weight="1" > although he </bigram>
    <bigram weight="1" > must be </bigram>
    <bigram weight="1" > and then </bigram>
    <bigram weight="1" > any how </bigram>
    <bigram weight="1" > many christmases </bigram>
    <bigram weight="1" > knew ### </bigram>
    <bigram weight="1" > even such </bigram>
    <bigram weight="1" > which gave </bigram>
    <bigram weight="1" > i are </bigram>
    <bigram weight="1" > making a </bigram>
    <bigram weight="1" > the average </bigram>
    <bigram weight="1" > i will </bigram>
    <bigram weight="1" > that half </bigram>
    <bigram weight="1" > world knew </bigram>
    <bigram weight="1" > speech at </bigram>
    <bigram weight="1" > unit of </bigram>
    <bigram weight="1" > cabin in </bigram>
    <bigram weight="1" > the automobile </bigram>
    <bigram weight="1" > boys to </bigram>
    <bigram weight="1" > thoreau for </bigram>
    <bigram weight="1" > sit at </bigram>
    <bigram weight="1" > four in </bigram>
    <bigram weight="1" > for a </bigram>
    <bigram weight="1" > he used </bigram>
    <bigram weight="1" > talking to </bigram>
    <bigram weight="1" > considered using </bigram>
    <bigram weight="1" > tried many </bigram>
    <bigram weight="1" > was expected </bigram>
    <bigram weight="1" > would explain </bigram>
    <bigram weight="1" > dresser drawer </bigram>
    <bigram weight="1" > look almost </bigram>
    <bigram weight="1" > their pigtails </bigram>
    <bigram weight="1" > rather elegant </bigram>
    <bigram weight="1" > the chance </bigram>
    <bigram weight="1" > thoreau meet </bigram>
    <bigram weight="1" > journal ### </bigram>
    <bigram weight="1" > the deuce </bigram>
    <bigram weight="1" > bow in </bigram>
    <bigram weight="1" > delivered the </bigram>
    <bigram weight="1" > teei ttiat </bigram>
    <bigram weight="1" > be untied </bigram>
    <bigram weight="1" > remote towns </bigram>
    <bigram weight="1" > ### make </bigram>
    <bigram weight="1" > girls sometimes </bigram>
    <bigram weight="1" > materials a </bigram>
    <bigram weight="1" > # now </bigram>
    <bigram weight="1" > could hardly </bigram>
    <bigram weight="1" > reed delivers </bigram>
    <bigram weight="1" > shoestrings gave </bigram>
    <bigram weight="1" > t tie </bigram>
    <bigram weight="1" > own ground </bigram>
    <bigram weight="1" > knot of </bigram>
    <bigram weight="1" > been bothered </bigram>
    <bigram weight="1" > tie bow </bigram>
    <bigram weight="1" > tried tying </bigram>
    <bigram weight="1" > how we </bigram>
    <bigram weight="1" > would show </bigram>
    <bigram weight="1" > simply his </bigram>
    <bigram weight="1" > and tied </bigram>
    <bigram weight="1" > spread to </bigram>
    <bigram weight="1" > arsenal of </bigram>
    <bigram weight="1" > shoes or </bigram>
    <bigram weight="1" > up and </bigram>
    <bigram weight="1" > foot as </bigram>
    <bigram weight="1" > our having </bigram>
    <bigram weight="1" > knot tying </bigram>
    <bigram weight="1" > give it </bigram>
    <bigram weight="1" > tries to </bigram>
    <bigram weight="1" > the dresser </bigram>
    <bigram weight="1" > is simply </bigram>
    <bigram weight="1" > thoreau records </bigram>
    <bigram weight="1" > they are </bigram>
    <bigram weight="1" > he was </bigram>
    <bigram weight="1" > through the </bigram>
    <bigram weight="1" > taught henry </bigram>
    <bigram weight="1" > speech on </bigram>
    <bigram weight="1" > ## dollars </bigram>
    <bigram weight="1" > using the </bigram>
    <bigram weight="1" > ana so </bigram>
    <bigram weight="1" > was marvelously </bigram>
    <bigram weight="1" > meet the </bigram>
    <bigram weight="1" > bow ### </bigram>
    <bigram weight="1" > ### ## </bigram>
    <bigram weight="1" > ### by </bigram>
    <bigram weight="1" > tried going </bigram>
    <bigram weight="1" > july ### </bigram>
    <bigram weight="1" > so the </bigram>
    <bigram weight="1" > most marvelous </bigram>
    <bigram weight="1" > that what </bigram>
    <bigram weight="1" > the second </bigram>
    <bigram weight="1" > even in </bigram>
    <bigram weight="1" > measure ### </bigram>
    <bigram weight="1" > learned to </bigram>
    <bigram weight="1" > would mortgage </bigram>
    <bigram weight="1" > and bows </bigram>
    <bigram weight="1" > b ### </bigram>
    <bigram weight="1" > in july </bigram>
    <bigram weight="1" > marvelous solution </bigram>
    <bigram weight="1" > are the </bigram>
    <bigram weight="1" > them off </bigram>
    <bigram weight="1" > so ## </bigram>
    <bigram weight="1" > good bow </bigram>
    <bigram weight="1" > come off </bigram>
    <bigram weight="1" > thinking about </bigram>
    <bigram weight="1" > hard knot </bigram>
    <bigram weight="1" > could walk </bigram>
    <bigram weight="1" > before they </bigram>
    <bigram weight="1" > stick out </bigram>
    <bigram weight="1" > ### won </bigram>
    <bigram weight="1" > subject ### </bigram>
    <bigram weight="1" > analogy ### </bigram>
    <bigram weight="1" > to save </bigram>
    <bigram weight="1" > at all </bigram>
    <bigram weight="1" > to lie </bigram>
    <bigram weight="1" > muster of </bigram>
    <bigram weight="1" > cause we </bigram>
    <bigram weight="1" > no more </bigram>
    <bigram weight="1" > ago ### </bigram>
    <bigram weight="1" > be ### </bigram>
    <bigram weight="1" > # any </bigram>
    <bigram weight="1" > elegant symmetry </bigram>
    <bigram weight="1" > ### a </bigram>
    <bigram weight="1" > ### interfering </bigram>
    <bigram weight="1" > ### right </bigram>
    <bigram weight="1" > hundred years </bigram>
    <bigram weight="1" > teach him </bigram>
    <bigram weight="1" > has had </bigram>
    <bigram weight="1" > by either </bigram>
    <bigram weight="1" > however i </bigram>
    <bigram weight="1" > genera tion </bigram>
    <bigram weight="1" > that since </bigram>
    <bigram weight="1" > second over </bigram>
    <bigram weight="1" > left over </bigram>
    <bigram weight="1" > learned one </bigram>
    <bigram weight="1" > have become </bigram>
    <bigram weight="1" > also acknowledge </bigram>
    <bigram weight="1" > simple hard </bigram>
    <bigram weight="1" > work at </bigram>
    <bigram weight="1" > of measure </bigram>
    <bigram weight="1" > a most </bigram>
    <bigram weight="1" > automobile or </bigram>
    <bigram weight="1" > bothered by </bigram>
    <bigram weight="1" > the hide </bigram>
    <bigram weight="1" > # all </bigram>
    <bigram weight="1" > south american </bigram>
    <bigram weight="1" > he even </bigram>
    <bigram weight="1" > following speech </bigram>
    <bigram weight="1" > wear a </bigram>
    <bigram weight="1" > ### yet </bigram>
    <bigram weight="1" > and stronger </bigram>
    <bigram weight="1" > a necktie </bigram>
    <bigram weight="1" > if they </bigram>
    <bigram weight="1" > on your </bigram>
    <bigram weight="1" > heavy leather </bigram>
    <bigram weight="1" > don ### </bigram>
    <bigram weight="1" > recognize that </bigram>
    <bigram weight="1" > loose laces </bigram>
    <bigram weight="1" > such as </bigram>
    <bigram weight="1" > walk ### </bigram>
    <bigram weight="1" > the square </bigram>
    <bigram weight="1" > ## teei </bigram>
    <bigram weight="1" > yet can </bigram>
    <bigram weight="1" > hardly walk </bigram>
    <bigram weight="1" > secret would </bigram>
    <bigram weight="1" > wouldn ### </bigram>
    <bigram weight="1" > to keep </bigram>
    <bigram weight="1" > what was </bigram>
    <bigram weight="1" > civilized world </bigram>
    <bigram weight="1" > recurved prick </bigram>
    <bigram weight="1" > his laces </bigram>
    <bigram weight="1" > try a </bigram>
    <bigram weight="1" > satisfied to </bigram>
    <bigram weight="1" > discover that </bigram>
    <bigram weight="1" > shoes and </bigram>
    <bigram weight="1" > that there </bigram>
    <bigram weight="1" > or radio </bigram>
    <bigram weight="1" > in ### </bigram>
    <bigram weight="1" > invention of </bigram>
    <bigram weight="1" > because it </bigram>
    <bigram weight="1" > did have </bigram>
    <bigram weight="1" > have trouble </bigram>
    <bigram weight="1" > have since </bigram>
    <bigram weight="1" > one would </bigram>
    <bigram weight="1" > that he </bigram>
    <bigram weight="1" > with a </bigram>
    <bigram weight="1" > too neat </bigram>
    <bigram weight="1" > thinking ### </bigram>
    <bigram weight="1" > ties look </bigram>
    <bigram weight="1" > laces loosened </bigram>
    <bigram weight="1" > beauty ### </bigram>
    <bigram weight="1" > him in </bigram>
    <bigram weight="1" > cannot do </bigram>
    <bigram weight="1" > vertically ### </bigram>
    <bigram weight="1" > july day </bigram>
    <bigram weight="1" > his shoestrings </bigram>
    <bigram weight="1" > bought from </bigram>
    <bigram weight="1" > our shoes </bigram>
    <bigram weight="1" > leather laces </bigram>
    <bigram weight="1" > ### i </bigram>
    <bigram weight="1" > tucked in </bigram>
    <bigram weight="1" > of elegant </bigram>
    <bigram weight="1" > a recent </bigram>
    <bigram weight="1" > over right </bigram>
    <bigram weight="1" > marvelously satisfied </bigram>
    <bigram weight="1" > and the </bigram>
    <bigram weight="1" > death our </bigram>
    <bigram weight="1" > the distance </bigram>
    <bigram weight="1" > will discover </bigram>
    <bigram weight="1" > and with </bigram>
    <bigram weight="1" > again ### </bigram>
    <bigram weight="1" > in our </bigram>
    <bigram weight="1" > ### guaranteed </bigram>
    <bigram weight="1" > his head </bigram>
    <bigram weight="1" > all of </bigram>
    <bigram weight="1" > chin ### </bigram>
    <bigram weight="1" > accident ### </bigram>
    <bigram weight="1" > to find </bigram>
    <bigram weight="1" > minutes on </bigram>
    <bigram weight="1" > for their </bigram>
    <bigram weight="1" > that i </bigram>
    <bigram weight="1" > ancestor a </bigram>
    <bigram weight="1" > henry ### </bigram>
    <bigram weight="1" > laces and </bigram>
    <bigram weight="1" > was tying </bigram>
    <bigram weight="1" > them in </bigram>
    <bigram weight="1" > you ### </bigram>
    <bigram weight="1" > on cheaters </bigram>
    <bigram weight="1" > make a </bigram>
    <bigram weight="1" > knot is </bigram>
    <bigram weight="1" > that in </bigram>
    <bigram weight="1" > have in </bigram>
    <bigram weight="1" > the chin </bigram>
    <bigram weight="1" > a pretty </bigram>
    <bigram weight="1" > he says </bigram>
    <bigram weight="1" > mortgage my </bigram>
    <bigram weight="1" > walk before </bigram>
    <bigram weight="1" > # on </bigram>
    <bigram weight="1" > rather than </bigram>
    <bigram weight="1" > learned from </bigram>
    <bigram weight="1" > before his </bigram>
    <bigram weight="1" > he bought </bigram>
    <bigram weight="1" > over many </bigram>
    <bigram weight="1" > ### for </bigram>
    <bigram weight="1" > a debt </bigram>
    <bigram weight="1" > become much </bigram>
    <bigram weight="1" > american jackass </bigram>
    <bigram weight="1" > i seldom </bigram>
    <bigram weight="1" > ### like </bigram>
    <bigram weight="1" > tell ## </bigram>
    <bigram weight="1" > on thoreau </bigram>
    <bigram weight="1" > the time </bigram>
    <bigram weight="1" > by analogy </bigram>
    <bigram weight="1" > for five </bigram>
    <bigram weight="1" > machines he </bigram>
    <bigram weight="1" > be cause </bigram>
    <bigram weight="1" > of shoes </bigram>
    <bigram weight="1" > even considered </bigram>
    <bigram weight="1" > though i </bigram>
    <bigram weight="1" > little boys </bigram>
    <bigram weight="1" > cheaters used </bigram>
    <bigram weight="1" > can teach </bigram>
    <bigram weight="1" > much cleverer </bigram>
    <bigram weight="1" > neat ### </bigram>
    <bigram weight="1" > now realize </bigram>
    <bigram weight="1" > used by </bigram>
    <bigram weight="1" > ### does </bigram>
    <bigram weight="1" > henry and </bigram>
    <bigram weight="1" > one thing </bigram>
    <bigram weight="1" > a neighbor </bigram>
    <bigram weight="1" > from this </bigram>
    <bigram weight="1" > there must </bigram>
    <bigram weight="1" > thomas reed </bigram>
    <bigram weight="1" > shoes so </bigram>
    <bigram weight="1" > of talking </bigram>
    <bigram weight="1" > available natural </bigram>
    <bigram weight="1" > i now </bigram>
    <bigram weight="1" > expected of </bigram>
    <bigram weight="1" > ### be </bigram>
    <bigram weight="1" > show him </bigram>
    <bigram weight="1" > ### but </bigram>
    <bigram weight="1" > trouble by </bigram>
    <bigram weight="1" > my bow </bigram>
    <bigram weight="1" > # henry </bigram>
    <bigram weight="1" > the machines </bigram>
    <bigram weight="1" > jackass ### </bigram>
    <bigram weight="1" > to henry </bigram>
    <bigram weight="1" > save my </bigram>
    <bigram weight="1" > and without </bigram>
    <bigram weight="1" > ### historian </bigram>
    <bigram weight="1" > that a </bigram>
    <bigram weight="1" > him rather </bigram>
    <bigram weight="1" > life he </bigram>
    <bigram weight="1" > about this </bigram>
    <bigram weight="1" > this subject </bigram>
    <bigram weight="1" > his shoe </bigram>
    <bigram weight="1" > little girls </bigram>
    <bigram weight="1" > walk twenty </bigram>
    <bigram weight="1" > assumes from </bigram>
    <bigram weight="1" > would also </bigram>
    <bigram weight="1" > for the </bigram>
    <bigram weight="1" > les ### </bigram>
    <bigram weight="1" > accumulated over </bigram>
    <bigram weight="1" > the twentieth </bigram>
    <bigram weight="1" > acknowledge a </bigram>
    <bigram weight="1" > are even </bigram>
    <bigram weight="1" > man of </bigram>
    <bigram weight="1" > the available </bigram>
    <bigram weight="1" > laces with </bigram>
    <bigram weight="1" > # ### </bigram>
    <bigram weight="1" > # however </bigram>
    <bigram weight="1" > mornings ### </bigram>
    <bigram weight="1" > this i </bigram>
    <bigram weight="1" > in hand </bigram>
    <bigram weight="1" > the civilized </bigram>
    <bigram weight="1" > without laces </bigram>
    <bigram weight="1" > as making </bigram>
    <bigram weight="1" > but that </bigram>
    <bigram weight="1" > can ### </bigram>
    <bigram weight="1" > since then </bigram>
    <bigram weight="1" > is a </bigram>
    <bigram weight="1" > entry that </bigram>
    <bigram weight="1" > ttiat henry </bigram>
    <bigram weight="1" > they came </bigram>
    <bigram weight="1" > ground with </bigram>
    <bigram weight="1" > those who </bigram>
    <bigram weight="1" > our machines </bigram>
    <bigram weight="1" > along the </bigram>
    <bigram weight="1" > of what </bigram>
    <bigram weight="1" > then ### </bigram>
    <bigram weight="1" > breakfast and </bigram>
    <bigram weight="1" > deuce to </bigram>
    <bigram weight="1" > # some </bigram>
    <bigram weight="1" > i give </bigram>
    <bigram weight="1" > paces before </bigram>
    <bigram weight="1" > left again </bigram>
    <bigram weight="1" > in knot </bigram>
    <bigram weight="1" > of you </bigram>
    <bigram weight="1" > had been </bigram>
    <bigram weight="1" > them ### </bigram>
    <bigram weight="1" > radio ### </bigram>
    <bigram weight="1" > necktie because </bigram>
    <bigram weight="1" > neighbor that </bigram>
    <bigram weight="1" > casually sit </bigram>
    <bigram weight="1" > says he </bigram>
    <bigram weight="1" > pigtails on </bigram>
    <bigram weight="1" > instead ### </bigram>
    <bigram weight="1" > because they </bigram>
    <bigram weight="1" > tie our </bigram>
    <bigram weight="1" > the minute </bigram>
    <bigram weight="1" > find his </bigram>
    <bigram weight="1" > ### accumulated </bigram>
    <bigram weight="1" > loosened as </bigram>
    <bigram weight="1" > an arsenal </bigram>
    <bigram weight="1" > than across </bigram>
    <bigram weight="1" > ### thomas </bigram>
    <bigram weight="1" > the south </bigram>
    <bigram weight="1" > other mornings </bigram>
    <bigram weight="1" > towns as </bigram>
    <bigram weight="1" > pretty good </bigram>
    <bigram weight="1" > journal that </bigram>
    <bigram weight="1" > have spread </bigram>
    <bigram weight="1" > do with </bigram>
    <bigram weight="1" > hands and </bigram>
    <bigram weight="1" > materials ### </bigram>
    <bigram weight="1" > then left </bigram>
    <bigram weight="1" > his life </bigram>
    <bigram weight="1" > in their </bigram>
    <bigram weight="1" > by those </bigram>
    <bigram weight="1" > they had </bigram>
    <bigram weight="1" > ### recognize </bigram>
    <bigram weight="1" > the field </bigram>
    <bigram weight="1" > since learned </bigram>
    <bigram weight="1" > ### however </bigram>
    <bigram weight="1" > who don </bigram>
    <bigram weight="1" > his square </bigram>
    <bigram weight="1" > having taught </bigram>
    <bigram weight="1" > how a </bigram>
    <bigram weight="1" > keeping his </bigram>
    <bigram weight="1" > get more </bigram>
    <bigram weight="1" > made from </bigram>
    <bigram weight="1" > a tenth </bigram>
    <bigram weight="1" > purpose so </bigram>
    <bigram weight="1" > machines have </bigram>
    <bigram weight="1" > he has </bigram>
    <bigram weight="1" > ### tried </bigram>
    <bigram weight="1" > hide of </bigram>
    <bigram weight="1" > prick les </bigram>
    <bigram weight="1" > to even </bigram>
    <bigram weight="1" > that though </bigram>
    <bigram weight="1" > by loosening </bigram>
    <bigram weight="1" > had trouble </bigram>
    <bigram weight="1" > bows and </bigram>
    <bigram weight="1" > twentieth century </bigram>
    <bigram weight="1" > across the </bigram>
    <bigram weight="1" > without thinking </bigram>
    <bigram weight="1" > hand knot </bigram>
    <bigram weight="1" > knew how </bigram>
    <bigram weight="1" > i do </bigram>
    <bigram weight="1" > can be </bigram>
    <bigram weight="1" > of rather </bigram>
    <bigram weight="1" > your shoe </bigram>
    <bigram weight="1" > to pull </bigram>
    <bigram weight="1" > tying the </bigram>
    <bigram weight="1" > a loose </bigram>
    <bigram weight="1" > a cabin </bigram>
    <bigram weight="1" > hand instead </bigram>
    <bigram weight="1" > or shoes </bigram>
    <bigram weight="1" > the secret </bigram>
    <bigram weight="1" > laces tied </bigram>
    <bigram weight="1" > laces which </bigram>
    <bigram weight="1" > loose walk </bigram>
    <bigram weight="1" > ## ### </bigram>
    <bigram weight="1" > some mornings </bigram>
    <bigram weight="1" > aged ## </bigram>
    <bigram weight="1" > like the </bigram>
    <bigram weight="1" > keep tied </bigram>
    <bigram weight="1" > knot to </bigram>
    <bigram weight="1" > does ### </bigram>
    <bigram weight="1" > distance he </bigram>
    <bigram weight="1" > mortgaged soul </bigram>
    <bigram weight="1" > many solutions </bigram>
    <bigram weight="1" > clip on </bigram>
    <bigram weight="1" > wear them </bigram>
    <bigram weight="1" > understand ### </bigram>
    <bigram weight="1" > by accident </bigram>
    <bigram weight="1" > now my </bigram>
    <bigram weight="1" > and hands </bigram>
    <bigram weight="1" > thoreau ### </bigram>
    <bigram weight="1" > on his </bigram>
    <bigram weight="1" > tied he </bigram>
    <bigram weight="1" > one in </bigram>
    <bigram weight="1" > a graduate </bigram>
    <bigram weight="1" > ends lie </bigram>
    <bigram weight="1" > and beauty </bigram>
    <bigram weight="1" > tucked back </bigram>
    <bigram weight="1" > ### ### </bigram>
    <bigram weight="1" > first right </bigram>
    <bigram weight="1" > ### such </bigram>
    <bigram weight="1" > ### aged </bigram>
    <bigram weight="1" > realize that </bigram>
    <bigram weight="1" > used heavy </bigram>
    <bigram weight="1" > more satisfaction </bigram>
    <bigram weight="1" > but we </bigram>
    <bigram weight="1" > rather a </bigram>
    <bigram weight="1" > bow on </bigram>
    <bigram weight="1" > and a </bigram>
    <bigram weight="1" > # thomas </bigram>
    <bigram weight="1" > henry had </bigram>
    <bigram weight="1" > the invention </bigram>
    <bigram weight="1" > cleverer and </bigram>
    <bigram weight="1" > him how </bigram>
    <bigram weight="1" > would tell </bigram>
    <bigram weight="1" > ## him </bigram>
    <bigram weight="1" > tried laces </bigram>
    <bigram weight="1" > either loose </bigram>
    <bigram weight="1" > my soul </bigram>
    <bigram weight="1" > the clip </bigram>
    <bigram weight="1" > chance of </bigram>
    <bigram weight="1" > explain to </bigram>
    <bigram weight="1" > # try </bigram>
    <bigram weight="1" > tempt little </bigram>
    <bigram weight="1" > of harvard </bigram>
    <bigram weight="1" > going without </bigram>
    <bigram weight="1" > will casually </bigram>
    <bigram weight="1" > t stick </bigram>
    <bigram weight="1" > ### reed </bigram>
    <bigram weight="1" > twenty paces </bigram>
    <bigram weight="1" > right ### </bigram>
    <bigram weight="1" > laces made </bigram>
    <bigram weight="1" > seldom wear </bigram>
    <bigram weight="1" > guaranteed to </bigram>
    <bigram weight="1" > back through </bigram>
    <bigram weight="1" > and thinking </bigram>
    <bigram weight="1" > that wouldn </bigram>
    <bigram weight="1" > peddler shoe </bigram>
    <bigram weight="1" > on the </bigram>
    <bigram weight="1" > years ago </bigram>
    <bigram weight="1" > symmetry and </bigram>
    <bigram weight="1" > him and </bigram>
    <bigram weight="1" > this journal </bigram>
    <bigram weight="1" > mornings i </bigram>
    <bigram weight="1" > him on </bigram>
    <bigram weight="1" > then i </bigram>
    <bigram weight="1" > in a </bigram>
    <bigram weight="1" > from reading </bigram>
    <bigram weight="1" > ### ana </bigram>
    <bigram weight="1" > christmases and </bigram>
    <bigram weight="1" > historian of </bigram>
    <bigram weight="1" > that all </bigram>
    <bigram weight="1" > average man </bigram>
    <bigram weight="1" > a knot </bigram>
    <bigram weight="1" > him no </bigram>
    <bigram weight="1" > loose shoes </bigram>
    <bigram weight="1" > of his </bigram>
    <bigram weight="1" > ### although </bigram>
    <bigram weight="1" > century cannot </bigram>
    <bigram weight="1" > came untied </bigram>
    <bigram weight="1" > field of </bigram>
    <bigram weight="1" > ### he </bigram>
    <bigram weight="1" > own materials </bigram>
    <bigram weight="1" > this july </bigram>
</article>
