<?xml version="1.0" encoding="UTF-8"?>
<article id="10.2307/23394594" >
    <bigram weight="42" > ### ### </bigram>
    <bigram weight="32" > ### # </bigram>
    <bigram weight="17" > # ### </bigram>
    <bigram weight="11" > ### s </bigram>
    <bigram weight="11" > thoreau ### </bigram>
    <bigram weight="9" > in the </bigram>
    <bigram weight="8" > of the </bigram>
    <bigram weight="7" > ### a </bigram>
    <bigram weight="7" > ### and </bigram>
    <bigram weight="7" > ### the </bigram>
    <bigram weight="6" > ### in </bigram>
    <bigram weight="5" > miss tappan </bigram>
    <bigram weight="5" > emerson ### </bigram>
    <bigram weight="5" > life and </bigram>
    <bigram weight="4" > ### from </bigram>
    <bigram weight="4" > and ### </bigram>
    <bigram weight="4" > ### miss </bigram>
    <bigram weight="3" > ### thoreau </bigram>
    <bigram weight="3" > the section </bigram>
    <bigram weight="3" > from the </bigram>
    <bigram weight="3" > ### as </bigram>
    <bigram weight="3" > walden ### </bigram>
    <bigram weight="3" > ### ## </bigram>
    <bigram weight="3" > channing ### </bigram>
    <bigram weight="3" > ## ### </bigram>
    <bigram weight="3" > high school </bigram>
    <bigram weight="3" > in a </bigram>
    <bigram weight="2" > and works </bigram>
    <bigram weight="2" > authors ### </bigram>
    <bigram weight="2" > boston ### </bigram>
    <bigram weight="2" > the life </bigram>
    <bigram weight="2" > poe ### </bigram>
    <bigram weight="2" > ### she </bigram>
    <bigram weight="2" > # among </bigram>
    <bigram weight="2" > the concord </bigram>
    <bigram weight="2" > from thoreau </bigram>
    <bigram weight="2" > ### to </bigram>
    <bigram weight="2" > there are </bigram>
    <bigram weight="2" > the century </bigram>
    <bigram weight="2" > ### there </bigram>
    <bigram weight="2" > ### john </bigram>
    <bigram weight="2" > works ### </bigram>
    <bigram weight="2" > s thoreau </bigram>
    <bigram weight="2" > ### large </bigram>
    <bigram weight="2" > longfellow ### </bigram>
    <bigram weight="2" > tappan ### </bigram>
    <bigram weight="2" > ### james </bigram>
    <bigram weight="2" > ### tiss </bigram>
    <bigram weight="2" > see ### </bigram>
    <bigram weight="2" > as for </bigram>
    <bigram weight="2" > of thoreau </bigram>
    <bigram weight="2" > hawthorne ### </bigram>
    <bigram weight="2" > to the </bigram>
    <bigram weight="2" > section called </bigram>
    <bigram weight="2" > from walden </bigram>
    <bigram weight="2" > miscellaneous notes </bigram>
    <bigram weight="2" > among the </bigram>
    <bigram weight="2" > extracts ### </bigram>
    <bigram weight="2" > of emerson </bigram>
    <bigram weight="2" > writings ### </bigram>
    <bigram weight="2" > cooper ### </bigram>
    <bigram weight="2" > notes ### </bigram>
    <bigram weight="2" > work of </bigram>
    <bigram weight="2" > references ### </bigram>
    <bigram weight="2" > a week </bigram>
    <bigram weight="2" > about thoreau </bigram>
    <bigram weight="2" > and work </bigram>
    <bigram weight="2" > ### an </bigram>
    <bigram weight="1" > and poe </bigram>
    <bigram weight="1" > waldo emerson </bigram>
    <bigram weight="1" > recluse ### </bigram>
    <bigram weight="1" > thoreau and </bigram>
    <bigram weight="1" > ### long </bigram>
    <bigram weight="1" > biography ### </bigram>
    <bigram weight="1" > does wrong </bigram>
    <bigram weight="1" > s book </bigram>
    <bigram weight="1" > a man </bigram>
    <bigram weight="1" > independent ### </bigram>
    <bigram weight="1" > s references </bigram>
    <bigram weight="1" > and temperament </bigram>
    <bigram weight="1" > to live </bigram>
    <bigram weight="1" > the gloucester </bigram>
    <bigram weight="1" > interest in </bigram>
    <bigram weight="1" > leave this </bigram>
    <bigram weight="1" > references are </bigram>
    <bigram weight="1" > he does </bigram>
    <bigram weight="1" > school ### </bigram>
    <bigram weight="1" > bloom which </bigram>
    <bigram weight="1" > ### silver </bigram>
    <bigram weight="1" > h ### </bigram>
    <bigram weight="1" > the subtitle </bigram>
    <bigram weight="1" > it ### </bigram>
    <bigram weight="1" > to hawthorne </bigram>
    <bigram weight="1" > the site </bigram>
    <bigram weight="1" > # but </bigram>
    <bigram weight="1" > john greenleaf </bigram>
    <bigram weight="1" > s interesting </bigram>
    <bigram weight="1" > ### stoic </bigram>
    <bigram weight="1" > ### edgar </bigram>
    <bigram weight="1" > quotes ### </bigram>
    <bigram weight="1" > long arms </bigram>
    <bigram weight="1" > note about </bigram>
    <bigram weight="1" > monthly ### </bigram>
    <bigram weight="1" > ### margaret </bigram>
    <bigram weight="1" > title better </bigram>
    <bigram weight="1" > since they </bigram>
    <bigram weight="1" > lappan suggests </bigram>
    <bigram weight="1" > concord and </bigram>
    <bigram weight="1" > of walden </bigram>
    <bigram weight="1" > was ### </bigram>
    <bigram weight="1" > may alcott </bigram>
    <bigram weight="1" > henry d </bigram>
    <bigram weight="1" > and heathenish </bigram>
    <bigram weight="1" > brown hair </bigram>
    <bigram weight="1" > than a </bigram>
    <bigram weight="1" > thoreau himself </bigram>
    <bigram weight="1" > by lucy </bigram>
    <bigram weight="1" > the pond </bigram>
    <bigram weight="1" > appellations and </bigram>
    <bigram weight="1" > frank b </bigram>
    <bigram weight="1" > ### renunciatory </bigram>
    <bigram weight="1" > succinctly states </bigram>
    <bigram weight="1" > tappan devotes </bigram>
    <bigram weight="1" > as revealed </bigram>
    <bigram weight="1" > and cooper </bigram>
    <bigram weight="1" > prose and </bigram>
    <bigram weight="1" > list of </bigram>
    <bigram weight="1" > ### included </bigram>
    <bigram weight="1" > # the </bigram>
    <bigram weight="1" > with thoreau </bigram>
    <bigram weight="1" > higher by </bigram>
    <bigram weight="1" > # as </bigram>
    <bigram weight="1" > debate ### </bigram>
    <bigram weight="1" > ### henry </bigram>
    <bigram weight="1" > the bloom </bigram>
    <bigram weight="1" > while miss </bigram>
    <bigram weight="1" > james russell </bigram>
    <bigram weight="1" > presented by </bigram>
    <bigram weight="1" > american authors </bigram>
    <bigram weight="1" > ### ralph </bigram>
    <bigram weight="1" > ### on </bigram>
    <bigram weight="1" > shoulders ### </bigram>
    <bigram weight="1" > s writings </bigram>
    <bigram weight="1" > subtitle for </bigram>
    <bigram weight="1" > sincerity with </bigram>
    <bigram weight="1" > atlantic monthly </bigram>
    <bigram weight="1" > # men </bigram>
    <bigram weight="1" > build ### </bigram>
    <bigram weight="1" > ### average </bigram>
    <bigram weight="1" > ### whittier </bigram>
    <bigram weight="1" > which is </bigram>
    <bigram weight="1" > characteristic utterances </bigram>
    <bigram weight="1" > and in </bigram>
    <bigram weight="1" > ### among </bigram>
    <bigram weight="1" > the chapters </bigram>
    <bigram weight="1" > silver ### </bigram>
    <bigram weight="1" > ### naturalist </bigram>
    <bigram weight="1" > king in </bigram>
    <bigram weight="1" > devoted to </bigram>
    <bigram weight="1" > ### hawthorne </bigram>
    <bigram weight="1" > states ### </bigram>
    <bigram weight="1" > known there </bigram>
    <bigram weight="1" > discussion of </bigram>
    <bigram weight="1" > reading and </bigram>
    <bigram weight="1" > sturdily independent </bigram>
    <bigram weight="1" > miss ### </bigram>
    <bigram weight="1" > personality of </bigram>
    <bigram weight="1" > to create </bigram>
    <bigram weight="1" > particularly from </bigram>
    <bigram weight="1" > was an </bigram>
    <bigram weight="1" > and feet </bigram>
    <bigram weight="1" > section on </bigram>
    <bigram weight="1" > bryant ### </bigram>
    <bigram weight="1" > lent quotations </bigram>
    <bigram weight="1" > hands and </bigram>
    <bigram weight="1" > which follows </bigram>
    <bigram weight="1" > her high </bigram>
    <bigram weight="1" > verse ### </bigram>
    <bigram weight="1" > the classics </bigram>
    <bigram weight="1" > massachusetts ### </bigram>
    <bigram weight="1" > walden pond </bigram>
    <bigram weight="1" > overhanging brows </bigram>
    <bigram weight="1" > alcott in </bigram>
    <bigram weight="1" > wrong ### </bigram>
    <bigram weight="1" > live in </bigram>
    <bigram weight="1" > physical appear </bigram>
    <bigram weight="1" > page ### </bigram>
    <bigram weight="1" > ### sloping </bigram>
    <bigram weight="1" > a dozen </bigram>
    <bigram weight="1" > by louisa </bigram>
    <bigram weight="1" > and essential </bigram>
    <bigram weight="1" > twenty or </bigram>
    <bigram weight="1" > elizabethan poets </bigram>
    <bigram weight="1" > large overhanging </bigram>
    <bigram weight="1" > # going </bigram>
    <bigram weight="1" > whittier and </bigram>
    <bigram weight="1" > brief summation </bigram>
    <bigram weight="1" > the july </bigram>
    <bigram weight="1" > ### capital </bigram>
    <bigram weight="1" > concord s </bigram>
    <bigram weight="1" > of english </bigram>
    <bigram weight="1" > ambrosial and </bigram>
    <bigram weight="1" > wadsworth longfellow </bigram>
    <bigram weight="1" > nathaniel hawthorne </bigram>
    <bigram weight="1" > the turn </bigram>
    <bigram weight="1" > lecturer ### </bigram>
    <bigram weight="1" > cullen bryant </bigram>
    <bigram weight="1" > seer ### </bigram>
    <bigram weight="1" > which every </bigram>
    <bigram weight="1" > pond ### </bigram>
    <bigram weight="1" > ### lecturer </bigram>
    <bigram weight="1" > ### philosopher </bigram>
    <bigram weight="1" > those of </bigram>
    <bigram weight="1" > for his </bigram>
    <bigram weight="1" > alcott ### </bigram>
    <bigram weight="1" > bachelor of </bigram>
    <bigram weight="1" > students with </bigram>
    <bigram weight="1" > sarkesian how </bigram>
    <bigram weight="1" > care to </bigram>
    <bigram weight="1" > lowell and </bigram>
    <bigram weight="1" > appreciation of </bigram>
    <bigram weight="1" > d ### </bigram>
    <bigram weight="1" > # under </bigram>
    <bigram weight="1" > school just </bigram>
    <bigram weight="1" > and sincerity </bigram>
    <bigram weight="1" > for miss </bigram>
    <bigram weight="1" > # let </bigram>
    <bigram weight="1" > stoic ### </bigram>
    <bigram weight="1" > a success </bigram>
    <bigram weight="1" > the market </bigram>
    <bigram weight="1" > individual writings </bigram>
    <bigram weight="1" > reading ### </bigram>
    <bigram weight="1" > try ### </bigram>
    <bigram weight="1" > holmes ### </bigram>
    <bigram weight="1" > an anglo </bigram>
    <bigram weight="1" > ### abundant </bigram>
    <bigram weight="1" > poet ### </bigram>
    <bigram weight="1" > quotations ### </bigram>
    <bigram weight="1" > into extracts </bigram>
    <bigram weight="1" > reviews of </bigram>
    <bigram weight="1" > ### reformer </bigram>
    <bigram weight="1" > the twenty </bigram>
    <bigram weight="1" > not been </bigram>
    <bigram weight="1" > john brown </bigram>
    <bigram weight="1" > are william </bigram>
    <bigram weight="1" > an interesting </bigram>
    <bigram weight="1" > world without </bigram>
    <bigram weight="1" > a teacher </bigram>
    <bigram weight="1" > anglo saxon </bigram>
    <bigram weight="1" > in his </bigram>
    <bigram weight="1" > presents this </bigram>
    <bigram weight="1" > s letters </bigram>
    <bigram weight="1" > summation which </bigram>
    <bigram weight="1" > the bachelor </bigram>
    <bigram weight="1" > part of </bigram>
    <bigram weight="1" > ### at </bigram>
    <bigram weight="1" > an article </bigram>
    <bigram weight="1" > reversal to </bigram>
    <bigram weight="1" > these observations </bigram>
    <bigram weight="1" > said ### </bigram>
    <bigram weight="1" > will believe </bigram>
    <bigram weight="1" > # aîter </bigram>
    <bigram weight="1" > apellations ### </bigram>
    <bigram weight="1" > picture ### </bigram>
    <bigram weight="1" > suggests the </bigram>
    <bigram weight="1" > her book </bigram>
    <bigram weight="1" > on american </bigram>
    <bigram weight="1" > ### plain </bigram>
    <bigram weight="1" > grew on </bigram>
    <bigram weight="1" > ### september </bigram>
    <bigram weight="1" > that while </bigram>
    <bigram weight="1" > they see </bigram>
    <bigram weight="1" > follows ### </bigram>
    <bigram weight="1" > henry david </bigram>
    <bigram weight="1" > secondary references </bigram>
    <bigram weight="1" > a cairn </bigram>
    <bigram weight="1" > brows ### </bigram>
    <bigram weight="1" > ### boston </bigram>
    <bigram weight="1" > louisa may </bigram>
    <bigram weight="1" > century ### </bigram>
    <bigram weight="1" > concord seer </bigram>
    <bigram weight="1" > notes on </bigram>
    <bigram weight="1" > ### particularly </bigram>
    <bigram weight="1" > william cullen </bigram>
    <bigram weight="1" > spot makes </bigram>
    <bigram weight="1" > each author </bigram>
    <bigram weight="1" > the battle </bigram>
    <bigram weight="1" > the thoreau </bigram>
    <bigram weight="1" > man that </bigram>
    <bigram weight="1" > success ### </bigram>
    <bigram weight="1" > fuller ### </bigram>
    <bigram weight="1" > naturalist ### </bigram>
    <bigram weight="1" > september ## </bigram>
    <bigram weight="1" > are quotes </bigram>
    <bigram weight="1" > between those </bigram>
    <bigram weight="1" > dress ### </bigram>
    <bigram weight="1" > a quotation </bigram>
    <bigram weight="1" > roman nose </bigram>
    <bigram weight="1" > s ### </bigram>
    <bigram weight="1" > ### lowell </bigram>
    <bigram weight="1" > abounds in </bigram>
    <bigram weight="1" > philosopher ### </bigram>
    <bigram weight="1" > create an </bigram>
    <bigram weight="1" > but do </bigram>
    <bigram weight="1" > henry wadsworth </bigram>
    <bigram weight="1" > dwell in </bigram>
    <bigram weight="1" > do not </bigram>
    <bigram weight="1" > lists more </bigram>
    <bigram weight="1" > friends ### </bigram>
    <bigram weight="1" > ### massachusetts </bigram>
    <bigram weight="1" > in characteristic </bigram>
    <bigram weight="1" > his contributions </bigram>
    <bigram weight="1" > an unconscious </bigram>
    <bigram weight="1" > chapter ### </bigram>
    <bigram weight="1" > excel lent </bigram>
    <bigram weight="1" > ### stoical </bigram>
    <bigram weight="1" > plain in </bigram>
    <bigram weight="1" > men is </bigram>
    <bigram weight="1" > contributions from </bigram>
    <bigram weight="1" > him ### </bigram>
    <bigram weight="1" > a brief </bigram>
    <bigram weight="1" > the personality </bigram>
    <bigram weight="1" > his physical </bigram>
    <bigram weight="1" > in relations </bigram>
    <bigram weight="1" > james fenimore </bigram>
    <bigram weight="1" > ### prominent </bigram>
    <bigram weight="1" > and aims </bigram>
    <bigram weight="1" > every pilgrim </bigram>
    <bigram weight="1" > capital reading </bigram>
    <bigram weight="1" > devotes forty </bigram>
    <bigram weight="1" > ### poet </bigram>
    <bigram weight="1" > ### are </bigram>
    <bigram weight="1" > noting that </bigram>
    <bigram weight="1" > s poe </bigram>
    <bigram weight="1" > # page </bigram>
    <bigram weight="1" > a frontier </bigram>
    <bigram weight="1" > the ambrosial </bigram>
    <bigram weight="1" > was the </bigram>
    <bigram weight="1" > lost with </bigram>
    <bigram weight="1" > issue of </bigram>
    <bigram weight="1" > blue eyes </bigram>
    <bigram weight="1" > john burroughs </bigram>
    <bigram weight="1" > with an </bigram>
    <bigram weight="1" > her three </bigram>
    <bigram weight="1" > unconscious disciple </bigram>
    <bigram weight="1" > convince him </bigram>
    <bigram weight="1" > # thoreau </bigram>
    <bigram weight="1" > horace greeley </bigram>
    <bigram weight="1" > reformer ### </bigram>
    <bigram weight="1" > co ### </bigram>
    <bigram weight="1" > frontier country </bigram>
    <bigram weight="1" > pages to </bigram>
    <bigram weight="1" > thoreau chapter </bigram>
    <bigram weight="1" > ### his </bigram>
    <bigram weight="1" > teacher of </bigram>
    <bigram weight="1" > ## a </bigram>
    <bigram weight="1" > just before </bigram>
    <bigram weight="1" > july ## </bigram>
    <bigram weight="1" > scholastic and </bigram>
    <bigram weight="1" > is the </bigram>
    <bigram weight="1" > red indian </bigram>
    <bigram weight="1" > russell lowell </bigram>
    <bigram weight="1" > at walden </bigram>
    <bigram weight="1" > outset succinctly </bigram>
    <bigram weight="1" > aims ### </bigram>
    <bigram weight="1" > disciple of </bigram>
    <bigram weight="1" > height ### </bigram>
    <bigram weight="1" > of truth </bigram>
    <bigram weight="1" > along with </bigram>
    <bigram weight="1" > ### nathaniel </bigram>
    <bigram weight="1" > as presented </bigram>
    <bigram weight="1" > his lifetime </bigram>
    <bigram weight="1" > convince a </bigram>
    <bigram weight="1" > ### appellations </bigram>
    <bigram weight="1" > lowell ### </bigram>
    <bigram weight="1" > the atlantic </bigram>
    <bigram weight="1" > scholar ### </bigram>
    <bigram weight="1" > s character </bigram>
    <bigram weight="1" > cart ### </bigram>
    <bigram weight="1" > sixteen are </bigram>
    <bigram weight="1" > ### winter </bigram>
    <bigram weight="1" > going one </bigram>
    <bigram weight="1" > ### if </bigram>
    <bigram weight="1" > ### william </bigram>
    <bigram weight="1" > a typical </bigram>
    <bigram weight="1" > ### tnoreau </bigram>
    <bigram weight="1" > the shore </bigram>
    <bigram weight="1" > divides the </bigram>
    <bigram weight="1" > from ### </bigram>
    <bigram weight="1" > stoical ### </bigram>
    <bigram weight="1" > ### life </bigram>
    <bigram weight="1" > ### which </bigram>
    <bigram weight="1" > transcendentalist ### </bigram>
    <bigram weight="1" > that he </bigram>
    <bigram weight="1" > a ### </bigram>
    <bigram weight="1" > in her </bigram>
    <bigram weight="1" > ### finally </bigram>
    <bigram weight="1" > wicked and </bigram>
    <bigram weight="1" > sanborn ### </bigram>
    <bigram weight="1" > friendship ### </bigram>
    <bigram weight="1" > winter ### </bigram>
    <bigram weight="1" > description of </bigram>
    <bigram weight="1" > ri vers </bigram>
    <bigram weight="1" > the ants </bigram>
    <bigram weight="1" > to thoreau </bigram>
    <bigram weight="1" > so listed </bigram>
    <bigram weight="1" > tiss lappan </bigram>
    <bigram weight="1" > for discussion </bigram>
    <bigram weight="1" > # it </bigram>
    <bigram weight="1" > if you </bigram>
    <bigram weight="1" > of henry </bigram>
    <bigram weight="1" > what they </bigram>
    <bigram weight="1" > heighten the </bigram>
    <bigram weight="1" > note that </bigram>
    <bigram weight="1" > reading the </bigram>
    <bigram weight="1" > there since </bigram>
    <bigram weight="1" > david thoreau </bigram>
    <bigram weight="1" > ### i </bigram>
    <bigram weight="1" > are these </bigram>
    <bigram weight="1" > is emerson </bigram>
    <bigram weight="1" > another by </bigram>
    <bigram weight="1" > are his </bigram>
    <bigram weight="1" > not care </bigram>
    <bigram weight="1" > is to </bigram>
    <bigram weight="1" > whittier said </bigram>
    <bigram weight="1" > concise picture </bigram>
    <bigram weight="1" > utterances and </bigram>
    <bigram weight="1" > wilderness ### </bigram>
    <bigram weight="1" > vers abounds </bigram>
    <bigram weight="1" > a regret </bigram>
    <bigram weight="1" > s recluse </bigram>
    <bigram weight="1" > by his </bigram>
    <bigram weight="1" > ### sanborn </bigram>
    <bigram weight="1" > believe what </bigram>
    <bigram weight="1" > temperament includes </bigram>
    <bigram weight="1" > offers these </bigram>
    <bigram weight="1" > ### falls </bigram>
    <bigram weight="1" > life a </bigram>
    <bigram weight="1" > a huckleberry </bigram>
    <bigram weight="1" > they grew </bigram>
    <bigram weight="1" > ### sturdily </bigram>
    <bigram weight="1" > ### along </bigram>
    <bigram weight="1" > with men </bigram>
    <bigram weight="1" > s life </bigram>
    <bigram weight="1" > this world </bigram>
    <bigram weight="1" > is lost </bigram>
    <bigram weight="1" > century magazine </bigram>
    <bigram weight="1" > abundant brown </bigram>
    <bigram weight="1" > in dress </bigram>
    <bigram weight="1" > taught in </bigram>
    <bigram weight="1" > and channing </bigram>
    <bigram weight="1" > under extracts </bigram>
    <bigram weight="1" > article by </bigram>
    <bigram weight="1" > saxon reversal </bigram>
    <bigram weight="1" > nose ### </bigram>
    <bigram weight="1" > without a </bigram>
    <bigram weight="1" > to convince </bigram>
    <bigram weight="1" > reaches boston </bigram>
    <bigram weight="1" > magazine ### </bigram>
    <bigram weight="1" > marked by </bigram>
    <bigram weight="1" > ### do </bigram>
    <bigram weight="1" > appreciated in </bigram>
    <bigram weight="1" > been known </bigram>
    <bigram weight="1" > english literature </bigram>
    <bigram weight="1" > thoreau from </bigram>
    <bigram weight="1" > a scholastic </bigram>
    <bigram weight="1" > hawthorne and </bigram>
    <bigram weight="1" > rubbed off </bigram>
    <bigram weight="1" > do right </bigram>
    <bigram weight="1" > pilgrim to </bigram>
    <bigram weight="1" > heathenish ### </bigram>
    <bigram weight="1" > eyes ### </bigram>
    <bigram weight="1" > typical high </bigram>
    <bigram weight="1" > and nature </bigram>
    <bigram weight="1" > # in </bigram>
    <bigram weight="1" > of thought </bigram>
    <bigram weight="1" > week ### </bigram>
    <bigram weight="1" > site of </bigram>
    <bigram weight="1" > the brief </bigram>
    <bigram weight="1" > ### incidentally </bigram>
    <bigram weight="1" > by barbara </bigram>
    <bigram weight="1" > the identical </bigram>
    <bigram weight="1" > further reading </bigram>
    <bigram weight="1" > ### high </bigram>
    <bigram weight="1" > are reviews </bigram>
    <bigram weight="1" > fruit is </bigram>
    <bigram weight="1" > the wilderness </bigram>
    <bigram weight="1" > includes the </bigram>
    <bigram weight="1" > of stones </bigram>
    <bigram weight="1" > tnoreau was </bigram>
    <bigram weight="1" > ### channing </bigram>
    <bigram weight="1" > question for </bigram>
    <bigram weight="1" > brief note </bigram>
    <bigram weight="1" > lifetime ### </bigram>
    <bigram weight="1" > of concord </bigram>
    <bigram weight="1" > finally ### </bigram>
    <bigram weight="1" > lucy tappan </bigram>
    <bigram weight="1" > ### but </bigram>
    <bigram weight="1" > burdett co </bigram>
    <bigram weight="1" > interesting to </bigram>
    <bigram weight="1" > ## issue </bigram>
    <bigram weight="1" > ### emerson </bigram>
    <bigram weight="1" > battle of </bigram>
    <bigram weight="1" > makes higher </bigram>
    <bigram weight="1" > regret ### </bigram>
    <bigram weight="1" > poets ### </bigram>
    <bigram weight="1" > observations ### </bigram>
    <bigram weight="1" > the enjoyment </bigram>
    <bigram weight="1" > william ellery </bigram>
    <bigram weight="1" > the minor </bigram>
    <bigram weight="1" > she presents </bigram>
    <bigram weight="1" > expressive blue </bigram>
    <bigram weight="1" > for the </bigram>
    <bigram weight="1" > letters ### </bigram>
    <bigram weight="1" > of washington </bigram>
    <bigram weight="1" > book are </bigram>
    <bigram weight="1" > pond is </bigram>
    <bigram weight="1" > are an </bigram>
    <bigram weight="1" > prominent lips </bigram>
    <bigram weight="1" > thoreau was </bigram>
    <bigram weight="1" > himself ### </bigram>
    <bigram weight="1" > ### they </bigram>
    <bigram weight="1" > let them </bigram>
    <bigram weight="1" > she offers </bigram>
    <bigram weight="1" > ### solitary </bigram>
    <bigram weight="1" > spare build </bigram>
    <bigram weight="1" > literature in </bigram>
    <bigram weight="1" > and merrimack </bigram>
    <bigram weight="1" > a list </bigram>
    <bigram weight="1" > identical pattern </bigram>
    <bigram weight="1" > nature ### </bigram>
    <bigram weight="1" > on her </bigram>
    <bigram weight="1" > relations of </bigram>
    <bigram weight="1" > the fruit </bigram>
    <bigram weight="1" > brown and </bigram>
    <bigram weight="1" > the adjectives </bigram>
    <bigram weight="1" > more than </bigram>
    <bigram weight="1" > s henry </bigram>
    <bigram weight="1" > ### of </bigram>
    <bigram weight="1" > in order </bigram>
    <bigram weight="1" > or further </bigram>
    <bigram weight="1" > thoreau quotes </bigram>
    <bigram weight="1" > solitary ### </bigram>
    <bigram weight="1" > s description </bigram>
    <bigram weight="1" > was not </bigram>
    <bigram weight="1" > order to </bigram>
    <bigram weight="1" > tappan presents </bigram>
    <bigram weight="1" > them ### </bigram>
    <bigram weight="1" > hair ### </bigram>
    <bigram weight="1" > b ### </bigram>
    <bigram weight="1" > quotes about </bigram>
    <bigram weight="1" > to dwell </bigram>
    <bigram weight="1" > never reaches </bigram>
    <bigram weight="1" > to note </bigram>
    <bigram weight="1" > pattern for </bigram>
    <bigram weight="1" > ### prose </bigram>
    <bigram weight="1" > would convince </bigram>
    <bigram weight="1" > incidentally ### </bigram>
    <bigram weight="1" > ralph waldo </bigram>
    <bigram weight="1" > aîter noting </bigram>
    <bigram weight="1" > indian ### </bigram>
    <bigram weight="1" > classics ### </bigram>
    <bigram weight="1" > with the </bigram>
    <bigram weight="1" > lips ### </bigram>
    <bigram weight="1" > thoreau s </bigram>
    <bigram weight="1" > barbara sarkesian </bigram>
    <bigram weight="1" > margaret fuller </bigram>
    <bigram weight="1" > market cart </bigram>
    <bigram weight="1" > type of </bigram>
    <bigram weight="1" > ### frank </bigram>
    <bigram weight="1" > renunciatory ### </bigram>
    <bigram weight="1" > and verse </bigram>
    <bigram weight="1" > called apellations </bigram>
    <bigram weight="1" > off in </bigram>
    <bigram weight="1" > miss lappan </bigram>
    <bigram weight="1" > i leave </bigram>
    <bigram weight="1" > merrimack ri </bigram>
    <bigram weight="1" > on thoreau </bigram>
    <bigram weight="1" > a king </bigram>
    <bigram weight="1" > essential part </bigram>
    <bigram weight="1" > or so </bigram>
    <bigram weight="1" > one title </bigram>
    <bigram weight="1" > this concise </bigram>
    <bigram weight="1" > country ### </bigram>
    <bigram weight="1" > in miscellaneous </bigram>
    <bigram weight="1" > his life </bigram>
    <bigram weight="1" > chapters into </bigram>
    <bigram weight="1" > better is </bigram>
    <bigram weight="1" > in their </bigram>
    <bigram weight="1" > following the </bigram>
    <bigram weight="1" > ### or </bigram>
    <bigram weight="1" > the ### </bigram>
    <bigram weight="1" > sloping shoulders </bigram>
    <bigram weight="1" > ance ### </bigram>
    <bigram weight="1" > essayist ### </bigram>
    <bigram weight="1" > you would </bigram>
    <bigram weight="1" > tappan from </bigram>
    <bigram weight="1" > tappan divides </bigram>
    <bigram weight="1" > ### roman </bigram>
    <bigram weight="1" > revealed in </bigram>
    <bigram weight="1" > greenleaf whittier </bigram>
    <bigram weight="1" > their lives </bigram>
    <bigram weight="1" > allan poe </bigram>
    <bigram weight="1" > and appreciation </bigram>
    <bigram weight="1" > ### is </bigram>
    <bigram weight="1" > ellery channing </bigram>
    <bigram weight="1" > lappan s </bigram>
    <bigram weight="1" > to heighten </bigram>
    <bigram weight="1" > appear ance </bigram>
    <bigram weight="1" > his best </bigram>
    <bigram weight="1" > asks ### </bigram>
    <bigram weight="1" > the secondary </bigram>
    <bigram weight="1" > minor elizabethan </bigram>
    <bigram weight="1" > arms ### </bigram>
    <bigram weight="1" > adjectives ### </bigram>
    <bigram weight="1" > turn of </bigram>
    <bigram weight="1" > ### transcendentalist </bigram>
    <bigram weight="1" > huckleberry never </bigram>
    <bigram weight="1" > the authors </bigram>
    <bigram weight="1" > feet ### </bigram>
    <bigram weight="1" > perspective by </bigram>
    <bigram weight="1" > enjoyment of </bigram>
    <bigram weight="1" > author ### </bigram>
    <bigram weight="1" > thought and </bigram>
    <bigram weight="1" > ### scholar </bigram>
    <bigram weight="1" > stones ### </bigram>
    <bigram weight="1" > truth and </bigram>
    <bigram weight="1" > an ## </bigram>
    <bigram weight="1" > book topical </bigram>
    <bigram weight="1" > poe try </bigram>
    <bigram weight="1" > the red </bigram>
    <bigram weight="1" > and longfellow </bigram>
    <bigram weight="1" > she asks </bigram>
    <bigram weight="1" > of individual </bigram>
    <bigram weight="1" > the spot </bigram>
    <bigram weight="1" > and horace </bigram>
    <bigram weight="1" > are devoted </bigram>
    <bigram weight="1" > ants ### </bigram>
    <bigram weight="1" > ### alcott </bigram>
    <bigram weight="1" > ### references </bigram>
    <bigram weight="1" > on reading </bigram>
    <bigram weight="1" > edgar allan </bigram>
    <bigram weight="1" > of each </bigram>
    <bigram weight="1" > included in </bigram>
    <bigram weight="1" > irving ### </bigram>
    <bigram weight="1" > but very </bigram>
    <bigram weight="1" > thoreau taught </bigram>
    <bigram weight="1" > have not </bigram>
    <bigram weight="1" > character and </bigram>
    <bigram weight="1" > the chapter </bigram>
    <bigram weight="1" > only sixteen </bigram>
    <bigram weight="1" > lives ### </bigram>
    <bigram weight="1" > aim was </bigram>
    <bigram weight="1" > that ### </bigram>
    <bigram weight="1" > his friends </bigram>
    <bigram weight="1" > forty pages </bigram>
    <bigram weight="1" > and h </bigram>
    <bigram weight="1" > chapter on </bigram>
    <bigram weight="1" > an interest </bigram>
    <bigram weight="1" > listed are </bigram>
    <bigram weight="1" > ### spare </bigram>
    <bigram weight="1" > is rubbed </bigram>
    <bigram weight="1" > before the </bigram>
    <bigram weight="1" > ### friendship </bigram>
    <bigram weight="1" > in excel </bigram>
    <bigram weight="1" > orson ### </bigram>
    <bigram weight="1" > by john </bigram>
    <bigram weight="1" > week on </bigram>
    <bigram weight="1" > best biography </bigram>
    <bigram weight="1" > falls between </bigram>
    <bigram weight="1" > for debate </bigram>
    <bigram weight="1" > them see </bigram>
    <bigram weight="1" > topical notes </bigram>
    <bigram weight="1" > not appreciated </bigram>
    <bigram weight="1" > wendell holmes </bigram>
    <bigram weight="1" > ## perspective </bigram>
    <bigram weight="1" > very wicked </bigram>
    <bigram weight="1" > the type </bigram>
    <bigram weight="1" > was thoreau </bigram>
    <bigram weight="1" > ### expressive </bigram>
    <bigram weight="1" > ### essayist </bigram>
    <bigram weight="1" > the aim </bigram>
    <bigram weight="1" > hills ### </bigram>
    <bigram weight="1" > emerson and </bigram>
    <bigram weight="1" > washington irving </bigram>
    <bigram weight="1" > # she </bigram>
    <bigram weight="1" > these thoreau </bigram>
    <bigram weight="1" > large hands </bigram>
    <bigram weight="1" > the outset </bigram>
    <bigram weight="1" > ### was </bigram>
    <bigram weight="1" > shore of </bigram>
    <bigram weight="1" > and oliver </bigram>
    <bigram weight="1" > on ### </bigram>
    <bigram weight="1" > pastoral orson </bigram>
    <bigram weight="1" > from emerson </bigram>
    <bigram weight="1" > quotation from </bigram>
    <bigram weight="1" > by a </bigram>
    <bigram weight="1" > gloucester ### </bigram>
    <bigram weight="1" > men will </bigram>
    <bigram weight="1" > average height </bigram>
    <bigram weight="1" > tappan lists </bigram>
    <bigram weight="1" > they have </bigram>
    <bigram weight="1" > school students </bigram>
    <bigram weight="1" > and miscellaneous </bigram>
    <bigram weight="1" > right ### </bigram>
    <bigram weight="1" > tiss tappan </bigram>
    <bigram weight="1" > is marked </bigram>
    <bigram weight="1" > and another </bigram>
    <bigram weight="1" > ### following </bigram>
    <bigram weight="1" > presents her </bigram>
    <bigram weight="1" > fenimore cooper </bigram>
    <bigram weight="1" > burroughs in </bigram>
    <bigram weight="1" > on the </bigram>
    <bigram weight="1" > oliver wendell </bigram>
    <bigram weight="1" > how was </bigram>
    <bigram weight="1" > ### only </bigram>
    <bigram weight="1" > ### burdett </bigram>
    <bigram weight="1" > among them </bigram>
    <bigram weight="1" > and a </bigram>
    <bigram weight="1" > in miss </bigram>
    <bigram weight="1" > of his </bigram>
    <bigram weight="1" > three hills </bigram>
    <bigram weight="1" > cairn of </bigram>
    <bigram weight="1" > greeley ### </bigram>
    <bigram weight="1" > called life </bigram>
    <bigram weight="1" > dozen ### </bigram>
    <bigram weight="1" > interesting question </bigram>
    <bigram weight="1" > and pastoral </bigram>
</article>
