<?xml version="1.0" encoding="UTF-8"?>
<article id="10.2307/23394563" >
    <bigram weight="200" > ### # </bigram>
    <bigram weight="131" > ### ### </bigram>
    <bigram weight="117" > # ### </bigram>
    <bigram weight="93" > ### ## </bigram>
    <bigram weight="78" > ## ### </bigram>
    <bigram weight="27" > thoreau ### </bigram>
    <bigram weight="23" > holmes ### </bigram>
    <bigram weight="21" > # ## </bigram>
    <bigram weight="20" > ### s </bigram>
    <bigram weight="20" > ### the </bigram>
    <bigram weight="20" > ### in </bigram>
    <bigram weight="19" > p ### </bigram>
    <bigram weight="18" > ### p </bigram>
    <bigram weight="17" > in the </bigram>
    <bigram weight="14" > ### and </bigram>
    <bigram weight="14" > new york </bigram>
    <bigram weight="14" > york ### </bigram>
    <bigram weight="14" > ### new </bigram>
    <bigram weight="13" > ### thoreau </bigram>
    <bigram weight="13" > ### he </bigram>
    <bigram weight="13" > sherlock holmes </bigram>
    <bigram weight="10" > of the </bigram>
    <bigram weight="9" > ### as </bigram>
    <bigram weight="9" > of thoreau </bigram>
    <bigram weight="8" > ### pp </bigram>
    <bigram weight="8" > him ### </bigram>
    <bigram weight="8" > ### a </bigram>
    <bigram weight="8" > pp ### </bigram>
    <bigram weight="8" > henry david </bigram>
    <bigram weight="8" > ### his </bigram>
    <bigram weight="8" > david thoreau </bigram>
    <bigram weight="8" > on the </bigram>
    <bigram weight="7" > that ### </bigram>
    <bigram weight="7" > ### boston </bigram>
    <bigram weight="7" > he had </bigram>
    <bigram weight="7" > boston ### </bigram>
    <bigram weight="7" > ### but </bigram>
    <bigram weight="6" > ### i </bigram>
    <bigram weight="6" > tells us </bigram>
    <bigram weight="5" > ### on </bigram>
    <bigram weight="5" > emerson ### </bigram>
    <bigram weight="5" > and ### </bigram>
    <bigram weight="5" > waldo emerson </bigram>
    <bigram weight="5" > ### henry </bigram>
    <bigram weight="5" > of sherlock </bigram>
    <bigram weight="5" > to the </bigram>
    <bigram weight="5" > of ### </bigram>
    <bigram weight="5" > like him </bigram>
    <bigram weight="5" > of holmes </bigram>
    <bigram weight="4" > # the </bigram>
    <bigram weight="4" > ### to </bigram>
    <bigram weight="4" > the complete </bigram>
    <bigram weight="4" > he ### </bigram>
    <bigram weight="4" > ### one </bigram>
    <bigram weight="4" > ## samuel </bigram>
    <bigram weight="4" > in ## </bigram>
    <bigram weight="4" > one ### </bigram>
    <bigram weight="4" > had a </bigram>
    <bigram weight="4" > # he </bigram>
    <bigram weight="4" > us ### </bigram>
    <bigram weight="4" > in his </bigram>
    <bigram weight="4" > said ### </bigram>
    <bigram weight="4" > it was </bigram>
    <bigram weight="4" > ralph waldo </bigram>
    <bigram weight="4" > of henry </bigram>
    <bigram weight="4" > the ### </bigram>
    <bigram weight="4" > letters of </bigram>
    <bigram weight="4" > it is </bigram>
    <bigram weight="4" > in ### </bigram>
    <bigram weight="4" > a ### </bigram>
    <bigram weight="3" > he saw </bigram>
    <bigram weight="3" > mind ### </bigram>
    <bigram weight="3" > journal ### </bigram>
    <bigram weight="3" > s ### </bigram>
    <bigram weight="3" > complete sherlock </bigram>
    <bigram weight="3" > ### with </bigram>
    <bigram weight="3" > ### every </bigram>
    <bigram weight="3" > ### of </bigram>
    <bigram weight="3" > world ### </bigram>
    <bigram weight="3" > thoreau in </bigram>
    <bigram weight="3" > to be </bigram>
    <bigram weight="3" > in a </bigram>
    <bigram weight="3" > j ### </bigram>
    <bigram weight="3" > r ### </bigram>
    <bigram weight="3" > was ### </bigram>
    <bigram weight="3" > ### blau </bigram>
    <bigram weight="3" > adventures of </bigram>
    <bigram weight="3" > if he </bigram>
    <bigram weight="3" > # his </bigram>
    <bigram weight="3" > that he </bigram>
    <bigram weight="3" > i should </bigram>
    <bigram weight="3" > the same </bigram>
    <bigram weight="3" > ### or </bigram>
    <bigram weight="3" > holmes was </bigram>
    <bigram weight="3" > ### r </bigram>
    <bigram weight="3" > thoreau society </bigram>
    <bigram weight="3" > was a </bigram>
    <bigram weight="3" > f ### </bigram>
    <bigram weight="3" > culture ### </bigram>
    <bigram weight="3" > ### september </bigram>
    <bigram weight="3" > september ## </bigram>
    <bigram weight="3" > holmes to </bigram>
    <bigram weight="3" > letter to </bigram>
    <bigram weight="3" > daniel ricketson </bigram>
    <bigram weight="3" > study in </bigram>
    <bigram weight="3" > as a </bigram>
    <bigram weight="3" > ### it </bigram>
    <bigram weight="3" > e ### </bigram>
    <bigram weight="3" > of his </bigram>
    <bigram weight="3" > # i </bigram>
    <bigram weight="3" > in scarlet </bigram>
    <bigram weight="3" > h ### </bigram>
    <bigram weight="3" > quoted in </bigram>
    <bigram weight="3" > and his </bigram>
    <bigram weight="3" > ## and </bigram>
    <bigram weight="3" > ### t </bigram>
    <bigram weight="3" > ## thoreau </bigram>
    <bigram weight="3" > that when </bigram>
    <bigram weight="3" > pope ### </bigram>
    <bigram weight="3" > we have </bigram>
    <bigram weight="3" > homer ### </bigram>
    <bigram weight="3" > henry ### </bigram>
    <bigram weight="3" > is a </bigram>
    <bigram weight="3" > ## of </bigram>
    <bigram weight="3" > we should </bigram>
    <bigram weight="2" > # but </bigram>
    <bigram weight="2" > ### samuel </bigram>
    <bigram weight="2" > the adventure </bigram>
    <bigram weight="2" > things ### </bigram>
    <bigram weight="2" > an odd </bigram>
    <bigram weight="2" > wolff ### </bigram>
    <bigram weight="2" > memoriam ### </bigram>
    <bigram weight="2" > in memoriam </bigram>
    <bigram weight="2" > a young </bigram>
    <bigram weight="2" > the world </bigram>
    <bigram weight="2" > second and </bigram>
    <bigram weight="2" > x ### </bigram>
    <bigram weight="2" > are duplicated </bigram>
    <bigram weight="2" > ### december </bigram>
    <bigram weight="2" > of seventy </bigram>
    <bigram weight="2" > nose ### </bigram>
    <bigram weight="2" > loomis todd </bigram>
    <bigram weight="2" > ### f </bigram>
    <bigram weight="2" > years ### </bigram>
    <bigram weight="2" > scarlet ### </bigram>
    <bigram weight="2" > a cipher </bigram>
    <bigram weight="2" > the back </bigram>
    <bigram weight="2" > blau ### </bigram>
    <bigram weight="2" > by the </bigram>
    <bigram weight="2" > ## the </bigram>
    <bigram weight="2" > the man </bigram>
    <bigram weight="2" > duplicated in </bigram>
    <bigram weight="2" > second letters </bigram>
    <bigram weight="2" > estimate of </bigram>
    <bigram weight="2" > ## once </bigram>
    <bigram weight="2" > ### baker </bigram>
    <bigram weight="2" > thoreau was </bigram>
    <bigram weight="2" > b ### </bigram>
    <bigram weight="2" > with the </bigram>
    <bigram weight="2" > samuel worcester </bigram>
    <bigram weight="2" > us thoreau </bigram>
    <bigram weight="2" > ricketson ### </bigram>
    <bigram weight="2" > w ### </bigram>
    <bigram weight="2" > his world </bigram>
    <bigram weight="2" > channing ### </bigram>
    <bigram weight="2" > krutch tells </bigram>
    <bigram weight="2" > ### is </bigram>
    <bigram weight="2" > care to </bigram>
    <bigram weight="2" > baker street </bigram>
    <bigram weight="2" > ### was </bigram>
    <bigram weight="2" > later ### </bigram>
    <bigram weight="2" > mabel loomis </bigram>
    <bigram weight="2" > seventy years </bigram>
    <bigram weight="2" > the adventures </bigram>
    <bigram weight="2" > the next </bigram>
    <bigram weight="2" > higginson ### </bigram>
    <bigram weight="2" > me ### </bigram>
    <bigram weight="2" > ### culture </bigram>
    <bigram weight="2" > head ### </bigram>
    <bigram weight="2" > and second </bigram>
    <bigram weight="2" > volume of </bigram>
    <bigram weight="2" > the best </bigram>
    <bigram weight="2" > ## emerson </bigram>
    <bigram weight="2" > wrote ### </bigram>
    <bigram weight="2" > of america </bigram>
    <bigram weight="2" > first and </bigram>
    <bigram weight="2" > a study </bigram>
    <bigram weight="2" > adventure of </bigram>
    <bigram weight="2" > ### naked </bigram>
    <bigram weight="2" > to his </bigram>
    <bigram weight="2" > like a </bigram>
    <bigram weight="2" > holmes tells </bigram>
    <bigram weight="2" > the thoreau </bigram>
    <bigram weight="2" > he was </bigram>
    <bigram weight="2" > catalogue of </bigram>
    <bigram weight="2" > the second </bigram>
    <bigram weight="2" > conan doyle </bigram>
    <bigram weight="2" > ### x </bigram>
    <bigram weight="2" > is the </bigram>
    <bigram weight="2" > don ### </bigram>
    <bigram weight="2" > and third </bigram>
    <bigram weight="2" > a trout </bigram>
    <bigram weight="2" > he said </bigram>
    <bigram weight="2" > # george </bigram>
    <bigram weight="2" > milk ### </bigram>
    <bigram weight="2" > the natural </bigram>
    <bigram weight="2" > trout in </bigram>
    <bigram weight="2" > joseph wood </bigram>
    <bigram weight="2" > what did </bigram>
    <bigram weight="2" > says that </bigram>
    <bigram weight="2" > john weiss </bigram>
    <bigram weight="2" > naked is </bigram>
    <bigram weight="2" > for holmes </bigram>
    <bigram weight="2" > third letters </bigram>
    <bigram weight="2" > to find </bigram>
    <bigram weight="2" > hoar ### </bigram>
    <bigram weight="2" > ### we </bigram>
    <bigram weight="2" > saw in </bigram>
    <bigram weight="2" > the phrase </bigram>
    <bigram weight="2" > ### ralph </bigram>
    <bigram weight="2" > # what </bigram>
    <bigram weight="2" > to a </bigram>
    <bigram weight="2" > s homer </bigram>
    <bigram weight="2" > and holmes </bigram>
    <bigram weight="2" > # quoted </bigram>
    <bigram weight="2" > noble bachelor </bigram>
    <bigram weight="2" > i don </bigram>
    <bigram weight="2" > his ancestors </bigram>
    <bigram weight="2" > rex stout </bigram>
    <bigram weight="2" > december ## </bigram>
    <bigram weight="2" > woodbury ### </bigram>
    <bigram weight="2" > ### there </bigram>
    <bigram weight="2" > wood krutch </bigram>
    <bigram weight="2" > ### you </bigram>
    <bigram weight="2" > once ### </bigram>
    <bigram weight="2" > year ### </bigram>
    <bigram weight="2" > ## ## </bigram>
    <bigram weight="2" > ancestors ### </bigram>
    <bigram weight="2" > samuel rosenberg </bigram>
    <bigram weight="2" > back ### </bigram>
    <bigram weight="2" > from his </bigram>
    <bigram weight="2" > says ### </bigram>
    <bigram weight="2" > the only </bigram>
    <bigram weight="2" > ### journal </bigram>
    <bigram weight="2" > in thoreau </bigram>
    <bigram weight="2" > vol ### </bigram>
    <bigram weight="2" > street journal </bigram>
    <bigram weight="2" > that thoreau </bigram>
    <bigram weight="2" > ### frank </bigram>
    <bigram weight="2" > weiss ### </bigram>
    <bigram weight="2" > best disguise </bigram>
    <bigram weight="2" > ellery channing </bigram>
    <bigram weight="2" > a friend </bigram>
    <bigram weight="2" > ## to </bigram>
    <bigram weight="2" > are not </bigram>
    <bigram weight="2" > no one </bigram>
    <bigram weight="2" > when he </bigram>
    <bigram weight="2" > manner and </bigram>
    <bigram weight="2" > thoreau and </bigram>
    <bigram weight="2" > phrase in </bigram>
    <bigram weight="2" > disguise ### </bigram>
    <bigram weight="2" > ### shreffler </bigram>
    <bigram weight="2" > ### pope </bigram>
    <bigram weight="2" > as if </bigram>
    <bigram weight="2" > the most </bigram>
    <bigram weight="2" > ### that </bigram>
    <bigram weight="2" > to quote </bigram>
    <bigram weight="2" > ### at </bigram>
    <bigram weight="2" > he cared </bigram>
    <bigram weight="2" > as the </bigram>
    <bigram weight="2" > did thoreau </bigram>
    <bigram weight="2" > tell us </bigram>
    <bigram weight="2" > man and </bigram>
    <bigram weight="2" > the first </bigram>
    <bigram weight="2" > sketch of </bigram>
    <bigram weight="2" > for me </bigram>
    <bigram weight="2" > with an </bigram>
    <bigram weight="2" > ### keating </bigram>
    <bigram weight="2" > ### says </bigram>
    <bigram weight="2" > the nose </bigram>
    <bigram weight="2" > every man </bigram>
    <bigram weight="2" > # in </bigram>
    <bigram weight="2" > this i </bigram>
    <bigram weight="2" > peter e </bigram>
    <bigram weight="2" > there ### </bigram>
    <bigram weight="2" > them ### </bigram>
    <bigram weight="2" > time ### </bigram>
    <bigram weight="2" > book ### </bigram>
    <bigram weight="2" > ### vol </bigram>
    <bigram weight="2" > worcester rowse </bigram>
    <bigram weight="2" > bulletin ### </bigram>
    <bigram weight="2" > julian wolff </bigram>
    <bigram weight="2" > ## for </bigram>
    <bigram weight="2" > ### an </bigram>
    <bigram weight="2" > what is </bigram>
    <bigram weight="2" > side of </bigram>
    <bigram weight="2" > ## ellery </bigram>
    <bigram weight="2" > and a </bigram>
    <bigram weight="1" > a dog </bigram>
    <bigram weight="1" > you have </bigram>
    <bigram weight="1" > with great </bigram>
    <bigram weight="1" > ## small </bigram>
    <bigram weight="1" > the keenest </bigram>
    <bigram weight="1" > his pipe </bigram>
    <bigram weight="1" > as being </bigram>
    <bigram weight="1" > on a </bigram>
    <bigram weight="1" > whole figure </bigram>
    <bigram weight="1" > xiii ### </bigram>
    <bigram weight="1" > to live </bigram>
    <bigram weight="1" > memoirs of </bigram>
    <bigram weight="1" > looked like </bigram>
    <bigram weight="1" > and an </bigram>
    <bigram weight="1" > baconians would </bigram>
    <bigram weight="1" > lxxix ### </bigram>
    <bigram weight="1" > man ### </bigram>
    <bigram weight="1" > compare their </bigram>
    <bigram weight="1" > the following </bigram>
    <bigram weight="1" > village ### </bigram>
    <bigram weight="1" > journal vii </bigram>
    <bigram weight="1" > henry beston </bigram>
    <bigram weight="1" > by thoreau </bigram>
    <bigram weight="1" > and that </bigram>
    <bigram weight="1" > where this </bigram>
    <bigram weight="1" > ### quoting </bigram>
    <bigram weight="1" > ### love </bigram>
    <bigram weight="1" > of walden </bigram>
    <bigram weight="1" > sidney paget </bigram>
    <bigram weight="1" > surface he </bigram>
    <bigram weight="1" > # watson </bigram>
    <bigram weight="1" > kicked a </bigram>
    <bigram weight="1" > nor did </bigram>
    <bigram weight="1" > now that </bigram>
    <bigram weight="1" > ### rutch </bigram>
    <bigram weight="1" > a necessary </bigram>
    <bigram weight="1" > you grant </bigram>
    <bigram weight="1" > small wonder </bigram>
    <bigram weight="1" > realized that </bigram>
    <bigram weight="1" > home ### </bigram>
    <bigram weight="1" > a call </bigram>
    <bigram weight="1" > mouth ### </bigram>
    <bigram weight="1" > holmes played </bigram>
    <bigram weight="1" > of course </bigram>
    <bigram weight="1" > ## that </bigram>
    <bigram weight="1" > on that </bigram>
    <bigram weight="1" > understood the </bigram>
    <bigram weight="1" > a strong </bigram>
    <bigram weight="1" > ### homer </bigram>
    <bigram weight="1" > his arm </bigram>
    <bigram weight="1" > classes ### </bigram>
    <bigram weight="1" > ### hosmer </bigram>
    <bigram weight="1" > odd writer </bigram>
    <bigram weight="1" > among us </bigram>
    <bigram weight="1" > his manner </bigram>
    <bigram weight="1" > presence ### </bigram>
    <bigram weight="1" > t care </bigram>
    <bigram weight="1" > were acute </bigram>
    <bigram weight="1" > which is </bigram>
    <bigram weight="1" > deak ### </bigram>
    <bigram weight="1" > claimed ### </bigram>
    <bigram weight="1" > that one </bigram>
    <bigram weight="1" > which reminded </bigram>
    <bigram weight="1" > january ## </bigram>
    <bigram weight="1" > ### lxiii </bigram>
    <bigram weight="1" > that saw </bigram>
    <bigram weight="1" > likeness ### </bigram>
    <bigram weight="1" > to say </bigram>
    <bigram weight="1" > body and </bigram>
    <bigram weight="1" > his father </bigram>
    <bigram weight="1" > would eat </bigram>
    <bigram weight="1" > in fact </bigram>
    <bigram weight="1" > a broader </bigram>
    <bigram weight="1" > doing his </bigram>
    <bigram weight="1" > robert h </bigram>
    <bigram weight="1" > the opium </bigram>
    <bigram weight="1" > a volume </bigram>
    <bigram weight="1" > but admirably </bigram>
    <bigram weight="1" > a year </bigram>
    <bigram weight="1" > little that </bigram>
    <bigram weight="1" > through his </bigram>
    <bigram weight="1" > us that </bigram>
    <bigram weight="1" > more detail </bigram>
    <bigram weight="1" > emerson said </bigram>
    <bigram weight="1" > ### nose </bigram>
    <bigram weight="1" > have to </bigram>
    <bigram weight="1" > this fortuitous </bigram>
    <bigram weight="1" > face was </bigram>
    <bigram weight="1" > on her </bigram>
    <bigram weight="1" > and appledore </bigram>
    <bigram weight="1" > advocated ### </bigram>
    <bigram weight="1" > ### hawthorne </bigram>
    <bigram weight="1" > # her </bigram>
    <bigram weight="1" > as invulnerable </bigram>
    <bigram weight="1" > preliminary to </bigram>
    <bigram weight="1" > those of </bigram>
    <bigram weight="1" > for his </bigram>
    <bigram weight="1" > so much </bigram>
    <bigram weight="1" > brown ### </bigram>
    <bigram weight="1" > though we </bigram>
    <bigram weight="1" > his senses </bigram>
    <bigram weight="1" > figure ### </bigram>
    <bigram weight="1" > out let </bigram>
    <bigram weight="1" > told thoreau </bigram>
    <bigram weight="1" > and action </bigram>
    <bigram weight="1" > skillful ### </bigram>
    <bigram weight="1" > ## did </bigram>
    <bigram weight="1" > custody ### </bigram>
    <bigram weight="1" > and at </bigram>
    <bigram weight="1" > his consuming </bigram>
    <bigram weight="1" > vii ### </bigram>
    <bigram weight="1" > monthly ### </bigram>
    <bigram weight="1" > reveals to </bigram>
    <bigram weight="1" > once arrested </bigram>
    <bigram weight="1" > earnestness ### </bigram>
    <bigram weight="1" > society bulletin </bigram>
    <bigram weight="1" > ### other </bigram>
    <bigram weight="1" > he wrote </bigram>
    <bigram weight="1" > quoted the </bigram>
    <bigram weight="1" > holmes by </bigram>
    <bigram weight="1" > he he </bigram>
    <bigram weight="1" > matter both </bigram>
    <bigram weight="1" > recollections of </bigram>
    <bigram weight="1" > slaps watson </bigram>
    <bigram weight="1" > without a </bigram>
    <bigram weight="1" > never returns </bigram>
    <bigram weight="1" > ### bookshelf </bigram>
    <bigram weight="1" > a scandal </bigram>
    <bigram weight="1" > is for </bigram>
    <bigram weight="1" > the violin </bigram>
    <bigram weight="1" > a field </bigram>
    <bigram weight="1" > tnat he </bigram>
    <bigram weight="1" > upon the </bigram>
    <bigram weight="1" > thoreaus ### </bigram>
    <bigram weight="1" > bachelor ### </bigram>
    <bigram weight="1" > is like </bigram>
    <bigram weight="1" > object to </bigram>
    <bigram weight="1" > resemble holmes </bigram>
    <bigram weight="1" > example ### </bigram>
    <bigram weight="1" > think of </bigram>
    <bigram weight="1" > passing himself </bigram>
    <bigram weight="1" > very odd </bigram>
    <bigram weight="1" > pipe smoking </bigram>
    <bigram weight="1" > and purpose </bigram>
    <bigram weight="1" > is called </bigram>
    <bigram weight="1" > s frequent </bigram>
    <bigram weight="1" > silent ### </bigram>
    <bigram weight="1" > out when </bigram>
    <bigram weight="1" > never have </bigram>
    <bigram weight="1" > ## h </bigram>
    <bigram weight="1" > meant business </bigram>
    <bigram weight="1" > when speaking </bigram>
    <bigram weight="1" > bank robber </bigram>
    <bigram weight="1" > downs ### </bigram>
    <bigram weight="1" > contained little </bigram>
    <bigram weight="1" > # did </bigram>
    <bigram weight="1" > could say </bigram>
    <bigram weight="1" > thoreau says </bigram>
    <bigram weight="1" > as simple </bigram>
    <bigram weight="1" > the stand </bigram>
    <bigram weight="1" > walden ### </bigram>
    <bigram weight="1" > experimentation with </bigram>
    <bigram weight="1" > to paraphrase </bigram>
    <bigram weight="1" > whole great </bigram>
    <bigram weight="1" > ### were </bigram>
    <bigram weight="1" > is inconceivable </bigram>
    <bigram weight="1" > do not </bigram>
    <bigram weight="1" > by that </bigram>
    <bigram weight="1" > of presumption </bigram>
    <bigram weight="1" > had no </bigram>
    <bigram weight="1" > and unusual </bigram>
    <bigram weight="1" > # just </bigram>
    <bigram weight="1" > ## # </bigram>
    <bigram weight="1" > a figure </bigram>
    <bigram weight="1" > supplies further </bigram>
    <bigram weight="1" > business ### </bigram>
    <bigram weight="1" > november ## </bigram>
    <bigram weight="1" > would not </bigram>
    <bigram weight="1" > club bulletin </bigram>
    <bigram weight="1" > juncture it </bigram>
    <bigram weight="1" > career as </bigram>
    <bigram weight="1" > ### loomis </bigram>
    <bigram weight="1" > ricketson assumed </bigram>
    <bigram weight="1" > the realization </bigram>
    <bigram weight="1" > three weeks </bigram>
    <bigram weight="1" > move on </bigram>
    <bigram weight="1" > ihoreau righteously </bigram>
    <bigram weight="1" > nursed his </bigram>
    <bigram weight="1" > rore head </bigram>
    <bigram weight="1" > we are </bigram>
    <bigram weight="1" > # endnotes </bigram>
    <bigram weight="1" > asserts ### </bigram>
    <bigram weight="1" > small book </bigram>
    <bigram weight="1" > cared for </bigram>
    <bigram weight="1" > of body </bigram>
    <bigram weight="1" > one a </bigram>
    <bigram weight="1" > thoreau meant </bigram>
    <bigram weight="1" > a mile </bigram>
    <bigram weight="1" > seven henry </bigram>
    <bigram weight="1" > thief ### </bigram>
    <bigram weight="1" > he delighted </bigram>
    <bigram weight="1" > friend told </bigram>
    <bigram weight="1" > put them </bigram>
    <bigram weight="1" > match those </bigram>
    <bigram weight="1" > mystery ### </bigram>
    <bigram weight="1" > seems at </bigram>
    <bigram weight="1" > night ### </bigram>
    <bigram weight="1" > his ground </bigram>
    <bigram weight="1" > it as </bigram>
    <bigram weight="1" > however ### </bigram>
    <bigram weight="1" > be called </bigram>
    <bigram weight="1" > examiner ### </bigram>
    <bigram weight="1" > seen ### </bigram>
    <bigram weight="1" > one his </bigram>
    <bigram weight="1" > was afoot </bigram>
    <bigram weight="1" > when serious </bigram>
    <bigram weight="1" > on whom </bigram>
    <bigram weight="1" > holmes observes </bigram>
    <bigram weight="1" > or conducts </bigram>
    <bigram weight="1" > ### e </bigram>
    <bigram weight="1" > piece of </bigram>
    <bigram weight="1" > vigorous ### </bigram>
    <bigram weight="1" > when a </bigram>
    <bigram weight="1" > motets of </bigram>
    <bigram weight="1" > at ## </bigram>
    <bigram weight="1" > whom he </bigram>
    <bigram weight="1" > drv arasses </bigram>
    <bigram weight="1" > go upon </bigram>
    <bigram weight="1" > ### remarking </bigram>
    <bigram weight="1" > or no </bigram>
    <bigram weight="1" > practical end </bigram>
    <bigram weight="1" > gibe and </bigram>
    <bigram weight="1" > a footprint </bigram>
    <bigram weight="1" > ### which </bigram>
    <bigram weight="1" > george w </bigram>
    <bigram weight="1" > straightening out </bigram>
    <bigram weight="1" > beer ### </bigram>
    <bigram weight="1" > have he </bigram>
    <bigram weight="1" > simple a </bigram>
    <bigram weight="1" > generations ago </bigram>
    <bigram weight="1" > dispute sherlock </bigram>
    <bigram weight="1" > thieves who </bigram>
    <bigram weight="1" > to thank </bigram>
    <bigram weight="1" > ### passing </bigram>
    <bigram weight="1" > thouaht he </bigram>
    <bigram weight="1" > # and </bigram>
    <bigram weight="1" > # sidney </bigram>
    <bigram weight="1" > i close </bigram>
    <bigram weight="1" > is exhausted </bigram>
    <bigram weight="1" > stream of </bigram>
    <bigram weight="1" > crayon por </bigram>
    <bigram weight="1" > footsteps ### </bigram>
    <bigram weight="1" > musician ### </bigram>
    <bigram weight="1" > the glance </bigram>
    <bigram weight="1" > erect carriage </bigram>
    <bigram weight="1" > sher lock </bigram>
    <bigram weight="1" > ### sanborn </bigram>
    <bigram weight="1" > of it </bigram>
    <bigram weight="1" > talent was </bigram>
    <bigram weight="1" > an embankment </bigram>
    <bigram weight="1" > eben j </bigram>
    <bigram weight="1" > seemed merely </bigram>
    <bigram weight="1" > have seen </bigram>
    <bigram weight="1" > tne rore </bigram>
    <bigram weight="1" > henry salt </bigram>
    <bigram weight="1" > ## mabel </bigram>
    <bigram weight="1" > ### may </bigram>
    <bigram weight="1" > his ### </bigram>
    <bigram weight="1" > came to </bigram>
    <bigram weight="1" > exclaimed ### </bigram>
    <bigram weight="1" > relates ### </bigram>
    <bigram weight="1" > listen to </bigram>
    <bigram weight="1" > america ### </bigram>
    <bigram weight="1" > action reveals </bigram>
    <bigram weight="1" > young men </bigram>
    <bigram weight="1" > the silvery </bigram>
    <bigram weight="1" > charles woodbury </bigram>
    <bigram weight="1" > would object </bigram>
    <bigram weight="1" > peddler ### </bigram>
    <bigram weight="1" > written in </bigram>
    <bigram weight="1" > ### adventure </bigram>
    <bigram weight="1" > on thoreau </bigram>
    <bigram weight="1" > a sneer </bigram>
    <bigram weight="1" > ### establishes </bigram>
    <bigram weight="1" > was cer </bigram>
    <bigram weight="1" > branch of </bigram>
    <bigram weight="1" > friend a </bigram>
    <bigram weight="1" > tells watson </bigram>
    <bigram weight="1" > wrote a </bigram>
    <bigram weight="1" > but for </bigram>
    <bigram weight="1" > into the </bigram>
    <bigram weight="1" > single ### </bigram>
    <bigram weight="1" > emerson offered </bigram>
    <bigram weight="1" > forget ### </bigram>
    <bigram weight="1" > to daniel </bigram>
    <bigram weight="1" > was said </bigram>
    <bigram weight="1" > at disguises </bigram>
    <bigram weight="1" > ### supplies </bigram>
    <bigram weight="1" > may ## </bigram>
    <bigram weight="1" > all emotions </bigram>
    <bigram weight="1" > and picked </bigram>
    <bigram weight="1" > eben loomis </bigram>
    <bigram weight="1" > at close </bigram>
    <bigram weight="1" > find something </bigram>
    <bigram weight="1" > ### xxx </bigram>
    <bigram weight="1" > journai ihoreau </bigram>
    <bigram weight="1" > ### thought </bigram>
    <bigram weight="1" > # peter </bigram>
    <bigram weight="1" > ### even </bigram>
    <bigram weight="1" > glance of </bigram>
    <bigram weight="1" > to this </bigram>
    <bigram weight="1" > scandal in </bigram>
    <bigram weight="1" > if thoreau </bigram>
    <bigram weight="1" > for tak </bigram>
    <bigram weight="1" > where channing </bigram>
    <bigram weight="1" > a splendid </bigram>
    <bigram weight="1" > ### august </bigram>
    <bigram weight="1" > ### letter </bigram>
    <bigram weight="1" > as his </bigram>
    <bigram weight="1" > remarked ### </bigram>
    <bigram weight="1" > # arriving </bigram>
    <bigram weight="1" > ### certainly </bigram>
    <bigram weight="1" > that ado </bigram>
    <bigram weight="1" > ho ### </bigram>
    <bigram weight="1" > england in </bigram>
    <bigram weight="1" > to keep </bigram>
    <bigram weight="1" > frame ### </bigram>
    <bigram weight="1" > thoreau family </bigram>
    <bigram weight="1" > just two </bigram>
    <bigram weight="1" > quoting letter </bigram>
    <bigram weight="1" > his face </bigram>
    <bigram weight="1" > ### viii </bigram>
    <bigram weight="1" > way teale </bigram>
    <bigram weight="1" > a wonderful </bigram>
    <bigram weight="1" > beston used </bigram>
    <bigram weight="1" > make off </bigram>
    <bigram weight="1" > montns later </bigram>
    <bigram weight="1" > a case </bigram>
    <bigram weight="1" > term when </bigram>
    <bigram weight="1" > observation match </bigram>
    <bigram weight="1" > snapped ### </bigram>
    <bigram weight="1" > from concord </bigram>
    <bigram weight="1" > in more </bigram>
    <bigram weight="1" > ## daniel </bigram>
    <bigram weight="1" > ### davenport </bigram>
    <bigram weight="1" > august ## </bigram>
    <bigram weight="1" > his milk </bigram>
    <bigram weight="1" > the thoreaus </bigram>
    <bigram weight="1" > of pope </bigram>
    <bigram weight="1" > # thrice </bigram>
    <bigram weight="1" > dr ### </bigram>
    <bigram weight="1" > his philosophy </bigram>
    <bigram weight="1" > the later </bigram>
    <bigram weight="1" > colored flower </bigram>
    <bigram weight="1" > off with </bigram>
    <bigram weight="1" > a feather </bigram>
    <bigram weight="1" > is that </bigram>
    <bigram weight="1" > about ## </bigram>
    <bigram weight="1" > made ### </bigram>
    <bigram weight="1" > thoreau snapped </bigram>
    <bigram weight="1" > todd says </bigram>
    <bigram weight="1" > would suddenly </bigram>
    <bigram weight="1" > t think </bigram>
    <bigram weight="1" > thoreau seems </bigram>
    <bigram weight="1" > man is </bigram>
    <bigram weight="1" > shared by </bigram>
    <bigram weight="1" > title page </bigram>
    <bigram weight="1" > remembered by </bigram>
    <bigram weight="1" > precise ### </bigram>
    <bigram weight="1" > ing his </bigram>
    <bigram weight="1" > he could </bigram>
    <bigram weight="1" > needed an </bigram>
    <bigram weight="1" > active earnestness </bigram>
    <bigram weight="1" > woodbury relates </bigram>
    <bigram weight="1" > ### attention </bigram>
    <bigram weight="1" > also thoreau </bigram>
    <bigram weight="1" > cared to </bigram>
    <bigram weight="1" > s works </bigram>
    <bigram weight="1" > and exceedingly </bigram>
    <bigram weight="1" > years after </bigram>
    <bigram weight="1" > hawthorne tells </bigram>
    <bigram weight="1" > escape the </bigram>
    <bigram weight="1" > road ### </bigram>
    <bigram weight="1" > a bank </bigram>
    <bigram weight="1" > external nature </bigram>
    <bigram weight="1" > holmes were </bigram>
    <bigram weight="1" > s journal </bigram>
    <bigram weight="1" > his sketch </bigram>
    <bigram weight="1" > the arm </bigram>
    <bigram weight="1" > with a </bigram>
    <bigram weight="1" > to listen </bigram>
    <bigram weight="1" > soon think </bigram>
    <bigram weight="1" > close with </bigram>
    <bigram weight="1" > thoreau always </bigram>
    <bigram weight="1" > evidently ### </bigram>
    <bigram weight="1" > quote thoreau </bigram>
    <bigram weight="1" > when sitting </bigram>
    <bigram weight="1" > surnames ### </bigram>
    <bigram weight="1" > purpose ### </bigram>
    <bigram weight="1" > evening he </bigram>
    <bigram weight="1" > ### also </bigram>
    <bigram weight="1" > arrested ### </bigram>
    <bigram weight="1" > still may </bigram>
    <bigram weight="1" > and giving </bigram>
    <bigram weight="1" > stooped and </bigram>
    <bigram weight="1" > winter ### </bigram>
    <bigram weight="1" > like that </bigram>
    <bigram weight="1" > ### precise </bigram>
    <bigram weight="1" > once exclaimed </bigram>
    <bigram weight="1" > only thing </bigram>
    <bigram weight="1" > his contemporaries </bigram>
    <bigram weight="1" > the bent </bigram>
    <bigram weight="1" > h samuel </bigram>
    <bigram weight="1" > should as </bigram>
    <bigram weight="1" > ings ### </bigram>
    <bigram weight="1" > # o </bigram>
    <bigram weight="1" > william acton </bigram>
    <bigram weight="1" > interest shared </bigram>
    <bigram weight="1" > hosmer brown </bigram>
    <bigram weight="1" > one recalls </bigram>
    <bigram weight="1" > maternal ances </bigram>
    <bigram weight="1" > up with </bigram>
    <bigram weight="1" > ground ### </bigram>
    <bigram weight="1" > supplements this </bigram>
    <bigram weight="1" > free public </bigram>
    <bigram weight="1" > offered this </bigram>
    <bigram weight="1" > in elizabeth </bigram>
    <bigram weight="1" > ### w </bigram>
    <bigram weight="1" > first sight </bigram>
    <bigram weight="1" > iii ### </bigram>
    <bigram weight="1" > further proof </bigram>
    <bigram weight="1" > do you </bigram>
    <bigram weight="1" > a quiet </bigram>
    <bigram weight="1" > complete sher </bigram>
    <bigram weight="1" > concurrence of </bigram>
    <bigram weight="1" > # catch </bigram>
    <bigram weight="1" > dunton ### </bigram>
    <bigram weight="1" > expense ### </bigram>
    <bigram weight="1" > emerson would </bigram>
    <bigram weight="1" > ### straightening </bigram>
    <bigram weight="1" > observation on </bigram>
    <bigram weight="1" > quotation first </bigram>
    <bigram weight="1" > what rosenberg </bigram>
    <bigram weight="1" > acute ### </bigram>
    <bigram weight="1" > one at </bigram>
    <bigram weight="1" > says john </bigram>
    <bigram weight="1" > exhausted ### </bigram>
    <bigram weight="1" > holmes knew </bigram>
    <bigram weight="1" > paget ### </bigram>
    <bigram weight="1" > volume one </bigram>
    <bigram weight="1" > like his </bigram>
    <bigram weight="1" > mary dunton </bigram>
    <bigram weight="1" > world as </bigram>
    <bigram weight="1" > flower ### </bigram>
    <bigram weight="1" > his beer </bigram>
    <bigram weight="1" > quotes the </bigram>
    <bigram weight="1" > julian hawthorne </bigram>
    <bigram weight="1" > interest in </bigram>
    <bigram weight="1" > charming # </bigram>
    <bigram weight="1" > xxx ### </bigram>
    <bigram weight="1" > i could </bigram>
    <bigram weight="1" > afterward his </bigram>
    <bigram weight="1" > his pocket </bigram>
    <bigram weight="1" > site he </bigram>
    <bigram weight="1" > and its </bigram>
    <bigram weight="1" > his eyes </bigram>
    <bigram weight="1" > ### holmes </bigram>
    <bigram weight="1" > detective ### </bigram>
    <bigram weight="1" > george curtis </bigram>
    <bigram weight="1" > krutch ### </bigram>
    <bigram weight="1" > concentrated energy </bigram>
    <bigram weight="1" > tribute to </bigram>
    <bigram weight="1" > is made </bigram>
    <bigram weight="1" > rare ### </bigram>
    <bigram weight="1" > a half </bigram>
    <bigram weight="1" > aquiline ### </bigram>
    <bigram weight="1" > with meaning </bigram>
    <bigram weight="1" > were abhorrent </bigram>
    <bigram weight="1" > snow ### </bigram>
    <bigram weight="1" > but peter </bigram>
    <bigram weight="1" > and instructive </bigram>
    <bigram weight="1" > holmes had </bigram>
    <bigram weight="1" > ### needed </bigram>
    <bigram weight="1" > case of </bigram>
    <bigram weight="1" > every thought </bigram>
    <bigram weight="1" > not so </bigram>
    <bigram weight="1" > channing supplements </bigram>
    <bigram weight="1" > wanted at </bigram>
    <bigram weight="1" > # once </bigram>
    <bigram weight="1" > prefer the </bigram>
    <bigram weight="1" > dunton says </bigram>
    <bigram weight="1" > how thoreau </bigram>
    <bigram weight="1" > have ever </bigram>
    <bigram weight="1" > the softer </bigram>
    <bigram weight="1" > be living </bigram>
    <bigram weight="1" > concord neighbors </bigram>
    <bigram weight="1" > had watched </bigram>
    <bigram weight="1" > had ### </bigram>
    <bigram weight="1" > ii ### </bigram>
    <bigram weight="1" > facts are </bigram>
    <bigram weight="1" > led a </bigram>
    <bigram weight="1" > beneath an </bigram>
    <bigram weight="1" > two young </bigram>
    <bigram weight="1" > frank preston </bigram>
    <bigram weight="1" > in winter </bigram>
    <bigram weight="1" > further particulars </bigram>
    <bigram weight="1" > stearns ### </bigram>
    <bigram weight="1" > observer adds </bigram>
    <bigram weight="1" > made subservient </bigram>
    <bigram weight="1" > ricketson tells </bigram>
    <bigram weight="1" > affirmation that </bigram>
    <bigram weight="1" > one and </bigram>
    <bigram weight="1" > says it </bigram>
    <bigram weight="1" > so for </bigram>
    <bigram weight="1" > the edge </bigram>
    <bigram weight="1" > quiet laugh </bigram>
    <bigram weight="1" > page ### </bigram>
    <bigram weight="1" > hardy ### </bigram>
    <bigram weight="1" > a learned </bigram>
    <bigram weight="1" > he thouaht </bigram>
    <bigram weight="1" > first appears </bigram>
    <bigram weight="1" > say our </bigram>
    <bigram weight="1" > his friend </bigram>
    <bigram weight="1" > most satisfactory </bigram>
    <bigram weight="1" > an introduction </bigram>
    <bigram weight="1" > ed ### </bigram>
    <bigram weight="1" > the clearer </bigram>
    <bigram weight="1" > had an </bigram>
    <bigram weight="1" > ellery channinq </bigram>
    <bigram weight="1" > ## in </bigram>
    <bigram weight="1" > philosophy contained </bigram>
    <bigram weight="1" > that holmes </bigram>
    <bigram weight="1" > davenport ### </bigram>
    <bigram weight="1" > the beak </bigram>
    <bigram weight="1" > arm of </bigram>
    <bigram weight="1" > strong dislike </bigram>
    <bigram weight="1" > a mind </bigram>
    <bigram weight="1" > in manner </bigram>
    <bigram weight="1" > hudspeth ### </bigram>
    <bigram weight="1" > dimension to </bigram>
    <bigram weight="1" > it all </bigram>
    <bigram weight="1" > expected to </bigram>
    <bigram weight="1" > science which </bigram>
    <bigram weight="1" > the unknown </bigram>
    <bigram weight="1" > to know </bigram>
    <bigram weight="1" > hands strong </bigram>
    <bigram weight="1" > cipher as </bigram>
    <bigram weight="1" > of tracing </bigram>
    <bigram weight="1" > mary hosmer </bigram>
    <bigram weight="1" > and published </bigram>
    <bigram weight="1" > fact ### </bigram>
    <bigram weight="1" > remind you </bigram>
    <bigram weight="1" > curved nose </bigram>
    <bigram weight="1" > his maternal </bigram>
    <bigram weight="1" > embark on </bigram>
    <bigram weight="1" > he received </bigram>
    <bigram weight="1" > the highest </bigram>
    <bigram weight="1" > and the </bigram>
    <bigram weight="1" > autograph of </bigram>
    <bigram weight="1" > ### all </bigram>
    <bigram weight="1" > way home </bigram>
    <bigram weight="1" > but just </bigram>
    <bigram weight="1" > his observing </bigram>
    <bigram weight="1" > picture ### </bigram>
    <bigram weight="1" > s edgar </bigram>
    <bigram weight="1" > me to </bigram>
    <bigram weight="1" > keenest observer </bigram>
    <bigram weight="1" > thrice in </bigram>
    <bigram weight="1" > invulnerable as </bigram>
    <bigram weight="1" > wonderful fitness </bigram>
    <bigram weight="1" > an erect </bigram>
    <bigram weight="1" > his study </bigram>
    <bigram weight="1" > ## an </bigram>
    <bigram weight="1" > illness ### </bigram>
    <bigram weight="1" > liked by </bigram>
    <bigram weight="1" > an oppor </bigram>
    <bigram weight="1" > to tell </bigram>
    <bigram weight="1" > woman on </bigram>
    <bigram weight="1" > the atlantic </bigram>
    <bigram weight="1" > the given </bigram>
    <bigram weight="1" > have doyle </bigram>
    <bigram weight="1" > the surface </bigram>
    <bigram weight="1" > ## were </bigram>
    <bigram weight="1" > samuel higgmson </bigram>
    <bigram weight="1" > heed of </bigram>
    <bigram weight="1" > after the </bigram>
    <bigram weight="1" > thoreau nursed </bigram>
    <bigram weight="1" > his whole </bigram>
    <bigram weight="1" > works ### </bigram>
    <bigram weight="1" > ### thieves </bigram>
    <bigram weight="1" > they are </bigram>
    <bigram weight="1" > led me </bigram>
    <bigram weight="1" > his journai </bigram>
    <bigram weight="1" > matrimony ### </bigram>
    <bigram weight="1" > many years </bigram>
    <bigram weight="1" > ### note </bigram>
    <bigram weight="1" > this juncture </bigram>
    <bigram weight="1" > come ### </bigram>
    <bigram weight="1" > be forgotten </bigram>
    <bigram weight="1" > speaking of </bigram>
    <bigram weight="1" > of matrimony </bigram>
    <bigram weight="1" > own book </bigram>
    <bigram weight="1" > # judge </bigram>
    <bigram weight="1" > them together </bigram>
    <bigram weight="1" > at posterity </bigram>
    <bigram weight="1" > somewhat abashed </bigram>
    <bigram weight="1" > would disintegrate </bigram>
    <bigram weight="1" > sight an </bigram>
    <bigram weight="1" > quote ### </bigram>
    <bigram weight="1" > us a </bigram>
    <bigram weight="1" > haskins ### </bigram>
    <bigram weight="1" > samuel s </bigram>
    <bigram weight="1" > the surnames </bigram>
    <bigram weight="1" > mean by </bigram>
    <bigram weight="1" > left walden </bigram>
    <bigram weight="1" > scarlet holmes </bigram>
    <bigram weight="1" > not forget </bigram>
    <bigram weight="1" > ### alighting </bigram>
    <bigram weight="1" > nose which </bigram>
    <bigram weight="1" > down the </bigram>
    <bigram weight="1" > holmes experimentation </bigram>
    <bigram weight="1" > fair to </bigram>
    <bigram weight="1" > tails to </bigram>
    <bigram weight="1" > an anonymous </bigram>
    <bigram weight="1" > the picture </bigram>
    <bigram weight="1" > young woman </bigram>
    <bigram weight="1" > ### recollections </bigram>
    <bigram weight="1" > assumed thoreau </bigram>
    <bigram weight="1" > this involved </bigram>
    <bigram weight="1" > toward their </bigram>
    <bigram weight="1" > should like </bigram>
    <bigram weight="1" > be ### </bigram>
    <bigram weight="1" > that we </bigram>
    <bigram weight="1" > footprint ### </bigram>
    <bigram weight="1" > vitality ### </bigram>
    <bigram weight="1" > ### january </bigram>
    <bigram weight="1" > a single </bigram>
    <bigram weight="1" > he struck </bigram>
    <bigram weight="1" > o john </bigram>
    <bigram weight="1" > emerson quoted </bigram>
    <bigram weight="1" > copies of </bigram>
    <bigram weight="1" > every tenet </bigram>
    <bigram weight="1" > on cape </bigram>
    <bigram weight="1" > noted ### </bigram>
    <bigram weight="1" > who is </bigram>
    <bigram weight="1" > was made </bigram>
    <bigram weight="1" > the term </bigram>
    <bigram weight="1" > thoreau led </bigram>
    <bigram weight="1" > fine crayon </bigram>
    <bigram weight="1" > more hke </bigram>
    <bigram weight="1" > had realized </bigram>
    <bigram weight="1" > ### higginson </bigram>
    <bigram weight="1" > powers of </bigram>
    <bigram weight="1" > shreffler was </bigram>
    <bigram weight="1" > was perfectly </bigram>
    <bigram weight="1" > ### joseph </bigram>
    <bigram weight="1" > russell lowell </bigram>
    <bigram weight="1" > odd ### </bigram>
    <bigram weight="1" > to dr </bigram>
    <bigram weight="1" > re flects </bigram>
    <bigram weight="1" > with ### </bigram>
    <bigram weight="1" > of concentrated </bigram>
    <bigram weight="1" > trace her </bigram>
    <bigram weight="1" > ### many </bigram>
    <bigram weight="1" > proven that </bigram>
    <bigram weight="1" > lonely road </bigram>
    <bigram weight="1" > rowse ### </bigram>
    <bigram weight="1" > violin and </bigram>
    <bigram weight="1" > consider now </bigram>
    <bigram weight="1" > prominent ### </bigram>
    <bigram weight="1" > as on </bigram>
    <bigram weight="1" > says of </bigram>
    <bigram weight="1" > of interest </bigram>
    <bigram weight="1" > neglected as </bigram>
    <bigram weight="1" > for what </bigram>
    <bigram weight="1" > sanborn ### </bigram>
    <bigram weight="1" > of nature </bigram>
    <bigram weight="1" > abhorrent to </bigram>
    <bigram weight="1" > thoreau that </bigram>
    <bigram weight="1" > s sketch </bigram>
    <bigram weight="1" > contemporaries have </bigram>
    <bigram weight="1" > by a </bigram>
    <bigram weight="1" > that breathed </bigram>
    <bigram weight="1" > s foremost </bigram>
    <bigram weight="1" > never as </bigram>
    <bigram weight="1" > lives to </bigram>
    <bigram weight="1" > there for </bigram>
    <bigram weight="1" > to see </bigram>
    <bigram weight="1" > as holmes </bigram>
    <bigram weight="1" > made about </bigram>
    <bigram weight="1" > he slaps </bigram>
    <bigram weight="1" > last illness </bigram>
    <bigram weight="1" > serious business </bigram>
    <bigram weight="1" > natural sky </bigram>
    <bigram weight="1" > flower nestled </bigram>
    <bigram weight="1" > one of </bigram>
    <bigram weight="1" > pipe as </bigram>
    <bigram weight="1" > stout wrote </bigram>
    <bigram weight="1" > ### what </bigram>
    <bigram weight="1" > as for </bigram>
    <bigram weight="1" > by his </bigram>
    <bigram weight="1" > emerson told </bigram>
    <bigram weight="1" > energy and </bigram>
    <bigram weight="1" > a lonely </bigram>
    <bigram weight="1" > at that </bigram>
    <bigram weight="1" > again ### </bigram>
    <bigram weight="1" > # tne </bigram>
    <bigram weight="1" > delight never </bigram>
    <bigram weight="1" > smoking ### </bigram>
    <bigram weight="1" > he finally </bigram>
    <bigram weight="1" > called the </bigram>
    <bigram weight="1" > ### vi </bigram>
    <bigram weight="1" > doyle ### </bigram>
    <bigram weight="1" > ## i </bigram>
    <bigram weight="1" > # when </bigram>
    <bigram weight="1" > particularly ### </bigram>
    <bigram weight="1" > doesn ### </bigram>
    <bigram weight="1" > confirms her </bigram>
    <bigram weight="1" > his subsequent </bigram>
    <bigram weight="1" > s powers </bigram>
    <bigram weight="1" > attack a </bigram>
    <bigram weight="1" > the smallest </bigram>
    <bigram weight="1" > the mystery </bigram>
    <bigram weight="1" > when silent </bigram>
    <bigram weight="1" > the saga </bigram>
    <bigram weight="1" > blau suggests </bigram>
    <bigram weight="1" > at sussex </bigram>
    <bigram weight="1" > realization recorded </bigram>
    <bigram weight="1" > thoreau as </bigram>
    <bigram weight="1" > curtis ### </bigram>
    <bigram weight="1" > he think </bigram>
    <bigram weight="1" > thoreau wanted </bigram>
    <bigram weight="1" > greene haskins </bigram>
    <bigram weight="1" > keep ### </bigram>
    <bigram weight="1" > ### krutch </bigram>
    <bigram weight="1" > being very </bigram>
    <bigram weight="1" > another dimension </bigram>
    <bigram weight="1" > thoreau holds </bigram>
    <bigram weight="1" > the speckled </bigram>
    <bigram weight="1" > journals ### </bigram>
    <bigram weight="1" > the time </bigram>
    <bigram weight="1" > course if </bigram>
    <bigram weight="1" > said of </bigram>
    <bigram weight="1" > when open </bigram>
    <bigram weight="1" > speckled band </bigram>
    <bigram weight="1" > ### june </bigram>
    <bigram weight="1" > ### july </bigram>
    <bigram weight="1" > fitness to </bigram>
    <bigram weight="1" > ### memories </bigram>
    <bigram weight="1" > for thoreau </bigram>
    <bigram weight="1" > of activity </bigram>
    <bigram weight="1" > ### work </bigram>
    <bigram weight="1" > ### april </bigram>
    <bigram weight="1" > disintegrate ### </bigram>
    <bigram weight="1" > some practical </bigram>
    <bigram weight="1" > always carried </bigram>
    <bigram weight="1" > eater ### </bigram>
    <bigram weight="1" > afoot ### </bigram>
    <bigram weight="1" > talks with </bigram>
    <bigram weight="1" > remember that </bigram>
    <bigram weight="1" > in vermont </bigram>
    <bigram weight="1" > memories of </bigram>
    <bigram weight="1" > ### journals </bigram>
    <bigram weight="1" > neighbors tell </bigram>
    <bigram weight="1" > of concord </bigram>
    <bigram weight="1" > then as </bigram>
    <bigram weight="1" > was prominent </bigram>
    <bigram weight="1" > show him </bigram>
    <bigram weight="1" > ### vitality </bigram>
    <bigram weight="1" > reminiscences of </bigram>
    <bigram weight="1" > to henry </bigram>
    <bigram weight="1" > often henry </bigram>
    <bigram weight="1" > thoreau written </bigram>
    <bigram weight="1" > ### ed </bigram>
    <bigram weight="1" > s library </bigram>
    <bigram weight="1" > look forward </bigram>
    <bigram weight="1" > that interested </bigram>
    <bigram weight="1" > trait ### </bigram>
    <bigram weight="1" > let for </bigram>
    <bigram weight="1" > varied and </bigram>
    <bigram weight="1" > himself off </bigram>
    <bigram weight="1" > no model </bigram>
    <bigram weight="1" > should never </bigram>
    <bigram weight="1" > the village </bigram>
    <bigram weight="1" > for further </bigram>
    <bigram weight="1" > on march </bigram>
    <bigram weight="1" > cer tain </bigram>
    <bigram weight="1" > abashed by </bigram>
    <bigram weight="1" > ### vigorous </bigram>
    <bigram weight="1" > as when </bigram>
    <bigram weight="1" > introduction by </bigram>
    <bigram weight="1" > his cold </bigram>
    <bigram weight="1" > flying down </bigram>
    <bigram weight="1" > those who </bigram>
    <bigram weight="1" > a curved </bigram>
    <bigram weight="1" > once stooped </bigram>
    <bigram weight="1" > same journai </bigram>
    <bigram weight="1" > watson on </bigram>
    <bigram weight="1" > booklet xiii </bigram>
    <bigram weight="1" > june ## </bigram>
    <bigram weight="1" > pocket to </bigram>
    <bigram weight="1" > twenty years </bigram>
    <bigram weight="1" > parrot ### </bigram>
    <bigram weight="1" > ### felt </bigram>
    <bigram weight="1" > a naked </bigram>
    <bigram weight="1" > ### christian </bigram>
    <bigram weight="1" > two generations </bigram>
    <bigram weight="1" > as remembered </bigram>
    <bigram weight="1" > ### woodbury </bigram>
    <bigram weight="1" > ### philadelphia </bigram>
    <bigram weight="1" > in walden </bigram>
    <bigram weight="1" > for this </bigram>
    <bigram weight="1" > once while </bigram>
    <bigram weight="1" > for bringing </bigram>
    <bigram weight="1" > ### studying </bigram>
    <bigram weight="1" > our case </bigram>
    <bigram weight="1" > and said </bigram>
    <bigram weight="1" > one small </bigram>
    <bigram weight="1" > speed ### </bigram>
    <bigram weight="1" > ### circumstantial </bigram>
    <bigram weight="1" > thoughts of </bigram>
    <bigram weight="1" > loomis confirms </bigram>
    <bigram weight="1" > not like </bigram>
    <bigram weight="1" > last year </bigram>
    <bigram weight="1" > ## memoirs </bigram>
    <bigram weight="1" > adventure took </bigram>
    <bigram weight="1" > thought like </bigram>
    <bigram weight="1" > reigate puzzle </bigram>
    <bigram weight="1" > t this </bigram>
    <bigram weight="1" > ### want </bigram>
    <bigram weight="1" > this bring </bigram>
    <bigram weight="1" > singularly individual </bigram>
    <bigram weight="1" > arriving at </bigram>
    <bigram weight="1" > # mary </bigram>
    <bigram weight="1" > published in </bigram>
    <bigram weight="1" > note the </bigram>
    <bigram weight="1" > ### from </bigram>
    <bigram weight="1" > ### talks </bigram>
    <bigram weight="1" > i love </bigram>
    <bigram weight="1" > eyes that </bigram>
    <bigram weight="1" > george p </bigram>
    <bigram weight="1" > or mary </bigram>
    <bigram weight="1" > stride ### </bigram>
    <bigram weight="1" > even though </bigram>
    <bigram weight="1" > suddenly ### </bigram>
    <bigram weight="1" > only fair </bigram>
    <bigram weight="1" > natural world </bigram>
    <bigram weight="1" > her way </bigram>
    <bigram weight="1" > natural musician </bigram>
    <bigram weight="1" > ### vermont </bigram>
    <bigram weight="1" > when ricketson </bigram>
    <bigram weight="1" > ### iii </bigram>
    <bigram weight="1" > public library </bigram>
    <bigram weight="1" > behaved like </bigram>
    <bigram weight="1" > ### next </bigram>
    <bigram weight="1" > but watson </bigram>
    <bigram weight="1" > me as </bigram>
    <bigram weight="1" > of him </bigram>
    <bigram weight="1" > thought and </bigram>
    <bigram weight="1" > anything in </bigram>
    <bigram weight="1" > filled ### </bigram>
    <bigram weight="1" > week i </bigram>
    <bigram weight="1" > living on </bigram>
    <bigram weight="1" > reproved trifling </bigram>
    <bigram weight="1" > broader one </bigram>
    <bigram weight="1" > love henry </bigram>
    <bigram weight="1" > thoreau once </bigram>
    <bigram weight="1" > autobiography of </bigram>
    <bigram weight="1" > his own </bigram>
    <bigram weight="1" > to show </bigram>
    <bigram weight="1" > act of </bigram>
    <bigram weight="1" > tak ing </bigram>
    <bigram weight="1" > bringing the </bigram>
    <bigram weight="1" > bundle of </bigram>
    <bigram weight="1" > ### quoted </bigram>
    <bigram weight="1" > be havior </bigram>
    <bigram weight="1" > ### took </bigram>
    <bigram weight="1" > ### autobiography </bigram>
    <bigram weight="1" > his flute </bigram>
    <bigram weight="1" > at this </bigram>
    <bigram weight="1" > posterity ### </bigram>
    <bigram weight="1" > one only </bigram>
    <bigram weight="1" > the bookshelves </bigram>
    <bigram weight="1" > hke a </bigram>
    <bigram weight="1" > senator george </bigram>
    <bigram weight="1" > an interest </bigram>
    <bigram weight="1" > took up </bigram>
    <bigram weight="1" > never spoke </bigram>
    <bigram weight="1" > field ### </bigram>
    <bigram weight="1" > bent poker </bigram>
    <bigram weight="1" > end ### </bigram>
    <bigram weight="1" > have found </bigram>
    <bigram weight="1" > stop there </bigram>
    <bigram weight="1" > an affirmation </bigram>
    <bigram weight="1" > took place </bigram>
    <bigram weight="1" > his last </bigram>
    <bigram weight="1" > # afterward </bigram>
    <bigram weight="1" > when writ </bigram>
    <bigram weight="1" > the easy </bigram>
    <bigram weight="1" > thoreau came </bigram>
    <bigram weight="1" > the autograph </bigram>
    <bigram weight="1" > ## else </bigram>
    <bigram weight="1" > objects of </bigram>
    <bigram weight="1" > to holmes </bigram>
    <bigram weight="1" > situation when </bigram>
    <bigram weight="1" > vein till </bigram>
    <bigram weight="1" > about all </bigram>
    <bigram weight="1" > curiosities ### </bigram>
    <bigram weight="1" > should remember </bigram>
    <bigram weight="1" > lock holmes </bigram>
    <bigram weight="1" > ### arthur </bigram>
    <bigram weight="1" > # surely </bigram>
    <bigram weight="1" > out the </bigram>
    <bigram weight="1" > if blau </bigram>
    <bigram weight="1" > who were </bigram>
    <bigram weight="1" > cape cod </bigram>
    <bigram weight="1" > say on </bigram>
    <bigram weight="1" > a deak </bigram>
    <bigram weight="1" > sense ### </bigram>
    <bigram weight="1" > art of </bigram>
    <bigram weight="1" > sorts of </bigram>
    <bigram weight="1" > alias sherlock </bigram>
    <bigram weight="1" > sprang over </bigram>
    <bigram weight="1" > live ### </bigram>
    <bigram weight="1" > did the </bigram>
    <bigram weight="1" > nothing if </bigram>
    <bigram weight="1" > ### face </bigram>
    <bigram weight="1" > and appearance </bigram>
    <bigram weight="1" > s pipe </bigram>
    <bigram weight="1" > scrutinize ### </bigram>
    <bigram weight="1" > nor need </bigram>
    <bigram weight="1" > to scrutinize </bigram>
    <bigram weight="1" > ### meant </bigram>
    <bigram weight="1" > ### sherlock </bigram>
    <bigram weight="1" > very well </bigram>
    <bigram weight="1" > ### by </bigram>
    <bigram weight="1" > detail ### </bigram>
    <bigram weight="1" > as thoreau </bigram>
    <bigram weight="1" > arthur conan </bigram>
    <bigram weight="1" > ### noble </bigram>
    <bigram weight="1" > will care </bigram>
    <bigram weight="1" > of lassus </bigram>
    <bigram weight="1" > when holmes </bigram>
    <bigram weight="1" > ## edward </bigram>
    <bigram weight="1" > trifling ### </bigram>
    <bigram weight="1" > and skillful </bigram>
    <bigram weight="1" > elizabeth b </bigram>
    <bigram weight="1" > you find </bigram>
    <bigram weight="1" > # again </bigram>
    <bigram weight="1" > face for </bigram>
    <bigram weight="1" > till it </bigram>
    <bigram weight="1" > henry would </bigram>
    <bigram weight="1" > later adventures </bigram>
    <bigram weight="1" > the side </bigram>
    <bigram weight="1" > opium eater </bigram>
    <bigram weight="1" > played the </bigram>
    <bigram weight="1" > grant it </bigram>
    <bigram weight="1" > relates that </bigram>
    <bigram weight="1" > ### harvard </bigram>
    <bigram weight="1" > henry are </bigram>
    <bigram weight="1" > as well </bigram>
    <bigram weight="1" > was onward </bigram>
    <bigram weight="1" > of bee </bigram>
    <bigram weight="1" > find ### </bigram>
    <bigram weight="1" > s example </bigram>
    <bigram weight="1" > a delight </bigram>
    <bigram weight="1" > james russell </bigram>
    <bigram weight="1" > for november </bigram>
    <bigram weight="1" > their source </bigram>
    <bigram weight="1" > to embark </bigram>
    <bigram weight="1" > march ## </bigram>
    <bigram weight="1" > anonymous observer </bigram>
    <bigram weight="1" > his concord </bigram>
    <bigram weight="1" > is having </bigram>
    <bigram weight="1" > not supposed </bigram>
    <bigram weight="1" > the situation </bigram>
    <bigram weight="1" > circumstantial evidence </bigram>
    <bigram weight="1" > ### very </bigram>
    <bigram weight="1" > ### ii </bigram>
    <bigram weight="1" > ### daniel </bigram>
    <bigram weight="1" > the moment </bigram>
    <bigram weight="1" > a long </bigram>
    <bigram weight="1" > he claimed </bigram>
    <bigram weight="1" > all but </bigram>
    <bigram weight="1" > business was </bigram>
    <bigram weight="1" > well as </bigram>
    <bigram weight="1" > walking companion </bigram>
    <bigram weight="1" > laugh at </bigram>
    <bigram weight="1" > impossible to </bigram>
    <bigram weight="1" > much for </bigram>
    <bigram weight="1" > hand ### </bigram>
    <bigram weight="1" > dislike of </bigram>
    <bigram weight="1" > from thoreau </bigram>
    <bigram weight="1" > acton ### </bigram>
    <bigram weight="1" > ing about </bigram>
    <bigram weight="1" > occasionally very </bigram>
    <bigram weight="1" > will never </bigram>
    <bigram weight="1" > ado ### </bigram>
    <bigram weight="1" > him a </bigram>
    <bigram weight="1" > names of </bigram>
    <bigram weight="1" > footsteps toward </bigram>
    <bigram weight="1" > bohemia ### </bigram>
    <bigram weight="1" > up a </bigram>
    <bigram weight="1" > in england </bigram>
    <bigram weight="1" > did his </bigram>
    <bigram weight="1" > odd volume </bigram>
    <bigram weight="1" > one evening </bigram>
    <bigram weight="1" > yourself ### </bigram>
    <bigram weight="1" > all ### </bigram>
    <bigram weight="1" > to ask </bigram>
    <bigram weight="1" > if not </bigram>
    <bigram weight="1" > not published </bigram>
    <bigram weight="1" > this one </bigram>
    <bigram weight="1" > bookshelf ### </bigram>
    <bigram weight="1" > sussex downs </bigram>
    <bigram weight="1" > at his </bigram>
    <bigram weight="1" > cod first </bigram>
    <bigram weight="1" > for three </bigram>
    <bigram weight="1" > ### particularly </bigram>
    <bigram weight="1" > used the </bigram>
    <bigram weight="1" > presumption ### </bigram>
    <bigram weight="1" > s be </bigram>
    <bigram weight="1" > think he </bigram>
    <bigram weight="1" > measured stride </bigram>
    <bigram weight="1" > be an </bigram>
    <bigram weight="1" > ### greene </bigram>
    <bigram weight="1" > study ### </bigram>
    <bigram weight="1" > ### b </bigram>
    <bigram weight="1" > published until </bigram>
    <bigram weight="1" > to dispute </bigram>
    <bigram weight="1" > in tnat </bigram>
    <bigram weight="1" > need we </bigram>
    <bigram weight="1" > speculate ### </bigram>
    <bigram weight="1" > open a </bigram>
    <bigram weight="1" > you that </bigram>
    <bigram weight="1" > never attack </bigram>
    <bigram weight="1" > ### lxxix </bigram>
    <bigram weight="1" > obviously our </bigram>
    <bigram weight="1" > not have </bigram>
    <bigram weight="1" > trying to </bigram>
    <bigram weight="1" > an act </bigram>
    <bigram weight="1" > just once </bigram>
    <bigram weight="1" > appearance resemble </bigram>
    <bigram weight="1" > ## at </bigram>
    <bigram weight="1" > found it </bigram>
    <bigram weight="1" > # searching </bigram>
    <bigram weight="1" > ### nor </bigram>
    <bigram weight="1" > naked thief </bigram>
    <bigram weight="1" > then he </bigram>
    <bigram weight="1" > out for </bigram>
    <bigram weight="1" > appears ### </bigram>
    <bigram weight="1" > mother remarked </bigram>
    <bigram weight="1" > carried a </bigram>
    <bigram weight="1" > practical handbook </bigram>
    <bigram weight="1" > ### con </bigram>
    <bigram weight="1" > ### however </bigram>
    <bigram weight="1" > ### just </bigram>
    <bigram weight="1" > tender side </bigram>
    <bigram weight="1" > subservient to </bigram>
    <bigram weight="1" > taking the </bigram>
    <bigram weight="1" > on to </bigram>
    <bigram weight="1" > vi ### </bigram>
    <bigram weight="1" > to some </bigram>
    <bigram weight="1" > to waste </bigram>
    <bigram weight="1" > interested ## </bigram>
    <bigram weight="1" > he asked </bigram>
    <bigram weight="1" > an active </bigram>
    <bigram weight="1" > instructive say </bigram>
    <bigram weight="1" > marriage is </bigram>
    <bigram weight="1" > but do </bigram>
    <bigram weight="1" > figure had </bigram>
    <bigram weight="1" > with ralph </bigram>
    <bigram weight="1" > was thirty </bigram>
    <bigram weight="1" > embankment ### </bigram>
    <bigram weight="1" > could be </bigram>
    <bigram weight="1" > this picture </bigram>
    <bigram weight="1" > subsequent career </bigram>
    <bigram weight="1" > that watson </bigram>
    <bigram weight="1" > and matter </bigram>
    <bigram weight="1" > with his </bigram>
    <bigram weight="1" > keating understood </bigram>
    <bigram weight="1" > ### curtis </bigram>
    <bigram weight="1" > he kicked </bigram>
    <bigram weight="1" > anonymous ### </bigram>
    <bigram weight="1" > the drv </bigram>
    <bigram weight="1" > its curiosities </bigram>
    <bigram weight="1" > unknown ### </bigram>
    <bigram weight="1" > close hand </bigram>
    <bigram weight="1" > tors ### </bigram>
    <bigram weight="1" > establishes that </bigram>
    <bigram weight="1" > tenet of </bigram>
    <bigram weight="1" > recorded in </bigram>
    <bigram weight="1" > ## higginson </bigram>
    <bigram weight="1" > but impossible </bigram>
    <bigram weight="1" > # since </bigram>
    <bigram weight="1" > tracing footsteps </bigram>
    <bigram weight="1" > ## joseph </bigram>
    <bigram weight="1" > cold ### </bigram>
    <bigram weight="1" > remarking ### </bigram>
    <bigram weight="1" > hoi obviously </bigram>
    <bigram weight="1" > puzzle ### </bigram>
    <bigram weight="1" > friend holmes </bigram>
    <bigram weight="1" > at all </bigram>
    <bigram weight="1" > i prefer </bigram>
    <bigram weight="1" > boldly advocated </bigram>
    <bigram weight="1" > ### notes </bigram>
    <bigram weight="1" > elizabeth hoar </bigram>
    <bigram weight="1" > his talent </bigram>
    <bigram weight="1" > tnat same </bigram>
    <bigram weight="1" > hearts out </bigram>
    <bigram weight="1" > and there </bigram>
    <bigram weight="1" > world and </bigram>
    <bigram weight="1" > the thoughts </bigram>
    <bigram weight="1" > thoreau would </bigram>
    <bigram weight="1" > take heed </bigram>
    <bigram weight="1" > old friends </bigram>
    <bigram weight="1" > who ransack </bigram>
    <bigram weight="1" > quoted on </bigram>
    <bigram weight="1" > years previous </bigram>
    <bigram weight="1" > were all </bigram>
    <bigram weight="1" > much neglected </bigram>
    <bigram weight="1" > sider james </bigram>
    <bigram weight="1" > that time </bigram>
    <bigram weight="1" > while walking </bigram>
    <bigram weight="1" > in sherlock </bigram>
    <bigram weight="1" > the art </bigram>
    <bigram weight="1" > eye ### </bigram>
    <bigram weight="1" > ### charming </bigram>
    <bigram weight="1" > # julian </bigram>
    <bigram weight="1" > emotions ### </bigram>
    <bigram weight="1" > would be </bigram>
    <bigram weight="1" > bookshelves at </bigram>
    <bigram weight="1" > por trait </bigram>
    <bigram weight="1" > charles j </bigram>
    <bigram weight="1" > friends cared </bigram>
    <bigram weight="1" > s observation </bigram>
    <bigram weight="1" > if you </bigram>
    <bigram weight="1" > agrees ### </bigram>
    <bigram weight="1" > same week </bigram>
    <bigram weight="1" > his family </bigram>
    <bigram weight="1" > wise ### </bigram>
    <bigram weight="1" > need not </bigram>
    <bigram weight="1" > # expected </bigram>
    <bigram weight="1" > bachelor sherlock </bigram>
    <bigram weight="1" > holmes are </bigram>
    <bigram weight="1" > little of </bigram>
    <bigram weight="1" > and so </bigram>
    <bigram weight="1" > righteously asserts </bigram>
    <bigram weight="1" > are rare </bigram>
    <bigram weight="1" > ### seemed </bigram>
    <bigram weight="1" > friend ### </bigram>
    <bigram weight="1" > ### save </bigram>
    <bigram weight="1" > ### ho </bigram>
    <bigram weight="1" > journai ### </bigram>
    <bigram weight="1" > henry thoreau </bigram>
    <bigram weight="1" > edward emerson </bigram>
    <bigram weight="1" > he appeared </bigram>
    <bigram weight="1" > ## krutch </bigram>
    <bigram weight="1" > judge for </bigram>
    <bigram weight="1" > involved explanation </bigram>
    <bigram weight="1" > mind singularly </bigram>
    <bigram weight="1" > hawthorne ### </bigram>
    <bigram weight="1" > stolen from </bigram>
    <bigram weight="1" > boot and </bigram>
    <bigram weight="1" > ## who </bigram>
    <bigram weight="1" > john j </bigram>
    <bigram weight="1" > ricketson and </bigram>
    <bigram weight="1" > magazine ### </bigram>
    <bigram weight="1" > things that </bigram>
    <bigram weight="1" > library make </bigram>
    <bigram weight="1" > attention ### </bigram>
    <bigram weight="1" > instrument ### </bigram>
    <bigram weight="1" > was doing </bigram>
    <bigram weight="1" > drugs ### </bigram>
    <bigram weight="1" > on this </bigram>
    <bigram weight="1" > thirty seven </bigram>
    <bigram weight="1" > visitors of </bigram>
    <bigram weight="1" > thank for </bigram>
    <bigram weight="1" > of external </bigram>
    <bigram weight="1" > eyes ### </bigram>
    <bigram weight="1" > surely h </bigram>
    <bigram weight="1" > forward into </bigram>
    <bigram weight="1" > the tender </bigram>
    <bigram weight="1" > walking across </bigram>
    <bigram weight="1" > foremost detective </bigram>
    <bigram weight="1" > together and </bigram>
    <bigram weight="1" > are there </bigram>
    <bigram weight="1" > events led </bigram>
    <bigram weight="1" > of detective </bigram>
    <bigram weight="1" > doing it </bigram>
    <bigram weight="1" > that you </bigram>
    <bigram weight="1" > antici pated </bigram>
    <bigram weight="1" > ### outlook </bigram>
    <bigram weight="1" > for ### </bigram>
    <bigram weight="1" > that emerson </bigram>
    <bigram weight="1" > both reproved </bigram>
    <bigram weight="1" > rosenberg ### </bigram>
    <bigram weight="1" > observer of </bigram>
    <bigram weight="1" > ### hoi </bigram>
    <bigram weight="1" > # henry </bigram>
    <bigram weight="1" > as was </bigram>
    <bigram weight="1" > his hut </bigram>
    <bigram weight="1" > # put </bigram>
    <bigram weight="1" > a gibe </bigram>
    <bigram weight="1" > to speculate </bigram>
    <bigram weight="1" > alighting like </bigram>
    <bigram weight="1" > long ### </bigram>
    <bigram weight="1" > side ### </bigram>
    <bigram weight="1" > i have </bigram>
    <bigram weight="1" > else where </bigram>
    <bigram weight="1" > years later </bigram>
    <bigram weight="1" > necessary preliminary </bigram>
    <bigram weight="1" > though he </bigram>
    <bigram weight="1" > side someone </bigram>
    <bigram weight="1" > doyle quotes </bigram>
    <bigram weight="1" > of heart </bigram>
    <bigram weight="1" > s fitness </bigram>
    <bigram weight="1" > half through </bigram>
    <bigram weight="1" > ### they </bigram>
    <bigram weight="1" > ## how </bigram>
    <bigram weight="1" > watson never </bigram>
    <bigram weight="1" > concord free </bigram>
    <bigram weight="1" > canvas would </bigram>
    <bigram weight="1" > # this </bigram>
    <bigram weight="1" > the reigate </bigram>
    <bigram weight="1" > harvard magazine </bigram>
    <bigram weight="1" > nature ### </bigram>
    <bigram weight="1" > successfully on </bigram>
    <bigram weight="1" > we stop </bigram>
    <bigram weight="1" > ## woodbury </bigram>
    <bigram weight="1" > his intimate </bigram>
    <bigram weight="1" > breathed from </bigram>
    <bigram weight="1" > nose aquiline </bigram>
    <bigram weight="1" > lowell ### </bigram>
    <bigram weight="1" > the mouth </bigram>
    <bigram weight="1" > for those </bigram>
    <bigram weight="1" > supposed to </bigram>
    <bigram weight="1" > and we </bigram>
    <bigram weight="1" > was not </bigram>
    <bigram weight="1" > holds his </bigram>
    <bigram weight="1" > a stream </bigram>
    <bigram weight="1" > but holmes </bigram>
    <bigram weight="1" > ### memoirs </bigram>
    <bigram weight="1" > ### walden </bigram>
    <bigram weight="1" > nature i </bigram>
    <bigram weight="1" > ### full </bigram>
    <bigram weight="1" > to fill </bigram>
    <bigram weight="1" > case is </bigram>
    <bigram weight="1" > teale ### </bigram>
    <bigram weight="1" > thoreau s </bigram>
    <bigram weight="1" > # take </bigram>
    <bigram weight="1" > ### eben </bigram>
    <bigram weight="1" > ### made </bigram>
    <bigram weight="1" > the numerous </bigram>
    <bigram weight="1" > stout ### </bigram>
    <bigram weight="1" > vermont in </bigram>
    <bigram weight="1" > of last </bigram>
    <bigram weight="1" > six years </bigram>
    <bigram weight="1" > concord and </bigram>
    <bigram weight="1" > men who </bigram>
    <bigram weight="1" > america and </bigram>
    <bigram weight="1" > stearns says </bigram>
    <bigram weight="1" > us is </bigram>
    <bigram weight="1" > that ralph </bigram>
    <bigram weight="1" > entrap a </bigram>
    <bigram weight="1" > blau had </bigram>
    <bigram weight="1" > says philip </bigram>
    <bigram weight="1" > observant ### </bigram>
    <bigram weight="1" > in bohemia </bigram>
    <bigram weight="1" > tree ### </bigram>
    <bigram weight="1" > flects his </bigram>
    <bigram weight="1" > ### no </bigram>
    <bigram weight="1" > and behaved </bigram>
    <bigram weight="1" > droll ### </bigram>
    <bigram weight="1" > poker ### </bigram>
    <bigram weight="1" > residence with </bigram>
    <bigram weight="1" > seen the </bigram>
    <bigram weight="1" > and brought </bigram>
    <bigram weight="1" > cipher ### </bigram>
    <bigram weight="1" > journal for </bigram>
    <bigram weight="1" > is occasionally </bigram>
    <bigram weight="1" > was somewhat </bigram>
    <bigram weight="1" > he went </bigram>
    <bigram weight="1" > fitness of </bigram>
    <bigram weight="1" > at once </bigram>
    <bigram weight="1" > step before </bigram>
    <bigram weight="1" > following pages </bigram>
    <bigram weight="1" > outlook ### </bigram>
    <bigram weight="1" > band ### </bigram>
    <bigram weight="1" > this ### </bigram>
    <bigram weight="1" > notes the </bigram>
    <bigram weight="1" > no moment </bigram>
    <bigram weight="1" > is no </bigram>
    <bigram weight="1" > as henry </bigram>
    <bigram weight="1" > preston stearns </bigram>
    <bigram weight="1" > thoreau on </bigram>
    <bigram weight="1" > channinq ### </bigram>
    <bigram weight="1" > his fine </bigram>
    <bigram weight="1" > important and </bigram>
    <bigram weight="1" > for yourself </bigram>
    <bigram weight="1" > ask if </bigram>
    <bigram weight="1" > eat their </bigram>
    <bigram weight="1" > a tribute </bigram>
    <bigram weight="1" > rutch ### </bigram>
    <bigram weight="1" > called visionary </bigram>
    <bigram weight="1" > exceedingly observant </bigram>
    <bigram weight="1" > because he </bigram>
    <bigram weight="1" > softer passions </bigram>
    <bigram weight="1" > catch up </bigram>
    <bigram weight="1" > merely the </bigram>
    <bigram weight="1" > up residence </bigram>
    <bigram weight="1" > not thoreau </bigram>
    <bigram weight="1" > writer for </bigram>
    <bigram weight="1" > the baconians </bigram>
    <bigram weight="1" > given names </bigram>
    <bigram weight="1" > cared much </bigram>
    <bigram weight="1" > numerous questions </bigram>
    <bigram weight="1" > dead for </bigram>
    <bigram weight="1" > thoreau h </bigram>
    <bigram weight="1" > nature like </bigram>
    <bigram weight="1" > the beauties </bigram>
    <bigram weight="1" > thought when </bigram>
    <bigram weight="1" > by john </bigram>
    <bigram weight="1" > arrow head </bigram>
    <bigram weight="1" > # ricketson </bigram>
    <bigram weight="1" > her mystery </bigram>
    <bigram weight="1" > of taking </bigram>
    <bigram weight="1" > # it </bigram>
    <bigram weight="1" > questions he </bigram>
    <bigram weight="1" > love ### </bigram>
    <bigram weight="1" > feather on </bigram>
    <bigram weight="1" > when you </bigram>
    <bigram weight="1" > person ### </bigram>
    <bigram weight="1" > animated ### </bigram>
    <bigram weight="1" > on ### </bigram>
    <bigram weight="1" > had eyes </bigram>
    <bigram weight="1" > you still </bigram>
    <bigram weight="1" > ### acknowledging </bigram>
    <bigram weight="1" > picture in </bigram>
    <bigram weight="1" > # edwin </bigram>
    <bigram weight="1" > did ### </bigram>
    <bigram weight="1" > a detective </bigram>
    <bigram weight="1" > society booklet </bigram>
    <bigram weight="1" > their ### </bigram>
    <bigram weight="1" > expert at </bigram>
    <bigram weight="1" > and looked </bigram>
    <bigram weight="1" > an elm </bigram>
    <bigram weight="1" > now elizabeth </bigram>
    <bigram weight="1" > call from </bigram>
    <bigram weight="1" > he never </bigram>
    <bigram weight="1" > had long </bigram>
    <bigram weight="1" > of all </bigram>
    <bigram weight="1" > a catalogue </bigram>
    <bigram weight="1" > a glass </bigram>
    <bigram weight="1" > convincing ### </bigram>
    <bigram weight="1" > picked up </bigram>
    <bigram weight="1" > ### things </bigram>
    <bigram weight="1" > think thoreau </bigram>
    <bigram weight="1" > and compare </bigram>
    <bigram weight="1" > pursed up </bigram>
    <bigram weight="1" > and wrote </bigram>
    <bigram weight="1" > disguises also </bigram>
    <bigram weight="1" > is so </bigram>
    <bigram weight="1" > ## when </bigram>
    <bigram weight="1" > with drugs </bigram>
    <bigram weight="1" > stand ### </bigram>
    <bigram weight="1" > and six </bigram>
    <bigram weight="1" > walden and </bigram>
    <bigram weight="1" > carriage ### </bigram>
    <bigram weight="1" > hoar relates </bigram>
    <bigram weight="1" > ### ellery </bigram>
    <bigram weight="1" > the stairs </bigram>
    <bigram weight="1" > intimate old </bigram>
    <bigram weight="1" > it ### </bigram>
    <bigram weight="1" > the site </bigram>
    <bigram weight="1" > rowse concord </bigram>
    <bigram weight="1" > dog will </bigram>
    <bigram weight="1" > struck me </bigram>
    <bigram weight="1" > someone on </bigram>
    <bigram weight="1" > returns it </bigram>
    <bigram weight="1" > know this </bigram>
    <bigram weight="1" > edge of </bigram>
    <bigram weight="1" > knew thoreau </bigram>
    <bigram weight="1" > to entrap </bigram>
    <bigram weight="1" > edwin way </bigram>
    <bigram weight="1" > ## henry </bigram>
    <bigram weight="1" > pated holmes </bigram>
    <bigram weight="1" > what do </bigram>
    <bigram weight="1" > stood copies </bigram>
    <bigram weight="1" > clearer to </bigram>
    <bigram weight="1" > said that </bigram>
    <bigram weight="1" > highest sense </bigram>
    <bigram weight="1" > doyle to </bigram>
    <bigram weight="1" > as this </bigram>
    <bigram weight="1" > through deep </bigram>
    <bigram weight="1" > lassus ### </bigram>
    <bigram weight="1" > unusual and </bigram>
    <bigram weight="1" > asked about </bigram>
    <bigram weight="1" > ransack william </bigram>
    <bigram weight="1" > that could </bigram>
    <bigram weight="1" > you mean </bigram>
    <bigram weight="1" > ### brown </bigram>
    <bigram weight="1" > observing eye </bigram>
    <bigram weight="1" > only one </bigram>
    <bigram weight="1" > forecast his </bigram>
    <bigram weight="1" > # mabel </bigram>
    <bigram weight="1" > perfectly filled </bigram>
    <bigram weight="1" > to us </bigram>
    <bigram weight="1" > meaning and </bigram>
    <bigram weight="1" > judgment ### </bigram>
    <bigram weight="1" > balanced mind </bigram>
    <bigram weight="1" > if anything </bigram>
    <bigram weight="1" > work your </bigram>
    <bigram weight="1" > ### waldo </bigram>
    <bigram weight="1" > to recall </bigram>
    <bigram weight="1" > something ### </bigram>
    <bigram weight="1" > not dead </bigram>
    <bigram weight="1" > handbook of </bigram>
    <bigram weight="1" > a natural </bigram>
    <bigram weight="1" > an unrestricted </bigram>
    <bigram weight="1" > arasses are </bigram>
    <bigram weight="1" > he did </bigram>
    <bigram weight="1" > of an </bigram>
    <bigram weight="1" > # more </bigram>
    <bigram weight="1" > this quotation </bigram>
    <bigram weight="1" > botanical club </bigram>
    <bigram weight="1" > recalls holmes </bigram>
    <bigram weight="1" > explanation ### </bigram>
    <bigram weight="1" > since conan </bigram>
    <bigram weight="1" > tunity ### </bigram>
    <bigram weight="1" > s estimate </bigram>
    <bigram weight="1" > chair ### </bigram>
    <bigram weight="1" > went to </bigram>
    <bigram weight="1" > all the </bigram>
    <bigram weight="1" > to step </bigram>
    <bigram weight="1" > never to </bigram>
    <bigram weight="1" > should not </bigram>
    <bigram weight="1" > was never </bigram>
    <bigram weight="1" > his hands </bigram>
    <bigram weight="1" > companion ### </bigram>
    <bigram weight="1" > for a </bigram>
    <bigram weight="1" > concord ### </bigram>
    <bigram weight="1" > his side </bigram>
    <bigram weight="1" > viii ### </bigram>
    <bigram weight="1" > activity ### </bigram>
    <bigram weight="1" > other side </bigram>
    <bigram weight="1" > paraphrase emerson </bigram>
    <bigram weight="1" > previous ### </bigram>
    <bigram weight="1" > friends ### </bigram>
    <bigram weight="1" > unrestricted out </bigram>
    <bigram weight="1" > the presence </bigram>
    <bigram weight="1" > to mind </bigram>
    <bigram weight="1" > # one </bigram>
    <bigram weight="1" > ever seen </bigram>
    <bigram weight="1" > and then </bigram>
    <bigram weight="1" > visionary ### </bigram>
    <bigram weight="1" > ### mcaleer </bigram>
    <bigram weight="1" > received visitors </bigram>
    <bigram weight="1" > great canvas </bigram>
    <bigram weight="1" > frequent walking </bigram>
    <bigram weight="1" > brought them </bigram>
    <bigram weight="1" > ### study </bigram>
    <bigram weight="1" > ago ### </bigram>
    <bigram weight="1" > heart ### </bigram>
    <bigram weight="1" > finally sprang </bigram>
    <bigram weight="1" > most varied </bigram>
    <bigram weight="1" > from that </bigram>
    <bigram weight="1" > her judgment </bigram>
    <bigram weight="1" > mystery writers </bigram>
    <bigram weight="1" > here ### </bigram>
    <bigram weight="1" > necessary to </bigram>
    <bigram weight="1" > ### own </bigram>
    <bigram weight="1" > want of </bigram>
    <bigram weight="1" > easy chair </bigram>
    <bigram weight="1" > watson said </bigram>
    <bigram weight="1" > see them </bigram>
    <bigram weight="1" > did he </bigram>
    <bigram weight="1" > watched nature </bigram>
    <bigram weight="1" > ## nor </bigram>
    <bigram weight="1" > at first </bigram>
    <bigram weight="1" > even if </bigram>
    <bigram weight="1" > one will </bigram>
    <bigram weight="1" > endnotes ### </bigram>
    <bigram weight="1" > ## senator </bigram>
    <bigram weight="1" > at the </bigram>
    <bigram weight="1" > ### flying </bigram>
    <bigram weight="1" > full of </bigram>
    <bigram weight="1" > ## quoted </bigram>
    <bigram weight="1" > loomis ### </bigram>
    <bigram weight="1" > silvery tones </bigram>
    <bigram weight="1" > ### julian </bigram>
    <bigram weight="1" > is only </bigram>
    <bigram weight="1" > across a </bigram>
    <bigram weight="1" > own practical </bigram>
    <bigram weight="1" > rosenberg assures </bigram>
    <bigram weight="1" > a letter </bigram>
    <bigram weight="1" > # here </bigram>
    <bigram weight="1" > very convincing </bigram>
    <bigram weight="1" > by rex </bigram>
    <bigram weight="1" > hosmer ### </bigram>
    <bigram weight="1" > keating ### </bigram>
    <bigram weight="1" > ### george </bigram>
    <bigram weight="1" > saw a </bigram>
    <bigram weight="1" > frank stearns </bigram>
    <bigram weight="1" > slap him </bigram>
    <bigram weight="1" > of a </bigram>
    <bigram weight="1" > arrowheads were </bigram>
    <bigram weight="1" > acknowledging no </bigram>
    <bigram weight="1" > who choose </bigram>
    <bigram weight="1" > examine this </bigram>
    <bigram weight="1" > watson ### </bigram>
    <bigram weight="1" > bee culture </bigram>
    <bigram weight="1" > todd ### </bigram>
    <bigram weight="1" > admirably balanced </bigram>
    <bigram weight="1" > consuming interest </bigram>
    <bigram weight="1" > evidence is </bigram>
    <bigram weight="1" > a peddler </bigram>
    <bigram weight="1" > flesh colored </bigram>
    <bigram weight="1" > detective who </bigram>
    <bigram weight="1" > walden thoreau </bigram>
    <bigram weight="1" > the flower </bigram>
    <bigram weight="1" > conducts you </bigram>
    <bigram weight="1" > sketches from </bigram>
    <bigram weight="1" > mile and </bigram>
    <bigram weight="1" > was the </bigram>
    <bigram weight="1" > # re </bigram>
    <bigram weight="1" > in custody </bigram>
    <bigram weight="1" > salt ### </bigram>
    <bigram weight="1" > ## anonymous </bigram>
    <bigram weight="1" > also ### </bigram>
    <bigram weight="1" > searching ### </bigram>
    <bigram weight="1" > which was </bigram>
    <bigram weight="1" > the milk </bigram>
    <bigram weight="1" > beauties of </bigram>
    <bigram weight="1" > the night </bigram>
    <bigram weight="1" > to pleasanter </bigram>
    <bigram weight="1" > given in </bigram>
    <bigram weight="1" > to thoreau </bigram>
    <bigram weight="1" > observes ### </bigram>
    <bigram weight="1" > learned monograph </bigram>
    <bigram weight="1" > krutch says </bigram>
    <bigram weight="1" > pages ### </bigram>
    <bigram weight="1" > thoreau # </bigram>
    <bigram weight="1" > july ## </bigram>
    <bigram weight="1" > this estimate </bigram>
    <bigram weight="1" > their hearts </bigram>
    <bigram weight="1" > christian examiner </bigram>
    <bigram weight="1" > thoreau alias </bigram>
    <bigram weight="1" > save with </bigram>
    <bigram weight="1" > this account </bigram>
    <bigram weight="1" > curtis agrees </bigram>
    <bigram weight="1" > to trace </bigram>
    <bigram weight="1" > s heaven </bigram>
    <bigram weight="1" > may wonder </bigram>
    <bigram weight="1" > senses ## </bigram>
    <bigram weight="1" > a parrot </bigram>
    <bigram weight="1" > ### stood </bigram>
    <bigram weight="1" > well ### </bigram>
    <bigram weight="1" > ### sketches </bigram>
    <bigram weight="1" > proof of </bigram>
    <bigram weight="1" > all very </bigram>
    <bigram weight="1" > watson says </bigram>
    <bigram weight="1" > having a </bigram>
    <bigram weight="1" > before making </bigram>
    <bigram weight="1" > in robert </bigram>
    <bigram weight="1" > deep snow </bigram>
    <bigram weight="1" > most liked </bigram>
    <bigram weight="1" > and if </bigram>
    <bigram weight="1" > glass in </bigram>
    <bigram weight="1" > should slap </bigram>
    <bigram weight="1" > making his </bigram>
    <bigram weight="1" > society of </bigram>
    <bigram weight="1" > he boldly </bigram>
    <bigram weight="1" > same phrase </bigram>
    <bigram weight="1" > snow to </bigram>
    <bigram weight="1" > i became </bigram>
    <bigram weight="1" > robber ### </bigram>
    <bigram weight="1" > say ings </bigram>
    <bigram weight="1" > hut was </bigram>
    <bigram weight="1" > to doing </bigram>
    <bigram weight="1" > s all </bigram>
    <bigram weight="1" > arm ### </bigram>
    <bigram weight="1" > ### though </bigram>
    <bigram weight="1" > ### where </bigram>
    <bigram weight="1" > saw thoreau </bigram>
    <bigram weight="1" > # pursed </bigram>
    <bigram weight="1" > was nothing </bigram>
    <bigram weight="1" > to look </bigram>
    <bigram weight="1" > higgmson said </bigram>
    <bigram weight="1" > father through </bigram>
    <bigram weight="1" > long before </bigram>
    <bigram weight="1" > the facts </bigram>
    <bigram weight="1" > before noted </bigram>
    <bigram weight="1" > appeared to </bigram>
    <bigram weight="1" > choose to </bigram>
    <bigram weight="1" > but what </bigram>
    <bigram weight="1" > library ## </bigram>
    <bigram weight="1" > his boot </bigram>
    <bigram weight="1" > her footsteps </bigram>
    <bigram weight="1" > australian ### </bigram>
    <bigram weight="1" > philadelphia ### </bigram>
    <bigram weight="1" > brown dunton </bigram>
    <bigram weight="1" > ### hoar </bigram>
    <bigram weight="1" > until ## </bigram>
    <bigram weight="1" > mcaleer ### </bigram>
    <bigram weight="1" > ### given </bigram>
    <bigram weight="1" > source ### </bigram>
    <bigram weight="1" > ## twenty </bigram>
    <bigram weight="1" > adds another </bigram>
    <bigram weight="1" > depend ### </bigram>
    <bigram weight="1" > sneer ### </bigram>
    <bigram weight="1" > heaven ### </bigram>
    <bigram weight="1" > family two </bigram>
    <bigram weight="1" > only ### </bigram>
    <bigram weight="1" > recall that </bigram>
    <bigram weight="1" > next with </bigram>
    <bigram weight="1" > the identical </bigram>
    <bigram weight="1" > you had </bigram>
    <bigram weight="1" > inconceivable that </bigram>
    <bigram weight="1" > the motets </bigram>
    <bigram weight="1" > monograph on </bigram>
    <bigram weight="1" > vermont botanical </bigram>
    <bigram weight="1" > the noble </bigram>
    <bigram weight="1" > had better </bigram>
    <bigram weight="1" > no branch </bigram>
    <bigram weight="1" > ances tors </bigram>
    <bigram weight="1" > our droll </bigram>
    <bigram weight="1" > thing ever </bigram>
    <bigram weight="1" > his mother </bigram>
    <bigram weight="1" > ### volume </bigram>
    <bigram weight="1" > waste ### </bigram>
    <bigram weight="1" > shreffler ### </bigram>
    <bigram weight="1" > george hoar </bigram>
    <bigram weight="1" > have one </bigram>
    <bigram weight="1" > the whole </bigram>
    <bigram weight="1" > as proven </bigram>
    <bigram weight="1" > flute and </bigram>
    <bigram weight="1" > not remind </bigram>
    <bigram weight="1" > it necessary </bigram>
    <bigram weight="1" > you to </bigram>
    <bigram weight="1" > atlantic monthly </bigram>
    <bigram weight="1" > wonder if </bigram>
    <bigram weight="1" > tain that </bigram>
    <bigram weight="1" > all sorts </bigram>
    <bigram weight="1" > your vein </bigram>
    <bigram weight="1" > the case </bigram>
    <bigram weight="1" > giving out </bigram>
    <bigram weight="1" > detective science </bigram>
    <bigram weight="1" > writ ing </bigram>
    <bigram weight="1" > one most </bigram>
    <bigram weight="1" > ## doesn </bigram>
    <bigram weight="1" > writers of </bigram>
    <bigram weight="1" > case without </bigram>
    <bigram weight="1" > ## even </bigram>
    <bigram weight="1" > and thought </bigram>
    <bigram weight="1" > walden because </bigram>
    <bigram weight="1" > higginson tells </bigram>
    <bigram weight="1" > very wise </bigram>
    <bigram weight="1" > oppor tunity </bigram>
    <bigram weight="1" > ever stolen </bigram>
    <bigram weight="1" > about holmes </bigram>
    <bigram weight="1" > to go </bigram>
    <bigram weight="1" > procession of </bigram>
    <bigram weight="1" > the snow </bigram>
    <bigram weight="1" > his frame </bigram>
    <bigram weight="1" > certainly ### </bigram>
    <bigram weight="1" > samuel higginson </bigram>
    <bigram weight="1" > ### antici </bigram>
    <bigram weight="1" > on title </bigram>
    <bigram weight="1" > was expert </bigram>
    <bigram weight="1" > con sider </bigram>
    <bigram weight="1" > same person </bigram>
    <bigram weight="1" > could depend </bigram>
    <bigram weight="1" > thoreau come </bigram>
    <bigram weight="1" > i ### </bigram>
    <bigram weight="1" > sitting ### </bigram>
    <bigram weight="1" > is to </bigram>
    <bigram weight="1" > assures us </bigram>
    <bigram weight="1" > satisfactory likeness </bigram>
    <bigram weight="1" > stairs from </bigram>
    <bigram weight="1" > first as </bigram>
    <bigram weight="1" > philip a </bigram>
    <bigram weight="1" > ### rex </bigram>
    <bigram weight="1" > of things </bigram>
    <bigram weight="1" > saga he </bigram>
    <bigram weight="1" > family ### </bigram>
    <bigram weight="1" > nestled beneath </bigram>
    <bigram weight="1" > off successfully </bigram>
    <bigram weight="1" > nominees ### </bigram>
    <bigram weight="1" > as soon </bigram>
    <bigram weight="1" > ## eben </bigram>
    <bigram weight="1" > and mind </bigram>
    <bigram weight="1" > model ### </bigram>
    <bigram weight="1" > but every </bigram>
    <bigram weight="1" > ### catalogue </bigram>
    <bigram weight="1" > were ### </bigram>
    <bigram weight="1" > smallest objects </bigram>
    <bigram weight="1" > s expense </bigram>
    <bigram weight="1" > bring holmes </bigram>
    <bigram weight="1" > forgotten to </bigram>
    <bigram weight="1" > moment to </bigram>
    <bigram weight="1" > meant when </bigram>
    <bigram weight="1" > two montns </bigram>
    <bigram weight="1" > studying ### </bigram>
    <bigram weight="1" > splendid arrow </bigram>
    <bigram weight="1" > of observation </bigram>
    <bigram weight="1" > spoke of </bigram>
    <bigram weight="1" > reminded one </bigram>
    <bigram weight="1" > i need </bigram>
    <bigram weight="1" > wonder julian </bigram>
    <bigram weight="1" > elm tree </bigram>
    <bigram weight="1" > # we </bigram>
    <bigram weight="1" > and now </bigram>
    <bigram weight="1" > weeks before </bigram>
    <bigram weight="1" > young friend </bigram>
    <bigram weight="1" > thoreau had </bigram>
    <bigram weight="1" > fails to </bigram>
    <bigram weight="1" > he would </bigram>
    <bigram weight="1" > touch him </bigram>
    <bigram weight="1" > said holmes </bigram>
    <bigram weight="1" > delighted to </bigram>
    <bigram weight="1" > # not </bigram>
    <bigram weight="1" > on holmes </bigram>
    <bigram weight="1" > thoreau at </bigram>
    <bigram weight="1" > onward ### </bigram>
    <bigram weight="1" > # evidently </bigram>
    <bigram weight="1" > of events </bigram>
    <bigram weight="1" > ### often </bigram>
    <bigram weight="1" > he left </bigram>
    <bigram weight="1" > april ## </bigram>
    <bigram weight="1" > from the </bigram>
    <bigram weight="1" > just what </bigram>
    <bigram weight="1" > an australian </bigram>
    <bigram weight="1" > havior forecast </bigram>
    <bigram weight="1" > was unusually </bigram>
    <bigram weight="1" > the one </bigram>
    <bigram weight="1" > pleasanter things </bigram>
    <bigram weight="1" > ### measured </bigram>
    <bigram weight="1" > that arrowheads </bigram>
    <bigram weight="1" > his friends </bigram>
    <bigram weight="1" > ### flesh </bigram>
    <bigram weight="1" > individual ### </bigram>
    <bigram weight="1" > strong and </bigram>
    <bigram weight="1" > us fails </bigram>
    <bigram weight="1" > interest escape </bigram>
    <bigram weight="1" > account ### </bigram>
    <bigram weight="1" > before the </bigram>
    <bigram weight="1" > in f </bigram>
    <bigram weight="1" > phrase to </bigram>
    <bigram weight="1" > became ### </bigram>
    <bigram weight="1" > there is </bigram>
    <bigram weight="1" > all classes </bigram>
    <bigram weight="1" > great speed </bigram>
    <bigram weight="1" > ### marriage </bigram>
    <bigram weight="1" > ## charles </bigram>
    <bigram weight="1" > a procession </bigram>
    <bigram weight="1" > edgar nominees </bigram>
    <bigram weight="1" > suggests we </bigram>
    <bigram weight="1" > unusually animated </bigram>
    <bigram weight="1" > tones that </bigram>
    <bigram weight="1" > better examine </bigram>
    <bigram weight="1" > lxiii ### </bigram>
    <bigram weight="1" > told charles </bigram>
    <bigram weight="1" > moment ### </bigram>
    <bigram weight="1" > appledore ### </bigram>
    <bigram weight="1" > passions ### </bigram>
    <bigram weight="1" > place ### </bigram>
    <bigram weight="1" > ### reminiscences </bigram>
    <bigram weight="1" > us when </bigram>
    <bigram weight="1" > who among </bigram>
    <bigram weight="1" > ## him </bigram>
    <bigram weight="1" > fortuitous concurrence </bigram>
    <bigram weight="1" > a little </bigram>
    <bigram weight="1" > memoirs ### </bigram>
    <bigram weight="1" > next piece </bigram>
    <bigram weight="1" > that instrument </bigram>
    <bigram weight="1" > there was </bigram>
    <bigram weight="1" > beak of </bigram>
    <bigram weight="1" > aay tnat </bigram>
    <bigram weight="1" > # holmes </bigram>
    <bigram weight="1" > fill in </bigram>
    <bigram weight="1" > were trying </bigram>
    <bigram weight="1" > ## consider </bigram>
    <bigram weight="1" > next to </bigram>
    <bigram weight="1" > a bundle </bigram>
    <bigram weight="1" > felt like </bigram>
    <bigram weight="1" > find a </bigram>
    <bigram weight="1" > and hardy </bigram>
    <bigram weight="1" > sky to </bigram>
    <bigram weight="1" > rosenberg tails </bigram>
    <bigram weight="1" > other lives </bigram>
    <bigram weight="1" > to an </bigram>
    <bigram weight="1" > up his </bigram>
    <bigram weight="1" > to move </bigram>
    <bigram weight="1" > have an </bigram>
    <bigram weight="1" > ### then </bigram>
    <bigram weight="1" > him on </bigram>
    <bigram weight="1" > to touch </bigram>
    <bigram weight="1" > i was </bigram>
    <bigram weight="1" > ### two </bigram>
    <bigram weight="1" > ### hudspeth </bigram>
    <bigram weight="1" > particulars ### </bigram>
    <bigram weight="1" > so important </bigram>
    <bigram weight="1" > over the </bigram>
    <bigram weight="1" > the other </bigram>
    <bigram weight="1" > identical aay </bigram>
</article>
