<?xml version="1.0" encoding="UTF-8"?>
<article id="10.2307/23393942" >
    <bigram weight="35" > ### # </bigram>
    <bigram weight="30" > ### ### </bigram>
    <bigram weight="13" > ### s </bigram>
    <bigram weight="11" > ### and </bigram>
    <bigram weight="8" > ## ### </bigram>
    <bigram weight="6" > of the </bigram>
    <bigram weight="6" > ### the </bigram>
    <bigram weight="6" > thoreau ### </bigram>
    <bigram weight="5" > in the </bigram>
    <bigram weight="5" > # ## </bigram>
    <bigram weight="5" > ### ## </bigram>
    <bigram weight="5" > # ### </bigram>
    <bigram weight="5" > ### in </bigram>
    <bigram weight="5" > ### he </bigram>
    <bigram weight="4" > # the </bigram>
    <bigram weight="4" > thoreau was </bigram>
    <bigram weight="4" > ### of </bigram>
    <bigram weight="4" > life ### </bigram>
    <bigram weight="4" > of his </bigram>
    <bigram weight="3" > # i </bigram>
    <bigram weight="3" > he had </bigram>
    <bigram weight="3" > one ### </bigram>
    <bigram weight="3" > he wrote </bigram>
    <bigram weight="3" > and the </bigram>
    <bigram weight="3" > he was </bigram>
    <bigram weight="3" > s ### </bigram>
    <bigram weight="3" > a ### </bigram>
    <bigram weight="3" > ### but </bigram>
    <bigram weight="3" > ### or </bigram>
    <bigram weight="3" > in that </bigram>
    <bigram weight="3" > to be </bigram>
    <bigram weight="3" > of a </bigram>
    <bigram weight="2" > all his </bigram>
    <bigram weight="2" > it ### </bigram>
    <bigram weight="2" > monthly ### </bigram>
    <bigram weight="2" > things ### </bigram>
    <bigram weight="2" > the maine </bigram>
    <bigram weight="2" > did not </bigram>
    <bigram weight="2" > ### that </bigram>
    <bigram weight="2" > # a </bigram>
    <bigram weight="2" > to say </bigram>
    <bigram weight="2" > he did </bigram>
    <bigram weight="2" > ### not </bigram>
    <bigram weight="2" > to omit </bigram>
    <bigram weight="2" > concord ### </bigram>
    <bigram weight="2" > in this </bigram>
    <bigram weight="2" > d ### </bigram>
    <bigram weight="2" > ### concord </bigram>
    <bigram weight="2" > ### as </bigram>
    <bigram weight="2" > when thoreau </bigram>
    <bigram weight="2" > ### mass </bigram>
    <bigram weight="2" > ### who </bigram>
    <bigram weight="2" > lyceum ### </bigram>
    <bigram weight="2" > had a </bigram>
    <bigram weight="2" > during his </bigram>
    <bigram weight="2" > a similar </bigram>
    <bigram weight="2" > them ### </bigram>
    <bigram weight="2" > as well </bigram>
    <bigram weight="2" > ### thoreau </bigram>
    <bigram weight="2" > concord saunterer </bigram>
    <bigram weight="2" > cut from </bigram>
    <bigram weight="2" > as he </bigram>
    <bigram weight="2" > was questioned </bigram>
    <bigram weight="2" > the editor </bigram>
    <bigram weight="2" > that he </bigram>
    <bigram weight="2" > this letter </bigram>
    <bigram weight="2" > ### i </bigram>
    <bigram weight="2" > one of </bigram>
    <bigram weight="2" > the thoreau </bigram>
    <bigram weight="2" > of thoreau </bigram>
    <bigram weight="2" > henry thoreau </bigram>
    <bigram weight="2" > among other </bigram>
    <bigram weight="2" > a small </bigram>
    <bigram weight="2" > to the </bigram>
    <bigram weight="2" > for ### </bigram>
    <bigram weight="2" > omitted ### </bigram>
    <bigram weight="2" > may ## </bigram>
    <bigram weight="2" > i have </bigram>
    <bigram weight="2" > putnam ### </bigram>
    <bigram weight="2" > letter is </bigram>
    <bigram weight="2" > of this </bigram>
    <bigram weight="2" > for sale </bigram>
    <bigram weight="2" > tree ### </bigram>
    <bigram weight="2" > ### no </bigram>
    <bigram weight="2" > ### is </bigram>
    <bigram weight="2" > mass ### </bigram>
    <bigram weight="2" > # he </bigram>
    <bigram weight="2" > and when </bigram>
    <bigram weight="2" > that of </bigram>
    <bigram weight="2" > i am </bigram>
    <bigram weight="2" > i do </bigram>
    <bigram weight="2" > concord to </bigram>
    <bigram weight="2" > his own </bigram>
    <bigram weight="2" > for them </bigram>
    <bigram weight="2" > and ### </bigram>
    <bigram weight="2" > other things </bigram>
    <bigram weight="2" > ### was </bigram>
    <bigram weight="2" > new bedford </bigram>
    <bigram weight="2" > ricketson to </bigram>
    <bigram weight="2" > miller ### </bigram>
    <bigram weight="2" > ms ### </bigram>
    <bigram weight="2" > in a </bigram>
    <bigram weight="2" > to write </bigram>
    <bigram weight="2" > thoreau lyceum </bigram>
    <bigram weight="2" > in life </bigram>
    <bigram weight="1" > essay on </bigram>
    <bigram weight="1" > not those </bigram>
    <bigram weight="1" > ### two </bigram>
    <bigram weight="1" > my consent </bigram>
    <bigram weight="1" > thoreau to </bigram>
    <bigram weight="1" > california is </bigram>
    <bigram weight="1" > that prompted </bigram>
    <bigram weight="1" > if the </bigram>
    <bigram weight="1" > disobedience ### </bigram>
    <bigram weight="1" > equally famous </bigram>
    <bigram weight="1" > to live </bigram>
    <bigram weight="1" > the first </bigram>
    <bigram weight="1" > latter was </bigram>
    <bigram weight="1" > was to </bigram>
    <bigram weight="1" > taxe it </bigram>
    <bigram weight="1" > friend to </bigram>
    <bigram weight="1" > # among </bigram>
    <bigram weight="1" > manuscript ### </bigram>
    <bigram weight="1" > considered personal </bigram>
    <bigram weight="1" > is indicative </bigram>
    <bigram weight="1" > has ### </bigram>
    <bigram weight="1" > the world </bigram>
    <bigram weight="1" > franklin d </bigram>
    <bigram weight="1" > was con </bigram>
    <bigram weight="1" > never explained </bigram>
    <bigram weight="1" > henry miller </bigram>
    <bigram weight="1" > hp at </bigram>
    <bigram weight="1" > ### thereupon </bigram>
    <bigram weight="1" > certainly on </bigram>
    <bigram weight="1" > creep ### </bigram>
    <bigram weight="1" > cited in </bigram>
    <bigram weight="1" > town ### </bigram>
    <bigram weight="1" > conclusion ### </bigram>
    <bigram weight="1" > fami liar </bigram>
    <bigram weight="1" > about the </bigram>
    <bigram weight="1" > henry d </bigram>
    <bigram weight="1" > invites ricketson </bigram>
    <bigram weight="1" > ### lived </bigram>
    <bigram weight="1" > or apologized </bigram>
    <bigram weight="1" > died in </bigram>
    <bigram weight="1" > nor did </bigram>
    <bigram weight="1" > when they </bigram>
    <bigram weight="1" > undoubtedly all </bigram>
    <bigram weight="1" > fnnrord thoreau </bigram>
    <bigram weight="1" > ft cictpr </bigram>
    <bigram weight="1" > his wrath </bigram>
    <bigram weight="1" > he considered </bigram>
    <bigram weight="1" > in yankee </bigram>
    <bigram weight="1" > he manufactured </bigram>
    <bigram weight="1" > # later </bigram>
    <bigram weight="1" > and proceeded </bigram>
    <bigram weight="1" > famous ### </bigram>
    <bigram weight="1" > mouth ### </bigram>
    <bigram weight="1" > active years </bigram>
    <bigram weight="1" > # an </bigram>
    <bigram weight="1" > de aii </bigram>
    <bigram weight="1" > who has </bigram>
    <bigram weight="1" > impending excursions </bigram>
    <bigram weight="1" > and perchance </bigram>
    <bigram weight="1" > preceding paragraphs </bigram>
    <bigram weight="1" > than compromise </bigram>
    <bigram weight="1" > dis tinction </bigram>
    <bigram weight="1" > individual whose </bigram>
    <bigram weight="1" > unpaid for </bigram>
    <bigram weight="1" > sen tence </bigram>
    <bigram weight="1" > at a </bigram>
    <bigram weight="1" > only literary </bigram>
    <bigram weight="1" > william wheildon </bigram>
    <bigram weight="1" > why he </bigram>
    <bigram weight="1" > ### henry </bigram>
    <bigram weight="1" > that sanctimonious </bigram>
    <bigram weight="1" > hnmo hut </bigram>
    <bigram weight="1" > was none </bigram>
    <bigram weight="1" > no ### </bigram>
    <bigram weight="1" > will not </bigram>
    <bigram weight="1" > party was </bigram>
    <bigram weight="1" > me ### </bigram>
    <bigram weight="1" > the introductory </bigram>
    <bigram weight="1" > james russell </bigram>
    <bigram weight="1" > lowell a </bigram>
    <bigram weight="1" > he knew </bigram>
    <bigram weight="1" > in my </bigram>
    <bigram weight="1" > meeting me </bigram>
    <bigram weight="1" > than thoreau </bigram>
    <bigram weight="1" > own impending </bigram>
    <bigram weight="1" > several days </bigram>
    <bigram weight="1" > miller cited </bigram>
    <bigram weight="1" > have attempted </bigram>
    <bigram weight="1" > had curtis </bigram>
    <bigram weight="1" > john e </bigram>
    <bigram weight="1" > and sold </bigram>
    <bigram weight="1" > and his </bigram>
    <bigram weight="1" > but i </bigram>
    <bigram weight="1" > blanding ### </bigram>
    <bigram weight="1" > daniel ricketson </bigram>
    <bigram weight="1" > ### among </bigram>
    <bigram weight="1" > tenacity in </bigram>
    <bigram weight="1" > aqe of </bigram>
    <bigram weight="1" > hut ### </bigram>
    <bigram weight="1" > pp ### </bigram>
    <bigram weight="1" > my opinions </bigram>
    <bigram weight="1" > character ### </bigram>
    <bigram weight="1" > high standard </bigram>
    <bigram weight="1" > montreal ### </bigram>
    <bigram weight="1" > been stolen </bigram>
    <bigram weight="1" > those imposed </bigram>
    <bigram weight="1" > the manuscript </bigram>
    <bigram weight="1" > earned this </bigram>
    <bigram weight="1" > men who </bigram>
    <bigram weight="1" > needless to </bigram>
    <bigram weight="1" > analaaous in </bigram>
    <bigram weight="1" > was an </bigram>
    <bigram weight="1" > encounter ### </bigram>
    <bigram weight="1" > that settled </bigram>
    <bigram weight="1" > the international </bigram>
    <bigram weight="1" > their altera </bigram>
    <bigram weight="1" > for miller </bigram>
    <bigram weight="1" > ever had </bigram>
    <bigram weight="1" > opinion ### </bigram>
    <bigram weight="1" > in repentance </bigram>
    <bigram weight="1" > negotiate the </bigram>
    <bigram weight="1" > lived there </bigram>
    <bigram weight="1" > not defend </bigram>
    <bigram weight="1" > well as </bigram>
    <bigram weight="1" > or political </bigram>
    <bigram weight="1" > to bid </bigram>
    <bigram weight="1" > not taxe </bigram>
    <bigram weight="1" > the myth </bigram>
    <bigram weight="1" > by religious </bigram>
    <bigram weight="1" > new england </bigram>
    <bigram weight="1" > integrity than </bigram>
    <bigram weight="1" > aii ci </bigram>
    <bigram weight="1" > ana no </bigram>
    <bigram weight="1" > for a </bigram>
    <bigram weight="1" > pencils to </bigram>
    <bigram weight="1" > according to </bigram>
    <bigram weight="1" > # during </bigram>
    <bigram weight="1" > from thoreau </bigram>
    <bigram weight="1" > as far </bigram>
    <bigram weight="1" > the renowned </bigram>
    <bigram weight="1" > ## # </bigram>
    <bigram weight="1" > huv in </bigram>
    <bigram weight="1" > manufactured and </bigram>
    <bigram weight="1" > ### t </bigram>
    <bigram weight="1" > volkman henry </bigram>
    <bigram weight="1" > he became </bigram>
    <bigram weight="1" > illustrated his </bigram>
    <bigram weight="1" > ihoreau ### </bigram>
    <bigram weight="1" > a more </bigram>
    <bigram weight="1" > wrote ### </bigram>
    <bigram weight="1" > to tower </bigram>
    <bigram weight="1" > more right </bigram>
    <bigram weight="1" > privilege california </bigram>
    <bigram weight="1" > reader mav </bigram>
    <bigram weight="1" > the sen </bigram>
    <bigram weight="1" > two pages </bigram>
    <bigram weight="1" > the essav </bigram>
    <bigram weight="1" > prompted miller </bigram>
    <bigram weight="1" > ### chesuncook </bigram>
    <bigram weight="1" > omit a </bigram>
    <bigram weight="1" > s house </bigram>
    <bigram weight="1" > sentiment than </bigram>
    <bigram weight="1" > to daniel </bigram>
    <bigram weight="1" > posthumously published </bigram>
    <bigram weight="1" > boys ### </bigram>
    <bigram weight="1" > the inner </bigram>
    <bigram weight="1" > enough to </bigram>
    <bigram weight="1" > hands of </bigram>
    <bigram weight="1" > house ### </bigram>
    <bigram weight="1" > not permit </bigram>
    <bigram weight="1" > sentence was </bigram>
    <bigram weight="1" > put words </bigram>
    <bigram weight="1" > with envelope </bigram>
    <bigram weight="1" > ### needless </bigram>
    <bigram weight="1" > letter concerns </bigram>
    <bigram weight="1" > the atomic </bigram>
    <bigram weight="1" > lowell cut </bigram>
    <bigram weight="1" > emerson children </bigram>
    <bigram weight="1" > because he </bigram>
    <bigram weight="1" > and probably </bigram>
    <bigram weight="1" > there all </bigram>
    <bigram weight="1" > # let </bigram>
    <bigram weight="1" > ### holzbach </bigram>
    <bigram weight="1" > estate ### </bigram>
    <bigram weight="1" > george washington </bigram>
    <bigram weight="1" > by mr </bigram>
    <bigram weight="1" > organizations ### </bigram>
    <bigram weight="1" > donate ### </bigram>
    <bigram weight="1" > omission in </bigram>
    <bigram weight="1" > the aqe </bigram>
    <bigram weight="1" > forewarning ricket </bigram>
    <bigram weight="1" > civil disobedience </bigram>
    <bigram weight="1" > in reverse </bigram>
    <bigram weight="1" > questioned about </bigram>
    <bigram weight="1" > that further </bigram>
    <bigram weight="1" > t necessary </bigram>
    <bigram weight="1" > manifested early </bigram>
    <bigram weight="1" > i hardly </bigram>
    <bigram weight="1" > first editor </bigram>
    <bigram weight="1" > that this </bigram>
    <bigram weight="1" > it wasn </bigram>
    <bigram weight="1" > determination not </bigram>
    <bigram weight="1" > bomb only </bigram>
    <bigram weight="1" > his days </bigram>
    <bigram weight="1" > matter ### </bigram>
    <bigram weight="1" > a moment </bigram>
    <bigram weight="1" > count certainly </bigram>
    <bigram weight="1" > thoreau wrote </bigram>
    <bigram weight="1" > to his </bigram>
    <bigram weight="1" > to principles </bigram>
    <bigram weight="1" > words into </bigram>
    <bigram weight="1" > st ### </bigram>
    <bigram weight="1" > sale a </bigram>
    <bigram weight="1" > imposed by </bigram>
    <bigram weight="1" > ### at </bigram>
    <bigram weight="1" > other than </bigram>
    <bigram weight="1" > worth of </bigram>
    <bigram weight="1" > holzbach ### </bigram>
    <bigram weight="1" > this case </bigram>
    <bigram weight="1" > wrote in </bigram>
    <bigram weight="1" > did he </bigram>
    <bigram weight="1" > discovering this </bigram>
    <bigram weight="1" > in thomas </bigram>
    <bigram weight="1" > the preceding </bigram>
    <bigram weight="1" > curtis of </bigram>
    <bigram weight="1" > made the </bigram>
    <bigram weight="1" > george curtis </bigram>
    <bigram weight="1" > bedford ### </bigram>
    <bigram weight="1" > the emerson </bigram>
    <bigram weight="1" > entire hfe </bigram>
    <bigram weight="1" > couia de </bigram>
    <bigram weight="1" > at the </bigram>
    <bigram weight="1" > different editor </bigram>
    <bigram weight="1" > seemingly insignificant </bigram>
    <bigram weight="1" > ### to </bigram>
    <bigram weight="1" > mv mnthpr </bigram>
    <bigram weight="1" > as the </bigram>
    <bigram weight="1" > ### there </bigram>
    <bigram weight="1" > henry david </bigram>
    <bigram weight="1" > ### friend </bigram>
    <bigram weight="1" > to negotiate </bigram>
    <bigram weight="1" > a blistering </bigram>
    <bigram weight="1" > ricket cnn </bigram>
    <bigram weight="1" > been chosen </bigram>
    <bigram weight="1" > ### john </bigram>
    <bigram weight="1" > alcott and </bigram>
    <bigram weight="1" > implied that </bigram>
    <bigram weight="1" > another ms </bigram>
    <bigram weight="1" > mr ### </bigram>
    <bigram weight="1" > omit the </bigram>
    <bigram weight="1" > than in </bigram>
    <bigram weight="1" > will donate </bigram>
    <bigram weight="1" > ### nor </bigram>
    <bigram weight="1" > settled the </bigram>
    <bigram weight="1" > wrath ### </bigram>
    <bigram weight="1" > plaudits ### </bigram>
    <bigram weight="1" > hfe he </bigram>
    <bigram weight="1" > i will </bigram>
    <bigram weight="1" > consulting me </bigram>
    <bigram weight="1" > go to </bigram>
    <bigram weight="1" > to why </bigram>
    <bigram weight="1" > editor with </bigram>
    <bigram weight="1" > winston churchill </bigram>
    <bigram weight="1" > chapter concord </bigram>
    <bigram weight="1" > story is </bigram>
    <bigram weight="1" > by ### </bigram>
    <bigram weight="1" > it was </bigram>
    <bigram weight="1" > lowell ### </bigram>
    <bigram weight="1" > to cape </bigram>
    <bigram weight="1" > the latter </bigram>
    <bigram weight="1" > june ## </bigram>
    <bigram weight="1" > altera tion </bigram>
    <bigram weight="1" > editor ### </bigram>
    <bigram weight="1" > by arthur </bigram>
    <bigram weight="1" > price ### </bigram>
    <bigram weight="1" > to montreal </bigram>
    <bigram weight="1" > serious one </bigram>
    <bigram weight="1" > ### nu </bigram>
    <bigram weight="1" > later by </bigram>
    <bigram weight="1" > arthur g </bigram>
    <bigram weight="1" > reputation because </bigram>
    <bigram weight="1" > transcription of </bigram>
    <bigram weight="1" > was entirely </bigram>
    <bigram weight="1" > just noticed </bigram>
    <bigram weight="1" > freedom a </bigram>
    <bigram weight="1" > the heresies </bigram>
    <bigram weight="1" > print them </bigram>
    <bigram weight="1" > that henry </bigram>
    <bigram weight="1" > a few </bigram>
    <bigram weight="1" > thomas w </bigram>
    <bigram weight="1" > in one </bigram>
    <bigram weight="1" > to their </bigram>
    <bigram weight="1" > from him </bigram>
    <bigram weight="1" > not rich </bigram>
    <bigram weight="1" > do not </bigram>
    <bigram weight="1" > ### roosevelt </bigram>
    <bigram weight="1" > renowned men </bigram>
    <bigram weight="1" > my ms </bigram>
    <bigram weight="1" > the cherry </bigram>
    <bigram weight="1" > show that </bigram>
    <bigram weight="1" > the knife </bigram>
    <bigram weight="1" > tfho dwelt </bigram>
    <bigram weight="1" > mnthpr ft </bigram>
    <bigram weight="1" > that was </bigram>
    <bigram weight="1" > be an </bigram>
    <bigram weight="1" > be posthumously </bigram>
    <bigram weight="1" > was just </bigram>
    <bigram weight="1" > ## belknap </bigram>
    <bigram weight="1" > power of </bigram>
    <bigram weight="1" > myth df </bigram>
    <bigram weight="1" > anecdote concerning </bigram>
    <bigram weight="1" > him ### </bigram>
    <bigram weight="1" > return sev </bigram>
    <bigram weight="1" > inner life </bigram>
    <bigram weight="1" > sold at </bigram>
    <bigram weight="1" > manner ### </bigram>
    <bigram weight="1" > religious or </bigram>
    <bigram weight="1" > must have </bigram>
    <bigram weight="1" > high a </bigram>
    <bigram weight="1" > a seemingly </bigram>
    <bigram weight="1" > expressing his </bigram>
    <bigram weight="1" > a different </bigram>
    <bigram weight="1" > small reputation </bigram>
    <bigram weight="1" > sacrifice ### </bigram>
    <bigram weight="1" > dulge in </bigram>
    <bigram weight="1" > he earned </bigram>
    <bigram weight="1" > maine woods </bigram>
    <bigram weight="1" > in fnnrord </bigram>
    <bigram weight="1" > this is </bigram>
    <bigram weight="1" > insignificant incident </bigram>
    <bigram weight="1" > saia ### </bigram>
    <bigram weight="1" > a winston </bigram>
    <bigram weight="1" > no more </bigram>
    <bigram weight="1" > churchill or </bigram>
    <bigram weight="1" > mcgrath ### </bigram>
    <bigram weight="1" > were quite </bigram>
    <bigram weight="1" > concerning his </bigram>
    <bigram weight="1" > a heaven </bigram>
    <bigram weight="1" > reverse ### </bigram>
    <bigram weight="1" > in so </bigram>
    <bigram weight="1" > ## his </bigram>
    <bigram weight="1" > readers are </bigram>
    <bigram weight="1" > ### a </bigram>
    <bigram weight="1" > and expediency </bigram>
    <bigram weight="1" > is offered </bigram>
    <bigram weight="1" > ### right </bigram>
    <bigram weight="1" > knew he </bigram>
    <bigram weight="1" > ### james </bigram>
    <bigram weight="1" > ### pine </bigram>
    <bigram weight="1" > ### civil </bigram>
    <bigram weight="1" > literary episodes </bigram>
    <bigram weight="1" > his second </bigram>
    <bigram weight="1" > far as </bigram>
    <bigram weight="1" > bronson alcott </bigram>
    <bigram weight="1" > the letter </bigram>
    <bigram weight="1" > knife and </bigram>
    <bigram weight="1" > a farsimile </bigram>
    <bigram weight="1" > princi pies </bigram>
    <bigram weight="1" > # thoreau </bigram>
    <bigram weight="1" > g ### </bigram>
    <bigram weight="1" > belknap st </bigram>
    <bigram weight="1" > atomic bomb </bigram>
    <bigram weight="1" > reliqion would </bigram>
    <bigram weight="1" > no turtner </bigram>
    <bigram weight="1" > the leasing </bigram>
    <bigram weight="1" > wherein the </bigram>
    <bigram weight="1" > is analaaous </bigram>
    <bigram weight="1" > reputation of </bigram>
    <bigram weight="1" > blistering letter </bigram>
    <bigram weight="1" > ### with </bigram>
    <bigram weight="1" > pages ### </bigram>
    <bigram weight="1" > should be </bigram>
    <bigram weight="1" > reason for </bigram>
    <bigram weight="1" > curator ### </bigram>
    <bigram weight="1" > envelope ### </bigram>
    <bigram weight="1" > be addressed </bigram>
    <bigram weight="1" > russell lowell </bigram>
    <bigram weight="1" > liberty i </bigram>
    <bigram weight="1" > was ### </bigram>
    <bigram weight="1" > of princi </bigram>
    <bigram weight="1" > thoreau mentions </bigram>
    <bigram weight="1" > more trenchant </bigram>
    <bigram weight="1" > vigorously ### </bigram>
    <bigram weight="1" > anyone who </bigram>
    <bigram weight="1" > this man </bigram>
    <bigram weight="1" > is not </bigram>
    <bigram weight="1" > editors that </bigram>
    <bigram weight="1" > similar experience </bigram>
    <bigram weight="1" > or omission </bigram>
    <bigram weight="1" > world ### </bigram>
    <bigram weight="1" > am not </bigram>
    <bigram weight="1" > wrote that </bigram>
    <bigram weight="1" > above me </bigram>
    <bigram weight="1" > the atlantic </bigram>
    <bigram weight="1" > inquiries should </bigram>
    <bigram weight="1" > s character </bigram>
    <bigram weight="1" > what of </bigram>
    <bigram weight="1" > vol ### </bigram>
    <bigram weight="1" > the hands </bigram>
    <bigram weight="1" > cowardly manner </bigram>
    <bigram weight="1" > mrs ### </bigram>
    <bigram weight="1" > ## mv </bigram>
    <bigram weight="1" > whom he </bigram>
    <bigram weight="1" > couple of </bigram>
    <bigram weight="1" > ### if </bigram>
    <bigram weight="1" > life when </bigram>
    <bigram weight="1" > will hp </bigram>
    <bigram weight="1" > own high </bigram>
    <bigram weight="1" > onlv publication </bigram>
    <bigram weight="1" > being an </bigram>
    <bigram weight="1" > england town </bigram>
    <bigram weight="1" > ### mcgrath </bigram>
    <bigram weight="1" > write for </bigram>
    <bigram weight="1" > just as </bigram>
    <bigram weight="1" > they ask </bigram>
    <bigram weight="1" > have made </bigram>
    <bigram weight="1" > sanctimonious gentleman </bigram>
    <bigram weight="1" > would be </bigram>
    <bigram weight="1" > # inquiries </bigram>
    <bigram weight="1" > the liber </bigram>
    <bigram weight="1" > sxterior facts </bigram>
    <bigram weight="1" > playmates ### </bigram>
    <bigram weight="1" > not ask </bigram>
    <bigram weight="1" > priest were </bigram>
    <bigram weight="1" > l ### </bigram>
    <bigram weight="1" > as examples </bigram>
    <bigram weight="1" > editor has </bigram>
    <bigram weight="1" > pay a </bigram>
    <bigram weight="1" > his boyhood </bigram>
    <bigram weight="1" > embroi led </bigram>
    <bigram weight="1" > this catholic </bigram>
    <bigram weight="1" > bedford friend </bigram>
    <bigram weight="1" > bid for </bigram>
    <bigram weight="1" > paragraphs i </bigram>
    <bigram weight="1" > # it </bigram>
    <bigram weight="1" > of henry </bigram>
    <bigram weight="1" > children ### </bigram>
    <bigram weight="1" > lease or </bigram>
    <bigram weight="1" > its townsmen </bigram>
    <bigram weight="1" > will go </bigram>
    <bigram weight="1" > at hnmo </bigram>
    <bigram weight="1" > flesh of </bigram>
    <bigram weight="1" > for ricketson </bigram>
    <bigram weight="1" > noticed that </bigram>
    <bigram weight="1" > further illustrated </bigram>
    <bigram weight="1" > was born </bigram>
    <bigram weight="1" > of pencils </bigram>
    <bigram weight="1" > david thoreau </bigram>
    <bigram weight="1" > destructive power </bigram>
    <bigram weight="1" > intimidated by </bigram>
    <bigram weight="1" > chosen as </bigram>
    <bigram weight="1" > would trust </bigram>
    <bigram weight="1" > of altercations </bigram>
    <bigram weight="1" > say thoreau </bigram>
    <bigram weight="1" > will print </bigram>
    <bigram weight="1" > on behalf </bigram>
    <bigram weight="1" > this story </bigram>
    <bigram weight="1" > concerned ### </bigram>
    <bigram weight="1" > to pay </bigram>
    <bigram weight="1" > repentance ### </bigram>
    <bigram weight="1" > as high </bigram>
    <bigram weight="1" > the onlv </bigram>
    <bigram weight="1" > to adopt </bigram>
    <bigram weight="1" > is as </bigram>
    <bigram weight="1" > real estate </bigram>
    <bigram weight="1" > i think </bigram>
    <bigram weight="1" > s integrity </bigram>
    <bigram weight="1" > friend ### </bigram>
    <bigram weight="1" > who usually </bigram>
    <bigram weight="1" > debt of </bigram>
    <bigram weight="1" > trenchant essays </bigram>
    <bigram weight="1" > days later </bigram>
    <bigram weight="1" > only in </bigram>
    <bigram weight="1" > print ### </bigram>
    <bigram weight="1" > ### thomas </bigram>
    <bigram weight="1" > political organizations </bigram>
    <bigram weight="1" > to locate </bigram>
    <bigram weight="1" > was with </bigram>
    <bigram weight="1" > introductory paragraph </bigram>
    <bigram weight="1" > is in </bigram>
    <bigram weight="1" > case ### </bigram>
    <bigram weight="1" > think anyone </bigram>
    <bigram weight="1" > all concord </bigram>
    <bigram weight="1" > life or </bigram>
    <bigram weight="1" > theft ne </bigram>
    <bigram weight="1" > s life </bigram>
    <bigram weight="1" > classic maiden </bigram>
    <bigram weight="1" > ### may </bigram>
    <bigram weight="1" > international classic </bigram>
    <bigram weight="1" > small new </bigram>
    <bigram weight="1" > have described </bigram>
    <bigram weight="1" > df george </bigram>
    <bigram weight="1" > offered for </bigram>
    <bigram weight="1" > but of </bigram>
    <bigram weight="1" > but what </bigram>
    <bigram weight="1" > stolen from </bigram>
    <bigram weight="1" > tence ### </bigram>
    <bigram weight="1" > whose life </bigram>
    <bigram weight="1" > publication of </bigram>
    <bigram weight="1" > take the </bigram>
    <bigram weight="1" > s chapter </bigram>
    <bigram weight="1" > or franklin </bigram>
    <bigram weight="1" > this dis </bigram>
    <bigram weight="1" > had more </bigram>
    <bigram weight="1" > rather than </bigram>
    <bigram weight="1" > simply saia </bigram>
    <bigram weight="1" > canada ### </bigram>
    <bigram weight="1" > ### for </bigram>
    <bigram weight="1" > a debt </bigram>
    <bigram weight="1" > locate a </bigram>
    <bigram weight="1" > from which </bigram>
    <bigram weight="1" > never sent </bigram>
    <bigram weight="1" > tiore vigorously </bigram>
    <bigram weight="1" > anh a </bigram>
    <bigram weight="1" > proceeded to </bigram>
    <bigram weight="1" > addressed to </bigram>
    <bigram weight="1" > editor curtis </bigram>
    <bigram weight="1" > wheildon ### </bigram>
    <bigram weight="1" > satisfied ### </bigram>
    <bigram weight="1" > expediency ### </bigram>
    <bigram weight="1" > nu mnct </bigram>
    <bigram weight="1" > so vehemently </bigram>
    <bigram weight="1" > revealed ### </bigram>
    <bigram weight="1" > ### wherein </bigram>
    <bigram weight="1" > sure but </bigram>
    <bigram weight="1" > to insert </bigram>
    <bigram weight="1" > heaven ### </bigram>
    <bigram weight="1" > perchance will </bigram>
    <bigram weight="1" > # in </bigram>
    <bigram weight="1" > thoreau would </bigram>
    <bigram weight="1" > eccentric ### </bigram>
    <bigram weight="1" > confidence in </bigram>
    <bigram weight="1" > thoreau never </bigram>
    <bigram weight="1" > with editors </bigram>
    <bigram weight="1" > him during </bigram>
    <bigram weight="1" > s efforts </bigram>
    <bigram weight="1" > character of </bigram>
    <bigram weight="1" > anyone to </bigram>
    <bigram weight="1" > ### june </bigram>
    <bigram weight="1" > a very </bigram>
    <bigram weight="1" > thomas blanding </bigram>
    <bigram weight="1" > wrote a </bigram>
    <bigram weight="1" > pies ### </bigram>
    <bigram weight="1" > insert one </bigram>
    <bigram weight="1" > later in </bigram>
    <bigram weight="1" > tion ### </bigram>
    <bigram weight="1" > indicative of </bigram>
    <bigram weight="1" > as ### </bigram>
    <bigram weight="1" > defend himself </bigram>
    <bigram weight="1" > was governed </bigram>
    <bigram weight="1" > to as </bigram>
    <bigram weight="1" > he enioved </bigram>
    <bigram weight="1" > ### eccentric </bigram>
    <bigram weight="1" > the theft </bigram>
    <bigram weight="1" > guilty party </bigram>
    <bigram weight="1" > thoreau invites </bigram>
    <bigram weight="1" > ted from </bigram>
    <bigram weight="1" > ci ted </bigram>
    <bigram weight="1" > or put </bigram>
    <bigram weight="1" > s monthly </bigram>
    <bigram weight="1" > enioved a </bigram>
    <bigram weight="1" > mean and </bigram>
    <bigram weight="1" > say that </bigram>
    <bigram weight="1" > curtis requires </bigram>
    <bigram weight="1" > tinction that </bigram>
    <bigram weight="1" > described as </bigram>
    <bigram weight="1" > a privilege </bigram>
    <bigram weight="1" > explained his </bigram>
    <bigram weight="1" > farsimile renrndnrtinn </bigram>
    <bigram weight="1" > high appraisal </bigram>
    <bigram weight="1" > # henry </bigram>
    <bigram weight="1" > they will </bigram>
    <bigram weight="1" > impregnable by </bigram>
    <bigram weight="1" > more confidence </bigram>
    <bigram weight="1" > sent lowell </bigram>
    <bigram weight="1" > as i </bigram>
    <bigram weight="1" > moment ### </bigram>
    <bigram weight="1" > my opinion </bigram>
    <bigram weight="1" > an author </bigram>
    <bigram weight="1" > con sidered </bigram>
    <bigram weight="1" > me still </bigram>
    <bigram weight="1" > forty four </bigram>
    <bigram weight="1" > years later </bigram>
    <bigram weight="1" > requires the </bigram>
    <bigram weight="1" > opinions ### </bigram>
    <bigram weight="1" > of new </bigram>
    <bigram weight="1" > attempted to </bigram>
    <bigram weight="1" > s essay </bigram>
    <bigram weight="1" > # price </bigram>
    <bigram weight="1" > appraisal of </bigram>
    <bigram weight="1" > ### remembered </bigram>
    <bigram weight="1" > ### they </bigram>
    <bigram weight="1" > which only </bigram>
    <bigram weight="1" > not in </bigram>
    <bigram weight="1" > atlantic monthly </bigram>
    <bigram weight="1" > in canada </bigram>
    <bigram weight="1" > similar nature </bigram>
    <bigram weight="1" > w ### </bigram>
    <bigram weight="1" > cod and </bigram>
    <bigram weight="1" > hardly need </bigram>
    <bigram weight="1" > nnt count </bigram>
    <bigram weight="1" > this dubious </bigram>
    <bigram weight="1" > episodes have </bigram>
    <bigram weight="1" > # this </bigram>
    <bigram weight="1" > behalf of </bigram>
    <bigram weight="1" > paragraph to </bigram>
    <bigram weight="1" > his life </bigram>
    <bigram weight="1" > heresies without </bigram>
    <bigram weight="1" > that it </bigram>
    <bigram weight="1" > nature ### </bigram>
    <bigram weight="1" > am ### </bigram>
    <bigram weight="1" > briefly show </bigram>
    <bigram weight="1" > is a </bigram>
    <bigram weight="1" > few hundred </bigram>
    <bigram weight="1" > ### l </bigram>
    <bigram weight="1" > or huv </bigram>
    <bigram weight="1" > trust the </bigram>
    <bigram weight="1" > cnn ## </bigram>
    <bigram weight="1" > none other </bigram>
    <bigram weight="1" > has ever </bigram>
    <bigram weight="1" > to concord </bigram>
    <bigram weight="1" > four ### </bigram>
    <bigram weight="1" > chesuncook ### </bigram>
    <bigram weight="1" > his determination </bigram>
    <bigram weight="1" > omission ### </bigram>
    <bigram weight="1" > hundred dollars </bigram>
    <bigram weight="1" > in thoreau </bigram>
    <bigram weight="1" > letter that </bigram>
    <bigram weight="1" > on meeting </bigram>
    <bigram weight="1" > ty to </bigram>
    <bigram weight="1" > feel thoreau </bigram>
    <bigram weight="1" > concerns thoreau </bigram>
    <bigram weight="1" > apologized for </bigram>
    <bigram weight="1" > dwelt all </bigram>
    <bigram weight="1" > knife had </bigram>
    <bigram weight="1" > unpublished ### </bigram>
    <bigram weight="1" > had been </bigram>
    <bigram weight="1" > entirely justified </bigram>
    <bigram weight="1" > cictpr will </bigram>
    <bigram weight="1" > his entire </bigram>
    <bigram weight="1" > years he </bigram>
    <bigram weight="1" > an admirable </bigram>
    <bigram weight="1" > and cowardly </bigram>
    <bigram weight="1" > turtner answer </bigram>
    <bigram weight="1" > ### characteristically </bigram>
    <bigram weight="1" > that must </bigram>
    <bigram weight="1" > interested reader </bigram>
    <bigram weight="1" > sentence ### </bigram>
    <bigram weight="1" > experience will </bigram>
    <bigram weight="1" > led was </bigram>
    <bigram weight="1" > washington and </bigram>
    <bigram weight="1" > questioned as </bigram>
    <bigram weight="1" > catholic reliqion </bigram>
    <bigram weight="1" > thoreau letter </bigram>
    <bigram weight="1" > maiden ### </bigram>
    <bigram weight="1" > justified in </bigram>
    <bigram weight="1" > to print </bigram>
    <bigram weight="1" > or obtain </bigram>
    <bigram weight="1" > the matter </bigram>
    <bigram weight="1" > letter for </bigram>
    <bigram weight="1" > with the </bigram>
    <bigram weight="1" > the impregnable </bigram>
    <bigram weight="1" > # several </bigram>
    <bigram weight="1" > let us </bigram>
    <bigram weight="1" > write that </bigram>
    <bigram weight="1" > he in </bigram>
    <bigram weight="1" > me a </bigram>
    <bigram weight="1" > was concerned </bigram>
    <bigram weight="1" > renrndnrtinn anh </bigram>
    <bigram weight="1" > adopt my </bigram>
    <bigram weight="1" > and concord </bigram>
    <bigram weight="1" > ### vol </bigram>
    <bigram weight="1" > to briefly </bigram>
    <bigram weight="1" > by others </bigram>
    <bigram weight="1" > find a </bigram>
    <bigram weight="1" > and died </bigram>
    <bigram weight="1" > in concord </bigram>
    <bigram weight="1" > ricketson ### </bigram>
    <bigram weight="1" > as a </bigram>
    <bigram weight="1" > letter ### </bigram>
    <bigram weight="1" > concord real </bigram>
    <bigram weight="1" > by morality </bigram>
    <bigram weight="1" > as to </bigram>
    <bigram weight="1" > probably the </bigram>
    <bigram weight="1" > sidered by </bigram>
    <bigram weight="1" > or character </bigram>
    <bigram weight="1" > born in </bigram>
    <bigram weight="1" > incident ### </bigram>
    <bigram weight="1" > into my </bigram>
    <bigram weight="1" > warranted in </bigram>
    <bigram weight="1" > do expect </bigram>
    <bigram weight="1" > wasn ### </bigram>
    <bigram weight="1" > an anecdote </bigram>
    <bigram weight="1" > had consented </bigram>
    <bigram weight="1" > published in </bigram>
    <bigram weight="1" > have been </bigram>
    <bigram weight="1" > personal freedom </bigram>
    <bigram weight="1" > sev eral </bigram>
    <bigram weight="1" > ## worth </bigram>
    <bigram weight="1" > be intimidated </bigram>
    <bigram weight="1" > the boys </bigram>
    <bigram weight="1" > would have </bigram>
    <bigram weight="1" > ### from </bigram>
    <bigram weight="1" > altercations with </bigram>
    <bigram weight="1" > mav find </bigram>
    <bigram weight="1" > but this </bigram>
    <bigram weight="1" > win the </bigram>
    <bigram weight="1" > ### volkman </bigram>
    <bigram weight="1" > there to </bigram>
    <bigram weight="1" > and thoreau </bigram>
    <bigram weight="1" > permit to </bigram>
    <bigram weight="1" > characteristically forewarning </bigram>
    <bigram weight="1" > necessary as </bigram>
    <bigram weight="1" > tower above </bigram>
    <bigram weight="1" > # lowell </bigram>
    <bigram weight="1" > a sentiment </bigram>
    <bigram weight="1" > of william </bigram>
    <bigram weight="1" > roosevelt and </bigram>
    <bigram weight="1" > he implied </bigram>
    <bigram weight="1" > right to </bigram>
    <bigram weight="1" > his return </bigram>
    <bigram weight="1" > liar with </bigram>
    <bigram weight="1" > the destructive </bigram>
    <bigram weight="1" > well satisfied </bigram>
    <bigram weight="1" > excursions to </bigram>
    <bigram weight="1" > ask for </bigram>
    <bigram weight="1" > that that </bigram>
    <bigram weight="1" > early in </bigram>
    <bigram weight="1" > admirable one </bigram>
    <bigram weight="1" > essays ### </bigram>
    <bigram weight="1" > gentleman creep </bigram>
    <bigram weight="1" > have just </bigram>
    <bigram weight="1" > the sentence </bigram>
    <bigram weight="1" > leasing of </bigram>
    <bigram weight="1" > thoreau had </bigram>
    <bigram weight="1" > rich enough </bigram>
    <bigram weight="1" > not take </bigram>
    <bigram weight="1" > to mrs </bigram>
    <bigram weight="1" > who will </bigram>
    <bigram weight="1" > he would </bigram>
    <bigram weight="1" > his new </bigram>
    <bigram weight="1" > by its </bigram>
    <bigram weight="1" > efforts on </bigram>
    <bigram weight="1" > pine tree </bigram>
    <bigram weight="1" > s plaudits </bigram>
    <bigram weight="1" > ### pp </bigram>
    <bigram weight="1" > this conclusion </bigram>
    <bigram weight="1" > moods ### </bigram>
    <bigram weight="1" > of him </bigram>
    <bigram weight="1" > author ### </bigram>
    <bigram weight="1" > my mouth </bigram>
    <bigram weight="1" > mentions bronson </bigram>
    <bigram weight="1" > a couple </bigram>
    <bigram weight="1" > ### curator </bigram>
    <bigram weight="1" > cna not </bigram>
    <bigram weight="1" > ### omitted </bigram>
    <bigram weight="1" > ### it </bigram>
    <bigram weight="1" > live according </bigram>
    <bigram weight="1" > with my </bigram>
    <bigram weight="1" > that sentence </bigram>
    <bigram weight="1" > essav he </bigram>
    <bigram weight="1" > his more </bigram>
    <bigram weight="1" > ## this </bigram>
    <bigram weight="1" > sale by </bigram>
    <bigram weight="1" > a house </bigram>
    <bigram weight="1" > a friend </bigram>
    <bigram weight="1" > ne simply </bigram>
    <bigram weight="1" > second encounter </bigram>
    <bigram weight="1" > consented to </bigram>
    <bigram weight="1" > need to </bigram>
    <bigram weight="1" > his tenacity </bigram>
    <bigram weight="1" > from ihoreau </bigram>
    <bigram weight="1" > days in </bigram>
    <bigram weight="1" > without consulting </bigram>
    <bigram weight="1" > governed by </bigram>
    <bigram weight="1" > house for </bigram>
    <bigram weight="1" > them to </bigram>
    <bigram weight="1" > and was </bigram>
    <bigram weight="1" > usually win </bigram>
    <bigram weight="1" > curtis return </bigram>
    <bigram weight="1" > with whom </bigram>
    <bigram weight="1" > still ### </bigram>
    <bigram weight="1" > us consider </bigram>
    <bigram weight="1" > in dulge </bigram>
    <bigram weight="1" > with a </bigram>
    <bigram weight="1" > taken with </bigram>
    <bigram weight="1" > to lease </bigram>
    <bigram weight="1" > mnct nnt </bigram>
    <bigram weight="1" > s high </bigram>
    <bigram weight="1" > yankee in </bigram>
    <bigram weight="1" > of putnam </bigram>
    <bigram weight="1" > an individual </bigram>
    <bigram weight="1" > that letter </bigram>
    <bigram weight="1" > ms manifested </bigram>
    <bigram weight="1" > lowell another </bigram>
    <bigram weight="1" > that when </bigram>
    <bigram weight="1" > obtain my </bigram>
    <bigram weight="1" > consider here </bigram>
    <bigram weight="1" > a sacrifice </bigram>
    <bigram weight="1" > himself tiore </bigram>
    <bigram weight="1" > principles ### </bigram>
    <bigram weight="1" > return to </bigram>
    <bigram weight="1" > expect that </bigram>
    <bigram weight="1" > cherry tree </bigram>
    <bigram weight="1" > facts of </bigram>
    <bigram weight="1" > ask anyone </bigram>
    <bigram weight="1" > was warranted </bigram>
    <bigram weight="1" > # undoubtedly </bigram>
    <bigram weight="1" > than to </bigram>
    <bigram weight="1" > more serious </bigram>
    <bigram weight="1" > in may </bigram>
    <bigram weight="1" > who cut </bigram>
    <bigram weight="1" > compromise and </bigram>
    <bigram weight="1" > essays he </bigram>
    <bigram weight="1" > later the </bigram>
    <bigram weight="1" > consent to </bigram>
    <bigram weight="1" > standard of </bigram>
    <bigram weight="1" > a knife </bigram>
    <bigram weight="1" > was this </bigram>
    <bigram weight="1" > saunterer ### </bigram>
    <bigram weight="1" > of that </bigram>
    <bigram weight="1" > wrote lowell </bigram>
    <bigram weight="1" > e ### </bigram>
    <bigram weight="1" > became embroi </bigram>
    <bigram weight="1" > eral unpublished </bigram>
    <bigram weight="1" > ### cna </bigram>
    <bigram weight="1" > friend george </bigram>
    <bigram weight="1" > the equally </bigram>
    <bigram weight="1" > maine moods </bigram>
    <bigram weight="1" > when he </bigram>
    <bigram weight="1" > a transcription </bigram>
    <bigram weight="1" > liber ty </bigram>
    <bigram weight="1" > on ### </bigram>
    <bigram weight="1" > the guilty </bigram>
    <bigram weight="1" > as immortal </bigram>
    <bigram weight="1" > a liberty </bigram>
    <bigram weight="1" > from one </bigram>
    <bigram weight="1" > very mean </bigram>
    <bigram weight="1" > the flesh </bigram>
    <bigram weight="1" > will feel </bigram>
    <bigram weight="1" > be taken </bigram>
    <bigram weight="1" > woods ### </bigram>
    <bigram weight="1" > his active </bigram>
    <bigram weight="1" > of forty </bigram>
    <bigram weight="1" > townsmen as </bigram>
    <bigram weight="1" > others ms </bigram>
    <bigram weight="1" > answer couia </bigram>
    <bigram weight="1" > for putnam </bigram>
    <bigram weight="1" > right ### </bigram>
    <bigram weight="1" > immortal as </bigram>
    <bigram weight="1" > quite omitted </bigram>
    <bigram weight="1" > saunterer readers </bigram>
    <bigram weight="1" > adhering to </bigram>
    <bigram weight="1" > thereupon thoreau </bigram>
    <bigram weight="1" > the priest </bigram>
    <bigram weight="1" > the sxterior </bigram>
    <bigram weight="1" > vehemently expressing </bigram>
    <bigram weight="1" > he never </bigram>
    <bigram weight="1" > this omission </bigram>
    <bigram weight="1" > ### essays </bigram>
    <bigram weight="1" > morality rather </bigram>
    <bigram weight="1" > was revealed </bigram>
    <bigram weight="1" > ### after </bigram>
    <bigram weight="1" > after discovering </bigram>
    <bigram weight="1" > ### ana </bigram>
    <bigram weight="1" > man tfho </bigram>
    <bigram weight="1" > his actions </bigram>
    <bigram weight="1" > and unpaid </bigram>
    <bigram weight="1" > dollars ### </bigram>
    <bigram weight="1" > thoreau the </bigram>
    <bigram weight="1" > here ### </bigram>
    <bigram weight="1" > dubious reputation </bigram>
    <bigram weight="1" > cape cod </bigram>
    <bigram weight="1" > of being </bigram>
    <bigram weight="1" > boyhood playmates </bigram>
    <bigram weight="1" > examples ### </bigram>
    <bigram weight="1" > not to </bigram>
    <bigram weight="1" > not sure </bigram>
    <bigram weight="1" > actions or </bigram>
    <bigram weight="1" > ### wrote </bigram>
    <bigram weight="1" > in adhering </bigram>
    <bigram weight="1" > are fami </bigram>
    <bigram weight="1" > the interested </bigram>
    <bigram weight="1" > remembered years </bigram>
    <bigram weight="1" > the reason </bigram>
</article>
