<?xml version="1.0" encoding="UTF-8"?>
<article id="10.2307/23394002" >
    <bigram weight="38" > ### # </bigram>
    <bigram weight="23" > ### ### </bigram>
    <bigram weight="16" > # ### </bigram>
    <bigram weight="14" > ## ### </bigram>
    <bigram weight="10" > of the </bigram>
    <bigram weight="10" > ### and </bigram>
    <bigram weight="7" > ### ## </bigram>
    <bigram weight="7" > ### thoreau </bigram>
    <bigram weight="7" > journal ### </bigram>
    <bigram weight="7" > ### journal </bigram>
    <bigram weight="7" > ### he </bigram>
    <bigram weight="6" > ### she </bigram>
    <bigram weight="6" > ### the </bigram>
    <bigram weight="6" > it was </bigram>
    <bigram weight="6" > that ### </bigram>
    <bigram weight="5" > ### february </bigram>
    <bigram weight="5" > february ## </bigram>
    <bigram weight="5" > ### a </bigram>
    <bigram weight="5" > ### with </bigram>
    <bigram weight="5" > ### it </bigram>
    <bigram weight="5" > ### s </bigram>
    <bigram weight="4" > she is </bigram>
    <bigram weight="4" > ### as </bigram>
    <bigram weight="4" > in the </bigram>
    <bigram weight="4" > min ### </bigram>
    <bigram weight="4" > # it </bigram>
    <bigram weight="4" > on the </bigram>
    <bigram weight="3" > thoreau and </bigram>
    <bigram weight="3" > the most </bigram>
    <bigram weight="3" > thoreau ### </bigram>
    <bigram weight="3" > and his </bigram>
    <bigram weight="3" > ### had </bigram>
    <bigram weight="3" > ### which </bigram>
    <bigram weight="3" > cats ### </bigram>
    <bigram weight="3" > neighbors ### </bigram>
    <bigram weight="3" > and ### </bigram>
    <bigram weight="3" > to the </bigram>
    <bigram weight="3" > as to </bigram>
    <bigram weight="3" > from the </bigram>
    <bigram weight="3" > a little </bigram>
    <bigram weight="3" > kitten ### </bigram>
    <bigram weight="3" > ### when </bigram>
    <bigram weight="2" > writes ### </bigram>
    <bigram weight="2" > a cat </bigram>
    <bigram weight="2" > it had </bigram>
    <bigram weight="2" > such a </bigram>
    <bigram weight="2" > head ### </bigram>
    <bigram weight="2" > his sister </bigram>
    <bigram weight="2" > tion ### </bigram>
    <bigram weight="2" > tail ### </bigram>
    <bigram weight="2" > the woods </bigram>
    <bigram weight="2" > the concord </bigram>
    <bigram weight="2" > pond ### </bigram>
    <bigram weight="2" > is as </bigram>
    <bigram weight="2" > with her </bigram>
    <bigram weight="2" > was a </bigram>
    <bigram weight="2" > is a </bigram>
    <bigram weight="2" > for his </bigram>
    <bigram weight="2" > room ### </bigram>
    <bigram weight="2" > mewing ### </bigram>
    <bigram weight="2" > # its </bigram>
    <bigram weight="2" > the house </bigram>
    <bigram weight="2" > more than </bigram>
    <bigram weight="2" > thoreau writes </bigram>
    <bigram weight="2" > to his </bigram>
    <bigram weight="2" > raised its </bigram>
    <bigram weight="2" > ### half </bigram>
    <bigram weight="2" > me ### </bigram>
    <bigram weight="2" > at the </bigram>
    <bigram weight="2" > in henry </bigram>
    <bigram weight="2" > of a </bigram>
    <bigram weight="2" > window ### </bigram>
    <bigram weight="2" > boat ### </bigram>
    <bigram weight="2" > # thoreau </bigram>
    <bigram weight="2" > about cats </bigram>
    <bigram weight="2" > the room </bigram>
    <bigram weight="2" > with a </bigram>
    <bigram weight="2" > a ### </bigram>
    <bigram weight="2" > one of </bigram>
    <bigram weight="2" > with these </bigram>
    <bigram weight="2" > these animals </bigram>
    <bigram weight="2" > when she </bigram>
    <bigram weight="2" > ### for </bigram>
    <bigram weight="2" > cats that </bigram>
    <bigram weight="2" > the cat </bigram>
    <bigram weight="2" > the kitten </bigram>
    <bigram weight="2" > ### brute </bigram>
    <bigram weight="2" > the window </bigram>
    <bigram weight="2" > as much </bigram>
    <bigram weight="2" > with the </bigram>
    <bigram weight="2" > of provincetown </bigram>
    <bigram weight="2" > to be </bigram>
    <bigram weight="2" > cat ### </bigram>
    <bigram weight="2" > ### is </bigram>
    <bigram weight="2" > a kitten </bigram>
    <bigram weight="2" > brute neighbors </bigram>
    <bigram weight="2" > early one </bigram>
    <bigram weight="2" > her tail </bigram>
    <bigram weight="2" > on his </bigram>
    <bigram weight="2" > leaped from </bigram>
    <bigram weight="2" > ### quite </bigram>
    <bigram weight="2" > with amusement </bigram>
    <bigram weight="2" > # she </bigram>
    <bigram weight="2" > ### its </bigram>
    <bigram weight="2" > ### was </bigram>
    <bigram weight="2" > woods ### </bigram>
    <bigram weight="2" > of its </bigram>
    <bigram weight="2" > round the </bigram>
    <bigram weight="1" > distress ### </bigram>
    <bigram weight="1" > was playing </bigram>
    <bigram weight="1" > much rejoicing </bigram>
    <bigram weight="1" > conducive to </bigram>
    <bigram weight="1" > half asleep </bigram>
    <bigram weight="1" > mink ### </bigram>
    <bigram weight="1" > on a </bigram>
    <bigram weight="1" > mosquitoes on </bigram>
    <bigram weight="1" > than the </bigram>
    <bigram weight="1" > the two </bigram>
    <bigram weight="1" > # how </bigram>
    <bigram weight="1" > most charming </bigram>
    <bigram weight="1" > nights ### </bigram>
    <bigram weight="1" > confessed that </bigram>
    <bigram weight="1" > interest in </bigram>
    <bigram weight="1" > kitten is </bigram>
    <bigram weight="1" > his sur </bigram>
    <bigram weight="1" > awakening the </bigram>
    <bigram weight="1" > does not </bigram>
    <bigram weight="1" > has lain </bigram>
    <bigram weight="1" > you tread </bigram>
    <bigram weight="1" > never hit </bigram>
    <bigram weight="1" > frisky ### </bigram>
    <bigram weight="1" > ### early </bigram>
    <bigram weight="1" > flights of </bigram>
    <bigram weight="1" > and were </bigram>
    <bigram weight="1" > it ### </bigram>
    <bigram weight="1" > that belong </bigram>
    <bigram weight="1" > they heard </bigram>
    <bigram weight="1" > # but </bigram>
    <bigram weight="1" > fascinated with </bigram>
    <bigram weight="1" > lithe bodies </bigram>
    <bigram weight="1" > became interested </bigram>
    <bigram weight="1" > # smitten </bigram>
    <bigram weight="1" > trips to </bigram>
    <bigram weight="1" > than that </bigram>
    <bigram weight="1" > words in </bigram>
    <bigram weight="1" > their mother </bigram>
    <bigram weight="1" > young mathematician </bigram>
    <bigram weight="1" > travels about </bigram>
    <bigram weight="1" > of stairs </bigram>
    <bigram weight="1" > gestures which </bigram>
    <bigram weight="1" > it home </bigram>
    <bigram weight="1" > town ### </bigram>
    <bigram weight="1" > by milton </bigram>
    <bigram weight="1" > tip of </bigram>
    <bigram weight="1" > its hills </bigram>
    <bigram weight="1" > became louder </bigram>
    <bigram weight="1" > saved itself </bigram>
    <bigram weight="1" > in distress </bigram>
    <bigram weight="1" > has been </bigram>
    <bigram weight="1" > thoreau profile </bigram>
    <bigram weight="1" > sophia were </bigram>
    <bigram weight="1" > sweeping the </bigram>
    <bigram weight="1" > ing her </bigram>
    <bigram weight="1" > he described </bigram>
    <bigram weight="1" > river ### </bigram>
    <bigram weight="1" > her interest </bigram>
    <bigram weight="1" > how it </bigram>
    <bigram weight="1" > that of </bigram>
    <bigram weight="1" > after much </bigram>
    <bigram weight="1" > and leaped </bigram>
    <bigram weight="1" > most often </bigram>
    <bigram weight="1" > warmed milk </bigram>
    <bigram weight="1" > sister sophia </bigram>
    <bigram weight="1" > her kittens </bigram>
    <bigram weight="1" > regular part </bigram>
    <bigram weight="1" > tail # </bigram>
    <bigram weight="1" > min has </bigram>
    <bigram weight="1" > proves herself </bigram>
    <bigram weight="1" > to them </bigram>
    <bigram weight="1" > milton ### </bigram>
    <bigram weight="1" > the roof </bigram>
    <bigram weight="1" > very precocious </bigram>
    <bigram weight="1" > could purr </bigram>
    <bigram weight="1" > on that </bigram>
    <bigram weight="1" > betray her </bigram>
    <bigram weight="1" > length ### </bigram>
    <bigram weight="1" > while living </bigram>
    <bigram weight="1" > he meets </bigram>
    <bigram weight="1" > now and </bigram>
    <bigram weight="1" > school teacher </bigram>
    <bigram weight="1" > speculation among </bigram>
    <bigram weight="1" > # as </bigram>
    <bigram weight="1" > apple orchard </bigram>
    <bigram weight="1" > its back </bigram>
    <bigram weight="1" > the journals </bigram>
    <bigram weight="1" > ### their </bigram>
    <bigram weight="1" > a night </bigram>
    <bigram weight="1" > which by </bigram>
    <bigram weight="1" > long from </bigram>
    <bigram weight="1" > as if </bigram>
    <bigram weight="1" > was then </bigram>
    <bigram weight="1" > thoreau observes </bigram>
    <bigram weight="1" > closer observa </bigram>
    <bigram weight="1" > may ## </bigram>
    <bigram weight="1" > most delightful </bigram>
    <bigram weight="1" > household ### </bigram>
    <bigram weight="1" > sur prise </bigram>
    <bigram weight="1" > fallen within </bigram>
    <bigram weight="1" > saucers of </bigram>
    <bigram weight="1" > # once </bigram>
    <bigram weight="1" > denly went </bigram>
    <bigram weight="1" > she read </bigram>
    <bigram weight="1" > thoreau also </bigram>
    <bigram weight="1" > as at </bigram>
    <bigram weight="1" > the aid </bigram>
    <bigram weight="1" > s broom </bigram>
    <bigram weight="1" > playfulness ### </bigram>
    <bigram weight="1" > herself more </bigram>
    <bigram weight="1" > concord neighbors </bigram>
    <bigram weight="1" > dination which </bigram>
    <bigram weight="1" > came scrambling </bigram>
    <bigram weight="1" > a noise </bigram>
    <bigram weight="1" > danger ### </bigram>
    <bigram weight="1" > s most </bigram>
    <bigram weight="1" > weak legs </bigram>
    <bigram weight="1" > # a </bigram>
    <bigram weight="1" > its weak </bigram>
    <bigram weight="1" > numerous references </bigram>
    <bigram weight="1" > had ### </bigram>
    <bigram weight="1" > i saw </bigram>
    <bigram weight="1" > j ### </bigram>
    <bigram weight="1" > those that </bigram>
    <bigram weight="1" > considerably more </bigram>
    <bigram weight="1" > objects far </bigram>
    <bigram weight="1" > small ### </bigram>
    <bigram weight="1" > and walter </bigram>
    <bigram weight="1" > and vibrations </bigram>
    <bigram weight="1" > home immediately </bigram>
    <bigram weight="1" > and success </bigram>
    <bigram weight="1" > steadily at </bigram>
    <bigram weight="1" > ### first </bigram>
    <bigram weight="1" > condition ### </bigram>
    <bigram weight="1" > surprise was </bigram>
    <bigram weight="1" > home in </bigram>
    <bigram weight="1" > again about </bigram>
    <bigram weight="1" > house and </bigram>
    <bigram weight="1" > the fore </bigram>
    <bigram weight="1" > be such </bigram>
    <bigram weight="1" > thp wave </bigram>
    <bigram weight="1" > well as </bigram>
    <bigram weight="1" > as for </bigram>
    <bigram weight="1" > have read </bigram>
    <bigram weight="1" > and he </bigram>
    <bigram weight="1" > any house </bigram>
    <bigram weight="1" > till you </bigram>
    <bigram weight="1" > going on </bigram>
    <bigram weight="1" > all the </bigram>
    <bigram weight="1" > roof within </bigram>
    <bigram weight="1" > then at </bigram>
    <bigram weight="1" > much as </bigram>
    <bigram weight="1" > who first </bigram>
    <bigram weight="1" > much speculation </bigram>
    <bigram weight="1" > asleep ### </bigram>
    <bigram weight="1" > concluded that </bigram>
    <bigram weight="1" > nor was </bigram>
    <bigram weight="1" > swellings and </bigram>
    <bigram weight="1" > is so </bigram>
    <bigram weight="1" > few inches </bigram>
    <bigram weight="1" > her till </bigram>
    <bigram weight="1" > parlor ### </bigram>
    <bigram weight="1" > haste to </bigram>
    <bigram weight="1" > regular inhabitants </bigram>
    <bigram weight="1" > sleep in </bigram>
    <bigram weight="1" > s favorite </bigram>
    <bigram weight="1" > equivalent to </bigram>
    <bigram weight="1" > to that </bigram>
    <bigram weight="1" > by speaking </bigram>
    <bigram weight="1" > examined the </bigram>
    <bigram weight="1" > a young </bigram>
    <bigram weight="1" > to hear </bigram>
    <bigram weight="1" > member with </bigram>
    <bigram weight="1" > approached the </bigram>
    <bigram weight="1" > snow a </bigram>
    <bigram weight="1" > the cats </bigram>
    <bigram weight="1" > dot of </bigram>
    <bigram weight="1" > berrying in </bigram>
    <bigram weight="1" > yet it </bigram>
    <bigram weight="1" > he confessed </bigram>
    <bigram weight="1" > divinely and </bigram>
    <bigram weight="1" > s quick </bigram>
    <bigram weight="1" > all ### </bigram>
    <bigram weight="1" > only the </bigram>
    <bigram weight="1" > one third </bigram>
    <bigram weight="1" > house ### </bigram>
    <bigram weight="1" > attic window </bigram>
    <bigram weight="1" > eloquent she </bigram>
    <bigram weight="1" > all thp </bigram>
    <bigram weight="1" > neighboring roof </bigram>
    <bigram weight="1" > morning when </bigram>
    <bigram weight="1" > all her </bigram>
    <bigram weight="1" > to mine </bigram>
    <bigram weight="1" > one special </bigram>
    <bigram weight="1" > his soecial </bigram>
    <bigram weight="1" > flexible that </bigram>
    <bigram weight="1" > henry moreau </bigram>
    <bigram weight="1" > there on </bigram>
    <bigram weight="1" > his numerous </bigram>
    <bigram weight="1" > most domestic </bigram>
    <bigram weight="1" > hailed a </bigram>
    <bigram weight="1" > these final </bigram>
    <bigram weight="1" > eloquent tail </bigram>
    <bigram weight="1" > best that </bigram>
    <bigram weight="1" > and shoes </bigram>
    <bigram weight="1" > and then </bigram>
    <bigram weight="1" > rat nf </bigram>
    <bigram weight="1" > a thoreau </bigram>
    <bigram weight="1" > ### perambulating </bigram>
    <bigram weight="1" > feet belonging </bigram>
    <bigram weight="1" > ears to </bigram>
    <bigram weight="1" > my head </bigram>
    <bigram weight="1" > powers and </bigram>
    <bigram weight="1" > walking along </bigram>
    <bigram weight="1" > ### straight </bigram>
    <bigram weight="1" > look out </bigram>
    <bigram weight="1" > the roofs </bigram>
    <bigram weight="1" > ### dashed </bigram>
    <bigram weight="1" > foot to </bigram>
    <bigram weight="1" > animals their </bigram>
    <bigram weight="1" > would permit </bigram>
    <bigram weight="1" > as they </bigram>
    <bigram weight="1" > among the </bigram>
    <bigram weight="1" > came ### </bigram>
    <bigram weight="1" > # leaving </bigram>
    <bigram weight="1" > a mink </bigram>
    <bigram weight="1" > which ### </bigram>
    <bigram weight="1" > animals on </bigram>
    <bigram weight="1" > the mosquitoes </bigram>
    <bigram weight="1" > part of </bigram>
    <bigram weight="1" > she can </bigram>
    <bigram weight="1" > ### at </bigram>
    <bigram weight="1" > the family </bigram>
    <bigram weight="1" > as one </bigram>
    <bigram weight="1" > of these </bigram>
    <bigram weight="1" > to rub </bigram>
    <bigram weight="1" > vibrations # </bigram>
    <bigram weight="1" > the stony </bigram>
    <bigram weight="1" > remembered that </bigram>
    <bigram weight="1" > in all </bigram>
    <bigram weight="1" > passed round </bigram>
    <bigram weight="1" > prise that </bigram>
    <bigram weight="1" > return of </bigram>
    <bigram weight="1" > various adven </bigram>
    <bigram weight="1" > and very </bigram>
    <bigram weight="1" > particularly impressed </bigram>
    <bigram weight="1" > perambulating the </bigram>
    <bigram weight="1" > is almost </bigram>
    <bigram weight="1" > fed with </bigram>
    <bigram weight="1" > at me </bigram>
    <bigram weight="1" > perform ance </bigram>
    <bigram weight="1" > # ## </bigram>
    <bigram weight="1" > about town </bigram>
    <bigram weight="1" > harding ### </bigram>
    <bigram weight="1" > even playful </bigram>
    <bigram weight="1" > henry david </bigram>
    <bigram weight="1" > absence of </bigram>
    <bigram weight="1" > also noted </bigram>
    <bigram weight="1" > of ### </bigram>
    <bigram weight="1" > turn ing </bigram>
    <bigram weight="1" > ### min </bigram>
    <bigram weight="1" > ### writer </bigram>
    <bigram weight="1" > happy com </bigram>
    <bigram weight="1" > ### you </bigram>
    <bigram weight="1" > door being </bigram>
    <bigram weight="1" > example ### </bigram>
    <bigram weight="1" > hear what </bigram>
    <bigram weight="1" > her mewing </bigram>
    <bigram weight="1" > belongs to </bigram>
    <bigram weight="1" > distance from </bigram>
    <bigram weight="1" > dashed round </bigram>
    <bigram weight="1" > smitten by </bigram>
    <bigram weight="1" > cat min </bigram>
    <bigram weight="1" > ### nor </bigram>
    <bigram weight="1" > delightful are </bigram>
    <bigram weight="1" > up and </bigram>
    <bigram weight="1" > hind parts </bigram>
    <bigram weight="1" > the thoreau </bigram>
    <bigram weight="1" > and sound </bigram>
    <bigram weight="1" > the prodigal </bigram>
    <bigram weight="1" > concord cats </bigram>
    <bigram weight="1" > kitten with </bigram>
    <bigram weight="1" > to me </bigram>
    <bigram weight="1" > the way </bigram>
    <bigram weight="1" > still midnight </bigram>
    <bigram weight="1" > kittens ### </bigram>
    <bigram weight="1" > evening ### </bigram>
    <bigram weight="1" > to cape </bigram>
    <bigram weight="1" > on its </bigram>
    <bigram weight="1" > wave nf </bigram>
    <bigram weight="1" > june ## </bigram>
    <bigram weight="1" > to meet </bigram>
    <bigram weight="1" > quite well </bigram>
    <bigram weight="1" > and they </bigram>
    <bigram weight="1" > and specu </bigram>
    <bigram weight="1" > to how </bigram>
    <bigram weight="1" > one february </bigram>
    <bigram weight="1" > had all </bigram>
    <bigram weight="1" > years ### </bigram>
    <bigram weight="1" > were a </bigram>
    <bigram weight="1" > rejoicing as </bigram>
    <bigram weight="1" > final words </bigram>
    <bigram weight="1" > feet passed </bigram>
    <bigram weight="1" > skimmed j </bigram>
    <bigram weight="1" > hen ### </bigram>
    <bigram weight="1" > besides min </bigram>
    <bigram weight="1" > ### note </bigram>
    <bigram weight="1" > s atten </bigram>
    <bigram weight="1" > saw a </bigram>
    <bigram weight="1" > in perfectly </bigram>
    <bigram weight="1" > a mere </bigram>
    <bigram weight="1" > meets on </bigram>
    <bigram weight="1" > walden ### </bigram>
    <bigram weight="1" > crumbs ### </bigram>
    <bigram weight="1" > her gaze </bigram>
    <bigram weight="1" > an apple </bigram>
    <bigram weight="1" > its breadth </bigram>
    <bigram weight="1" > sound became </bigram>
    <bigram weight="1" > read a </bigram>
    <bigram weight="1" > he discovered </bigram>
    <bigram weight="1" > ### by </bigram>
    <bigram weight="1" > a few </bigram>
    <bigram weight="1" > noise as </bigram>
    <bigram weight="1" > former school </bigram>
    <bigram weight="1" > in one </bigram>
    <bigram weight="1" > observa tion </bigram>
    <bigram weight="1" > mere wrack </bigram>
    <bigram weight="1" > of cats </bigram>
    <bigram weight="1" > to swarm </bigram>
    <bigram weight="1" > ### maiden </bigram>
    <bigram weight="1" > third of </bigram>
    <bigram weight="1" > family as </bigram>
    <bigram weight="1" > young muskrat </bigram>
    <bigram weight="1" > as well </bigram>
    <bigram weight="1" > that her </bigram>
    <bigram weight="1" > that seemed </bigram>
    <bigram weight="1" > good condition </bigram>
    <bigram weight="1" > about noon </bigram>
    <bigram weight="1" > animal of </bigram>
    <bigram weight="1" > summits of </bigram>
    <bigram weight="1" > stones as </bigram>
    <bigram weight="1" > within two </bigram>
    <bigram weight="1" > is conducive </bigram>
    <bigram weight="1" > barbara barkesian </bigram>
    <bigram weight="1" > upon it </bigram>
    <bigram weight="1" > up her </bigram>
    <bigram weight="1" > but ### </bigram>
    <bigram weight="1" > every point </bigram>
    <bigram weight="1" > and raised </bigram>
    <bigram weight="1" > that i </bigram>
    <bigram weight="1" > over and </bigram>
    <bigram weight="1" > playful and </bigram>
    <bigram weight="1" > it appears </bigram>
    <bigram weight="1" > her days </bigram>
    <bigram weight="1" > it came </bigram>
    <bigram weight="1" > impressed by </bigram>
    <bigram weight="1" > subject ### </bigram>
    <bigram weight="1" > of min </bigram>
    <bigram weight="1" > which he </bigram>
    <bigram weight="1" > # now </bigram>
    <bigram weight="1" > as fast </bigram>
    <bigram weight="1" > tail is </bigram>
    <bigram weight="1" > from any </bigram>
    <bigram weight="1" > recuperative powers </bigram>
    <bigram weight="1" > the stealthy </bigram>
    <bigram weight="1" > special cat </bigram>
    <bigram weight="1" > with sophia </bigram>
    <bigram weight="1" > being in </bigram>
    <bigram weight="1" > appear to </bigram>
    <bigram weight="1" > ### adaptability </bigram>
    <bigram weight="1" > sure to </bigram>
    <bigram weight="1" > was it </bigram>
    <bigram weight="1" > of looking </bigram>
    <bigram weight="1" > took it </bigram>
    <bigram weight="1" > cats in </bigram>
    <bigram weight="1" > natural history </bigram>
    <bigram weight="1" > louder ### </bigram>
    <bigram weight="1" > see a </bigram>
    <bigram weight="1" > for example </bigram>
    <bigram weight="1" > at still </bigram>
    <bigram weight="1" > morning ### </bigram>
    <bigram weight="1" > its sudden </bigram>
    <bigram weight="1" > with an </bigram>
    <bigram weight="1" > all laps </bigram>
    <bigram weight="1" > survey by </bigram>
    <bigram weight="1" > back to </bigram>
    <bigram weight="1" > of padded </bigram>
    <bigram weight="1" > leaving its </bigram>
    <bigram weight="1" > is on </bigram>
    <bigram weight="1" > this side </bigram>
    <bigram weight="1" > also refers </bigram>
    <bigram weight="1" > consider able </bigram>
    <bigram weight="1" > domestic cat </bigram>
    <bigram weight="1" > words about </bigram>
    <bigram weight="1" > its length </bigram>
    <bigram weight="1" > been ### </bigram>
    <bigram weight="1" > of warmed </bigram>
    <bigram weight="1" > nusician that </bigram>
    <bigram weight="1" > ### that </bigram>
    <bigram weight="1" > ### perhaps </bigram>
    <bigram weight="1" > min s </bigram>
    <bigram weight="1" > our young </bigram>
    <bigram weight="1" > observes ### </bigram>
    <bigram weight="1" > stealthy tread </bigram>
    <bigram weight="1" > a happy </bigram>
    <bigram weight="1" > but she </bigram>
    <bigram weight="1" > parts are </bigram>
    <bigram weight="1" > broom this </bigram>
    <bigram weight="1" > once while </bigram>
    <bigram weight="1" > writes most </bigram>
    <bigram weight="1" > she loves </bigram>
    <bigram weight="1" > what she </bigram>
    <bigram weight="1" > house with </bigram>
    <bigram weight="1" > she made </bigram>
    <bigram weight="1" > and saved </bigram>
    <bigram weight="1" > her survey </bigram>
    <bigram weight="1" > the door </bigram>
    <bigram weight="1" > ### cats </bigram>
    <bigram weight="1" > of un </bigram>
    <bigram weight="1" > ## there </bigram>
    <bigram weight="1" > boots and </bigram>
    <bigram weight="1" > discovered to </bigram>
    <bigram weight="1" > and saucers </bigram>
    <bigram weight="1" > was fascinated </bigram>
    <bigram weight="1" > heard a </bigram>
    <bigram weight="1" > swarm on </bigram>
    <bigram weight="1" > his travels </bigram>
    <bigram weight="1" > intelligence ### </bigram>
    <bigram weight="1" > their backs </bigram>
    <bigram weight="1" > he also </bigram>
    <bigram weight="1" > of her </bigram>
    <bigram weight="1" > reserved for </bigram>
    <bigram weight="1" > a distance </bigram>
    <bigram weight="1" > living at </bigram>
    <bigram weight="1" > black animal </bigram>
    <bigram weight="1" > soecial fondness </bigram>
    <bigram weight="1" > cat our </bigram>
    <bigram weight="1" > a sharp </bigram>
    <bigram weight="1" > mrs ### </bigram>
    <bigram weight="1" > amusement that </bigram>
    <bigram weight="1" > # there </bigram>
    <bigram weight="1" > maltese cat </bigram>
    <bigram weight="1" > lelzer and </bigram>
    <bigram weight="1" > noted ### </bigram>
    <bigram weight="1" > ### they </bigram>
    <bigram weight="1" > be with </bigram>
    <bigram weight="1" > lain on </bigram>
    <bigram weight="1" > two flights </bigram>
    <bigram weight="1" > thoreau sums </bigram>
    <bigram weight="1" > the shore </bigram>
    <bigram weight="1" > references to </bigram>
    <bigram weight="1" > sound in </bigram>
    <bigram weight="1" > behavior ### </bigram>
    <bigram weight="1" > was sure </bigram>
    <bigram weight="1" > ### yet </bigram>
    <bigram weight="1" > that the </bigram>
    <bigram weight="1" > history of </bigram>
    <bigram weight="1" > immediately ### </bigram>
    <bigram weight="1" > un stinted </bigram>
    <bigram weight="1" > night in </bigram>
    <bigram weight="1" > two feet </bigram>
    <bigram weight="1" > lost ### </bigram>
    <bigram weight="1" > floor ### </bigram>
    <bigram weight="1" > ### could </bigram>
    <bigram weight="1" > the summits </bigram>
    <bigram weight="1" > that he </bigram>
    <bigram weight="1" > about one </bigram>
    <bigram weight="1" > tho riaturest </bigram>
    <bigram weight="1" > one returned </bigram>
    <bigram weight="1" > of milk </bigram>
    <bigram weight="1" > says ### </bigram>
    <bigram weight="1" > the face </bigram>
    <bigram weight="1" > mother ### </bigram>
    <bigram weight="1" > stinted sleep </bigram>
    <bigram weight="1" > one particular </bigram>
    <bigram weight="1" > then one </bigram>
    <bigram weight="1" > and her </bigram>
    <bigram weight="1" > a doubt </bigram>
    <bigram weight="1" > than we </bigram>
    <bigram weight="1" > most captivating </bigram>
    <bigram weight="1" > that occasion </bigram>
    <bigram weight="1" > rug all </bigram>
    <bigram weight="1" > bodies ### </bigram>
    <bigram weight="1" > laps in </bigram>
    <bigram weight="1" > sharp nose </bigram>
    <bigram weight="1" > captivating anecdote </bigram>
    <bigram weight="1" > some animal </bigram>
    <bigram weight="1" > its travels </bigram>
    <bigram weight="1" > fondness for </bigram>
    <bigram weight="1" > to see </bigram>
    <bigram weight="1" > wild ### </bigram>
    <bigram weight="1" > from his </bigram>
    <bigram weight="1" > its perform </bigram>
    <bigram weight="1" > the hind </bigram>
    <bigram weight="1" > david thoreau </bigram>
    <bigram weight="1" > ### i </bigram>
    <bigram weight="1" > window to </bigram>
    <bigram weight="1" > ### appears </bigram>
    <bigram weight="1" > sly and </bigram>
    <bigram weight="1" > nf a </bigram>
    <bigram weight="1" > than one </bigram>
    <bigram weight="1" > he is </bigram>
    <bigram weight="1" > rub all </bigram>
    <bigram weight="1" > my knowledge </bigram>
    <bigram weight="1" > minced meats </bigram>
    <bigram weight="1" > than twenty </bigram>
    <bigram weight="1" > infinitely small </bigram>
    <bigram weight="1" > no ### </bigram>
    <bigram weight="1" > she sud </bigram>
    <bigram weight="1" > she sees </bigram>
    <bigram weight="1" > happened to </bigram>
    <bigram weight="1" > may evening </bigram>
    <bigram weight="1" > descriptive powers </bigram>
    <bigram weight="1" > the parlor </bigram>
    <bigram weight="1" > that ## </bigram>
    <bigram weight="1" > loves to </bigram>
    <bigram weight="1" > this morning </bigram>
    <bigram weight="1" > to look </bigram>
    <bigram weight="1" > sarkesian of </bigram>
    <bigram weight="1" > another kitten </bigram>
    <bigram weight="1" > pale blue </bigram>
    <bigram weight="1" > fore part </bigram>
    <bigram weight="1" > a rug </bigram>
    <bigram weight="1" > or nusician </bigram>
    <bigram weight="1" > a window </bigram>
    <bigram weight="1" > ### innocent </bigram>
    <bigram weight="1" > and frisky </bigram>
    <bigram weight="1" > are reserved </bigram>
    <bigram weight="1" > ## i </bigram>
    <bigram weight="1" > that caught </bigram>
    <bigram weight="1" > amusement ### </bigram>
    <bigram weight="1" > kittens ever </bigram>
    <bigram weight="1" > stony shore </bigram>
    <bigram weight="1" > tribe ### </bigram>
    <bigram weight="1" > nf tho </bigram>
    <bigram weight="1" > atten tion </bigram>
    <bigram weight="1" > returned from </bigram>
    <bigram weight="1" > that kittens </bigram>
    <bigram weight="1" > of five </bigram>
    <bigram weight="1" > a neighboring </bigram>
    <bigram weight="1" > how eloquent </bigram>
    <bigram weight="1" > her ears </bigram>
    <bigram weight="1" > ### may </bigram>
    <bigram weight="1" > meet the </bigram>
    <bigram weight="1" > a sound </bigram>
    <bigram weight="1" > as its </bigram>
    <bigram weight="1" > amount of </bigram>
    <bigram weight="1" > mathematician or </bigram>
    <bigram weight="1" > the attics </bigram>
    <bigram weight="1" > and louder </bigram>
    <bigram weight="1" > doubt ### </bigram>
    <bigram weight="1" > # watching </bigram>
    <bigram weight="1" > backs up </bigram>
    <bigram weight="1" > their lithe </bigram>
    <bigram weight="1" > moreau when </bigram>
    <bigram weight="1" > you hear </bigram>
    <bigram weight="1" > little more </bigram>
    <bigram weight="1" > interested in </bigram>
    <bigram weight="1" > a regular </bigram>
    <bigram weight="1" > cat and </bigram>
    <bigram weight="1" > able thereby </bigram>
    <bigram weight="1" > # on </bigram>
    <bigram weight="1" > first turn </bigram>
    <bigram weight="1" > nore wonderful </bigram>
    <bigram weight="1" > your head </bigram>
    <bigram weight="1" > she bends </bigram>
    <bigram weight="1" > an absence </bigram>
    <bigram weight="1" > cats appear </bigram>
    <bigram weight="1" > # no </bigram>
    <bigram weight="1" > com dination </bigram>
    <bigram weight="1" > meats and </bigram>
    <bigram weight="1" > straight to </bigram>
    <bigram weight="1" > nose and </bigram>
    <bigram weight="1" > was mutual </bigram>
    <bigram weight="1" > milk ### </bigram>
    <bigram weight="1" > ### every </bigram>
    <bigram weight="1" > extremely pale </bigram>
    <bigram weight="1" > million words </bigram>
    <bigram weight="1" > startled one </bigram>
    <bigram weight="1" > had their </bigram>
    <bigram weight="1" > ### like </bigram>
    <bigram weight="1" > stairs and </bigram>
    <bigram weight="1" > one may </bigram>
    <bigram weight="1" > she says </bigram>
    <bigram weight="1" > s descriptive </bigram>
    <bigram weight="1" > every now </bigram>
    <bigram weight="1" > when ### </bigram>
    <bigram weight="1" > sarkesian lives </bigram>
    <bigram weight="1" > ### pd </bigram>
    <bigram weight="1" > fast as </bigram>
    <bigram weight="1" > journals ### </bigram>
    <bigram weight="1" > writer ### </bigram>
    <bigram weight="1" > like their </bigram>
    <bigram weight="1" > she was </bigram>
    <bigram weight="1" > eyes ### </bigram>
    <bigram weight="1" > shore ### </bigram>
    <bigram weight="1" > teacher who </bigram>
    <bigram weight="1" > by her </bigram>
    <bigram weight="1" > foundling ### </bigram>
    <bigram weight="1" > prodigal son </bigram>
    <bigram weight="1" > adven tures </bigram>
    <bigram weight="1" > sees ### </bigram>
    <bigram weight="1" > stealthy behavior </bigram>
    <bigram weight="1" > bones ### </bigram>
    <bigram weight="1" > by barbara </bigram>
    <bigram weight="1" > a very </bigram>
    <bigram weight="1" > ### added </bigram>
    <bigram weight="1" > very handsome </bigram>
    <bigram weight="1" > and all </bigram>
    <bigram weight="1" > back her </bigram>
    <bigram weight="1" > a fit </bigram>
    <bigram weight="1" > and a </bigram>
    <bigram weight="1" > to another </bigram>
    <bigram weight="1" > brook ### </bigram>
    <bigram weight="1" > a descent </bigram>
    <bigram weight="1" > as ### </bigram>
    <bigram weight="1" > spitting at </bigram>
    <bigram weight="1" > its foot </bigram>
    <bigram weight="1" > descent of </bigram>
    <bigram weight="1" > there than </bigram>
    <bigram weight="1" > looking out </bigram>
    <bigram weight="1" > her eloquent </bigram>
    <bigram weight="1" > by the </bigram>
    <bigram weight="1" > bends back </bigram>
    <bigram weight="1" > padded feet </bigram>
    <bigram weight="1" > sound that </bigram>
    <bigram weight="1" > ear ### </bigram>
    <bigram weight="1" > his concord </bigram>
    <bigram weight="1" > she returns </bigram>
    <bigram weight="1" > kittens were </bigram>
    <bigram weight="1" > the progress </bigram>
    <bigram weight="1" > is fed </bigram>
    <bigram weight="1" > lives in </bigram>
    <bigram weight="1" > all boots </bigram>
    <bigram weight="1" > little foundling </bigram>
    <bigram weight="1" > ### but </bigram>
    <bigram weight="1" > feet of </bigram>
    <bigram weight="1" > described as </bigram>
    <bigram weight="1" > thorpau nnt </bigram>
    <bigram weight="1" > perfectly good </bigram>
    <bigram weight="1" > read of </bigram>
    <bigram weight="1" > refers to </bigram>
    <bigram weight="1" > double ### </bigram>
    <bigram weight="1" > speaking gestures </bigram>
    <bigram weight="1" > tures is </bigram>
    <bigram weight="1" > be a </bigram>
    <bigram weight="1" > # thorpau </bigram>
    <bigram weight="1" > precocious kitten </bigram>
    <bigram weight="1" > so flexible </bigram>
    <bigram weight="1" > charming account </bigram>
    <bigram weight="1" > ### june </bigram>
    <bigram weight="1" > i have </bigram>
    <bigram weight="1" > to those </bigram>
    <bigram weight="1" > the whole </bigram>
    <bigram weight="1" > journals combines </bigram>
    <bigram weight="1" > his subject </bigram>
    <bigram weight="1" > and wiry </bigram>
    <bigram weight="1" > for the </bigram>
    <bigram weight="1" > them that </bigram>
    <bigram weight="1" > succession ### </bigram>
    <bigram weight="1" > the dead </bigram>
    <bigram weight="1" > ### even </bigram>
    <bigram weight="1" > ### sarkesian </bigram>
    <bigram weight="1" > dead ### </bigram>
    <bigram weight="1" > being considerably </bigram>
    <bigram weight="1" > being opened </bigram>
    <bigram weight="1" > thoreau was </bigram>
    <bigram weight="1" > part plays </bigram>
    <bigram weight="1" > and near </bigram>
    <bigram weight="1" > was smaller </bigram>
    <bigram weight="1" > cat tribe </bigram>
    <bigram weight="1" > appearance again </bigram>
    <bigram weight="1" > skin and </bigram>
    <bigram weight="1" > almost infinitely </bigram>
    <bigram weight="1" > he came </bigram>
    <bigram weight="1" > while berrying </bigram>
    <bigram weight="1" > to this </bigram>
    <bigram weight="1" > a catbird </bigram>
    <bigram weight="1" > sister examined </bigram>
    <bigram weight="1" > the sound </bigram>
    <bigram weight="1" > son ### </bigram>
    <bigram weight="1" > its age </bigram>
    <bigram weight="1" > fit ### </bigram>
    <bigram weight="1" > is fast </bigram>
    <bigram weight="1" > its life </bigram>
    <bigram weight="1" > the natural </bigram>
    <bigram weight="1" > adaptability ### </bigram>
    <bigram weight="1" > grown ### </bigram>
    <bigram weight="1" > ### while </bigram>
    <bigram weight="1" > often about </bigram>
    <bigram weight="1" > in danger </bigram>
    <bigram weight="1" > two million </bigram>
    <bigram weight="1" > noon ### </bigram>
    <bigram weight="1" > young maltese </bigram>
    <bigram weight="1" > along the </bigram>
    <bigram weight="1" > then ### </bigram>
    <bigram weight="1" > looks steadily </bigram>
    <bigram weight="1" > with which </bigram>
    <bigram weight="1" > anecdote about </bigram>
    <bigram weight="1" > scrambling over </bigram>
    <bigram weight="1" > roofs of </bigram>
    <bigram weight="1" > the boat </bigram>
    <bigram weight="1" > thoreau household </bigram>
    <bigram weight="1" > made her </bigram>
    <bigram weight="1" > february morning </bigram>
    <bigram weight="1" > provincetown like </bigram>
    <bigram weight="1" > appears from </bigram>
    <bigram weight="1" > added consider </bigram>
    <bigram weight="1" > which betray </bigram>
    <bigram weight="1" > was sweeping </bigram>
    <bigram weight="1" > five nights </bigram>
    <bigram weight="1" > of experience </bigram>
    <bigram weight="1" > well and </bigram>
    <bigram weight="1" > playing with </bigram>
    <bigram weight="1" > thrice skimmed </bigram>
    <bigram weight="1" > was nore </bigram>
    <bigram weight="1" > while her </bigram>
    <bigram weight="1" > country with </bigram>
    <bigram weight="1" > went into </bigram>
    <bigram weight="1" > ### walden </bigram>
    <bigram weight="1" > her appearance </bigram>
    <bigram weight="1" > where min </bigram>
    <bigram weight="1" > scratch its </bigram>
    <bigram weight="1" > blue eyes </bigram>
    <bigram weight="1" > his feelings </bigram>
    <bigram weight="1" > they all </bigram>
    <bigram weight="1" > orchard and </bigram>
    <bigram weight="1" > watching one </bigram>
    <bigram weight="1" > account of </bigram>
    <bigram weight="1" > observations of </bigram>
    <bigram weight="1" > with such </bigram>
    <bigram weight="1" > they approached </bigram>
    <bigram weight="1" > maiden ### </bigram>
    <bigram weight="1" > provincetown ### </bigram>
    <bigram weight="1" > breadth being </bigram>
    <bigram weight="1" > discover that </bigram>
    <bigram weight="1" > belonging to </bigram>
    <bigram weight="1" > on within </bigram>
    <bigram weight="1" > thoreau s </bigram>
    <bigram weight="1" > barbara sarkesian </bigram>
    <bigram weight="1" > way it </bigram>
    <bigram weight="1" > at objects </bigram>
    <bigram weight="1" > wiry tail </bigram>
    <bigram weight="1" > quite at </bigram>
    <bigram weight="1" > lated as </bigram>
    <bigram weight="1" > nnt ### </bigram>
    <bigram weight="1" > experience ### </bigram>
    <bigram weight="1" > permit ### </bigram>
    <bigram weight="1" > tread upon </bigram>
    <bigram weight="1" > whole house </bigram>
    <bigram weight="1" > travels leaped </bigram>
    <bigram weight="1" > cod ### </bigram>
    <bigram weight="1" > ance ### </bigram>
    <bigram weight="1" > it happened </bigram>
    <bigram weight="1" > the ice </bigram>
    <bigram weight="1" > ### without </bigram>
    <bigram weight="1" > roof on </bigram>
    <bigram weight="1" > window as </bigram>
    <bigram weight="1" > near ### </bigram>
    <bigram weight="1" > itself ### </bigram>
    <bigram weight="1" > the while </bigram>
    <bigram weight="1" > animal making </bigram>
    <bigram weight="1" > particular member </bigram>
    <bigram weight="1" > sauntering ### </bigram>
    <bigram weight="1" > to my </bigram>
    <bigram weight="1" > perhaps thoreau </bigram>
    <bigram weight="1" > cape cod </bigram>
    <bigram weight="1" > within the </bigram>
    <bigram weight="1" > was startled </bigram>
    <bigram weight="1" > mine ### </bigram>
    <bigram weight="1" > afternoon to </bigram>
    <bigram weight="1" > a former </bigram>
    <bigram weight="1" > profile by </bigram>
    <bigram weight="1" > aid of </bigram>
    <bigram weight="1" > now a </bigram>
    <bigram weight="1" > is reporting </bigram>
    <bigram weight="1" > up two </bigram>
    <bigram weight="1" > cat walking </bigram>
    <bigram weight="1" > life being </bigram>
    <bigram weight="1" > milk thrice </bigram>
    <bigram weight="1" > little black </bigram>
    <bigram weight="1" > innocent extremely </bigram>
    <bigram weight="1" > the floor </bigram>
    <bigram weight="1" > the ### </bigram>
    <bigram weight="1" > not discover </bigram>
    <bigram weight="1" > rowing on </bigram>
    <bigram weight="1" > after an </bigram>
    <bigram weight="1" > ### proves </bigram>
    <bigram weight="1" > if a </bigram>
    <bigram weight="1" > sud denly </bigram>
    <bigram weight="1" > carefully ### </bigram>
    <bigram weight="1" > by min </bigram>
    <bigram weight="1" > to her </bigram>
    <bigram weight="1" > ### grown </bigram>
    <bigram weight="1" > concord river </bigram>
    <bigram weight="1" > about the </bigram>
    <bigram weight="1" > mutual ### </bigram>
    <bigram weight="1" > the pond </bigram>
    <bigram weight="1" > almost double </bigram>
    <bigram weight="1" > roll on </bigram>
    <bigram weight="1" > reporting the </bigram>
    <bigram weight="1" > the return </bigram>
    <bigram weight="1" > and roll </bigram>
    <bigram weight="1" > of your </bigram>
    <bigram weight="1" > some of </bigram>
    <bigram weight="1" > favorite pastime </bigram>
    <bigram weight="1" > their intelligence </bigram>
    <bigram weight="1" > ### tip </bigram>
    <bigram weight="1" > note ### </bigram>
    <bigram weight="1" > scarcely six </bigram>
    <bigram weight="1" > one afternoon </bigram>
    <bigram weight="1" > side then </bigram>
    <bigram weight="1" > pastime of </bigram>
    <bigram weight="1" > to fall </bigram>
    <bigram weight="1" > ### considering </bigram>
    <bigram weight="1" > hit ### </bigram>
    <bigram weight="1" > from a </bigram>
    <bigram weight="1" > native there </bigram>
    <bigram weight="1" > noted with </bigram>
    <bigram weight="1" > by its </bigram>
    <bigram weight="1" > of any </bigram>
    <bigram weight="1" > its ### </bigram>
    <bigram weight="1" > kitten carefully </bigram>
    <bigram weight="1" > little dot </bigram>
    <bigram weight="1" > to ### </bigram>
    <bigram weight="1" > then to </bigram>
    <bigram weight="1" > of my </bigram>
    <bigram weight="1" > his observations </bigram>
    <bigram weight="1" > when it </bigram>
    <bigram weight="1" > are equivalent </bigram>
    <bigram weight="1" > barkesian is </bigram>
    <bigram weight="1" > picking up </bigram>
    <bigram weight="1" > several trips </bigram>
    <bigram weight="1" > when they </bigram>
    <bigram weight="1" > it never </bigram>
    <bigram weight="1" > which the </bigram>
    <bigram weight="1" > it raised </bigram>
    <bigram weight="1" > sums up </bigram>
    <bigram weight="1" > can be </bigram>
    <bigram weight="1" > ### in </bigram>
    <bigram weight="1" > special fascination </bigram>
    <bigram weight="1" > in what </bigram>
    <bigram weight="1" > a brook </bigram>
    <bigram weight="1" > that cats </bigram>
    <bigram weight="1" > point ### </bigram>
    <bigram weight="1" > tail belongs </bigram>
    <bigram weight="1" > as of </bigram>
    <bigram weight="1" > riaturest years </bigram>
    <bigram weight="1" > of skin </bigram>
    <bigram weight="1" > his several </bigram>
    <bigram weight="1" > opened ### </bigram>
    <bigram weight="1" > at home </bigram>
    <bigram weight="1" > that she </bigram>
    <bigram weight="1" > s various </bigram>
    <bigram weight="1" > without a </bigram>
    <bigram weight="1" > and stealthy </bigram>
    <bigram weight="1" > rushed up </bigram>
    <bigram weight="1" > is going </bigram>
    <bigram weight="1" > ### barbara </bigram>
    <bigram weight="1" > house affords </bigram>
    <bigram weight="1" > s journals </bigram>
    <bigram weight="1" > as she </bigram>
    <bigram weight="1" > he concluded </bigram>
    <bigram weight="1" > he writes </bigram>
    <bigram weight="1" > and was </bigram>
    <bigram weight="1" > shoes ### </bigram>
    <bigram weight="1" > he was </bigram>
    <bigram weight="1" > gossip ### </bigram>
    <bigram weight="1" > feelings about </bigram>
    <bigram weight="1" > tread of </bigram>
    <bigram weight="1" > her crumbs </bigram>
    <bigram weight="1" > awake ### </bigram>
    <bigram weight="1" > for she </bigram>
    <bigram weight="1" > the little </bigram>
    <bigram weight="1" > in every </bigram>
    <bigram weight="1" > the attic </bigram>
    <bigram weight="1" > midnight ### </bigram>
    <bigram weight="1" > into a </bigram>
    <bigram weight="1" > more native </bigram>
    <bigram weight="1" > the surprise </bigram>
    <bigram weight="1" > walden pond </bigram>
    <bigram weight="1" > ### some </bigram>
    <bigram weight="1" > occasion early </bigram>
    <bigram weight="1" > and noted </bigram>
    <bigram weight="1" > fall over </bigram>
    <bigram weight="1" > to where </bigram>
    <bigram weight="1" > its mewing </bigram>
    <bigram weight="1" > which has </bigram>
    <bigram weight="1" > ever tfere </bigram>
    <bigram weight="1" > wonderful than </bigram>
    <bigram weight="1" > a rat </bigram>
    <bigram weight="1" > seemed to </bigram>
    <bigram weight="1" > the best </bigram>
    <bigram weight="1" > and playfulness </bigram>
    <bigram weight="1" > making haste </bigram>
    <bigram weight="1" > fascination by </bigram>
    <bigram weight="1" > its ear </bigram>
    <bigram weight="1" > was lost </bigram>
    <bigram weight="1" > at walden </bigram>
    <bigram weight="1" > were fiercely </bigram>
    <bigram weight="1" > there is </bigram>
    <bigram weight="1" > is particularly </bigram>
    <bigram weight="1" > returns after </bigram>
    <bigram weight="1" > and cats </bigram>
    <bigram weight="1" > gaze to </bigram>
    <bigram weight="1" > and snow </bigram>
    <bigram weight="1" > in succession </bigram>
    <bigram weight="1" > legs would </bigram>
    <bigram weight="1" > on to </bigram>
    <bigram weight="1" > half awake </bigram>
    <bigram weight="1" > purr divinely </bigram>
    <bigram weight="1" > the country </bigram>
    <bigram weight="1" > fiercely spitting </bigram>
    <bigram weight="1" > a boat </bigram>
    <bigram weight="1" > days ### </bigram>
    <bigram weight="1" > tfere almost </bigram>
    <bigram weight="1" > appears quite </bigram>
    <bigram weight="1" > out a </bigram>
    <bigram weight="1" > her sly </bigram>
    <bigram weight="1" > face to </bigram>
    <bigram weight="1" > hills ### </bigram>
    <bigram weight="1" > inches of </bigram>
    <bigram weight="1" > or kittens </bigram>
    <bigram weight="1" > cats or </bigram>
    <bigram weight="1" > ### lelzer </bigram>
    <bigram weight="1" > twenty feet </bigram>
    <bigram weight="1" > catbird in </bigram>
    <bigram weight="1" > shore of </bigram>
    <bigram weight="1" > pd that </bigram>
    <bigram weight="1" > inches long </bigram>
    <bigram weight="1" > quick recuperative </bigram>
    <bigram weight="1" > knowledge of </bigram>
    <bigram weight="1" > ### minced </bigram>
    <bigram weight="1" > to some </bigram>
    <bigram weight="1" > they took </bigram>
    <bigram weight="1" > hear the </bigram>
    <bigram weight="1" > we remembered </bigram>
    <bigram weight="1" > success of </bigram>
    <bigram weight="1" > and amount </bigram>
    <bigram weight="1" > it only </bigram>
    <bigram weight="1" > age and </bigram>
    <bigram weight="1" > louder and </bigram>
    <bigram weight="1" > quite wild </bigram>
    <bigram weight="1" > ### besides </bigram>
    <bigram weight="1" > the regular </bigram>
    <bigram weight="1" > powers ### </bigram>
    <bigram weight="1" > the stones </bigram>
    <bigram weight="1" > and bones </bigram>
    <bigram weight="1" > caught thoreau </bigram>
    <bigram weight="1" > out the </bigram>
    <bigram weight="1" > i hen </bigram>
    <bigram weight="1" > within a </bigram>
    <bigram weight="1" > ### sauntering </bigram>
    <bigram weight="1" > fast picking </bigram>
    <bigram weight="1" > to scratch </bigram>
    <bigram weight="1" > ice and </bigram>
    <bigram weight="1" > smaller than </bigram>
    <bigram weight="1" > a special </bigram>
    <bigram weight="1" > thereby to </bigram>
    <bigram weight="1" > ### awakening </bigram>
    <bigram weight="1" > ### rushed </bigram>
    <bigram weight="1" > specu lated </bigram>
    <bigram weight="1" > were rowing </bigram>
    <bigram weight="1" > up his </bigram>
    <bigram weight="1" > first became </bigram>
    <bigram weight="1" > combines thoreau </bigram>
    <bigram weight="1" > far and </bigram>
    <bigram weight="1" > ### then </bigram>
    <bigram weight="1" > ### after </bigram>
    <bigram weight="1" > inhabitants ### </bigram>
    <bigram weight="1" > progress and </bigram>
    <bigram weight="1" > sudden swellings </bigram>
    <bigram weight="1" > like the </bigram>
    <bigram weight="1" > had hailed </bigram>
    <bigram weight="1" > attics of </bigram>
    <bigram weight="1" > affords ### </bigram>
    <bigram weight="1" > any gossip </bigram>
    <bigram weight="1" > on closer </bigram>
    <bigram weight="1" > sophia s </bigram>
    <bigram weight="1" > considering its </bigram>
    <bigram weight="1" > six inches </bigram>
    <bigram weight="1" > the tail </bigram>
    <bigram weight="1" > walter harding </bigram>
    <bigram weight="1" > belong to </bigram>
    <bigram weight="1" > ### mrs </bigram>
    <bigram weight="1" > she looks </bigram>
    <bigram weight="1" > handsome and </bigram>
    <bigram weight="1" > muskrat ### </bigram>
    <bigram weight="1" > plays ### </bigram>
    <bigram weight="1" > what is </bigram>
    <bigram weight="1" > as any </bigram>
    <bigram weight="1" > wrack of </bigram>
    <bigram weight="1" > any young </bigram>
    <bigram weight="1" > over the </bigram>
    <bigram weight="1" > had fallen </bigram>
    <bigram weight="1" > was scarcely </bigram>
    <bigram weight="1" > she does </bigram>
</article>
