<?xml version="1.0" encoding="UTF-8"?>
<article id="10.2307/23393250" >
    <bigram weight="23" > ### # </bigram>
    <bigram weight="19" > of the </bigram>
    <bigram weight="9" > ### s </bigram>
    <bigram weight="8" > ### the </bigram>
    <bigram weight="7" > thoreau ### </bigram>
    <bigram weight="7" > to the </bigram>
    <bigram weight="6" > # the </bigram>
    <bigram weight="6" > ### and </bigram>
    <bigram weight="6" > the new </bigram>
    <bigram weight="6" > edition ### </bigram>
    <bigram weight="6" > the first </bigram>
    <bigram weight="6" > ## ### </bigram>
    <bigram weight="5" > the thoreau </bigram>
    <bigram weight="5" > ### thoreau </bigram>
    <bigram weight="5" > thoreau edition </bigram>
    <bigram weight="5" > ### ### </bigram>
    <bigram weight="4" > henry d </bigram>
    <bigram weight="4" > d ### </bigram>
    <bigram weight="4" > in the </bigram>
    <bigram weight="4" > and the </bigram>
    <bigram weight="4" > the general </bigram>
    <bigram weight="4" > for the </bigram>
    <bigram weight="4" > the writings </bigram>
    <bigram weight="3" > in ## </bigram>
    <bigram weight="3" > of thoreau </bigram>
    <bigram weight="3" > editions of </bigram>
    <bigram weight="3" > ### walden </bigram>
    <bigram weight="3" > ### will </bigram>
    <bigram weight="3" > general reader </bigram>
    <bigram weight="3" > will be </bigram>
    <bigram weight="3" > writings of </bigram>
    <bigram weight="3" > of henry </bigram>
    <bigram weight="2" > the next </bigram>
    <bigram weight="2" > in his </bigram>
    <bigram weight="2" > during the </bigram>
    <bigram weight="2" > the scholar </bigram>
    <bigram weight="2" > volume of </bigram>
    <bigram weight="2" > volumes ### </bigram>
    <bigram weight="2" > new walden </bigram>
    <bigram weight="2" > can read </bigram>
    <bigram weight="2" > the lyceum </bigram>
    <bigram weight="2" > edition of </bigram>
    <bigram weight="2" > at the </bigram>
    <bigram weight="2" > first edition </bigram>
    <bigram weight="2" > will collect </bigram>
    <bigram weight="2" > years ### </bigram>
    <bigram weight="2" > volumes of </bigram>
    <bigram weight="2" > s ### </bigram>
    <bigram weight="2" > walden ### </bigram>
    <bigram weight="2" > press ### </bigram>
    <bigram weight="2" > ### ## </bigram>
    <bigram weight="2" > thoreau lyceum </bigram>
    <bigram weight="2" > ### a </bigram>
    <bigram weight="2" > edition will </bigram>
    <bigram weight="2" > week ### </bigram>
    <bigram weight="2" > as it </bigram>
    <bigram weight="2" > textual notes </bigram>
    <bigram weight="2" > collect many </bigram>
    <bigram weight="2" > thomas blanding </bigram>
    <bigram weight="2" > complete and </bigram>
    <bigram weight="2" > collection of </bigram>
    <bigram weight="2" > new edition </bigram>
    <bigram weight="2" > library ### </bigram>
    <bigram weight="2" > # ### </bigram>
    <bigram weight="2" > ### of </bigram>
    <bigram weight="2" > book ### </bigram>
    <bigram weight="2" > seven hundred </bigram>
    <bigram weight="2" > writings ### </bigram>
    <bigram weight="2" > we can </bigram>
    <bigram weight="2" > the ### </bigram>
    <bigram weight="2" > ### is </bigram>
    <bigram weight="2" > twenty volumes </bigram>
    <bigram weight="2" > a week </bigram>
    <bigram weight="2" > ### we </bigram>
    <bigram weight="2" > on the </bigram>
    <bigram weight="1" > essay on </bigram>
    <bigram weight="1" > ot henry </bigram>
    <bigram weight="1" > about thirty </bigram>
    <bigram weight="1" > ### years </bigram>
    <bigram weight="1" > be found </bigram>
    <bigram weight="1" > j ### </bigram>
    <bigram weight="1" > sponsored by </bigram>
    <bigram weight="1" > from thoreau </bigram>
    <bigram weight="1" > disobedience ### </bigram>
    <bigram weight="1" > paul o </bigram>
    <bigram weight="1" > years and </bigram>
    <bigram weight="1" > size to </bigram>
    <bigram weight="1" > # each </bigram>
    <bigram weight="1" > or wealthy </bigram>
    <bigram weight="1" > ### anniversary </bigram>
    <bigram weight="1" > scattered fragments </bigram>
    <bigram weight="1" > library of </bigram>
    <bigram weight="1" > the forthcoming </bigram>
    <bigram weight="1" > indicates that </bigram>
    <bigram weight="1" > entire volume </bigram>
    <bigram weight="1" > walden edition </bigram>
    <bigram weight="1" > fill an </bigram>
    <bigram weight="1" > new editions </bigram>
    <bigram weight="1" > are inspired </bigram>
    <bigram weight="1" > the early </bigram>
    <bigram weight="1" > addition to </bigram>
    <bigram weight="1" > enough ### </bigram>
    <bigram weight="1" > edition as </bigram>
    <bigram weight="1" > has been </bigram>
    <bigram weight="1" > pages of </bigram>
    <bigram weight="1" > obscure or </bigram>
    <bigram weight="1" > substantial collection </bigram>
    <bigram weight="1" > its expanded </bigram>
    <bigram weight="1" > welcome the </bigram>
    <bigram weight="1" > crane ### </bigram>
    <bigram weight="1" > the princeton </bigram>
    <bigram weight="1" > walden are </bigram>
    <bigram weight="1" > by paul </bigram>
    <bigram weight="1" > curator at </bigram>
    <bigram weight="1" > over seven </bigram>
    <bigram weight="1" > his work </bigram>
    <bigram weight="1" > humanities and </bigram>
    <bigram weight="1" > beside ### </bigram>
    <bigram weight="1" > the maine </bigram>
    <bigram weight="1" > also sponsor </bigram>
    <bigram weight="1" > for publication </bigram>
    <bigram weight="1" > pleased to </bigram>
    <bigram weight="1" > reader ### </bigram>
    <bigram weight="1" > trustees of </bigram>
    <bigram weight="1" > inconspicuous splash </bigram>
    <bigram weight="1" > by j </bigram>
    <bigram weight="1" > s note </bigram>
    <bigram weight="1" > ap pear </bigram>
    <bigram weight="1" > pages from </bigram>
    <bigram weight="1" > # meanwhile </bigram>
    <bigram weight="1" > college essays </bigram>
    <bigram weight="1" > nearly nine </bigram>
    <bigram weight="1" > s writings </bigram>
    <bigram weight="1" > ### in </bigram>
    <bigram weight="1" > wrote ### </bigram>
    <bigram weight="1" > publisher returned </bigram>
    <bigram weight="1" > production of </bigram>
    <bigram weight="1" > to announce </bigram>
    <bigram weight="1" > the most </bigram>
    <bigram weight="1" > to line </bigram>
    <bigram weight="1" > k week </bigram>
    <bigram weight="1" > accurate transcription </bigram>
    <bigram weight="1" > made an </bigram>
    <bigram weight="1" > of journal </bigram>
    <bigram weight="1" > # a </bigram>
    <bigram weight="1" > ### over </bigram>
    <bigram weight="1" > company published </bigram>
    <bigram weight="1" > ceum will </bigram>
    <bigram weight="1" > ### irving </bigram>
    <bigram weight="1" > will ap </bigram>
    <bigram weight="1" > sponsor new </bigram>
    <bigram weight="1" > # more </bigram>
    <bigram weight="1" > where his </bigram>
    <bigram weight="1" > reviews were </bigram>
    <bigram weight="1" > ### first </bigram>
    <bigram weight="1" > the concord </bigram>
    <bigram weight="1" > reform and </bigram>
    <bigram weight="1" > volume itself </bigram>
    <bigram weight="1" > do welcome </bigram>
    <bigram weight="1" > ## copies </bigram>
    <bigram weight="1" > add an </bigram>
    <bigram weight="1" > important to </bigram>
    <bigram weight="1" > transcription of </bigram>
    <bigram weight="1" > and reviews </bigram>
    <bigram weight="1" > went to </bigram>
    <bigram weight="1" > first editions </bigram>
    <bigram weight="1" > pear in </bigram>
    <bigram weight="1" > volumes the </bigram>
    <bigram weight="1" > of us </bigram>
    <bigram weight="1" > reader with </bigram>
    <bigram weight="1" > and much </bigram>
    <bigram weight="1" > edition in </bigram>
    <bigram weight="1" > texts ### </bigram>
    <bigram weight="1" > use in </bigram>
    <bigram weight="1" > according to </bigram>
    <bigram weight="1" > walls with </bigram>
    <bigram weight="1" > # during </bigram>
    <bigram weight="1" > tho reau </bigram>
    <bigram weight="1" > hundred first </bigram>
    <bigram weight="1" > howells and </bigram>
    <bigram weight="1" > include a </bigram>
    <bigram weight="1" > concord and </bigram>
    <bigram weight="1" > neglected works </bigram>
    <bigram weight="1" > essays and </bigram>
    <bigram weight="1" > merrimack rivers </bigram>
    <bigram weight="1" > have appeared </bigram>
    <bigram weight="1" > and merrimack </bigram>
    <bigram weight="1" > publisher ### </bigram>
    <bigram weight="1" > published in </bigram>
    <bigram weight="1" > pond ### </bigram>
    <bigram weight="1" > oibliographical principles </bigram>
    <bigram weight="1" > opportunity is </bigram>
    <bigram weight="1" > sales poorer </bigram>
    <bigram weight="1" > we do </bigram>
    <bigram weight="1" > are pleased </bigram>
    <bigram weight="1" > it in </bigram>
    <bigram weight="1" > so much </bigram>
    <bigram weight="1" > truly complete </bigram>
    <bigram weight="1" > dropped it </bigram>
    <bigram weight="1" > ### howells </bigram>
    <bigram weight="1" > once again </bigram>
    <bigram weight="1" > ### emerson </bigram>
    <bigram weight="1" > ### lyndon </bigram>
    <bigram weight="1" > in eleven </bigram>
    <bigram weight="1" > walden from </bigram>
    <bigram weight="1" > henry moreau </bigram>
    <bigram weight="1" > ### to </bigram>
    <bigram weight="1" > the scope </bigram>
    <bigram weight="1" > is now </bigram>
    <bigram weight="1" > ### cape </bigram>
    <bigram weight="1" > ### as </bigram>
    <bigram weight="1" > to introduce </bigram>
    <bigram weight="1" > it appears </bigram>
    <bigram weight="1" > of nearly </bigram>
    <bigram weight="1" > more significantly </bigram>
    <bigram weight="1" > irving ### </bigram>
    <bigram weight="1" > ### k </bigram>
    <bigram weight="1" > the national </bigram>
    <bigram weight="1" > than qualify </bigram>
    <bigram weight="1" > s move </bigram>
    <bigram weight="1" > proofs and </bigram>
    <bigram weight="1" > his writings </bigram>
    <bigram weight="1" > a library </bigram>
    <bigram weight="1" > thoreau remarked </bigram>
    <bigram weight="1" > first truly </bigram>
    <bigram weight="1" > like walden </bigram>
    <bigram weight="1" > thoreau wrote </bigram>
    <bigram weight="1" > ### melville </bigram>
    <bigram weight="1" > three months </bigram>
    <bigram weight="1" > journal ### </bigram>
    <bigram weight="1" > appeared in </bigram>
    <bigram weight="1" > expanded size </bigram>
    <bigram weight="1" > its place </bigram>
    <bigram weight="1" > recently discovered </bigram>
    <bigram weight="1" > scholar but </bigram>
    <bigram weight="1" > meanwhile ### </bigram>
    <bigram weight="1" > as twenty </bigram>
    <bigram weight="1" > emerson ### </bigram>
    <bigram weight="1" > again be </bigram>
    <bigram weight="1" > of walden </bigram>
    <bigram weight="1" > and crane </bigram>
    <bigram weight="1" > galley proofs </bigram>
    <bigram weight="1" > put to </bigram>
    <bigram weight="1" > maine woods </bigram>
    <bigram weight="1" > book prices </bigram>
    <bigram weight="1" > walden provides </bigram>
    <bigram weight="1" > today ### </bigram>
    <bigram weight="1" > place beside </bigram>
    <bigram weight="1" > the summer </bigram>
    <bigram weight="1" > poorer ### </bigram>
    <bigram weight="1" > an inconspicuous </bigram>
    <bigram weight="1" > while few </bigram>
    <bigram weight="1" > first time </bigram>
    <bigram weight="1" > notes on </bigram>
    <bigram weight="1" > walden period </bigram>
    <bigram weight="1" > following a </bigram>
    <bigram weight="1" > man uscript </bigram>
    <bigram weight="1" > walden edited </bigram>
    <bigram weight="1" > and reformers </bigram>
    <bigram weight="1" > have now </bigram>
    <bigram weight="1" > berg collection </bigram>
    <bigram weight="1" > versity press </bigram>
    <bigram weight="1" > and we </bigram>
    <bigram weight="1" > ameri can </bigram>
    <bigram weight="1" > street in </bigram>
    <bigram weight="1" > ### an </bigram>
    <bigram weight="1" > ## volume </bigram>
    <bigram weight="1" > the production </bigram>
    <bigram weight="1" > scope of </bigram>
    <bigram weight="1" > editions over </bigram>
    <bigram weight="1" > ample shelf </bigram>
    <bigram weight="1" > limited editions </bigram>
    <bigram weight="1" > public to </bigram>
    <bigram weight="1" > more to </bigram>
    <bigram weight="1" > copies to </bigram>
    <bigram weight="1" > fragments from </bigram>
    <bigram weight="1" > acting as </bigram>
    <bigram weight="1" > exhibits tracing </bigram>
    <bigram weight="1" > knowledgeable interpreter </bigram>
    <bigram weight="1" > of a </bigram>
    <bigram weight="1" > from beginning </bigram>
    <bigram weight="1" > lyndon shanley </bigram>
    <bigram weight="1" > for ten </bigram>
    <bigram weight="1" > introduce the </bigram>
    <bigram weight="1" > anniversary of </bigram>
    <bigram weight="1" > with princeton </bigram>
    <bigram weight="1" > copy of </bigram>
    <bigram weight="1" > the second </bigram>
    <bigram weight="1" > foundation are </bigram>
    <bigram weight="1" > journal material </bigram>
    <bigram weight="1" > provides the </bigram>
    <bigram weight="1" > ### provides </bigram>
    <bigram weight="1" > is slated </bigram>
    <bigram weight="1" > authoritative texts </bigram>
    <bigram weight="1" > fruits and </bigram>
    <bigram weight="1" > ## note </bigram>
    <bigram weight="1" > journal of </bigram>
    <bigram weight="1" > journal # </bigram>
    <bigram weight="1" > editor ship </bigram>
    <bigram weight="1" > will more </bigram>
    <bigram weight="1" > bulk of </bigram>
    <bigram weight="1" > ### under </bigram>
    <bigram weight="1" > manner ### </bigram>
    <bigram weight="1" > of ameri </bigram>
    <bigram weight="1" > thoreau foundation </bigram>
    <bigram weight="1" > the berg </bigram>
    <bigram weight="1" > nine hundred </bigram>
    <bigram weight="1" > of hawthorne </bigram>
    <bigram weight="1" > ### are </bigram>
    <bigram weight="1" > publication of </bigram>
    <bigram weight="1" > edition begins </bigram>
    <bigram weight="1" > take its </bigram>
    <bigram weight="1" > the ## </bigram>
    <bigram weight="1" > will take </bigram>
    <bigram weight="1" > association ### </bigram>
    <bigram weight="1" > notes and </bigram>
    <bigram weight="1" > appear henry </bigram>
    <bigram weight="1" > much more </bigram>
    <bigram weight="1" > rare book </bigram>
    <bigram weight="1" > it into </bigram>
    <bigram weight="1" > myself ### </bigram>
    <bigram weight="1" > ### civil </bigram>
    <bigram weight="1" > with an </bigram>
    <bigram weight="1" > reformers ### </bigram>
    <bigram weight="1" > # his </bigram>
    <bigram weight="1" > copies of </bigram>
    <bigram weight="1" > some of </bigram>
    <bigram weight="1" > edition is </bigram>
    <bigram weight="1" > months he </bigram>
    <bigram weight="1" > general editor </bigram>
    <bigram weight="1" > him in </bigram>
    <bigram weight="1" > eleven volumes </bigram>
    <bigram weight="1" > under the </bigram>
    <bigram weight="1" > puddle in </bigram>
    <bigram weight="1" > service ### </bigram>
    <bigram weight="1" > associa tion </bigram>
    <bigram weight="1" > ### has </bigram>
    <bigram weight="1" > of ## </bigram>
    <bigram weight="1" > july ## </bigram>
    <bigram weight="1" > for editions </bigram>
    <bigram weight="1" > houghton mifflin </bigram>
    <bigram weight="1" > the modern </bigram>
    <bigram weight="1" > civil disobedience </bigram>
    <bigram weight="1" > melville ### </bigram>
    <bigram weight="1" > in miscellanies </bigram>
    <bigram weight="1" > shanley ### </bigram>
    <bigram weight="1" > by the </bigram>
    <bigram weight="1" > the american </bigram>
    <bigram weight="1" > whitman ### </bigram>
    <bigram weight="1" > the more </bigram>
    <bigram weight="1" > the service </bigram>
    <bigram weight="1" > that thomas </bigram>
    <bigram weight="1" > the editorial </bigram>
    <bigram weight="1" > and presented </bigram>
    <bigram weight="1" > our walls </bigram>
    <bigram weight="1" > concord will </bigram>
    <bigram weight="1" > clear text </bigram>
    <bigram weight="1" > and useful </bigram>
    <bigram weight="1" > the humanities </bigram>
    <bigram weight="1" > the bulk </bigram>
    <bigram weight="1" > a full </bigram>
    <bigram weight="1" > ### for </bigram>
    <bigram weight="1" > been appointed </bigram>
    <bigram weight="1" > ten dollars </bigram>
    <bigram weight="1" > ductions ### </bigram>
    <bigram weight="1" > as assistant </bigram>
    <bigram weight="1" > that the </bigram>
    <bigram weight="1" > accurate clear </bigram>
    <bigram weight="1" > ### so </bigram>
    <bigram weight="1" > prince ton </bigram>
    <bigram weight="1" > including ### </bigram>
    <bigram weight="1" > ### which </bigram>
    <bigram weight="1" > first collected </bigram>
    <bigram weight="1" > presented with </bigram>
    <bigram weight="1" > an appendix </bigram>
    <bigram weight="1" > collected thoreau </bigram>
    <bigram weight="1" > hundred volumes </bigram>
    <bigram weight="1" > forthcoming exhibit </bigram>
    <bigram weight="1" > walter harding </bigram>
    <bigram weight="1" > to walden </bigram>
    <bigram weight="1" > it went </bigram>
    <bigram weight="1" > many of </bigram>
    <bigram weight="1" > bound volume </bigram>
    <bigram weight="1" > harding ### </bigram>
    <bigram weight="1" > with seven </bigram>
    <bigram weight="1" > poems and </bigram>
    <bigram weight="1" > to good </bigram>
    <bigram weight="1" > journals of </bigram>
    <bigram weight="1" > several years </bigram>
    <bigram weight="1" > authoritative edition </bigram>
    <bigram weight="1" > enough at </bigram>
    <bigram weight="1" > editorial staff </bigram>
    <bigram weight="1" > reconstructing some </bigram>
    <bigram weight="1" > appendix at </bigram>
    <bigram weight="1" > poor and </bigram>
    <bigram weight="1" > o ### </bigram>
    <bigram weight="1" > first book </bigram>
    <bigram weight="1" > rivers ### </bigram>
    <bigram weight="1" > ### i </bigram>
    <bigram weight="1" > raleigh ### </bigram>
    <bigram weight="1" > of walter </bigram>
    <bigram weight="1" > announce that </bigram>
    <bigram weight="1" > to end </bigram>
    <bigram weight="1" > material will </bigram>
    <bigram weight="1" > and translations </bigram>
    <bigram weight="1" > # appropriately </bigram>
    <bigram weight="1" > period now </bigram>
    <bigram weight="1" > begins to </bigram>
    <bigram weight="1" > walden pond </bigram>
    <bigram weight="1" > williams ### </bigram>
    <bigram weight="1" > but so </bigram>
    <bigram weight="1" > ### poems </bigram>
    <bigram weight="1" > and authoritative </bigram>
    <bigram weight="1" > # reviews </bigram>
    <bigram weight="1" > now at </bigram>
    <bigram weight="1" > his publisher </bigram>
    <bigram weight="1" > hitherto unpublished </bigram>
    <bigram weight="1" > more neglected </bigram>
    <bigram weight="1" > discovered essay </bigram>
    <bigram weight="1" > # when </bigram>
    <bigram weight="1" > a recently </bigram>
    <bigram weight="1" > appears during </bigram>
    <bigram weight="1" > blanding ## </bigram>
    <bigram weight="1" > of scattered </bigram>
    <bigram weight="1" > floor of </bigram>
    <bigram weight="1" > be acting </bigram>
    <bigram weight="1" > him as </bigram>
    <bigram weight="1" > and intro </bigram>
    <bigram weight="1" > moreau ### </bigram>
    <bigram weight="1" > # copies </bigram>
    <bigram weight="1" > will sponsor </bigram>
    <bigram weight="1" > with textual </bigram>
    <bigram weight="1" > such an </bigram>
    <bigram weight="1" > hawthorne ### </bigram>
    <bigram weight="1" > a handsomely </bigram>
    <bigram weight="1" > second floor </bigram>
    <bigram weight="1" > to appear </bigram>
    <bigram weight="1" > months ### </bigram>
    <bigram weight="1" > edited in </bigram>
    <bigram weight="1" > # on </bigram>
    <bigram weight="1" > authors of </bigram>
    <bigram weight="1" > and accurate </bigram>
    <bigram weight="1" > the edition </bigram>
    <bigram weight="1" > is suggested </bigram>
    <bigram weight="1" > # textual </bigram>
    <bigram weight="1" > useful index </bigram>
    <bigram weight="1" > typical man </bigram>
    <bigram weight="1" > bookshop for </bigram>
    <bigram weight="1" > sir walter </bigram>
    <bigram weight="1" > lyceum scholar </bigram>
    <bigram weight="1" > end with </bigram>
    <bigram weight="1" > scrupulous manner </bigram>
    <bigram weight="1" > his journal </bigram>
    <bigram weight="1" > the opportunity </bigram>
    <bigram weight="1" > lyceum at </bigram>
    <bigram weight="1" > index compiled </bigram>
    <bigram weight="1" > # in </bigram>
    <bigram weight="1" > as many </bigram>
    <bigram weight="1" > in reconstructing </bigram>
    <bigram weight="1" > suggested by </bigram>
    <bigram weight="1" > modern language </bigram>
    <bigram weight="1" > a knowledgeable </bigram>
    <bigram weight="1" > new york </bigram>
    <bigram weight="1" > volume ### </bigram>
    <bigram weight="1" > exactly what </bigram>
    <bigram weight="1" > lyceum bookshop </bigram>
    <bigram weight="1" > ly ceum </bigram>
    <bigram weight="1" > the ly </bigram>
    <bigram weight="1" > post ### </bigram>
    <bigram weight="1" > into the </bigram>
    <bigram weight="1" > mifflin company </bigram>
    <bigram weight="1" > ### manuscript </bigram>
    <bigram weight="1" > the trustees </bigram>
    <bigram weight="1" > # for </bigram>
    <bigram weight="1" > belknap street </bigram>
    <bigram weight="1" > are available </bigram>
    <bigram weight="1" > assistant curator </bigram>
    <bigram weight="1" > twain ### </bigram>
    <bigram weight="1" > much greek </bigram>
    <bigram weight="1" > endow ment </bigram>
    <bigram weight="1" > works that </bigram>
    <bigram weight="1" > reau dropped </bigram>
    <bigram weight="1" > an entire </bigram>
    <bigram weight="1" > available in </bigram>
    <bigram weight="1" > special exhibit </bigram>
    <bigram weight="1" > american literary </bigram>
    <bigram weight="1" > uscript pages </bigram>
    <bigram weight="1" > blanding ### </bigram>
    <bigram weight="1" > lbb belknap </bigram>
    <bigram weight="1" > from the </bigram>
    <bigram weight="1" > the standard </bigram>
    <bigram weight="1" > ### galley </bigram>
    <bigram weight="1" > standard works </bigram>
    <bigram weight="1" > full and </bigram>
    <bigram weight="1" > i have </bigram>
    <bigram weight="1" > ### williams </bigram>
    <bigram weight="1" > remarked in </bigram>
    <bigram weight="1" > i wrote </bigram>
    <bigram weight="1" > letters ### </bigram>
    <bigram weight="1" > of works </bigram>
    <bigram weight="1" > few of </bigram>
    <bigram weight="1" > will include </bigram>
    <bigram weight="1" > in obscure </bigram>
    <bigram weight="1" > first thoreau </bigram>
    <bigram weight="1" > perhaps as </bigram>
    <bigram weight="1" > note indicates </bigram>
    <bigram weight="1" > move to </bigram>
    <bigram weight="1" > first ## </bigram>
    <bigram weight="1" > the college </bigram>
    <bigram weight="1" > many hitherto </bigram>
    <bigram weight="1" > reader authoritative </bigram>
    <bigram weight="1" > printer ### </bigram>
    <bigram weight="1" > ### while </bigram>
    <bigram weight="1" > when his </bigram>
    <bigram weight="1" > at hand </bigram>
    <bigram weight="1" > end of </bigram>
    <bigram weight="1" > university press </bigram>
    <bigram weight="1" > of ### </bigram>
    <bigram weight="1" > to our </bigram>
    <bigram weight="1" > and letters </bigram>
    <bigram weight="1" > ment for </bigram>
    <bigram weight="1" > read exactly </bigram>
    <bigram weight="1" > scholar ### </bigram>
    <bigram weight="1" > princeton university </bigram>
    <bigram weight="1" > the printer </bigram>
    <bigram weight="1" > princeton uni </bigram>
    <bigram weight="1" > a substantial </bigram>
    <bigram weight="1" > when tho </bigram>
    <bigram weight="1" > appointed to </bigram>
    <bigram weight="1" > time ### </bigram>
    <bigram weight="1" > sponsor a </bigram>
    <bigram weight="1" > ### including </bigram>
    <bigram weight="1" > most advanced </bigram>
    <bigram weight="1" > inspired enough </bigram>
    <bigram weight="1" > at today </bigram>
    <bigram weight="1" > intro ductions </bigram>
    <bigram weight="1" > splash when </bigram>
    <bigram weight="1" > with the </bigram>
    <bigram weight="1" > with facsimiles </bigram>
    <bigram weight="1" > the same </bigram>
    <bigram weight="1" > the copy </bigram>
    <bigram weight="1" > on fruits </bigram>
    <bigram weight="1" > ### made </bigram>
    <bigram weight="1" > tracing the </bigram>
    <bigram weight="1" > of typical </bigram>
    <bigram weight="1" > cod ### </bigram>
    <bigram weight="1" > ### twain </bigram>
    <bigram weight="1" > in concord </bigram>
    <bigram weight="1" > itself ### </bigram>
    <bigram weight="1" > a publisher </bigram>
    <bigram weight="1" > as a </bigram>
    <bigram weight="1" > early journal </bigram>
    <bigram weight="1" > staff of </bigram>
    <bigram weight="1" > s publication </bigram>
    <bigram weight="1" > wrote myself </bigram>
    <bigram weight="1" > in addition </bigram>
    <bigram weight="1" > the center </bigram>
    <bigram weight="1" > journal will </bigram>
    <bigram weight="1" > and perhaps </bigram>
    <bigram weight="1" > and notes </bigram>
    <bigram weight="1" > now a </bigram>
    <bigram weight="1" > next several </bigram>
    <bigram weight="1" > manuscript journals </bigram>
    <bigram weight="1" > s rare </bigram>
    <bigram weight="1" > ### or </bigram>
    <bigram weight="1" > the end </bigram>
    <bigram weight="1" > us are </bigram>
    <bigram weight="1" > a special </bigram>
    <bigram weight="1" > morgan library </bigram>
    <bigram weight="1" > appropriately ### </bigram>
    <bigram weight="1" > ## houghton </bigram>
    <bigram weight="1" > notes ### </bigram>
    <bigram weight="1" > uni versity </bigram>
    <bigram weight="1" > seeds will </bigram>
    <bigram weight="1" > journals in </bigram>
    <bigram weight="1" > language association </bigram>
    <bigram weight="1" > qualify him </bigram>
    <bigram weight="1" > a complete </bigram>
    <bigram weight="1" > thirty volumes </bigram>
    <bigram weight="1" > many as </bigram>
    <bigram weight="1" > exhibit by </bigram>
    <bigram weight="1" > greek to </bigram>
    <bigram weight="1" > beginning to </bigram>
    <bigram weight="1" > lyceum where </bigram>
    <bigram weight="1" > note ### </bigram>
    <bigram weight="1" > the prince </bigram>
    <bigram weight="1" > in ### </bigram>
    <bigram weight="1" > essays ### </bigram>
    <bigram weight="1" > provides for </bigram>
    <bigram weight="1" > public library </bigram>
    <bigram weight="1" > edited by </bigram>
    <bigram weight="1" > destroyed journals </bigram>
    <bigram weight="1" > interpreter of </bigram>
    <bigram weight="1" > libraries ### </bigram>
    <bigram weight="1" > his new </bigram>
    <bigram weight="1" > by its </bigram>
    <bigram weight="1" > work in </bigram>
    <bigram weight="1" > the public </bigram>
    <bigram weight="1" > tion with </bigram>
    <bigram weight="1" > to about </bigram>
    <bigram weight="1" > ### whitman </bigram>
    <bigram weight="1" > new thoreau </bigram>
    <bigram weight="1" > same scrupulous </bigram>
    <bigram weight="1" > ton edition </bigram>
    <bigram weight="1" > national endow </bigram>
    <bigram weight="1" > are included </bigram>
    <bigram weight="1" > works and </bigram>
    <bigram weight="1" > be put </bigram>
    <bigram weight="1" > reviews will </bigram>
    <bigram weight="1" > miscellanies ### </bigram>
    <bigram weight="1" > works like </bigram>
    <bigram weight="1" > an unpublished </bigram>
    <bigram weight="1" > # such </bigram>
    <bigram weight="1" > walter raleigh </bigram>
    <bigram weight="1" > writings ot </bigram>
    <bigram weight="1" > each volume </bigram>
    <bigram weight="1" > to him </bigram>
    <bigram weight="1" > and sales </bigram>
    <bigram weight="1" > of pages </bigram>
    <bigram weight="1" > returned the </bigram>
    <bigram weight="1" > included in </bigram>
    <bigram weight="1" > s first </bigram>
    <bigram weight="1" > found exhibits </bigram>
    <bigram weight="1" > significantly ### </bigram>
    <bigram weight="1" > ### sir </bigram>
    <bigram weight="1" > more than </bigram>
    <bigram weight="1" > slated for </bigram>
    <bigram weight="1" > scholar and </bigram>
    <bigram weight="1" > the journal </bigram>
    <bigram weight="1" > that have </bigram>
    <bigram weight="1" > to add </bigram>
    <bigram weight="1" > ### edited </bigram>
    <bigram weight="1" > by princeton </bigram>
    <bigram weight="1" > s destroyed </bigram>
    <bigram weight="1" > edited according </bigram>
    <bigram weight="1" > an opportunity </bigram>
    <bigram weight="1" > an ample </bigram>
    <bigram weight="1" > which i </bigram>
    <bigram weight="1" > principles ### </bigram>
    <bigram weight="1" > exhibit ### </bigram>
    <bigram weight="1" > summer months </bigram>
    <bigram weight="1" > ### reform </bigram>
    <bigram weight="1" > be edited </bigram>
    <bigram weight="1" > week on </bigram>
    <bigram weight="1" > next three </bigram>
    <bigram weight="1" > handsomely bound </bigram>
    <bigram weight="1" > literary puddle </bigram>
    <bigram weight="1" > what thoreau </bigram>
    <bigram weight="1" > unpublished essays </bigram>
    <bigram weight="1" > of which </bigram>
    <bigram weight="1" > good use </bigram>
    <bigram weight="1" > an accurate </bigram>
    <bigram weight="1" > his associa </bigram>
    <bigram weight="1" > or limited </bigram>
    <bigram weight="1" > dollars ### </bigram>
    <bigram weight="1" > translations ### </bigram>
    <bigram weight="1" > proofs ### </bigram>
    <bigram weight="1" > # thomas </bigram>
    <bigram weight="1" > thoreau to </bigram>
    <bigram weight="1" > wealthy enough </bigram>
    <bigram weight="1" > can authors </bigram>
    <bigram weight="1" > text in </bigram>
    <bigram weight="1" > hand with </bigram>
    <bigram weight="1" > on ### </bigram>
    <bigram weight="1" > advanced oibliographical </bigram>
    <bigram weight="1" > the years </bigram>
    <bigram weight="1" > now in </bigram>
    <bigram weight="1" > opportunity to </bigram>
    <bigram weight="1" > center for </bigram>
    <bigram weight="1" > shelf of </bigram>
    <bigram weight="1" > in twenty </bigram>
    <bigram weight="1" > new post </bigram>
    <bigram weight="1" > compiled by </bigram>
    <bigram weight="1" > were poor </bigram>
    <bigram weight="1" > ship of </bigram>
    <bigram weight="1" > publication on </bigram>
    <bigram weight="1" > woods ### </bigram>
    <bigram weight="1" > prices ### </bigram>
    <bigram weight="1" > and seeds </bigram>
    <bigram weight="1" > unpublished journal </bigram>
    <bigram weight="1" > on july </bigram>
    <bigram weight="1" > the morgan </bigram>
    <bigram weight="1" > is sponsored </bigram>
    <bigram weight="1" > cape cod </bigram>
    <bigram weight="1" > ### following </bigram>
    <bigram weight="1" > at lbb </bigram>
    <bigram weight="1" > read it </bigram>
    <bigram weight="1" > will fill </bigram>
    <bigram weight="1" > he will </bigram>
    <bigram weight="1" > which also </bigram>
    <bigram weight="1" > ### page </bigram>
    <bigram weight="1" > york public </bigram>
    <bigram weight="1" > in a </bigram>
    <bigram weight="1" > princeton edition </bigram>
    <bigram weight="1" > hundred of </bigram>
    <bigram weight="1" > the walden </bigram>
    <bigram weight="1" > facsimiles of </bigram>
    <bigram weight="1" > line our </bigram>
    <bigram weight="1" > our libraries </bigram>
    <bigram weight="1" > and a </bigram>
    <bigram weight="1" > will once </bigram>
    <bigram weight="1" > of his </bigram>
    <bigram weight="1" > so important </bigram>
    <bigram weight="1" > over the </bigram>
    <bigram weight="1" > the book </bigram>
    <bigram weight="1" > in an </bigram>
    <bigram weight="1" > page proofs </bigram>
</article>
