<?xml version="1.0" encoding="UTF-8"?>
<article id="10.2307/23393254" >
    <bigram weight="26" > ### # </bigram>
    <bigram weight="11" > fair haven </bigram>
    <bigram weight="10" > ## ### </bigram>
    <bigram weight="10" > ### ### </bigram>
    <bigram weight="9" > ### s </bigram>
    <bigram weight="8" > haven ### </bigram>
    <bigram weight="7" > ### ## </bigram>
    <bigram weight="4" > # ### </bigram>
    <bigram weight="4" > thoreau ### </bigram>
    <bigram weight="4" > to the </bigram>
    <bigram weight="4" > poem ### </bigram>
    <bigram weight="3" > # the </bigram>
    <bigram weight="3" > ### and </bigram>
    <bigram weight="3" > the most </bigram>
    <bigram weight="3" > in the </bigram>
    <bigram weight="3" > it is </bigram>
    <bigram weight="3" > copy of </bigram>
    <bigram weight="3" > ### thoreau </bigram>
    <bigram weight="3" > the poem </bigram>
    <bigram weight="3" > # thoreau </bigram>
    <bigram weight="3" > henry ### </bigram>
    <bigram weight="3" > ### is </bigram>
    <bigram weight="3" > ### fair </bigram>
    <bigram weight="3" > # it </bigram>
    <bigram weight="3" > this poem </bigram>
    <bigram weight="2" > ### i </bigram>
    <bigram weight="2" > of the </bigram>
    <bigram weight="2" > ### sic </bigram>
    <bigram weight="2" > p ### </bigram>
    <bigram weight="2" > # a </bigram>
    <bigram weight="2" > brown ### </bigram>
    <bigram weight="2" > at the </bigram>
    <bigram weight="2" > the thoreau </bigram>
    <bigram weight="2" > ### p </bigram>
    <bigram weight="2" > s ### </bigram>
    <bigram weight="2" > ### a </bigram>
    <bigram weight="2" > vita ### </bigram>
    <bigram weight="2" > mrs ### </bigram>
    <bigram weight="2" > is in </bigram>
    <bigram weight="2" > sic vita </bigram>
    <bigram weight="2" > a copy </bigram>
    <bigram weight="2" > heaven ### </bigram>
    <bigram weight="2" > the four </bigram>
    <bigram weight="2" > of ### </bigram>
    <bigram weight="2" > of this </bigram>
    <bigram weight="2" > the public </bigram>
    <bigram weight="2" > from the </bigram>
    <bigram weight="2" > by henry </bigram>
    <bigram weight="2" > # if </bigram>
    <bigram weight="1" > remained a </bigram>
    <bigram weight="1" > until ### </bigram>
    <bigram weight="1" > on a </bigram>
    <bigram weight="1" > below ### </bigram>
    <bigram weight="1" > of violets </bigram>
    <bigram weight="1" > craggy ### </bigram>
    <bigram weight="1" > bunch of </bigram>
    <bigram weight="1" > s hand </bigram>
    <bigram weight="1" > thoreau leaf </bigram>
    <bigram weight="1" > ### today </bigram>
    <bigram weight="1" > it ### </bigram>
    <bigram weight="1" > the following </bigram>
    <bigram weight="1" > by nature </bigram>
    <bigram weight="1" > his death </bigram>
    <bigram weight="1" > variant version </bigram>
    <bigram weight="1" > stanzas of </bigram>
    <bigram weight="1" > be fair </bigram>
    <bigram weight="1" > wakeman catalogue </bigram>
    <bigram weight="1" > catalogue ### </bigram>
    <bigram weight="1" > note to </bigram>
    <bigram weight="1" > parcel of </bigram>
    <bigram weight="1" > thoreaus in </bigram>
    <bigram weight="1" > ### eer </bigram>
    <bigram weight="1" > wave in </bigram>
    <bigram weight="1" > ### owned </bigram>
    <bigram weight="1" > gether ### </bigram>
    <bigram weight="1" > almost a </bigram>
    <bigram weight="1" > a variant </bigram>
    <bigram weight="1" > blanding since </bigram>
    <bigram weight="1" > hickory leaves </bigram>
    <bigram weight="1" > poems re </bigram>
    <bigram weight="1" > museum to </bigram>
    <bigram weight="1" > famous ### </bigram>
    <bigram weight="1" > cut ### </bigram>
    <bigram weight="1" > her ### </bigram>
    <bigram weight="1" > poems ### </bigram>
    <bigram weight="1" > vain striving </bigram>
    <bigram weight="1" > ### brown </bigram>
    <bigram weight="1" > item would </bigram>
    <bigram weight="1" > for her </bigram>
    <bigram weight="1" > ### henry </bigram>
    <bigram weight="1" > good wind </bigram>
    <bigram weight="1" > is listed </bigram>
    <bigram weight="1" > be of </bigram>
    <bigram weight="1" > interesting that </bigram>
    <bigram weight="1" > was probably </bigram>
    <bigram weight="1" > not so </bigram>
    <bigram weight="1" > than thy </bigram>
    <bigram weight="1" > has copied </bigram>
    <bigram weight="1" > am a </bigram>
    <bigram weight="1" > since his </bigram>
    <bigram weight="1" > is written </bigram>
    <bigram weight="1" > through mrs </bigram>
    <bigram weight="1" > they turn </bigram>
    <bigram weight="1" > leaf from </bigram>
    <bigram weight="1" > four stanzas </bigram>
    <bigram weight="1" > ### wrapped </bigram>
    <bigram weight="1" > sophia copied </bigram>
    <bigram weight="1" > on each </bigram>
    <bigram weight="1" > ## and </bigram>
    <bigram weight="1" > in ## </bigram>
    <bigram weight="1" > violets tied </bigram>
    <bigram weight="1" > exhibit to </bigram>
    <bigram weight="1" > additional stanzas </bigram>
    <bigram weight="1" > the concord </bigram>
    <bigram weight="1" > to only </bigram>
    <bigram weight="1" > of frolic </bigram>
    <bigram weight="1" > street where </bigram>
    <bigram weight="1" > may ### </bigram>
    <bigram weight="1" > ### picked </bigram>
    <bigram weight="1" > ### where </bigram>
    <bigram weight="1" > frail hulk </bigram>
    <bigram weight="1" > it seems </bigram>
    <bigram weight="1" > and joshua </bigram>
    <bigram weight="1" > thoreau de </bigram>
    <bigram weight="1" > harvard as </bigram>
    <bigram weight="1" > s handwriting </bigram>
    <bigram weight="1" > ruled in </bigram>
    <bigram weight="1" > only the </bigram>
    <bigram weight="1" > house on </bigram>
    <bigram weight="1" > ## veloped </bigram>
    <bigram weight="1" > inch fair </bigram>
    <bigram weight="1" > re ceived </bigram>
    <bigram weight="1" > in this </bigram>
    <bigram weight="1" > but the </bigram>
    <bigram weight="1" > transcribed below </bigram>
    <bigram weight="1" > window at </bigram>
    <bigram weight="1" > and this </bigram>
    <bigram weight="1" > thy warm </bigram>
    <bigram weight="1" > sophia on </bigram>
    <bigram weight="1" > youthful ebullience </bigram>
    <bigram weight="1" > hands of </bigram>
    <bigram weight="1" > my breast </bigram>
    <bigram weight="1" > to heaven </bigram>
    <bigram weight="1" > by thomas </bigram>
    <bigram weight="1" > four winds </bigram>
    <bigram weight="1" > must be </bigram>
    <bigram weight="1" > stanzas ### </bigram>
    <bigram weight="1" > ### emerson </bigram>
    <bigram weight="1" > davenport ### </bigram>
    <bigram weight="1" > # sophia </bigram>
    <bigram weight="1" > spring a </bigram>
    <bigram weight="1" > a pleasant </bigram>
    <bigram weight="1" > budged an </bigram>
    <bigram weight="1" > lucy jackson </bigram>
    <bigram weight="1" > has suffered </bigram>
    <bigram weight="1" > the davenport </bigram>
    <bigram weight="1" > hill ### </bigram>
    <bigram weight="1" > warm turf </bigram>
    <bigram weight="1" > round a </bigram>
    <bigram weight="1" > long rest </bigram>
    <bigram weight="1" > as his </bigram>
    <bigram weight="1" > by george </bigram>
    <bigram weight="1" > leaves ### </bigram>
    <bigram weight="1" > dated at </bigram>
    <bigram weight="1" > here ### </bigram>
    <bigram weight="1" > did skip </bigram>
    <bigram weight="1" > antiquarian museum </bigram>
    <bigram weight="1" > same month </bigram>
    <bigram weight="1" > if ### </bigram>
    <bigram weight="1" > ### stepping </bigram>
    <bigram weight="1" > musketaquid ### </bigram>
    <bigram weight="1" > for thee </bigram>
    <bigram weight="1" > dren ### </bigram>
    <bigram weight="1" > ### beginning </bigram>
    <bigram weight="1" > disap peared </bigram>
    <bigram weight="1" > now ### </bigram>
    <bigram weight="1" > where it </bigram>
    <bigram weight="1" > over a </bigram>
    <bigram weight="1" > emerson ### </bigram>
    <bigram weight="1" > # now </bigram>
    <bigram weight="1" > is almost </bigram>
    <bigram weight="1" > written one </bigram>
    <bigram weight="1" > more famous </bigram>
    <bigram weight="1" > ### there </bigram>
    <bigram weight="1" > today ### </bigram>
    <bigram weight="1" > have disap </bigram>
    <bigram weight="1" > a new </bigram>
    <bigram weight="1" > take my </bigram>
    <bigram weight="1" > turf fair </bigram>
    <bigram weight="1" > manuscripts have </bigram>
    <bigram weight="1" > deep as </bigram>
    <bigram weight="1" > sleep my </bigram>
    <bigram weight="1" > ### nor </bigram>
    <bigram weight="1" > tossed a </bigram>
    <bigram weight="1" > one hundred </bigram>
    <bigram weight="1" > john thoreau </bigram>
    <bigram weight="1" > on main </bigram>
    <bigram weight="1" > shortly to </bigram>
    <bigram weight="1" > carried a </bigram>
    <bigram weight="1" > he was </bigram>
    <bigram weight="1" > thee ### </bigram>
    <bigram weight="1" > most devoted </bigram>
    <bigram weight="1" > is transcribed </bigram>
    <bigram weight="1" > turn up </bigram>
    <bigram weight="1" > owned by </bigram>
    <bigram weight="1" > apparently not </bigram>
    <bigram weight="1" > sophia has </bigram>
    <bigram weight="1" > if there </bigram>
    <bigram weight="1" > george davenport </bigram>
    <bigram weight="1" > parkman house </bigram>
    <bigram weight="1" > there ### </bigram>
    <bigram weight="1" > and nine </bigram>
    <bigram weight="1" > is surely </bigram>
    <bigram weight="1" > carl bode </bigram>
    <bigram weight="1" > his love </bigram>
    <bigram weight="1" > when i </bigram>
    <bigram weight="1" > wrote the </bigram>
    <bigram weight="1" > wide world </bigram>
    <bigram weight="1" > made copies </bigram>
    <bigram weight="1" > places ### </bigram>
    <bigram weight="1" > october ## </bigram>
    <bigram weight="1" > time thoreau </bigram>
    <bigram weight="1" > a bunch </bigram>
    <bigram weight="1" > ### craggy </bigram>
    <bigram weight="1" > stone to </bigram>
    <bigram weight="1" > affection for </bigram>
    <bigram weight="1" > hulk shall </bigram>
    <bigram weight="1" > three additional </bigram>
    <bigram weight="1" > death more </bigram>
    <bigram weight="1" > # mrs </bigram>
    <bigram weight="1" > my bark </bigram>
    <bigram weight="1" > perhaps because </bigram>
    <bigram weight="1" > stanza in </bigram>
    <bigram weight="1" > now stands </bigram>
    <bigram weight="1" > and quiet </bigram>
    <bigram weight="1" > this item </bigram>
    <bigram weight="1" > rare in </bigram>
    <bigram weight="1" > where the </bigram>
    <bigram weight="1" > of several </bigram>
    <bigram weight="1" > with them </bigram>
    <bigram weight="1" > sewall from </bigram>
    <bigram weight="1" > is on </bigram>
    <bigram weight="1" > three of </bigram>
    <bigram weight="1" > on exhibit </bigram>
    <bigram weight="1" > # oct </bigram>
    <bigram weight="1" > john ### </bigram>
    <bigram weight="1" > and every </bigram>
    <bigram weight="1" > last long </bigram>
    <bigram weight="1" > of leaves </bigram>
    <bigram weight="1" > one stanza </bigram>
    <bigram weight="1" > striving tied </bigram>
    <bigram weight="1" > davenport copy </bigram>
    <bigram weight="1" > copies of </bigram>
    <bigram weight="1" > favorite with </bigram>
    <bigram weight="1" > leaf is </bigram>
    <bigram weight="1" > # fair </bigram>
    <bigram weight="1" > of ## </bigram>
    <bigram weight="1" > thoreau # </bigram>
    <bigram weight="1" > breast than </bigram>
    <bigram weight="1" > leak ### </bigram>
    <bigram weight="1" > before she </bigram>
    <bigram weight="1" > she ran </bigram>
    <bigram weight="1" > was one </bigram>
    <bigram weight="1" > the note </bigram>
    <bigram weight="1" > ### e </bigram>
    <bigram weight="1" > that time </bigram>
    <bigram weight="1" > when little </bigram>
    <bigram weight="1" > nature and </bigram>
    <bigram weight="1" > lor of </bigram>
    <bigram weight="1" > the hands </bigram>
    <bigram weight="1" > of vain </bigram>
    <bigram weight="1" > sure must </bigram>
    <bigram weight="1" > veloped a </bigram>
    <bigram weight="1" > a straw </bigram>
    <bigram weight="1" > s a </bigram>
    <bigram weight="1" > in ### </bigram>
    <bigram weight="1" > would be </bigram>
    <bigram weight="1" > of interest </bigram>
    <bigram weight="1" > ### perhaps </bigram>
    <bigram weight="1" > that he </bigram>
    <bigram weight="1" > with a </bigram>
    <bigram weight="1" > he wrote </bigram>
    <bigram weight="1" > of nature </bigram>
    <bigram weight="1" > most avid </bigram>
    <bigram weight="1" > it sure </bigram>
    <bigram weight="1" > out of </bigram>
    <bigram weight="1" > a chance </bigram>
    <bigram weight="1" > by a </bigram>
    <bigram weight="1" > the more </bigram>
    <bigram weight="1" > s window </bigram>
    <bigram weight="1" > tossed ### </bigram>
    <bigram weight="1" > strikes is </bigram>
    <bigram weight="1" > every hope </bigram>
    <bigram weight="1" > ### ms </bigram>
    <bigram weight="1" > # and </bigram>
    <bigram weight="1" > skip ### </bigram>
    <bigram weight="1" > one of </bigram>
    <bigram weight="1" > than one </bigram>
    <bigram weight="1" > shall spring </bigram>
    <bigram weight="1" > wind has </bigram>
    <bigram weight="1" > haven was </bigram>
    <bigram weight="1" > leaves sophia </bigram>
    <bigram weight="1" > is rare </bigram>
    <bigram weight="1" > eer my </bigram>
    <bigram weight="1" > ### made </bigram>
    <bigram weight="1" > thoreau wrote </bigram>
    <bigram weight="1" > has carried </bigram>
    <bigram weight="1" > a good </bigram>
    <bigram weight="1" > at that </bigram>
    <bigram weight="1" > a sense </bigram>
    <bigram weight="1" > wrote fair </bigram>
    <bigram weight="1" > of it </bigram>
    <bigram weight="1" > boarded with </bigram>
    <bigram weight="1" > chil dren </bigram>
    <bigram weight="1" > the five </bigram>
    <bigram weight="1" > stem ### </bigram>
    <bigram weight="1" > but it </bigram>
    <bigram weight="1" > henry thoreau </bigram>
    <bigram weight="1" > four thoreau </bigram>
    <bigram weight="1" > handwriting is </bigram>
    <bigram weight="1" > ### john </bigram>
    <bigram weight="1" > of five </bigram>
    <bigram weight="1" > grave in </bigram>
    <bigram weight="1" > ### may </bigram>
    <bigram weight="1" > ran out </bigram>
    <bigram weight="1" > the wakeman </bigram>
    <bigram weight="1" > unlikely places </bigram>
    <bigram weight="1" > leaf by </bigram>
    <bigram weight="1" > number ## </bigram>
    <bigram weight="1" > public ### </bigram>
    <bigram weight="1" > ## unmindful </bigram>
    <bigram weight="1" > several poems </bigram>
    <bigram weight="1" > # on </bigram>
    <bigram weight="1" > a cluster </bigram>
    <bigram weight="1" > ### with </bigram>
    <bigram weight="1" > ### ll </bigram>
    <bigram weight="1" > five hickory </bigram>
    <bigram weight="1" > jackson brown </bigram>
    <bigram weight="1" > love for </bigram>
    <bigram weight="1" > short hand </bigram>
    <bigram weight="1" > ### jr </bigram>
    <bigram weight="1" > this wide </bigram>
    <bigram weight="1" > devoted editors </bigram>
    <bigram weight="1" > rolled musketaquid </bigram>
    <bigram weight="1" > nor budged </bigram>
    <bigram weight="1" > by carl </bigram>
    <bigram weight="1" > probably a </bigram>
    <bigram weight="1" > joshua ruled </bigram>
    <bigram weight="1" > thoreau chil </bigram>
    <bigram weight="1" > to have </bigram>
    <bigram weight="1" > so deep </bigram>
    <bigram weight="1" > each leaf </bigram>
    <bigram weight="1" > winds until </bigram>
    <bigram weight="1" > # bode </bigram>
    <bigram weight="1" > lambs did </bigram>
    <bigram weight="1" > henry and </bigram>
    <bigram weight="1" > is interesting </bigram>
    <bigram weight="1" > a poem </bigram>
    <bigram weight="1" > thomas blanding </bigram>
    <bigram weight="1" > haven hill </bigram>
    <bigram weight="1" > but for </bigram>
    <bigram weight="1" > de ## </bigram>
    <bigram weight="1" > in thoreau </bigram>
    <bigram weight="1" > like lambs </bigram>
    <bigram weight="1" > library now </bigram>
    <bigram weight="1" > baltimore ### </bigram>
    <bigram weight="1" > thoreau lyceum </bigram>
    <bigram weight="1" > what kindlier </bigram>
    <bigram weight="1" > cluster of </bigram>
    <bigram weight="1" > thoreau has </bigram>
    <bigram weight="1" > oct ### </bigram>
    <bigram weight="1" > i take </bigram>
    <bigram weight="1" > be wave </bigram>
    <bigram weight="1" > month that </bigram>
    <bigram weight="1" > hope be </bigram>
    <bigram weight="1" > bode adds </bigram>
    <bigram weight="1" > ### but </bigram>
    <bigram weight="1" > avid thoreauvian </bigram>
    <bigram weight="1" > may ## </bigram>
    <bigram weight="1" > tied by </bigram>
    <bigram weight="1" > a parcel </bigram>
    <bigram weight="1" > stands ### </bigram>
    <bigram weight="1" > my last </bigram>
    <bigram weight="1" > sense of </bigram>
    <bigram weight="1" > tied loosely </bigram>
    <bigram weight="1" > nine years </bigram>
    <bigram weight="1" > the thoreaus </bigram>
    <bigram weight="1" > a college </bigram>
    <bigram weight="1" > pleasant ### </bigram>
    <bigram weight="1" > graduate ### </bigram>
    <bigram weight="1" > sister sophia </bigram>
    <bigram weight="1" > by ellen </bigram>
    <bigram weight="1" > ### they </bigram>
    <bigram weight="1" > on fair </bigram>
    <bigram weight="1" > ### number </bigram>
    <bigram weight="1" > though apparently </bigram>
    <bigram weight="1" > leave harvard </bigram>
    <bigram weight="1" > black ink </bigram>
    <bigram weight="1" > stepping stone </bigram>
    <bigram weight="1" > # this </bigram>
    <bigram weight="1" > ### parkman </bigram>
    <bigram weight="1" > nature ### </bigram>
    <bigram weight="1" > is a </bigram>
    <bigram weight="1" > to leave </bigram>
    <bigram weight="1" > ### lucy </bigram>
    <bigram weight="1" > more than </bigram>
    <bigram weight="1" > and at </bigram>
    <bigram weight="1" > bark be </bigram>
    <bigram weight="1" > jr ### </bigram>
    <bigram weight="1" > covering for </bigram>
    <bigram weight="1" > the spring </bigram>
    <bigram weight="1" > most unlikely </bigram>
    <bigram weight="1" > thoreau brothers </bigram>
    <bigram weight="1" > the author </bigram>
    <bigram weight="1" > one fact </bigram>
    <bigram weight="1" > ink ### </bigram>
    <bigram weight="1" > bode ### </bigram>
    <bigram weight="1" > this frail </bigram>
    <bigram weight="1" > ellen sewall </bigram>
    <bigram weight="1" > copied a </bigram>
    <bigram weight="1" > interest to </bigram>
    <bigram weight="1" > them ### </bigram>
    <bigram weight="1" > in henry </bigram>
    <bigram weight="1" > only four </bigram>
    <bigram weight="1" > poem by </bigram>
    <bigram weight="1" > with three </bigram>
    <bigram weight="1" > be tempest </bigram>
    <bigram weight="1" > little hills </bigram>
    <bigram weight="1" > loosely with </bigram>
    <bigram weight="1" > ceived by </bigram>
    <bigram weight="1" > # turning </bigram>
    <bigram weight="1" > author is </bigram>
    <bigram weight="1" > even the </bigram>
    <bigram weight="1" > ### through </bigram>
    <bigram weight="1" > peared ### </bigram>
    <bigram weight="1" > haven in </bigram>
    <bigram weight="1" > of youthful </bigram>
    <bigram weight="1" > with the </bigram>
    <bigram weight="1" > turning over </bigram>
    <bigram weight="1" > fact on </bigram>
    <bigram weight="1" > the same </bigram>
    <bigram weight="1" > ### october </bigram>
    <bigram weight="1" > that three </bigram>
    <bigram weight="1" > lyceum ### </bigram>
    <bigram weight="1" > i ### </bigram>
    <bigram weight="1" > ### the </bigram>
    <bigram weight="1" > rest and </bigram>
    <bigram weight="1" > a cliff </bigram>
    <bigram weight="1" > copied only </bigram>
    <bigram weight="1" > as a </bigram>
    <bigram weight="1" > entitled fair </bigram>
    <bigram weight="1" > deep affection </bigram>
    <bigram weight="1" > ### before </bigram>
    <bigram weight="1" > tempest tossed </bigram>
    <bigram weight="1" > ago in </bigram>
    <bigram weight="1" > up in </bigram>
    <bigram weight="1" > poem strikes </bigram>
    <bigram weight="1" > suffered at </bigram>
    <bigram weight="1" > have been </bigram>
    <bigram weight="1" > a manuscript </bigram>
    <bigram weight="1" > the ### </bigram>
    <bigram weight="1" > bache lor </bigram>
    <bigram weight="1" > a favorite </bigram>
    <bigram weight="1" > to gether </bigram>
    <bigram weight="1" > unmindful rolled </bigram>
    <bigram weight="1" > hand cut </bigram>
    <bigram weight="1" > adds the </bigram>
    <bigram weight="1" > thoreauvian but </bigram>
    <bigram weight="1" > ### baltimore </bigram>
    <bigram weight="1" > a leak </bigram>
    <bigram weight="1" > and by </bigram>
    <bigram weight="1" > ### short </bigram>
    <bigram weight="1" > for my </bigram>
    <bigram weight="1" > spring of </bigram>
    <bigram weight="1" > chance bond </bigram>
    <bigram weight="1" > edited by </bigram>
    <bigram weight="1" > college graduate </bigram>
    <bigram weight="1" > and sophia </bigram>
    <bigram weight="1" > version of </bigram>
    <bigram weight="1" > straw ### </bigram>
    <bigram weight="1" > it was </bigram>
    <bigram weight="1" > and when </bigram>
    <bigram weight="1" > concord antiquarian </bigram>
    <bigram weight="1" > new thoreau </bigram>
    <bigram weight="1" > ### it </bigram>
    <bigram weight="1" > an inch </bigram>
    <bigram weight="1" > my grave </bigram>
    <bigram weight="1" > i am </bigram>
    <bigram weight="1" > sophia ### </bigram>
    <bigram weight="1" > in what </bigram>
    <bigram weight="1" > cliff in </bigram>
    <bigram weight="1" > leaves on </bigram>
    <bigram weight="1" > hand but </bigram>
    <bigram weight="1" > verse ### </bigram>
    <bigram weight="1" > for one </bigram>
    <bigram weight="1" > steer for </bigram>
    <bigram weight="1" > of even </bigram>
    <bigram weight="1" > poem in </bigram>
    <bigram weight="1" > a deep </bigram>
    <bigram weight="1" > following note </bigram>
    <bigram weight="1" > at end </bigram>
    <bigram weight="1" > because he </bigram>
    <bigram weight="1" > frolic here </bigram>
    <bigram weight="1" > a bache </bigram>
    <bigram weight="1" > been scattered </bigram>
    <bigram weight="1" > was shortly </bigram>
    <bigram weight="1" > listed in </bigram>
    <bigram weight="1" > quiet sleep </bigram>
    <bigram weight="1" > ### edited </bigram>
    <bigram weight="1" > ### boarded </bigram>
    <bigram weight="1" > note of </bigram>
    <bigram weight="1" > end ### </bigram>
    <bigram weight="1" > there is </bigram>
    <bigram weight="1" > world ### </bigram>
    <bigram weight="1" > a stem </bigram>
    <bigram weight="1" > in may </bigram>
    <bigram weight="1" > collected poems </bigram>
    <bigram weight="1" > ### entitled </bigram>
    <bigram weight="1" > ### though </bigram>
    <bigram weight="1" > ### dated </bigram>
    <bigram weight="1" > in black </bigram>
    <bigram weight="1" > five leaves </bigram>
    <bigram weight="1" > thoreau tossed </bigram>
    <bigram weight="1" > s manuscripts </bigram>
    <bigram weight="1" > e ### </bigram>
    <bigram weight="1" > ebullience this </bigram>
    <bigram weight="1" > hundred and </bigram>
    <bigram weight="1" > surely henry </bigram>
    <bigram weight="1" > s sister </bigram>
    <bigram weight="1" > kindlier covering </bigram>
    <bigram weight="1" > main street </bigram>
    <bigram weight="1" > public library </bigram>
    <bigram weight="1" > picked by </bigram>
    <bigram weight="1" > in john </bigram>
    <bigram weight="1" > editors ### </bigram>
    <bigram weight="1" > manuscript leaf </bigram>
    <bigram weight="1" > hills like </bigram>
    <bigram weight="1" > seems to </bigram>
    <bigram weight="1" > thoreau remained </bigram>
    <bigram weight="1" > ms ### </bigram>
    <bigram weight="1" > brothers ### </bigram>
    <bigram weight="1" > ### when </bigram>
    <bigram weight="1" > beginning ### </bigram>
    <bigram weight="1" > on the </bigram>
    <bigram weight="1" > years ago </bigram>
    <bigram weight="1" > bond to </bigram>
    <bigram weight="1" > scattered to </bigram>
    <bigram weight="1" > ll steer </bigram>
    <bigram weight="1" > wrapped round </bigram>
    <bigram weight="1" > for fair </bigram>
    <bigram weight="1" > in heaven </bigram>
    <bigram weight="1" > s verse </bigram>
    <bigram weight="1" > in collected </bigram>
</article>
