<?xml version="1.0" encoding="UTF-8"?>
<article id="10.2307/23393957" >
    <bigram weight="105" > ### # </bigram>
    <bigram weight="54" > ### s </bigram>
    <bigram weight="43" > ## ### </bigram>
    <bigram weight="40" > ### ### </bigram>
    <bigram weight="29" > ### ## </bigram>
    <bigram weight="24" > of the </bigram>
    <bigram weight="17" > thoreau ### </bigram>
    <bigram weight="16" > # ## </bigram>
    <bigram weight="13" > in ## </bigram>
    <bigram weight="13" > in the </bigram>
    <bigram weight="12" > ricketson ### </bigram>
    <bigram weight="12" > # ### </bigram>
    <bigram weight="10" > daniel ricketson </bigram>
    <bigram weight="8" > ### and </bigram>
    <bigram weight="8" > mr ### </bigram>
    <bigram weight="8" > sewel ### </bigram>
    <bigram weight="8" > sophia ### </bigram>
    <bigram weight="8" > friends ### </bigram>
    <bigram weight="8" > sophia thoreau </bigram>
    <bigram weight="7" > ### who </bigram>
    <bigram weight="7" > ### a </bigram>
    <bigram weight="7" > ricketson and </bigram>
    <bigram weight="7" > and his </bigram>
    <bigram weight="7" > ### the </bigram>
    <bigram weight="7" > henry ### </bigram>
    <bigram weight="7" > his friends </bigram>
    <bigram weight="6" > # the </bigram>
    <bigram weight="6" > to ricketson </bigram>
    <bigram weight="6" > ### thoreau </bigram>
    <bigram weight="6" > ### with </bigram>
    <bigram weight="6" > her brother </bigram>
    <bigram weight="6" > i have </bigram>
    <bigram weight="6" > s history </bigram>
    <bigram weight="6" > ## and </bigram>
    <bigram weight="6" > the concord </bigram>
    <bigram weight="6" > on the </bigram>
    <bigram weight="5" > ### sophia </bigram>
    <bigram weight="5" > ### mr </bigram>
    <bigram weight="5" > ### daniel </bigram>
    <bigram weight="5" > brother ### </bigram>
    <bigram weight="5" > he was </bigram>
    <bigram weight="5" > who had </bigram>
    <bigram weight="5" > in his </bigram>
    <bigram weight="5" > history of </bigram>
    <bigram weight="5" > ### but </bigram>
    <bigram weight="5" > new bedford </bigram>
    <bigram weight="5" > cholmondeley ### </bigram>
    <bigram weight="4" > ## the </bigram>
    <bigram weight="4" > ### which </bigram>
    <bigram weight="4" > ### ricketson </bigram>
    <bigram weight="4" > jennie burns </bigram>
    <bigram weight="4" > channing ### </bigram>
    <bigram weight="4" > quakers ### </bigram>
    <bigram weight="4" > to see </bigram>
    <bigram weight="4" > one of </bigram>
    <bigram weight="4" > may ### </bigram>
    <bigram weight="4" > walton ricketson </bigram>
    <bigram weight="4" > ### henry </bigram>
    <bigram weight="4" > letter of </bigram>
    <bigram weight="4" > burns ### </bigram>
    <bigram weight="4" > # it </bigram>
    <bigram weight="4" > thoreau and </bigram>
    <bigram weight="4" > by ricketson </bigram>
    <bigram weight="4" > # sophia </bigram>
    <bigram weight="4" > it is </bigram>
    <bigram weight="4" > july ## </bigram>
    <bigram weight="4" > the quakers </bigram>
    <bigram weight="4" > # they </bigram>
    <bigram weight="4" > the book </bigram>
    <bigram weight="3" > letters ### </bigram>
    <bigram weight="3" > a year </bigram>
    <bigram weight="3" > ### to </bigram>
    <bigram weight="3" > s birthday </bigram>
    <bigram weight="3" > s ### </bigram>
    <bigram weight="3" > and walton </bigram>
    <bigram weight="3" > from sophia </bigram>
    <bigram weight="3" > collection of </bigram>
    <bigram weight="3" > may ## </bigram>
    <bigram weight="3" > they had </bigram>
    <bigram weight="3" > of sewel </bigram>
    <bigram weight="3" > ### was </bigram>
    <bigram weight="3" > later ### </bigram>
    <bigram weight="3" > s letters </bigram>
    <bigram weight="3" > mrs ### </bigram>
    <bigram weight="3" > that the </bigram>
    <bigram weight="3" > that he </bigram>
    <bigram weight="3" > he is </bigram>
    <bigram weight="3" > bedford ### </bigram>
    <bigram weight="3" > to concord </bigram>
    <bigram weight="3" > had been </bigram>
    <bigram weight="3" > in new </bigram>
    <bigram weight="3" > # he </bigram>
    <bigram weight="3" > # davis </bigram>
    <bigram weight="3" > sophia to </bigram>
    <bigram weight="3" > was a </bigram>
    <bigram weight="3" > tho reau </bigram>
    <bigram weight="3" > ### boston </bigram>
    <bigram weight="3" > a ### </bigram>
    <bigram weight="3" > of henry </bigram>
    <bigram weight="3" > book ### </bigram>
    <bigram weight="3" > to the </bigram>
    <bigram weight="3" > ### sewel </bigram>
    <bigram weight="3" > garrison ### </bigram>
    <bigram weight="3" > ### e </bigram>
    <bigram weight="3" > and ## </bigram>
    <bigram weight="3" > e ### </bigram>
    <bigram weight="3" > # i </bigram>
    <bigram weight="3" > it to </bigram>
    <bigram weight="3" > boston ### </bigram>
    <bigram weight="3" > at the </bigram>
    <bigram weight="3" > father ### </bigram>
    <bigram weight="3" > anna and </bigram>
    <bigram weight="3" > of thoreau </bigram>
    <bigram weight="3" > party of </bigram>
    <bigram weight="3" > family ### </bigram>
    <bigram weight="3" > have been </bigram>
    <bigram weight="3" > the spot </bigram>
    <bigram weight="2" > con tinued </bigram>
    <bigram weight="2" > henry d </bigram>
    <bigram weight="2" > where his </bigram>
    <bigram weight="2" > ### letters </bigram>
    <bigram weight="2" > the correspondence </bigram>
    <bigram weight="2" > andrew johnson </bigram>
    <bigram weight="2" > # a </bigram>
    <bigram weight="2" > very pleasant </bigram>
    <bigram weight="2" > reform papers </bigram>
    <bigram weight="2" > grandmother ### </bigram>
    <bigram weight="2" > ### emerson </bigram>
    <bigram weight="2" > brown ### </bigram>
    <bigram weight="2" > m ### </bigram>
    <bigram weight="2" > ## did </bigram>
    <bigram weight="2" > of these </bigram>
    <bigram weight="2" > when the </bigram>
    <bigram weight="2" > tinued to </bigram>
    <bigram weight="2" > ### f </bigram>
    <bigram weight="2" > year later </bigram>
    <bigram weight="2" > ### were </bigram>
    <bigram weight="2" > as well </bigram>
    <bigram weight="2" > never comes </bigram>
    <bigram weight="2" > is very </bigram>
    <bigram weight="2" > papers ### </bigram>
    <bigram weight="2" > a yankee </bigram>
    <bigram weight="2" > where he </bigram>
    <bigram weight="2" > came to </bigram>
    <bigram weight="2" > canada ### </bigram>
    <bigram weight="2" > ## m </bigram>
    <bigram weight="2" > big book </bigram>
    <bigram weight="2" > ### new </bigram>
    <bigram weight="2" > forty strangers </bigram>
    <bigram weight="2" > thoreau was </bigram>
    <bigram weight="2" > s brother </bigram>
    <bigram weight="2" > new york </bigram>
    <bigram weight="2" > b ### </bigram>
    <bigram weight="2" > with the </bigram>
    <bigram weight="2" > the south </bigram>
    <bigram weight="2" > in concord </bigram>
    <bigram weight="2" > the letters </bigram>
    <bigram weight="2" > w ### </bigram>
    <bigram weight="2" > notes ### </bigram>
    <bigram weight="2" > concord antiquarian </bigram>
    <bigram weight="2" > correspondence ### </bigram>
    <bigram weight="2" > reau ### </bigram>
    <bigram weight="2" > of forty </bigram>
    <bigram weight="2" > the published </bigram>
    <bigram weight="2" > his death </bigram>
    <bigram weight="2" > the life </bigram>
    <bigram weight="2" > but i </bigram>
    <bigram weight="2" > the hotel </bigram>
    <bigram weight="2" > according to </bigram>
    <bigram weight="2" > the volume </bigram>
    <bigram weight="2" > to his </bigram>
    <bigram weight="2" > had a </bigram>
    <bigram weight="2" > antiquarian society </bigram>
    <bigram weight="2" > after the </bigram>
    <bigram weight="2" > s correspondence </bigram>
    <bigram weight="2" > ### mass </bigram>
    <bigram weight="2" > ## these </bigram>
    <bigram weight="2" > john ### </bigram>
    <bigram weight="2" > of ## </bigram>
    <bigram weight="2" > correspondence with </bigram>
    <bigram weight="2" > the press </bigram>
    <bigram weight="2" > sanborn ### </bigram>
    <bigram weight="2" > between ## </bigram>
    <bigram weight="2" > ## i </bigram>
    <bigram weight="2" > # when </bigram>
    <bigram weight="2" > is in </bigram>
    <bigram weight="2" > thomas blanding </bigram>
    <bigram weight="2" > and sophia </bigram>
    <bigram weight="2" > himself ### </bigram>
    <bigram weight="2" > in september </bigram>
    <bigram weight="2" > this volume </bigram>
    <bigram weight="2" > ### including </bigram>
    <bigram weight="2" > see us </bigram>
    <bigram weight="2" > ### from </bigram>
    <bigram weight="2" > the big </bigram>
    <bigram weight="2" > it was </bigram>
    <bigram weight="2" > their father </bigram>
    <bigram weight="2" > included in </bigram>
    <bigram weight="2" > yankee in </bigram>
    <bigram weight="2" > brother reginald </bigram>
    <bigram weight="2" > correspond ence </bigram>
    <bigram weight="2" > ### dated </bigram>
    <bigram weight="2" > ricketson by </bigram>
    <bigram weight="2" > us ### </bigram>
    <bigram weight="2" > in canada </bigram>
    <bigram weight="2" > spot where </bigram>
    <bigram weight="2" > death in </bigram>
    <bigram weight="2" > stood ### </bigram>
    <bigram weight="2" > # g </bigram>
    <bigram weight="2" > death ### </bigram>
    <bigram weight="2" > a quakeress </bigram>
    <bigram weight="2" > to a </bigram>
    <bigram weight="2" > s friends </bigram>
    <bigram weight="2" > well as </bigram>
    <bigram weight="2" > f ### </bigram>
    <bigram weight="2" > d ### </bigram>
    <bigram weight="2" > davis and </bigram>
    <bigram weight="2" > and their </bigram>
    <bigram weight="2" > quakeress ### </bigram>
    <bigram weight="2" > henry david </bigram>
    <bigram weight="2" > letters to </bigram>
    <bigram weight="2" > mass ### </bigram>
    <bigram weight="2" > and reform </bigram>
    <bigram weight="2" > a party </bigram>
    <bigram weight="2" > another of </bigram>
    <bigram weight="2" > of her </bigram>
    <bigram weight="2" > agreeable to </bigram>
    <bigram weight="2" > jane ### </bigram>
    <bigram weight="2" > s copy </bigram>
    <bigram weight="2" > ### princeton </bigram>
    <bigram weight="2" > of president </bigram>
    <bigram weight="2" > thomas cholmondeley </bigram>
    <bigram weight="2" > ricketson had </bigram>
    <bigram weight="2" > # this </bigram>
    <bigram weight="2" > of ### </bigram>
    <bigram weight="2" > s death </bigram>
    <bigram weight="2" > ### is </bigram>
    <bigram weight="2" > ellery channing </bigram>
    <bigram weight="2" > some of </bigram>
    <bigram weight="2" > the photographs </bigram>
    <bigram weight="2" > his ### </bigram>
    <bigram weight="2" > belonged to </bigram>
    <bigram weight="2" > # ricketson </bigram>
    <bigram weight="2" > with ### </bigram>
    <bigram weight="2" > comes to </bigram>
    <bigram weight="2" > of his </bigram>
    <bigram weight="2" > presented to </bigram>
    <bigram weight="2" > by sophia </bigram>
    <bigram weight="2" > concord ### </bigram>
    <bigram weight="2" > september ### </bigram>
    <bigram weight="2" > house ### </bigram>
    <bigram weight="2" > alcott ### </bigram>
    <bigram weight="2" > letters by </bigram>
    <bigram weight="2" > ### as </bigram>
    <bigram weight="2" > a large </bigram>
    <bigram weight="2" > ricketson on </bigram>
    <bigram weight="2" > edited here </bigram>
    <bigram weight="2" > # although </bigram>
    <bigram weight="2" > of a </bigram>
    <bigram weight="2" > a few </bigram>
    <bigram weight="2" > copy of </bigram>
    <bigram weight="2" > to sophia </bigram>
    <bigram weight="2" > must have </bigram>
    <bigram weight="2" > i wish </bigram>
    <bigram weight="2" > was the </bigram>
    <bigram weight="2" > theo brown </bigram>
    <bigram weight="2" > to various </bigram>
    <bigram weight="2" > in ### </bigram>
    <bigram weight="2" > very much </bigram>
    <bigram weight="2" > david thoreau </bigram>
    <bigram weight="2" > edition of </bigram>
    <bigram weight="2" > i think </bigram>
    <bigram weight="2" > after his </bigram>
    <bigram weight="2" > gaps in </bigram>
    <bigram weight="2" > winter and </bigram>
    <bigram weight="2" > for the </bigram>
    <bigram weight="2" > library ### </bigram>
    <bigram weight="2" > is a </bigram>
    <bigram weight="2" > more than </bigram>
    <bigram weight="2" > them ### </bigram>
    <bigram weight="2" > ### jane </bigram>
    <bigram weight="2" > davis ### </bigram>
    <bigram weight="2" > edited by </bigram>
    <bigram weight="2" > ### alcott </bigram>
    <bigram weight="2" > from the </bigram>
    <bigram weight="2" > ### edited </bigram>
    <bigram weight="2" > before the </bigram>
    <bigram weight="2" > paternal grandmother </bigram>
    <bigram weight="2" > letters he </bigram>
    <bigram weight="2" > in plymouth </bigram>
    <bigram weight="2" > ### when </bigram>
    <bigram weight="1" > descendents i </bigram>
    <bigram weight="1" > you have </bigram>
    <bigram weight="1" > met ### </bigram>
    <bigram weight="1" > the shipwreck </bigram>
    <bigram weight="1" > waldo emerson </bigram>
    <bigram weight="1" > to three </bigram>
    <bigram weight="1" > plymouth ### </bigram>
    <bigram weight="1" > thinking the </bigram>
    <bigram weight="1" > the abolitionist </bigram>
    <bigram weight="1" > wat son </bigram>
    <bigram weight="1" > s conciliatory </bigram>
    <bigram weight="1" > man ### </bigram>
    <bigram weight="1" > # but </bigram>
    <bigram weight="1" > be included </bigram>
    <bigram weight="1" > the following </bigram>
    <bigram weight="1" > nevertheless because </bigram>
    <bigram weight="1" > has frequently </bigram>
    <bigram weight="1" > love of </bigram>
    <bigram weight="1" > military guardianship </bigram>
    <bigram weight="1" > plymouth mrs </bigram>
    <bigram weight="1" > willem sewel </bigram>
    <bigram weight="1" > by thoreau </bigram>
    <bigram weight="1" > they appear </bigram>
    <bigram weight="1" > was writ </bigram>
    <bigram weight="1" > of walden </bigram>
    <bigram weight="1" > package some </bigram>
    <bigram weight="1" > extant letter </bigram>
    <bigram weight="1" > h mr </bigram>
    <bigram weight="1" > now that </bigram>
    <bigram weight="1" > s closest </bigram>
    <bigram weight="1" > river ### </bigram>
    <bigram weight="1" > her paternal </bigram>
    <bigram weight="1" > much ### </bigram>
    <bigram weight="1" > mr channing </bigram>
    <bigram weight="1" > ### felicitously </bigram>
    <bigram weight="1" > ## walton </bigram>
    <bigram weight="1" > ### included </bigram>
    <bigram weight="1" > frequently called </bigram>
    <bigram weight="1" > volume was </bigram>
    <bigram weight="1" > early biographers </bigram>
    <bigram weight="1" > to visit </bigram>
    <bigram weight="1" > whom you </bigram>
    <bigram weight="1" > whips ### </bigram>
    <bigram weight="1" > ### on </bigram>
    <bigram weight="1" > did not </bigram>
    <bigram weight="1" > originated in </bigram>
    <bigram weight="1" > ## jennie </bigram>
    <bigram weight="1" > all the </bigram>
    <bigram weight="1" > frank sanborn </bigram>
    <bigram weight="1" > repaired and </bigram>
    <bigram weight="1" > cord antiquarian </bigram>
    <bigram weight="1" > large book </bigram>
    <bigram weight="1" > which is </bigram>
    <bigram weight="1" > the woods </bigram>
    <bigram weight="1" > been sick </bigram>
    <bigram weight="1" > had apread </bigram>
    <bigram weight="1" > commonly known </bigram>
    <bigram weight="1" > ### alexander </bigram>
    <bigram weight="1" > lived in </bigram>
    <bigram weight="1" > owned it </bigram>
    <bigram weight="1" > home in </bigram>
    <bigram weight="1" > ### jones </bigram>
    <bigram weight="1" > ## is </bigram>
    <bigram weight="1" > brooklyn speech </bigram>
    <bigram weight="1" > the history </bigram>
    <bigram weight="1" > inmates of </bigram>
    <bigram weight="1" > with explana </bigram>
    <bigram weight="1" > alcott in </bigram>
    <bigram weight="1" > good to </bigram>
    <bigram weight="1" > should pass </bigram>
    <bigram weight="1" > college ### </bigram>
    <bigram weight="1" > afterward concluded </bigram>
    <bigram weight="1" > quaker family </bigram>
    <bigram weight="1" > on johnson </bigram>
    <bigram weight="1" > ownership ### </bigram>
    <bigram weight="1" > plymouth and </bigram>
    <bigram weight="1" > pleasure to </bigram>
    <bigram weight="1" > volume from </bigram>
    <bigram weight="1" > walden to </bigram>
    <bigram weight="1" > change in </bigram>
    <bigram weight="1" > tain them </bigram>
    <bigram weight="1" > since then </bigram>
    <bigram weight="1" > enjoy mr </bigram>
    <bigram weight="1" > # note </bigram>
    <bigram weight="1" > pleasant notes </bigram>
    <bigram weight="1" > hut formerly </bigram>
    <bigram weight="1" > this hitherto </bigram>
    <bigram weight="1" > must be </bigram>
    <bigram weight="1" > ern keeper </bigram>
    <bigram weight="1" > and progress </bigram>
    <bigram weight="1" > s american </bigram>
    <bigram weight="1" > her in </bigram>
    <bigram weight="1" > crew member </bigram>
    <bigram weight="1" > ### devolving </bigram>
    <bigram weight="1" > can now </bigram>
    <bigram weight="1" > s editing </bigram>
    <bigram weight="1" > president johnson </bigram>
    <bigram weight="1" > newton and </bigram>
    <bigram weight="1" > respectively ### </bigram>
    <bigram weight="1" > autograph appears </bigram>
    <bigram weight="1" > to correspond </bigram>
    <bigram weight="1" > standard reported </bigram>
    <bigram weight="1" > during most </bigram>
    <bigram weight="1" > appears on </bigram>
    <bigram weight="1" > volume because </bigram>
    <bigram weight="1" > thoreau wrote </bigram>
    <bigram weight="1" > who went </bigram>
    <bigram weight="1" > ### other </bigram>
    <bigram weight="1" > # concord </bigram>
    <bigram weight="1" > journal ### </bigram>
    <bigram weight="1" > lost for </bigram>
    <bigram weight="1" > been unable </bigram>
    <bigram weight="1" > north america </bigram>
    <bigram weight="1" > at hillside </bigram>
    <bigram weight="1" > the emerson </bigram>
    <bigram weight="1" > little hut </bigram>
    <bigram weight="1" > arrived in </bigram>
    <bigram weight="1" > refers to </bigram>
    <bigram weight="1" > thoreaus ### </bigram>
    <bigram weight="1" > and b </bigram>
    <bigram weight="1" > a new </bigram>
    <bigram weight="1" > think of </bigram>
    <bigram weight="1" > health inclination </bigram>
    <bigram weight="1" > four page </bigram>
    <bigram weight="1" > the salt </bigram>
    <bigram weight="1" > leaves our </bigram>
    <bigram weight="1" > reginald included </bigram>
    <bigram weight="1" > and concurred </bigram>
    <bigram weight="1" > university ### </bigram>
    <bigram weight="1" > the exchange </bigram>
    <bigram weight="1" > with ricketson </bigram>
    <bigram weight="1" > ones infirmities </bigram>
    <bigram weight="1" > samuel a </bigram>
    <bigram weight="1" > as early </bigram>
    <bigram weight="1" > was leaving </bigram>
    <bigram weight="1" > much touched </bigram>
    <bigram weight="1" > you say </bigram>
    <bigram weight="1" > emi grated </bigram>
    <bigram weight="1" > s posthumous </bigram>
    <bigram weight="1" > years ### </bigram>
    <bigram weight="1" > ### cholmondeley </bigram>
    <bigram weight="1" > these ### </bigram>
    <bigram weight="1" > ### classic </bigram>
    <bigram weight="1" > walden ### </bigram>
    <bigram weight="1" > devolving upon </bigram>
    <bigram weight="1" > their greatest </bigram>
    <bigram weight="1" > and one </bigram>
    <bigram weight="1" > ### casts </bigram>
    <bigram weight="1" > grand mother </bigram>
    <bigram weight="1" > so far </bigram>
    <bigram weight="1" > do not </bigram>
    <bigram weight="1" > concord grape </bigram>
    <bigram weight="1" > celebrated henry </bigram>
    <bigram weight="1" > letters were </bigram>
    <bigram weight="1" > book may </bigram>
    <bigram weight="1" > did sophia </bigram>
    <bigram weight="1" > intermixed ### </bigram>
    <bigram weight="1" > blake brown </bigram>
    <bigram weight="1" > business ### </bigram>
    <bigram weight="1" > her marriage </bigram>
    <bigram weight="1" > ricketson himself </bigram>
    <bigram weight="1" > ricketson gathered </bigram>
    <bigram weight="1" > who emi </bigram>
    <bigram weight="1" > three letters </bigram>
    <bigram weight="1" > the courtesy </bigram>
    <bigram weight="1" > concord a </bigram>
    <bigram weight="1" > excuse my </bigram>
    <bigram weight="1" > writes that </bigram>
    <bigram weight="1" > been a </bigram>
    <bigram weight="1" > ### returned </bigram>
    <bigram weight="1" > s assault </bigram>
    <bigram weight="1" > left instructions </bigram>
    <bigram weight="1" > than your </bigram>
    <bigram weight="1" > spooner was </bigram>
    <bigram weight="1" > ### wilson </bigram>
    <bigram weight="1" > the manuscripts </bigram>
    <bigram weight="1" > cares ### </bigram>
    <bigram weight="1" > # endnotes </bigram>
    <bigram weight="1" > the rise </bigram>
    <bigram weight="1" > this nation </bigram>
    <bigram weight="1" > usual assumption </bigram>
    <bigram weight="1" > sophia presented </bigram>
    <bigram weight="1" > room at </bigram>
    <bigram weight="1" > ence which </bigram>
    <bigram weight="1" > had stayed </bigram>
    <bigram weight="1" > ### having </bigram>
    <bigram weight="1" > as remarkable </bigram>
    <bigram weight="1" > to new </bigram>
    <bigram weight="1" > a total </bigram>
    <bigram weight="1" > however ### </bigram>
    <bigram weight="1" > acknowledging your </bigram>
    <bigram weight="1" > large portion </bigram>
    <bigram weight="1" > he might </bigram>
    <bigram weight="1" > sophia had </bigram>
    <bigram weight="1" > lectures in </bigram>
    <bigram weight="1" > speeches delivered </bigram>
    <bigram weight="1" > ticknor fields </bigram>
    <bigram weight="1" > she thought </bigram>
    <bigram weight="1" > to acushnet </bigram>
    <bigram weight="1" > extracts and </bigram>
    <bigram weight="1" > to include </bigram>
    <bigram weight="1" > by the </bigram>
    <bigram weight="1" > ricketson could </bigram>
    <bigram weight="1" > covered the </bigram>
    <bigram weight="1" > ### if </bigram>
    <bigram weight="1" > policies ### </bigram>
    <bigram weight="1" > read them </bigram>
    <bigram weight="1" > of thomas </bigram>
    <bigram weight="1" > a substantial </bigram>
    <bigram weight="1" > george w </bigram>
    <bigram weight="1" > ricketson includes </bigram>
    <bigram weight="1" > married jean </bigram>
    <bigram weight="1" > in her </bigram>
    <bigram weight="1" > ricketson before </bigram>
    <bigram weight="1" > known by </bigram>
    <bigram weight="1" > russell who </bigram>
    <bigram weight="1" > upon dear </bigram>
    <bigram weight="1" > inside front </bigram>
    <bigram weight="1" > wrote to </bigram>
    <bigram weight="1" > letters which </bigram>
    <bigram weight="1" > journals of </bigram>
    <bigram weight="1" > thoreau collection </bigram>
    <bigram weight="1" > correspondence arrived </bigram>
    <bigram weight="1" > also included </bigram>
    <bigram weight="1" > acushnet ### </bigram>
    <bigram weight="1" > but clearly </bigram>
    <bigram weight="1" > the nearby </bigram>
    <bigram weight="1" > his sister </bigram>
    <bigram weight="1" > married rebecca </bigram>
    <bigram weight="1" > ## liquor </bigram>
    <bigram weight="1" > after its </bigram>
    <bigram weight="1" > s vineyard </bigram>
    <bigram weight="1" > retired in </bigram>
    <bigram weight="1" > walden pond </bigram>
    <bigram weight="1" > ### sanborn </bigram>
    <bigram weight="1" > a ## </bigram>
    <bigram weight="1" > library in </bigram>
    <bigram weight="1" > in another </bigram>
    <bigram weight="1" > all liberated </bigram>
    <bigram weight="1" > days later </bigram>
    <bigram weight="1" > hitherto unpublished </bigram>
    <bigram weight="1" > to pack </bigram>
    <bigram weight="1" > had belonged </bigram>
    <bigram weight="1" > ### making </bigram>
    <bigram weight="1" > that i </bigram>
    <bigram weight="1" > ### john </bigram>
    <bigram weight="1" > henry salt </bigram>
    <bigram weight="1" > value it </bigram>
    <bigram weight="1" > godly as </bigram>
    <bigram weight="1" > president andrew </bigram>
    <bigram weight="1" > by invitation </bigram>
    <bigram weight="1" > burns married </bigram>
    <bigram weight="1" > while preparing </bigram>
    <bigram weight="1" > a successful </bigram>
    <bigram weight="1" > to send </bigram>
    <bigram weight="1" > ### now </bigram>
    <bigram weight="1" > publication of </bigram>
    <bigram weight="1" > ### ralph </bigram>
    <bigram weight="1" > preparing letters </bigram>
    <bigram weight="1" > two days </bigram>
    <bigram weight="1" > south where </bigram>
    <bigram weight="1" > had lived </bigram>
    <bigram weight="1" > dis covered </bigram>
    <bigram weight="1" > me of </bigram>
    <bigram weight="1" > concord literary </bigram>
    <bigram weight="1" > friend as </bigram>
    <bigram weight="1" > felt able </bigram>
    <bigram weight="1" > deaths in </bigram>
    <bigram weight="1" > written in </bigram>
    <bigram weight="1" > and another </bigram>
    <bigram weight="1" > until ## </bigram>
    <bigram weight="1" > book to </bigram>
    <bigram weight="1" > heard ### </bigram>
    <bigram weight="1" > of samuel </bigram>
    <bigram weight="1" > originator of </bigram>
    <bigram weight="1" > hosmer collection </bigram>
    <bigram weight="1" > no one </bigram>
    <bigram weight="1" > that sophia </bigram>
    <bigram weight="1" > as you </bigram>
    <bigram weight="1" > princeton university </bigram>
    <bigram weight="1" > his wife </bigram>
    <bigram weight="1" > report of </bigram>
    <bigram weight="1" > to daniel </bigram>
    <bigram weight="1" > ### one </bigram>
    <bigram weight="1" > other day </bigram>
    <bigram weight="1" > have met </bigram>
    <bigram weight="1" > his adult </bigram>
    <bigram weight="1" > # we </bigram>
    <bigram weight="1" > not felt </bigram>
    <bigram weight="1" > included ### </bigram>
    <bigram weight="1" > associated ricketson </bigram>
    <bigram weight="1" > ### california </bigram>
    <bigram weight="1" > to walton </bigram>
    <bigram weight="1" > citizenship and </bigram>
    <bigram weight="1" > few weeks </bigram>
    <bigram weight="1" > gives me </bigram>
    <bigram weight="1" > to yourself </bigram>
    <bigram weight="1" > briefly enamored </bigram>
    <bigram weight="1" > literary executor </bigram>
    <bigram weight="1" > it appro </bigram>
    <bigram weight="1" > ### thought </bigram>
    <bigram weight="1" > disciples ### </bigram>
    <bigram weight="1" > of new </bigram>
    <bigram weight="1" > them for </bigram>
    <bigram weight="1" > because sewel </bigram>
    <bigram weight="1" > channing leaves </bigram>
    <bigram weight="1" > task of </bigram>
    <bigram weight="1" > not in </bigram>
    <bigram weight="1" > # marston </bigram>
    <bigram weight="1" > clearly several </bigram>
    <bigram weight="1" > # jennie </bigram>
    <bigram weight="1" > means exhaustive </bigram>
    <bigram weight="1" > s speeches </bigram>
    <bigram weight="1" > residence at </bigram>
    <bigram weight="1" > son ### </bigram>
    <bigram weight="1" > mr spooner </bigram>
    <bigram weight="1" > write you </bigram>
    <bigram weight="1" > ### natural </bigram>
    <bigram weight="1" > and sarah </bigram>
    <bigram weight="1" > im peachment </bigram>
    <bigram weight="1" > commenced ### </bigram>
    <bigram weight="1" > ### cares </bigram>
    <bigram weight="1" > photographs received </bigram>
    <bigram weight="1" > national ### </bigram>
    <bigram weight="1" > bode ### </bigram>
    <bigram weight="1" > them between </bigram>
    <bigram weight="1" > front cover </bigram>
    <bigram weight="1" > days after </bigram>
    <bigram weight="1" > very valuable </bigram>
    <bigram weight="1" > recon struction </bigram>
    <bigram weight="1" > joins me </bigram>
    <bigram weight="1" > the ### </bigram>
    <bigram weight="1" > various persons </bigram>
    <bigram weight="1" > strangers celebrated </bigram>
    <bigram weight="1" > of this </bigram>
    <bigram weight="1" > a jersey </bigram>
    <bigram weight="1" > were much </bigram>
    <bigram weight="1" > contained ### </bigram>
    <bigram weight="1" > they cherish </bigram>
    <bigram weight="1" > furnished the </bigram>
    <bigram weight="1" > thoreau between </bigram>
    <bigram weight="1" > york ### </bigram>
    <bigram weight="1" > is here </bigram>
    <bigram weight="1" > a biographical </bigram>
    <bigram weight="1" > the thoreaus </bigram>
    <bigram weight="1" > rome ### </bigram>
    <bigram weight="1" > come see </bigram>
    <bigram weight="1" > pass to </bigram>
    <bigram weight="1" > a worcester </bigram>
    <bigram weight="1" > apparently they </bigram>
    <bigram weight="1" > america presented </bigram>
    <bigram weight="1" > you would </bigram>
    <bigram weight="1" > an inmate </bigram>
    <bigram weight="1" > including two </bigram>
    <bigram weight="1" > the pond </bigram>
    <bigram weight="1" > in perfection </bigram>
    <bigram weight="1" > solicited these </bigram>
    <bigram weight="1" > all letters </bigram>
    <bigram weight="1" > with whips </bigram>
    <bigram weight="1" > # apparently </bigram>
    <bigram weight="1" > of them </bigram>
    <bigram weight="1" > and critics </bigram>
    <bigram weight="1" > which in </bigram>
    <bigram weight="1" > book for </bigram>
    <bigram weight="1" > tory notes </bigram>
    <bigram weight="1" > editing of </bigram>
    <bigram weight="1" > bedford poet </bigram>
    <bigram weight="1" > that town </bigram>
    <bigram weight="1" > bedford two </bigram>
    <bigram weight="1" > life ### </bigram>
    <bigram weight="1" > a period </bigram>
    <bigram weight="1" > obliged to </bigram>
    <bigram weight="1" > ence ### </bigram>
    <bigram weight="1" > in that </bigram>
    <bigram weight="1" > espousing the </bigram>
    <bigram weight="1" > todd who </bigram>
    <bigram weight="1" > following note </bigram>
    <bigram weight="1" > years earlier </bigram>
    <bigram weight="1" > mary russell </bigram>
    <bigram weight="1" > of our </bigram>
    <bigram weight="1" > civilized and </bigram>
    <bigram weight="1" > # while </bigram>
    <bigram weight="1" > with him </bigram>
    <bigram weight="1" > managed the </bigram>
    <bigram weight="1" > the journal </bigram>
    <bigram weight="1" > have boarded </bigram>
    <bigram weight="1" > the correspond </bigram>
    <bigram weight="1" > a mr </bigram>
    <bigram weight="1" > went to </bigram>
    <bigram weight="1" > s short </bigram>
    <bigram weight="1" > send it </bigram>
    <bigram weight="1" > kettell a </bigram>
    <bigram weight="1" > marshall davis </bigram>
    <bigram weight="1" > will enjoy </bigram>
    <bigram weight="1" > the inside </bigram>
    <bigram weight="1" > but he </bigram>
    <bigram weight="1" > brother in </bigram>
    <bigram weight="1" > in your </bigram>
    <bigram weight="1" > in may </bigram>
    <bigram weight="1" > mother ### </bigram>
    <bigram weight="1" > thoreau i </bigram>
    <bigram weight="1" > at room </bigram>
    <bigram weight="1" > two pleasant </bigram>
    <bigram weight="1" > on with </bigram>
    <bigram weight="1" > thoreau to </bigram>
    <bigram weight="1" > house during </bigram>
    <bigram weight="1" > who would </bigram>
    <bigram weight="1" > your family </bigram>
    <bigram weight="1" > photographs i </bigram>
    <bigram weight="1" > young ladies </bigram>
    <bigram weight="1" > his letter </bigram>
    <bigram weight="1" > # she </bigram>
    <bigram weight="1" > acquaintance who </bigram>
    <bigram weight="1" > in brooklyn </bigram>
    <bigram weight="1" > salt that </bigram>
    <bigram weight="1" > published correspond </bigram>
    <bigram weight="1" > nearby town </bigram>
    <bigram weight="1" > y ### </bigram>
    <bigram weight="1" > company ### </bigram>
    <bigram weight="1" > s paternal </bigram>
    <bigram weight="1" > that forty </bigram>
    <bigram weight="1" > ### w </bigram>
    <bigram weight="1" > ### grandmother </bigram>
    <bigram weight="1" > her letter </bigram>
    <bigram weight="1" > short title </bigram>
    <bigram weight="1" > # their </bigram>
    <bigram weight="1" > probably arranged </bigram>
    <bigram weight="1" > by daniel </bigram>
    <bigram weight="1" > on july </bigram>
    <bigram weight="1" > called at </bigram>
    <bigram weight="1" > ardent thoreau </bigram>
    <bigram weight="1" > me in </bigram>
    <bigram weight="1" > vineyards when </bigram>
    <bigram weight="1" > passages expressing </bigram>
    <bigram weight="1" > ### after </bigram>
    <bigram weight="1" > # soon </bigram>
    <bigram weight="1" > abolitionist william </bigram>
    <bigram weight="1" > when cholmondeley </bigram>
    <bigram weight="1" > and todd </bigram>
    <bigram weight="1" > although anna </bigram>
    <bigram weight="1" > in san </bigram>
    <bigram weight="1" > would receive </bigram>
    <bigram weight="1" > and most </bigram>
    <bigram weight="1" > miscellaneous extracts </bigram>
    <bigram weight="1" > north until </bigram>
    <bigram weight="1" > rs truly </bigram>
    <bigram weight="1" > j ### </bigram>
    <bigram weight="1" > more of </bigram>
    <bigram weight="1" > concluded to </bigram>
    <bigram weight="1" > from thoreau </bigram>
    <bigram weight="1" > altogether a </bigram>
    <bigram weight="1" > mutual love </bigram>
    <bigram weight="1" > the party </bigram>
    <bigram weight="1" > our neighborhood </bigram>
    <bigram weight="1" > ### tipped </bigram>
    <bigram weight="1" > s account </bigram>
    <bigram weight="1" > i could </bigram>
    <bigram weight="1" > volume were </bigram>
    <bigram weight="1" > before their </bigram>
    <bigram weight="1" > there in </bigram>
    <bigram weight="1" > ### godly </bigram>
    <bigram weight="1" > ricketson edited </bigram>
    <bigram weight="1" > his criticism </bigram>
    <bigram weight="1" > hillside in </bigram>
    <bigram weight="1" > and married </bigram>
    <bigram weight="1" > social and </bigram>
    <bigram weight="1" > he his </bigram>
    <bigram weight="1" > but afterward </bigram>
    <bigram weight="1" > about the </bigram>
    <bigram weight="1" > send ricketson </bigram>
    <bigram weight="1" > ## harrison </bigram>
    <bigram weight="1" > increase and </bigram>
    <bigram weight="1" > summer of </bigram>
    <bigram weight="1" > burns died </bigram>
    <bigram weight="1" > of no </bigram>
    <bigram weight="1" > come to </bigram>
    <bigram weight="1" > year before </bigram>
    <bigram weight="1" > visit ephraim </bigram>
    <bigram weight="1" > member ### </bigram>
    <bigram weight="1" > happy to </bigram>
    <bigram weight="1" > not agreeable </bigram>
    <bigram weight="1" > march ### </bigram>
    <bigram weight="1" > s letter </bigram>
    <bigram weight="1" > then have </bigram>
    <bigram weight="1" > the journals </bigram>
    <bigram weight="1" > the con </bigram>
    <bigram weight="1" > sophia is </bigram>
    <bigram weight="1" > the stables </bigram>
    <bigram weight="1" > by walter </bigram>
    <bigram weight="1" > thus be </bigram>
    <bigram weight="1" > once stood </bigram>
    <bigram weight="1" > the friendship </bigram>
    <bigram weight="1" > biographers and </bigram>
    <bigram weight="1" > feel about </bigram>
    <bigram weight="1" > do they </bigram>
    <bigram weight="1" > hall ### </bigram>
    <bigram weight="1" > ### candover </bigram>
    <bigram weight="1" > otis blake </bigram>
    <bigram weight="1" > increasingly associated </bigram>
    <bigram weight="1" > ### hasthorn </bigram>
    <bigram weight="1" > assumption that </bigram>
    <bigram weight="1" > was apparently </bigram>
    <bigram weight="1" > gray otis </bigram>
    <bigram weight="1" > his first </bigram>
    <bigram weight="1" > was an </bigram>
    <bigram weight="1" > the fact </bigram>
    <bigram weight="1" > s accompanying </bigram>
    <bigram weight="1" > kept under </bigram>
    <bigram weight="1" > how you </bigram>
    <bigram weight="1" > among his </bigram>
    <bigram weight="1" > who died </bigram>
    <bigram weight="1" > page ### </bigram>
    <bigram weight="1" > con cord </bigram>
    <bigram weight="1" > statue ### </bigram>
    <bigram weight="1" > manuscripts while </bigram>
    <bigram weight="1" > after sophia </bigram>
    <bigram weight="1" > been ricketson </bigram>
    <bigram weight="1" > who was </bigram>
    <bigram weight="1" > could only </bigram>
    <bigram weight="1" > with thoreau </bigram>
    <bigram weight="1" > apparently briefly </bigram>
    <bigram weight="1" > stoicism ### </bigram>
    <bigram weight="1" > two books </bigram>
    <bigram weight="1" > and spring </bigram>
    <bigram weight="1" > know that </bigram>
    <bigram weight="1" > ### miscellaneous </bigram>
    <bigram weight="1" > him for </bigram>
    <bigram weight="1" > periences of </bigram>
    <bigram weight="1" > two speeches </bigram>
    <bigram weight="1" > ## in </bigram>
    <bigram weight="1" > memory after </bigram>
    <bigram weight="1" > greatest charm </bigram>
    <bigram weight="1" > candidate ### </bigram>
    <bigram weight="1" > ### newton </bigram>
    <bigram weight="1" > george fox </bigram>
    <bigram weight="1" > now be </bigram>
    <bigram weight="1" > by thomas </bigram>
    <bigram weight="1" > was no </bigram>
    <bigram weight="1" > scotch gentleman </bigram>
    <bigram weight="1" > america eight </bigram>
    <bigram weight="1" > here ### </bigram>
    <bigram weight="1" > correspond with </bigram>
    <bigram weight="1" > the house </bigram>
    <bigram weight="1" > laid on </bigram>
    <bigram weight="1" > with thongs </bigram>
    <bigram weight="1" > thoreau devotee </bigram>
    <bigram weight="1" > poet ### </bigram>
    <bigram weight="1" > to know </bigram>
    <bigram weight="1" > jones ### </bigram>
    <bigram weight="1" > personal acquaintance </bigram>
    <bigram weight="1" > february ## </bigram>
    <bigram weight="1" > one who </bigram>
    <bigram weight="1" > moderate recon </bigram>
    <bigram weight="1" > were not </bigram>
    <bigram weight="1" > ber ### </bigram>
    <bigram weight="1" > and the </bigram>
    <bigram weight="1" > but emerson </bigram>
    <bigram weight="1" > of cholmondeley </bigram>
    <bigram weight="1" > broad humanity </bigram>
    <bigram weight="1" > too late </bigram>
    <bigram weight="1" > priate ### </bigram>
    <bigram weight="1" > memory ### </bigram>
    <bigram weight="1" > graduate college </bigram>
    <bigram weight="1" > shall not </bigram>
    <bigram weight="1" > south must </bigram>
    <bigram weight="1" > society in </bigram>
    <bigram weight="1" > ### old </bigram>
    <bigram weight="1" > the summer </bigram>
    <bigram weight="1" > to celebrate </bigram>
    <bigram weight="1" > ricketson dear </bigram>
    <bigram weight="1" > the thoreau </bigram>
    <bigram weight="1" > todd took </bigram>
    <bigram weight="1" > ### himself </bigram>
    <bigram weight="1" > ## anna </bigram>
    <bigram weight="1" > affection ### </bigram>
    <bigram weight="1" > they are </bigram>
    <bigram weight="1" > bull ### </bigram>
    <bigram weight="1" > watsons in </bigram>
    <bigram weight="1" > the sophia </bigram>
    <bigram weight="1" > or lost </bigram>
    <bigram weight="1" > cholmondeley died </bigram>
    <bigram weight="1" > emerson sought </bigram>
    <bigram weight="1" > my grand </bigram>
    <bigram weight="1" > remarkable man </bigram>
    <bigram weight="1" > ## sophia </bigram>
    <bigram weight="1" > ### whom </bigram>
    <bigram weight="1" > g in </bigram>
    <bigram weight="1" > were circulated </bigram>
    <bigram weight="1" > s lectures </bigram>
    <bigram weight="1" > ### never </bigram>
    <bigram weight="1" > aided her </bigram>
    <bigram weight="1" > grated from </bigram>
    <bigram weight="1" > was again </bigram>
    <bigram weight="1" > receive was </bigram>
    <bigram weight="1" > thought it </bigram>
    <bigram weight="1" > ing and </bigram>
    <bigram weight="1" > at our </bigram>
    <bigram weight="1" > audubon ### </bigram>
    <bigram weight="1" > purchased the </bigram>
    <bigram weight="1" > the winter </bigram>
    <bigram weight="1" > ## by </bigram>
    <bigram weight="1" > ### spoke </bigram>
    <bigram weight="1" > have lost </bigram>
    <bigram weight="1" > which he </bigram>
    <bigram weight="1" > friend thomas </bigram>
    <bigram weight="1" > them into </bigram>
    <bigram weight="1" > last extant </bigram>
    <bigram weight="1" > see a </bigram>
    <bigram weight="1" > # h </bigram>
    <bigram weight="1" > aunts who </bigram>
    <bigram weight="1" > been active </bigram>
    <bigram weight="1" > cambridge ### </bigram>
    <bigram weight="1" > me their </bigram>
    <bigram weight="1" > if wendell </bigram>
    <bigram weight="1" > same faith </bigram>
    <bigram weight="1" > notice able </bigram>
    <bigram weight="1" > brooklyn ### </bigram>
    <bigram weight="1" > editing a </bigram>
    <bigram weight="1" > among thoreau </bigram>
    <bigram weight="1" > # thoreau </bigram>
    <bigram weight="1" > ricketson recently </bigram>
    <bigram weight="1" > perhaps also </bigram>
    <bigram weight="1" > reading of </bigram>
    <bigram weight="1" > felicitously entitled </bigram>
    <bigram weight="1" > ### n </bigram>
    <bigram weight="1" > rebecca kettell </bigram>
    <bigram weight="1" > at cambridge </bigram>
    <bigram weight="1" > is the </bigram>
    <bigram weight="1" > liquor dealer </bigram>
    <bigram weight="1" > not know </bigram>
    <bigram weight="1" > interests and </bigram>
    <bigram weight="1" > is possible </bigram>
    <bigram weight="1" > from stirling </bigram>
    <bigram weight="1" > if i </bigram>
    <bigram weight="1" > loyal ### </bigram>
    <bigram weight="1" > ### graduated </bigram>
    <bigram weight="1" > gathered into </bigram>
    <bigram weight="1" > speeches ### </bigram>
    <bigram weight="1" > me how </bigram>
    <bigram weight="1" > to take </bigram>
    <bigram weight="1" > country ### </bigram>
    <bigram weight="1" > fifty years </bigram>
    <bigram weight="1" > see henry </bigram>
    <bigram weight="1" > johnson gathered </bigram>
    <bigram weight="1" > among tho </bigram>
    <bigram weight="1" > might come </bigram>
    <bigram weight="1" > treasured the </bigram>
    <bigram weight="1" > of nature </bigram>
    <bigram weight="1" > walter harding </bigram>
    <bigram weight="1" > a crew </bigram>
    <bigram weight="1" > the above </bigram>
    <bigram weight="1" > of many </bigram>
    <bigram weight="1" > by a </bigram>
    <bigram weight="1" > first reading </bigram>
    <bigram weight="1" > and samuel </bigram>
    <bigram weight="1" > quakers was </bigram>
    <bigram weight="1" > publicly advocated </bigram>
    <bigram weight="1" > inmate there </bigram>
    <bigram weight="1" > account ricketson </bigram>
    <bigram weight="1" > i were </bigram>
    <bigram weight="1" > not miss </bigram>
    <bigram weight="1" > express did </bigram>
    <bigram weight="1" > englishman ### </bigram>
    <bigram weight="1" > hermitage ### </bigram>
    <bigram weight="1" > i value </bigram>
    <bigram weight="1" > who leased </bigram>
    <bigram weight="1" > title ### </bigram>
    <bigram weight="1" > both books </bigram>
    <bigram weight="1" > at that </bigram>
    <bigram weight="1" > volume formerly </bigram>
    <bigram weight="1" > his home </bigram>
    <bigram weight="1" > active participants </bigram>
    <bigram weight="1" > sophia send </bigram>
    <bigram weight="1" > enamored of </bigram>
    <bigram weight="1" > died ## </bigram>
    <bigram weight="1" > birthday ### </bigram>
    <bigram weight="1" > waited for </bigram>
    <bigram weight="1" > lately had </bigram>
    <bigram weight="1" > together with </bigram>
    <bigram weight="1" > press as </bigram>
    <bigram weight="1" > grape ### </bigram>
    <bigram weight="1" > selections from </bigram>
    <bigram weight="1" > could not </bigram>
    <bigram weight="1" > and after </bigram>
    <bigram weight="1" > blanding is </bigram>
    <bigram weight="1" > struction policies </bigram>
    <bigram weight="1" > kept on </bigram>
    <bigram weight="1" > i should </bigram>
    <bigram weight="1" > member of </bigram>
    <bigram weight="1" > t ### </bigram>
    <bigram weight="1" > the edition </bigram>
    <bigram weight="1" > recent change </bigram>
    <bigram weight="1" > of july </bigram>
    <bigram weight="1" > # tomorrow </bigram>
    <bigram weight="1" > out of </bigram>
    <bigram weight="1" > when he </bigram>
    <bigram weight="1" > letter from </bigram>
    <bigram weight="1" > during several </bigram>
    <bigram weight="1" > ## one </bigram>
    <bigram weight="1" > she was </bigram>
    <bigram weight="1" > cannot excuse </bigram>
    <bigram weight="1" > photo of </bigram>
    <bigram weight="1" > s early </bigram>
    <bigram weight="1" > of stow </bigram>
    <bigram weight="1" > the gift </bigram>
    <bigram weight="1" > # in </bigram>
    <bigram weight="1" > ### july </bigram>
    <bigram weight="1" > friends after </bigram>
    <bigram weight="1" > ricketson to </bigram>
    <bigram weight="1" > apread a </bigram>
    <bigram weight="1" > in it </bigram>
    <bigram weight="1" > speech in </bigram>
    <bigram weight="1" > huntington library </bigram>
    <bigram weight="1" > walton by </bigram>
    <bigram weight="1" > walton ### </bigram>
    <bigram weight="1" > invitation at </bigram>
    <bigram weight="1" > than fifty </bigram>
    <bigram weight="1" > edited ### </bigram>
    <bigram weight="1" > books ### </bigram>
    <bigram weight="1" > of concord </bigram>
    <bigram weight="1" > s memory </bigram>
    <bigram weight="1" > here refers </bigram>
    <bigram weight="1" > mar his </bigram>
    <bigram weight="1" > # james </bigram>
    <bigram weight="1" > mother joins </bigram>
    <bigram weight="1" > privateer of </bigram>
    <bigram weight="1" > referring to </bigram>
    <bigram weight="1" > wendell phillips </bigram>
    <bigram weight="1" > your last </bigram>
    <bigram weight="1" > old boston </bigram>
    <bigram weight="1" > ### rs </bigram>
    <bigram weight="1" > dispersed among </bigram>
    <bigram weight="1" > s library </bigram>
    <bigram weight="1" > was obliged </bigram>
    <bigram weight="1" > common sympathy </bigram>
    <bigram weight="1" > letters must </bigram>
    <bigram weight="1" > the gaps </bigram>
    <bigram weight="1" > their last </bigram>
    <bigram weight="1" > your package </bigram>
    <bigram weight="1" > annotation by </bigram>
    <bigram weight="1" > ten by </bigram>
    <bigram weight="1" > returned to </bigram>
    <bigram weight="1" > ### between </bigram>
    <bigram weight="1" > in boston </bigram>
    <bigram weight="1" > humanity which </bigram>
    <bigram weight="1" > the north </bigram>
    <bigram weight="1" > unpublished letter </bigram>
    <bigram weight="1" > early as </bigram>
    <bigram weight="1" > literary circle </bigram>
    <bigram weight="1" > here is </bigram>
    <bigram weight="1" > # bull </bigram>
    <bigram weight="1" > ### increase </bigram>
    <bigram weight="1" > to leave </bigram>
    <bigram weight="1" > had come </bigram>
    <bigram weight="1" > son walton </bigram>
    <bigram weight="1" > as directed </bigram>
    <bigram weight="1" > from her </bigram>
    <bigram weight="1" > walton and </bigram>
    <bigram weight="1" > bull was </bigram>
    <bigram weight="1" > discover where </bigram>
    <bigram weight="1" > or channing </bigram>
    <bigram weight="1" > woods ### </bigram>
    <bigram weight="1" > is testimony </bigram>
    <bigram weight="1" > to another </bigram>
    <bigram weight="1" > june ## </bigram>
    <bigram weight="1" > sketch by </bigram>
    <bigram weight="1" > s earliest </bigram>
    <bigram weight="1" > fields in </bigram>
    <bigram weight="1" > tailor ### </bigram>
    <bigram weight="1" > boston quaker </bigram>
    <bigram weight="1" > helped arrange </bigram>
    <bigram weight="1" > keeper in </bigram>
    <bigram weight="1" > wish he </bigram>
    <bigram weight="1" > room ## </bigram>
    <bigram weight="1" > the same </bigram>
    <bigram weight="1" > upon me </bigram>
    <bigram weight="1" > to be </bigram>
    <bigram weight="1" > thought the </bigram>
    <bigram weight="1" > cause and </bigram>
    <bigram weight="1" > cover is </bigram>
    <bigram weight="1" > became thoreau </bigram>
    <bigram weight="1" > fact that </bigram>
    <bigram weight="1" > tipped in </bigram>
    <bigram weight="1" > history contained </bigram>
    <bigram weight="1" > a table </bigram>
    <bigram weight="1" > emerson saw </bigram>
    <bigram weight="1" > to re </bigram>
    <bigram weight="1" > circulated among </bigram>
    <bigram weight="1" > preparing this </bigram>
    <bigram weight="1" > orrok ### </bigram>
    <bigram weight="1" > death of </bigram>
    <bigram weight="1" > tell me </bigram>
    <bigram weight="1" > that they </bigram>
    <bigram weight="1" > letter before </bigram>
    <bigram weight="1" > to her </bigram>
    <bigram weight="1" > visited the </bigram>
    <bigram weight="1" > although emerson </bigram>
    <bigram weight="1" > the president </bigram>
    <bigram weight="1" > delivered by </bigram>
    <bigram weight="1" > a doctoral </bigram>
    <bigram weight="1" > which she </bigram>
    <bigram weight="1" > he never </bigram>
    <bigram weight="1" > posthumous collection </bigram>
    <bigram weight="1" > ## which </bigram>
    <bigram weight="1" > todd purchased </bigram>
    <bigram weight="1" > the last </bigram>
    <bigram weight="1" > in septem </bigram>
    <bigram weight="1" > particularly notice </bigram>
    <bigram weight="1" > by its </bigram>
    <bigram weight="1" > no doubt </bigram>
    <bigram weight="1" > formerly belonged </bigram>
    <bigram weight="1" > above s </bigram>
    <bigram weight="1" > phillips chastises </bigram>
    <bigram weight="1" > ### garrison </bigram>
    <bigram weight="1" > and editing </bigram>
    <bigram weight="1" > pleased nevertheless </bigram>
    <bigram weight="1" > i do </bigram>
    <bigram weight="1" > old graduate </bigram>
    <bigram weight="1" > boarded at </bigram>
    <bigram weight="1" > writ ten </bigram>
    <bigram weight="1" > these letters </bigram>
    <bigram weight="1" > english friend </bigram>
    <bigram weight="1" > forty ladies </bigram>
    <bigram weight="1" > been exhausting </bigram>
    <bigram weight="1" > himself a </bigram>
    <bigram weight="1" > may decide </bigram>
    <bigram weight="1" > testimony of </bigram>
    <bigram weight="1" > the christian </bigram>
    <bigram weight="1" > king ### </bigram>
    <bigram weight="1" > have not </bigram>
    <bigram weight="1" > at this </bigram>
    <bigram weight="1" > on for </bigram>
    <bigram weight="1" > the late </bigram>
    <bigram weight="1" > ricketson received </bigram>
    <bigram weight="1" > inclination i </bigram>
    <bigram weight="1" > see some </bigram>
    <bigram weight="1" > two letters </bigram>
    <bigram weight="1" > see the </bigram>
    <bigram weight="1" > that all </bigram>
    <bigram weight="1" > to accompany </bigram>
    <bigram weight="1" > at walden </bigram>
    <bigram weight="1" > ### aged </bigram>
    <bigram weight="1" > ### together </bigram>
    <bigram weight="1" > mislaid or </bigram>
    <bigram weight="1" > walton a </bigram>
    <bigram weight="1" > quaker ### </bigram>
    <bigram weight="1" > this book </bigram>
    <bigram weight="1" > arrange thoreau </bigram>
    <bigram weight="1" > not let </bigram>
    <bigram weight="1" > think that </bigram>
    <bigram weight="1" > garrison laid </bigram>
    <bigram weight="1" > assault on </bigram>
    <bigram weight="1" > the daughter </bigram>
    <bigram weight="1" > me pleasure </bigram>
    <bigram weight="1" > book should </bigram>
    <bigram weight="1" > slight ### </bigram>
    <bigram weight="1" > dealer in </bigram>
    <bigram weight="1" > of june </bigram>
    <bigram weight="1" > the property </bigram>
    <bigram weight="1" > ## cholmondeley </bigram>
    <bigram weight="1" > # of </bigram>
    <bigram weight="1" > ### blake </bigram>
    <bigram weight="1" > johnson and </bigram>
    <bigram weight="1" > the descendents </bigram>
    <bigram weight="1" > condemning the </bigram>
    <bigram weight="1" > marriage often </bigram>
    <bigram weight="1" > ## years </bigram>
    <bigram weight="1" > nor do </bigram>
    <bigram weight="1" > ### we </bigram>
    <bigram weight="1" > antislavery meetings </bigram>
    <bigram weight="1" > entitled daniel </bigram>
    <bigram weight="1" > concord from </bigram>
    <bigram weight="1" > often visited </bigram>
    <bigram weight="1" > complained ### </bigram>
    <bigram weight="1" > neighborhood tomorrow </bigram>
    <bigram weight="1" > jersey privateer </bigram>
    <bigram weight="1" > no means </bigram>
    <bigram weight="1" > occurences intermixed </bigram>
    <bigram weight="1" > ### he </bigram>
    <bigram weight="1" > only reply </bigram>
    <bigram weight="1" > i write </bigram>
    <bigram weight="1" > our house </bigram>
    <bigram weight="1" > thoreau visited </bigram>
    <bigram weight="1" > having waited </bigram>
    <bigram weight="1" > letters from </bigram>
    <bigram weight="1" > penned over </bigram>
    <bigram weight="1" > years by </bigram>
    <bigram weight="1" > of more </bigram>
    <bigram weight="1" > birthday fell </bigram>
    <bigram weight="1" > ### managed </bigram>
    <bigram weight="1" > the volumes </bigram>
    <bigram weight="1" > ### have </bigram>
    <bigram weight="1" > tav ern </bigram>
    <bigram weight="1" > biographical sketch </bigram>
    <bigram weight="1" > for he </bigram>
    <bigram weight="1" > discovered in </bigram>
    <bigram weight="1" > johnson ### </bigram>
    <bigram weight="1" > and interesting </bigram>
    <bigram weight="1" > pencil sketch </bigram>
    <bigram weight="1" > the recent </bigram>
    <bigram weight="1" > many visits </bigram>
    <bigram weight="1" > these volumes </bigram>
    <bigram weight="1" > died in </bigram>
    <bigram weight="1" > of audubon </bigram>
    <bigram weight="1" > boston who </bigram>
    <bigram weight="1" > that is </bigram>
    <bigram weight="1" > alfred hosmer </bigram>
    <bigram weight="1" > he began </bigram>
    <bigram weight="1" > birthday at </bigram>
    <bigram weight="1" > the im </bigram>
    <bigram weight="1" > closest friends </bigram>
    <bigram weight="1" > visited ricketson </bigram>
    <bigram weight="1" > charm ### </bigram>
    <bigram weight="1" > you will </bigram>
    <bigram weight="1" > classic statue </bigram>
    <bigram weight="1" > pond to </bigram>
    <bigram weight="1" > they were </bigram>
    <bigram weight="1" > involuntarily ### </bigram>
    <bigram weight="1" > collection ### </bigram>
    <bigram weight="1" > emerson solicited </bigram>
    <bigram weight="1" > to your </bigram>
    <bigram weight="1" > friendship between </bigram>
    <bigram weight="1" > ### without </bigram>
    <bigram weight="1" > was probably </bigram>
    <bigram weight="1" > only twelve </bigram>
    <bigram weight="1" > much i </bigram>
    <bigram weight="1" > ing correspondence </bigram>
    <bigram weight="1" > # perhaps </bigram>
    <bigram weight="1" > in ownership </bigram>
    <bigram weight="1" > ## to </bigram>
    <bigram weight="1" > russell and </bigram>
    <bigram weight="1" > sec ond </bigram>
    <bigram weight="1" > so extensive </bigram>
    <bigram weight="1" > to read </bigram>
    <bigram weight="1" > by anna </bigram>
    <bigram weight="1" > the originator </bigram>
    <bigram weight="1" > pp ### </bigram>
    <bigram weight="1" > position that </bigram>
    <bigram weight="1" > accompanying four </bigram>
    <bigram weight="1" > save this </bigram>
    <bigram weight="1" > had begun </bigram>
    <bigram weight="1" > this time </bigram>
    <bigram weight="1" > samuel bownas </bigram>
    <bigram weight="1" > sophia in </bigram>
    <bigram weight="1" > meetings in </bigram>
    <bigram weight="1" > history ### </bigram>
    <bigram weight="1" > title page </bigram>
    <bigram weight="1" > the new </bigram>
    <bigram weight="1" > i intend </bigram>
    <bigram weight="1" > museum ### </bigram>
    <bigram weight="1" > exhaustive so </bigram>
    <bigram weight="1" > was pleased </bigram>
    <bigram weight="1" > have deferred </bigram>
    <bigram weight="1" > the interven </bigram>
    <bigram weight="1" > conciliatory policies </bigram>
    <bigram weight="1" > gift of </bigram>
    <bigram weight="1" > spring of </bigram>
    <bigram weight="1" > an old </bigram>
    <bigram weight="1" > who lately </bigram>
    <bigram weight="1" > its publication </bigram>
    <bigram weight="1" > the viviparous </bigram>
    <bigram weight="1" > ricketson the </bigram>
    <bigram weight="1" > sympathies ### </bigram>
    <bigram weight="1" > orni thology </bigram>
    <bigram weight="1" > pond ### </bigram>
    <bigram weight="1" > peachment of </bigram>
    <bigram weight="1" > grandmother of </bigram>
    <bigram weight="1" > yourself ### </bigram>
    <bigram weight="1" > ricketson letters </bigram>
    <bigram weight="1" > circle ### </bigram>
    <bigram weight="1" > is edited </bigram>
    <bigram weight="1" > the company </bigram>
    <bigram weight="1" > formerly stood </bigram>
    <bigram weight="1" > enthusiastic disciples </bigram>
    <bigram weight="1" > to save </bigram>
    <bigram weight="1" > johnson with </bigram>
    <bigram weight="1" > stirling and </bigram>
    <bigram weight="1" > at his </bigram>
    <bigram weight="1" > the landscape </bigram>
    <bigram weight="1" > casts doubt </bigram>
    <bigram weight="1" > who became </bigram>
    <bigram weight="1" > by tho </bigram>
    <bigram weight="1" > and daniel </bigram>
    <bigram weight="1" > # who </bigram>
    <bigram weight="1" > these let </bigram>
    <bigram weight="1" > with several </bigram>
    <bigram weight="1" > of locating </bigram>
    <bigram weight="1" > building ### </bigram>
    <bigram weight="1" > various per </bigram>
    <bigram weight="1" > the moderate </bigram>
    <bigram weight="1" > henry to </bigram>
    <bigram weight="1" > condemnation of </bigram>
    <bigram weight="1" > culminated in </bigram>
    <bigram weight="1" > was given </bigram>
    <bigram weight="1" > antiquarian museum </bigram>
    <bigram weight="1" > endnotes ## </bigram>
    <bigram weight="1" > there are </bigram>
    <bigram weight="1" > took charge </bigram>
    <bigram weight="1" > progress of </bigram>
    <bigram weight="1" > correspondence between </bigram>
    <bigram weight="1" > york has </bigram>
    <bigram weight="1" > the building </bigram>
    <bigram weight="1" > december ## </bigram>
    <bigram weight="1" > said ### </bigram>
    <bigram weight="1" > cholmondeley himself </bigram>
    <bigram weight="1" > son ran </bigram>
    <bigram weight="1" > quadrupeds of </bigram>
    <bigram weight="1" > me ### </bigram>
    <bigram weight="1" > you that </bigram>
    <bigram weight="1" > over a </bigram>
    <bigram weight="1" > strangers who </bigram>
    <bigram weight="1" > apparently involuntarily </bigram>
    <bigram weight="1" > currently in </bigram>
    <bigram weight="1" > alexander japp </bigram>
    <bigram weight="1" > ### published </bigram>
    <bigram weight="1" > ### there </bigram>
    <bigram weight="1" > letters in </bigram>
    <bigram weight="1" > it since </bigram>
    <bigram weight="1" > wish you </bigram>
    <bigram weight="1" > ### nor </bigram>
    <bigram weight="1" > several of </bigram>
    <bigram weight="1" > s criticism </bigram>
    <bigram weight="1" > notes indicating </bigram>
    <bigram weight="1" > daughter of </bigram>
    <bigram weight="1" > thoreau complained </bigram>
    <bigram weight="1" > go to </bigram>
    <bigram weight="1" > to me </bigram>
    <bigram weight="1" > s son </bigram>
    <bigram weight="1" > the publication </bigram>
    <bigram weight="1" > s maiden </bigram>
    <bigram weight="1" > reginald to </bigram>
    <bigram weight="1" > # jennis </bigram>
    <bigram weight="1" > ### however </bigram>
    <bigram weight="1" > enjoyed walton </bigram>
    <bigram weight="1" > lloyd garrison </bigram>
    <bigram weight="1" > use more </bigram>
    <bigram weight="1" > republican position </bigram>
    <bigram weight="1" > with many </bigram>
    <bigram weight="1" > and abolitionist </bigram>
    <bigram weight="1" > ### by </bigram>
    <bigram weight="1" > press ### </bigram>
    <bigram weight="1" > and culminated </bigram>
    <bigram weight="1" > had left </bigram>
    <bigram weight="1" > time thoreau </bigram>
    <bigram weight="1" > anna ricketson </bigram>
    <bigram weight="1" > to strangers </bigram>
    <bigram weight="1" > brown came </bigram>
    <bigram weight="1" > scorpions ### </bigram>
    <bigram weight="1" > emerson had </bigram>
    <bigram weight="1" > dear friend </bigram>
    <bigram weight="1" > which passed </bigram>
    <bigram weight="1" > liberated bondsmen </bigram>
    <bigram weight="1" > he aided </bigram>
    <bigram weight="1" > and jean </bigram>
    <bigram weight="1" > have often </bigram>
    <bigram weight="1" > abroad in </bigram>
    <bigram weight="1" > i shall </bigram>
    <bigram weight="1" > s ## </bigram>
    <bigram weight="1" > the family </bigram>
    <bigram weight="1" > not until </bigram>
    <bigram weight="1" > even walden </bigram>
    <bigram weight="1" > we were </bigram>
    <bigram weight="1" > shared her </bigram>
    <bigram weight="1" > his second </bigram>
    <bigram weight="1" > explana tory </bigram>
    <bigram weight="1" > far as </bigram>
    <bigram weight="1" > sophia treasured </bigram>
    <bigram weight="1" > has cheered </bigram>
    <bigram weight="1" > in march </bigram>
    <bigram weight="1" > saw to </bigram>
    <bigram weight="1" > includes ### </bigram>
    <bigram weight="1" > which brought </bigram>
    <bigram weight="1" > ### notes </bigram>
    <bigram weight="1" > but we </bigram>
    <bigram weight="1" > after her </bigram>
    <bigram weight="1" > and re </bigram>
    <bigram weight="1" > enclose in </bigram>
    <bigram weight="1" > an ardent </bigram>
    <bigram weight="1" > have joined </bigram>
    <bigram weight="1" > ### his </bigram>
    <bigram weight="1" > and george </bigram>
    <bigram weight="1" > s books </bigram>
    <bigram weight="1" > as he </bigram>
    <bigram weight="1" > perfect piece </bigram>
    <bigram weight="1" > had eight </bigram>
    <bigram weight="1" > inquire about </bigram>
    <bigram weight="1" > along with </bigram>
    <bigram weight="1" > ralph waldo </bigram>
    <bigram weight="1" > arranged in </bigram>
    <bigram weight="1" > a member </bigram>
    <bigram weight="1" > stayed at </bigram>
    <bigram weight="1" > interested in </bigram>
    <bigram weight="1" > value very </bigram>
    <bigram weight="1" > nature and </bigram>
    <bigram weight="1" > their deaths </bigram>
    <bigram weight="1" > letter to </bigram>
    <bigram weight="1" > him is </bigram>
    <bigram weight="1" > the usual </bigram>
    <bigram weight="1" > many ### </bigram>
    <bigram weight="1" > concord in </bigram>
    <bigram weight="1" > with letters </bigram>
    <bigram weight="1" > thoreau married </bigram>
    <bigram weight="1" > # after </bigram>
    <bigram weight="1" > sophia con </bigram>
    <bigram weight="1" > it until </bigram>
    <bigram weight="1" > to todd </bigram>
    <bigram weight="1" > editing these </bigram>
    <bigram weight="1" > is good </bigram>
    <bigram weight="1" > strangers as </bigram>
    <bigram weight="1" > shall enclose </bigram>
    <bigram weight="1" > to walden </bigram>
    <bigram weight="1" > where william </bigram>
    <bigram weight="1" > is slight </bigram>
    <bigram weight="1" > in garrison </bigram>
    <bigram weight="1" > concurred in </bigram>
    <bigram weight="1" > to discover </bigram>
    <bigram weight="1" > for ricketson </bigram>
    <bigram weight="1" > which arrived </bigram>
    <bigram weight="1" > pass out </bigram>
    <bigram weight="1" > our vineyards </bigram>
    <bigram weight="1" > # at </bigram>
    <bigram weight="1" > ### i </bigram>
    <bigram weight="1" > gathered momentum </bigram>
    <bigram weight="1" > a room </bigram>
    <bigram weight="1" > emerson house </bigram>
    <bigram weight="1" > devotee since </bigram>
    <bigram weight="1" > is currently </bigram>
    <bigram weight="1" > little of </bigram>
    <bigram weight="1" > sending it </bigram>
    <bigram weight="1" > several remarkable </bigram>
    <bigram weight="1" > in acknowledging </bigram>
    <bigram weight="1" > exchange of </bigram>
    <bigram weight="1" > tor social </bigram>
    <bigram weight="1" > ## respectively </bigram>
    <bigram weight="1" > henry thoreau </bigram>
    <bigram weight="1" > ### along </bigram>
    <bigram weight="1" > are clearly </bigram>
    <bigram weight="1" > you inquire </bigram>
    <bigram weight="1" > between thoreau </bigram>
    <bigram weight="1" > fox ### </bigram>
    <bigram weight="1" > house while </bigram>
    <bigram weight="1" > that in </bigram>
    <bigram weight="1" > selling it </bigram>
    <bigram weight="1" > # on </bigram>
    <bigram weight="1" > leave the </bigram>
    <bigram weight="1" > ex periences </bigram>
    <bigram weight="1" > letters penned </bigram>
    <bigram weight="1" > re furnished </bigram>
    <bigram weight="1" > children ### </bigram>
    <bigram weight="1" > the death </bigram>
    <bigram weight="1" > leaving for </bigram>
    <bigram weight="1" > was doing </bigram>
    <bigram weight="1" > last two </bigram>
    <bigram weight="1" > town of </bigram>
    <bigram weight="1" > of reginald </bigram>
    <bigram weight="1" > middlesex hotel </bigram>
    <bigram weight="1" > ### see </bigram>
    <bigram weight="1" > exhausting ### </bigram>
    <bigram weight="1" > until she </bigram>
    <bigram weight="1" > correspondence of </bigram>
    <bigram weight="1" > indicating that </bigram>
    <bigram weight="1" > # my </bigram>
    <bigram weight="1" > sought to </bigram>
    <bigram weight="1" > know mr </bigram>
    <bigram weight="1" > and loyal </bigram>
    <bigram weight="1" > ginning the </bigram>
    <bigram weight="1" > ### cause </bigram>
    <bigram weight="1" > interesting work </bigram>
    <bigram weight="1" > jersey ### </bigram>
    <bigram weight="1" > fruit is </bigram>
    <bigram weight="1" > ### watson </bigram>
    <bigram weight="1" > extensive had </bigram>
    <bigram weight="1" > and theo </bigram>
    <bigram weight="1" > that you </bigram>
    <bigram weight="1" > again civilized </bigram>
    <bigram weight="1" > the radical </bigram>
    <bigram weight="1" > s condemnation </bigram>
    <bigram weight="1" > earliest and </bigram>
    <bigram weight="1" > new sophia </bigram>
    <bigram weight="1" > blake of </bigram>
    <bigram weight="1" > and that </bigram>
    <bigram weight="1" > filled by </bigram>
    <bigram weight="1" > # henry </bigram>
    <bigram weight="1" > am happy </bigram>
    <bigram weight="1" > his hut </bigram>
    <bigram weight="1" > as i </bigram>
    <bigram weight="1" > that a </bigram>
    <bigram weight="1" > critics and </bigram>
    <bigram weight="1" > town ### </bigram>
    <bigram weight="1" > # commonly </bigram>
    <bigram weight="1" > american orni </bigram>
    <bigram weight="1" > ### perfect </bigram>
    <bigram weight="1" > to bathe </bigram>
    <bigram weight="1" > preparing for </bigram>
    <bigram weight="1" > concord free </bigram>
    <bigram weight="1" > touched the </bigram>
    <bigram weight="1" > truly s </bigram>
    <bigram weight="1" > hasthorn ### </bigram>
    <bigram weight="1" > adult life </bigram>
    <bigram weight="1" > harding and </bigram>
    <bigram weight="1" > ### while </bigram>
    <bigram weight="1" > be filled </bigram>
    <bigram weight="1" > its beauty </bigram>
    <bigram weight="1" > piece of </bigram>
    <bigram weight="1" > dated only </bigram>
    <bigram weight="1" > for at </bigram>
    <bigram weight="1" > that time </bigram>
    <bigram weight="1" > and letters </bigram>
    <bigram weight="1" > s autograph </bigram>
    <bigram weight="1" > was not </bigram>
    <bigram weight="1" > extant correspondence </bigram>
    <bigram weight="1" > your self </bigram>
    <bigram weight="1" > ### or </bigram>
    <bigram weight="1" > and sympathies </bigram>
    <bigram weight="1" > including john </bigram>
    <bigram weight="1" > late to </bigram>
    <bigram weight="1" > ## mother </bigram>
    <bigram weight="1" > hotel in </bigram>
    <bigram weight="1" > ### through </bigram>
    <bigram weight="1" > to intrude </bigram>
    <bigram weight="1" > letters are </bigram>
    <bigram weight="1" > mailed to </bigram>
    <bigram weight="1" > a pencil </bigram>
    <bigram weight="1" > ### theo </bigram>
    <bigram weight="1" > ### frank </bigram>
    <bigram weight="1" > ### thomas </bigram>
    <bigram weight="1" > valuable and </bigram>
    <bigram weight="1" > ### jennie </bigram>
    <bigram weight="1" > wife since </bigram>
    <bigram weight="1" > received a </bigram>
    <bigram weight="1" > # particularly </bigram>
    <bigram weight="1" > g i </bigram>
    <bigram weight="1" > to my </bigram>
    <bigram weight="1" > ### increasingly </bigram>
    <bigram weight="1" > married mary </bigram>
    <bigram weight="1" > i cannot </bigram>
    <bigram weight="1" > possible that </bigram>
    <bigram weight="1" > poet and </bigram>
    <bigram weight="1" > learn that </bigram>
    <bigram weight="1" > of worcester </bigram>
    <bigram weight="1" > sister and </bigram>
    <bigram weight="1" > jean ### </bigram>
    <bigram weight="1" > salt and </bigram>
    <bigram weight="1" > ### arrang </bigram>
    <bigram weight="1" > we shall </bigram>
    <bigram weight="1" > and ricketson </bigram>
    <bigram weight="1" > ran a </bigram>
    <bigram weight="1" > letters sent </bigram>
    <bigram weight="1" > long been </bigram>
    <bigram weight="1" > access to </bigram>
    <bigram weight="1" > joined the </bigram>
    <bigram weight="1" > # both </bigram>
    <bigram weight="1" > criticism upon </bigram>
    <bigram weight="1" > this ### </bigram>
    <bigram weight="1" > would value </bigram>
    <bigram weight="1" > and ex </bigram>
    <bigram weight="1" > per sons </bigram>
    <bigram weight="1" > because it </bigram>
    <bigram weight="1" > sent by </bigram>
    <bigram weight="1" > pratt as </bigram>
    <bigram weight="1" > and anna </bigram>
    <bigram weight="1" > graduated at </bigram>
    <bigram weight="1" > group ### </bigram>
    <bigram weight="1" > ### it </bigram>
    <bigram weight="1" > nursery at </bigram>
    <bigram weight="1" > unable to </bigram>
    <bigram weight="1" > these two </bigram>
    <bigram weight="1" > i am </bigram>
    <bigram weight="1" > was preparing </bigram>
    <bigram weight="1" > interven ing </bigram>
    <bigram weight="1" > not have </bigram>
    <bigram weight="1" > momentum that </bigram>
    <bigram weight="1" > short visit </bigram>
    <bigram weight="1" > accompany the </bigram>
    <bigram weight="1" > thoreau letter </bigram>
    <bigram weight="1" > remarkable occurences </bigram>
    <bigram weight="1" > library be </bigram>
    <bigram weight="1" > by henry </bigram>
    <bigram weight="1" > is now </bigram>
    <bigram weight="1" > aged ## </bigram>
    <bigram weight="1" > while thoreau </bigram>
    <bigram weight="1" > free public </bigram>
    <bigram weight="1" > let it </bigram>
    <bigram weight="1" > is gone </bigram>
    <bigram weight="1" > bownas of </bigram>
    <bigram weight="1" > into a </bigram>
    <bigram weight="1" > s literary </bigram>
    <bigram weight="1" > # according </bigram>
    <bigram weight="1" > which i </bigram>
    <bigram weight="1" > note ### </bigram>
    <bigram weight="1" > natural affection </bigram>
    <bigram weight="1" > are not </bigram>
    <bigram weight="1" > pleasant to </bigram>
    <bigram weight="1" > book he </bigram>
    <bigram weight="1" > miss him </bigram>
    <bigram weight="1" > late henry </bigram>
    <bigram weight="1" > was thoreau </bigram>
    <bigram weight="1" > infirmities ### </bigram>
    <bigram weight="1" > for further </bigram>
    <bigram weight="1" > soon thereafter </bigram>
    <bigram weight="1" > it pass </bigram>
    <bigram weight="1" > had owned </bigram>
    <bigram weight="1" > would tell </bigram>
    <bigram weight="1" > tipped into </bigram>
    <bigram weight="1" > when you </bigram>
    <bigram weight="1" > arrang ing </bigram>
    <bigram weight="1" > a very </bigram>
    <bigram weight="1" > now in </bigram>
    <bigram weight="1" > ricketson with </bigram>
    <bigram weight="1" > ### burlington </bigram>
    <bigram weight="1" > of miss </bigram>
    <bigram weight="1" > s hermitage </bigram>
    <bigram weight="1" > public library </bigram>
    <bigram weight="1" > used only </bigram>
    <bigram weight="1" > let ters </bigram>
    <bigram weight="1" > beauty ### </bigram>
    <bigram weight="1" > intend sending </bigram>
    <bigram weight="1" > s interests </bigram>
    <bigram weight="1" > earlier ### </bigram>
    <bigram weight="1" > because ### </bigram>
    <bigram weight="1" > have health </bigram>
    <bigram weight="1" > had long </bigram>
    <bigram weight="1" > garrison in </bigram>
    <bigram weight="1" > further examination </bigram>
    <bigram weight="1" > them but </bigram>
    <bigram weight="1" > gone ### </bigram>
    <bigram weight="1" > # if </bigram>
    <bigram weight="1" > ## r </bigram>
    <bigram weight="1" > bondsmen must </bigram>
    <bigram weight="1" > reading the </bigram>
    <bigram weight="1" > successful tav </bigram>
    <bigram weight="1" > and carl </bigram>
    <bigram weight="1" > arrived too </bigram>
    <bigram weight="1" > deferred sending </bigram>
    <bigram weight="1" > policies of </bigram>
    <bigram weight="1" > of plymouth </bigram>
    <bigram weight="1" > given to </bigram>
    <bigram weight="1" > ### ellery </bigram>
    <bigram weight="1" > of young </bigram>
    <bigram weight="1" > ond volume </bigram>
    <bigram weight="1" > tomorrow ### </bigram>
    <bigram weight="1" > called quakers </bigram>
    <bigram weight="1" > have complete </bigram>
    <bigram weight="1" > h ### </bigram>
    <bigram weight="1" > it ### </bigram>
    <bigram weight="1" > appear among </bigram>
    <bigram weight="1" > personal library </bigram>
    <bigram weight="1" > and maria </bigram>
    <bigram weight="1" > the middlesex </bigram>
    <bigram weight="1" > period of </bigram>
    <bigram weight="1" > the military </bigram>
    <bigram weight="1" > marino ### </bigram>
    <bigram weight="1" > publication in </bigram>
    <bigram weight="1" > not the </bigram>
    <bigram weight="1" > substantial collection </bigram>
    <bigram weight="1" > leased it </bigram>
    <bigram weight="1" > did i </bigram>
    <bigram weight="1" > maria and </bigram>
    <bigram weight="1" > ### burns </bigram>
    <bigram weight="1" > intrude ones </bigram>
    <bigram weight="1" > chastises andrew </bigram>
    <bigram weight="1" > gentlemen ### </bigram>
    <bigram weight="1" > who has </bigram>
    <bigram weight="1" > it gives </bigram>
    <bigram weight="1" > self ### </bigram>
    <bigram weight="1" > ladies and </bigram>
    <bigram weight="1" > ## where </bigram>
    <bigram weight="1" > ladies who </bigram>
    <bigram weight="1" > another plymouth </bigram>
    <bigram weight="1" > todd repaired </bigram>
    <bigram weight="1" > by mrs </bigram>
    <bigram weight="1" > # garrison </bigram>
    <bigram weight="1" > in letters </bigram>
    <bigram weight="1" > viviparous quadrupeds </bigram>
    <bigram weight="1" > since his </bigram>
    <bigram weight="1" > and even </bigram>
    <bigram weight="1" > ### that </bigram>
    <bigram weight="1" > that channing </bigram>
    <bigram weight="1" > included sophia </bigram>
    <bigram weight="1" > is to </bigram>
    <bigram weight="1" > day ### </bigram>
    <bigram weight="1" > acquaintance with </bigram>
    <bigram weight="1" > all its </bigram>
    <bigram weight="1" > of an </bigram>
    <bigram weight="1" > vineyard ### </bigram>
    <bigram weight="1" > jane burns </bigram>
    <bigram weight="1" > ### standard </bigram>
    <bigram weight="1" > a pic </bigram>
    <bigram weight="1" > ters from </bigram>
    <bigram weight="1" > watson of </bigram>
    <bigram weight="1" > thereafter ### </bigram>
    <bigram weight="1" > of twisted </bigram>
    <bigram weight="1" > visits to </bigram>
    <bigram weight="1" > stow ### </bigram>
    <bigram weight="1" > eliminate all </bigram>
    <bigram weight="1" > advocated the </bigram>
    <bigram weight="1" > doctoral candidate </bigram>
    <bigram weight="1" > of north </bigram>
    <bigram weight="1" > has all </bigram>
    <bigram weight="1" > spot of </bigram>
    <bigram weight="1" > volumes ### </bigram>
    <bigram weight="1" > it had </bigram>
    <bigram weight="1" > should not </bigram>
    <bigram weight="1" > for a </bigram>
    <bigram weight="1" > weeks since </bigram>
    <bigram weight="1" > indexing ### </bigram>
    <bigram weight="1" > # included </bigram>
    <bigram weight="1" > a photo </bigram>
    <bigram weight="1" > reply ### </bigram>
    <bigram weight="1" > the two </bigram>
    <bigram weight="1" > with her </bigram>
    <bigram weight="1" > on february </bigram>
    <bigram weight="1" > plymouth acquaintance </bigram>
    <bigram weight="1" > sophia here </bigram>
    <bigram weight="1" > in this </bigram>
    <bigram weight="1" > their mutual </bigram>
    <bigram weight="1" > some letters </bigram>
    <bigram weight="1" > portion of </bigram>
    <bigram weight="1" > ### came </bigram>
    <bigram weight="1" > these hia </bigram>
    <bigram weight="1" > sending ### </bigram>
    <bigram weight="1" > california ### </bigram>
    <bigram weight="1" > in kind </bigram>
    <bigram weight="1" > # one </bigram>
    <bigram weight="1" > is altogether </bigram>
    <bigram weight="1" > ## marshall </bigram>
    <bigram weight="1" > ### concord </bigram>
    <bigram weight="1" > reginald cholmondeley </bigram>
    <bigram weight="1" > returning them </bigram>
    <bigram weight="1" > all strangers </bigram>
    <bigram weight="1" > of jennie </bigram>
    <bigram weight="1" > s father </bigram>
    <bigram weight="1" > estate ### </bigram>
    <bigram weight="1" > stables ### </bigram>
    <bigram weight="1" > concord may </bigram>
    <bigram weight="1" > tomorrow i </bigram>
    <bigram weight="1" > brought them </bigram>
    <bigram weight="1" > into thoreau </bigram>
    <bigram weight="1" > ricketson said </bigram>
    <bigram weight="1" > the national </bigram>
    <bigram weight="1" > # y </bigram>
    <bigram weight="1" > sons ### </bigram>
    <bigram weight="1" > able are </bigram>
    <bigram weight="1" > he publicly </bigram>
    <bigram weight="1" > total of </bigram>
    <bigram weight="1" > volumes in </bigram>
    <bigram weight="1" > complete citizenship </bigram>
    <bigram weight="1" > his memory </bigram>
    <bigram weight="1" > davis retired </bigram>
    <bigram weight="1" > to use </bigram>
    <bigram weight="1" > accidentally dis </bigram>
    <bigram weight="1" > encouraged by </bigram>
    <bigram weight="1" > clearly written </bigram>
    <bigram weight="1" > work ### </bigram>
    <bigram weight="1" > recently discovered </bigram>
    <bigram weight="1" > sincere in </bigram>
    <bigram weight="1" > and passages </bigram>
    <bigram weight="1" > his visits </bigram>
    <bigram weight="1" > ### thus </bigram>
    <bigram weight="1" > n ### </bigram>
    <bigram weight="1" > as the </bigram>
    <bigram weight="1" > cholmondeley and </bigram>
    <bigram weight="1" > in editing </bigram>
    <bigram weight="1" > letters of </bigram>
    <bigram weight="1" > a letter </bigram>
    <bigram weight="1" > by no </bigram>
    <bigram weight="1" > all written </bigram>
    <bigram weight="1" > concord when </bigram>
    <bigram weight="1" > wilson ### </bigram>
    <bigram weight="1" > were mislaid </bigram>
    <bigram weight="1" > through the </bigram>
    <bigram weight="1" > other annotation </bigram>
    <bigram weight="1" > the country </bigram>
    <bigram weight="1" > and indexing </bigram>
    <bigram weight="1" > not go </bigram>
    <bigram weight="1" > courtesy of </bigram>
    <bigram weight="1" > it more </bigram>
    <bigram weight="1" > letters and </bigram>
    <bigram weight="1" > the rebellion </bigram>
    <bigram weight="1" > and which </bigram>
    <bigram weight="1" > the englishman </bigram>
    <bigram weight="1" > from h </bigram>
    <bigram weight="1" > hut once </bigram>
    <bigram weight="1" > with all </bigram>
    <bigram weight="1" > life and </bigram>
    <bigram weight="1" > candover hall </bigram>
    <bigram weight="1" > carl bode </bigram>
    <bigram weight="1" > participants in </bigram>
    <bigram weight="1" > by walton </bigram>
    <bigram weight="1" > sketch of </bigram>
    <bigram weight="1" > for me </bigram>
    <bigram weight="1" > received from </bigram>
    <bigram weight="1" > ### thinking </bigram>
    <bigram weight="1" > written by </bigram>
    <bigram weight="1" > visits and </bigram>
    <bigram weight="1" > his little </bigram>
    <bigram weight="1" > regards to </bigram>
    <bigram weight="1" > journal of </bigram>
    <bigram weight="1" > were letters </bigram>
    <bigram weight="1" > ### t </bigram>
    <bigram weight="1" > included was </bigram>
    <bigram weight="1" > ### j </bigram>
    <bigram weight="1" > of george </bigram>
    <bigram weight="1" > it that </bigram>
    <bigram weight="1" > to it </bigram>
    <bigram weight="1" > hotel during </bigram>
    <bigram weight="1" > decide to </bigram>
    <bigram weight="1" > daniel ### </bigram>
    <bigram weight="1" > until may </bigram>
    <bigram weight="1" > persons ### </bigram>
    <bigram weight="1" > and is </bigram>
    <bigram weight="1" > he used </bigram>
    <bigram weight="1" > and espousing </bigram>
    <bigram weight="1" > are the </bigram>
    <bigram weight="1" > ### because </bigram>
    <bigram weight="1" > of may </bigram>
    <bigram weight="1" > and selections </bigram>
    <bigram weight="1" > began reading </bigram>
    <bigram weight="1" > twisted scorpions </bigram>
    <bigram weight="1" > bronson alcott </bigram>
    <bigram weight="1" > which was </bigram>
    <bigram weight="1" > ### davis </bigram>
    <bigram weight="1" > ### king </bigram>
    <bigram weight="1" > kind regards </bigram>
    <bigram weight="1" > my delay </bigram>
    <bigram weight="1" > to all </bigram>
    <bigram weight="1" > and her </bigram>
    <bigram weight="1" > under the </bigram>
    <bigram weight="1" > include in </bigram>
    <bigram weight="1" > several gaps </bigram>
    <bigram weight="1" > to alcott </bigram>
    <bigram weight="1" > of sophia </bigram>
    <bigram weight="1" > worcester tailor </bigram>
    <bigram weight="1" > note by </bigram>
    <bigram weight="1" > is not </bigram>
    <bigram weight="1" > the antislavery </bigram>
    <bigram weight="1" > sarah orrok </bigram>
    <bigram weight="1" > tuses can </bigram>
    <bigram weight="1" > radical republican </bigram>
    <bigram weight="1" > ## franklin </bigram>
    <bigram weight="1" > be kept </bigram>
    <bigram weight="1" > thoreau of </bigram>
    <bigram weight="1" > ## daniel </bigram>
    <bigram weight="1" > ### condemning </bigram>
    <bigram weight="1" > to you </bigram>
    <bigram weight="1" > marston wat </bigram>
    <bigram weight="1" > who helped </bigram>
    <bigram weight="1" > president ### </bigram>
    <bigram weight="1" > that some </bigram>
    <bigram weight="1" > often heard </bigram>
    <bigram weight="1" > dear henry </bigram>
    <bigram weight="1" > few days </bigram>
    <bigram weight="1" > re tain </bigram>
    <bigram weight="1" > was encouraged </bigram>
    <bigram weight="1" > is from </bigram>
    <bigram weight="1" > bathe accidentally </bigram>
    <bigram weight="1" > very sincere </bigram>
    <bigram weight="1" > delay in </bigram>
    <bigram weight="1" > in turn </bigram>
    <bigram weight="1" > r in </bigram>
    <bigram weight="1" > their broad </bigram>
    <bigram weight="1" > be dispersed </bigram>
    <bigram weight="1" > cherish his </bigram>
    <bigram weight="1" > charge of </bigram>
    <bigram weight="1" > the title </bigram>
    <bigram weight="1" > doubt on </bigram>
    <bigram weight="1" > she mailed </bigram>
    <bigram weight="1" > ### all </bigram>
    <bigram weight="1" > while the </bigram>
    <bigram weight="1" > eight children </bigram>
    <bigram weight="1" > william lloyd </bigram>
    <bigram weight="1" > has read </bigram>
    <bigram weight="1" > of garrison </bigram>
    <bigram weight="1" > who kept </bigram>
    <bigram weight="1" > the watsons </bigram>
    <bigram weight="1" > friends in </bigram>
    <bigram weight="1" > the extant </bigram>
    <bigram weight="1" > reported ### </bigram>
    <bigram weight="1" > between ricketson </bigram>
    <bigram weight="1" > cheered me </bigram>
    <bigram weight="1" > and jane </bigram>
    <bigram weight="1" > celebrate henry </bigram>
    <bigram weight="1" > his personal </bigram>
    <bigram weight="1" > criticism is </bigram>
    <bigram weight="1" > had access </bigram>
    <bigram weight="1" > without confessing </bigram>
    <bigram weight="1" > the river </bigram>
    <bigram weight="1" > here referring </bigram>
    <bigram weight="1" > turn was </bigram>
    <bigram weight="1" > his journal </bigram>
    <bigram weight="1" > spooner has </bigram>
    <bigram weight="1" > # tipped </bigram>
    <bigram weight="1" > out to </bigram>
    <bigram weight="1" > perfection ### </bigram>
    <bigram weight="1" > to eliminate </bigram>
    <bigram weight="1" > ## was </bigram>
    <bigram weight="1" > have directed </bigram>
    <bigram weight="1" > jennis ### </bigram>
    <bigram weight="1" > we enjoyed </bigram>
    <bigram weight="1" > most of </bigram>
    <bigram weight="1" > nation ### </bigram>
    <bigram weight="1" > one edited </bigram>
    <bigram weight="1" > concord group </bigram>
    <bigram weight="1" > thology ### </bigram>
    <bigram weight="1" > be ginning </bigram>
    <bigram weight="1" > of which </bigram>
    <bigram weight="1" > franklin b </bigram>
    <bigram weight="1" > selling out </bigram>
    <bigram weight="1" > into common </bigram>
    <bigram weight="1" > been an </bigram>
    <bigram weight="1" > twelve of </bigram>
    <bigram weight="1" > only may </bigram>
    <bigram weight="1" > doubt interested </bigram>
    <bigram weight="1" > life of </bigram>
    <bigram weight="1" > james spooner </bigram>
    <bigram weight="1" > between them </bigram>
    <bigram weight="1" > ### nursery </bigram>
    <bigram weight="1" > rebellion commenced </bigram>
    <bigram weight="1" > emerson who </bigram>
    <bigram weight="1" > me have </bigram>
    <bigram weight="1" > nic on </bigram>
    <bigram weight="1" > rise ### </bigram>
    <bigram weight="1" > maiden aunts </bigram>
    <bigram weight="1" > between pp </bigram>
    <bigram weight="1" > to learn </bigram>
    <bigram weight="1" > by bronson </bigram>
    <bigram weight="1" > of daniel </bigram>
    <bigram weight="1" > hia tuses </bigram>
    <bigram weight="1" > you feel </bigram>
    <bigram weight="1" > william ellery </bigram>
    <bigram weight="1" > which might </bigram>
    <bigram weight="1" > visit very </bigram>
    <bigram weight="1" > by their </bigram>
    <bigram weight="1" > was by </bigram>
    <bigram weight="1" > pleasant ### </bigram>
    <bigram weight="1" > sister sophia </bigram>
    <bigram weight="1" > that winter </bigram>
    <bigram weight="1" > published correspondence </bigram>
    <bigram weight="1" > the sec </bigram>
    <bigram weight="1" > from cholmondeley </bigram>
    <bigram weight="1" > property of </bigram>
    <bigram weight="1" > the fruit </bigram>
    <bigram weight="1" > the report </bigram>
    <bigram weight="1" > read in </bigram>
    <bigram weight="1" > the huntington </bigram>
    <bigram weight="1" > among the </bigram>
    <bigram weight="1" > died abroad </bigram>
    <bigram weight="1" > was another </bigram>
    <bigram weight="1" > and gentlemen </bigram>
    <bigram weight="1" > second brooklyn </bigram>
    <bigram weight="1" > eight years </bigram>
    <bigram weight="1" > people called </bigram>
    <bigram weight="1" > of december </bigram>
    <bigram weight="1" > walden a </bigram>
    <bigram weight="1" > sophia writes </bigram>
    <bigram weight="1" > landscape ### </bigram>
    <bigram weight="1" > the tho </bigram>
    <bigram weight="1" > harrison gray </bigram>
    <bigram weight="1" > time ### </bigram>
    <bigram weight="1" > instructions that </bigram>
    <bigram weight="1" > books for </bigram>
    <bigram weight="1" > alcott pratt </bigram>
    <bigram weight="1" > of stoicism </bigram>
    <bigram weight="1" > princeton ### </bigram>
    <bigram weight="1" > begun preparing </bigram>
    <bigram weight="1" > appro priate </bigram>
    <bigram weight="1" > abolitionist reforms </bigram>
    <bigram weight="1" > you ### </bigram>
    <bigram weight="1" > and con </bigram>
    <bigram weight="1" > locating ### </bigram>
    <bigram weight="1" > ### according </bigram>
    <bigram weight="1" > he may </bigram>
    <bigram weight="1" > directed the </bigram>
    <bigram weight="1" > hotel ### </bigram>
    <bigram weight="1" > might mar </bigram>
    <bigram weight="1" > able to </bigram>
    <bigram weight="1" > worcester ### </bigram>
    <bigram weight="1" > his son </bigram>
    <bigram weight="1" > since ### </bigram>
    <bigram weight="1" > it agreeable </bigram>
    <bigram weight="1" > jean thoreau </bigram>
    <bigram weight="1" > by willem </bigram>
    <bigram weight="1" > ### apparently </bigram>
    <bigram weight="1" > of returning </bigram>
    <bigram weight="1" > last of </bigram>
    <bigram weight="1" > ### selling </bigram>
    <bigram weight="1" > the alfred </bigram>
    <bigram weight="1" > confessing that </bigram>
    <bigram weight="1" > doing business </bigram>
    <bigram weight="1" > miss russell </bigram>
    <bigram weight="1" > since ## </bigram>
    <bigram weight="1" > spoke to </bigram>
    <bigram weight="1" > say it </bigram>
    <bigram weight="1" > he has </bigram>
    <bigram weight="1" > thoreau had </bigram>
    <bigram weight="1" > remained inmates </bigram>
    <bigram weight="1" > who remained </bigram>
    <bigram weight="1" > he would </bigram>
    <bigram weight="1" > from rome </bigram>
    <bigram weight="1" > guardianship of </bigram>
    <bigram weight="1" > examination ### </bigram>
    <bigram weight="1" > when it </bigram>
    <bigram weight="1" > table on </bigram>
    <bigram weight="1" > were among </bigram>
    <bigram weight="1" > # not </bigram>
    <bigram weight="1" > to america </bigram>
    <bigram weight="1" > books so </bigram>
    <bigram weight="1" > reau house </bigram>
    <bigram weight="1" > ricketson of </bigram>
    <bigram weight="1" > ### todd </bigram>
    <bigram weight="1" > lost before </bigram>
    <bigram weight="1" > pack the </bigram>
    <bigram weight="1" > page letter </bigram>
    <bigram weight="1" > for mr </bigram>
    <bigram weight="1" > who shared </bigram>
    <bigram weight="1" > sympathy tor </bigram>
    <bigram weight="1" > were given </bigram>
    <bigram weight="1" > his english </bigram>
    <bigram weight="1" > formerly the </bigram>
    <bigram weight="1" > sick ### </bigram>
    <bigram weight="1" > the one </bigram>
    <bigram weight="1" > pic nic </bigram>
    <bigram weight="1" > my personal </bigram>
    <bigram weight="1" > by ticknor </bigram>
    <bigram weight="1" > most enthusiastic </bigram>
    <bigram weight="1" > about originated </bigram>
    <bigram weight="1" > s estate </bigram>
    <bigram weight="1" > the express </bigram>
    <bigram weight="1" > gentleman who </bigram>
    <bigram weight="1" > blanding in </bigram>
    <bigram weight="1" > as sophia </bigram>
    <bigram weight="1" > not convenient </bigram>
    <bigram weight="1" > executor after </bigram>
    <bigram weight="1" > a quaker </bigram>
    <bigram weight="1" > in residence </bigram>
    <bigram weight="1" > ### mrs </bigram>
    <bigram weight="1" > directed by </bigram>
    <bigram weight="1" > letter ### </bigram>
    <bigram weight="1" > shipwreck of </bigram>
    <bigram weight="1" > the task </bigram>
    <bigram weight="1" > are very </bigram>
    <bigram weight="1" > faith ### </bigram>
    <bigram weight="1" > a little </bigram>
    <bigram weight="1" > while todd </bigram>
    <bigram weight="1" > reforms ### </bigram>
    <bigram weight="1" > passed between </bigram>
    <bigram weight="1" > take a </bigram>
    <bigram weight="1" > s sister </bigram>
    <bigram weight="1" > strangers ### </bigram>
    <bigram weight="1" > concord poet </bigram>
    <bigram weight="1" > as letters </bigram>
    <bigram weight="1" > septem ber </bigram>
    <bigram weight="1" > on may </bigram>
    <bigram weight="1" > before selling </bigram>
    <bigram weight="1" > fell on </bigram>
    <bigram weight="1" > new jersey </bigram>
    <bigram weight="1" > burlington ### </bigram>
    <bigram weight="1" > convenient to </bigram>
    <bigram weight="1" > christian people </bigram>
    <bigram weight="1" > ephraim bull </bigram>
    <bigram weight="1" > another edition </bigram>
    <bigram weight="1" > society ### </bigram>
    <bigram weight="1" > thongs of </bigram>
    <bigram weight="1" > its short </bigram>
    <bigram weight="1" > was formerly </bigram>
    <bigram weight="1" > a scotch </bigram>
    <bigram weight="1" > given by </bigram>
    <bigram weight="1" > dated july </bigram>
    <bigram weight="1" > making it </bigram>
    <bigram weight="1" > the other </bigram>
    <bigram weight="1" > published by </bigram>
    <bigram weight="1" > of their </bigram>
    <bigram weight="1" > san marino </bigram>
    <bigram weight="1" > japp ### </bigram>
    <bigram weight="1" > expressing ### </bigram>
</article>
