<?xml version="1.0" encoding="UTF-8"?>
<article id="10.2307/23393394" >
    <bigram weight="49" > ### # </bigram>
    <bigram weight="11" > # ### </bigram>
    <bigram weight="8" > ## ### </bigram>
    <bigram weight="7" > mr ### </bigram>
    <bigram weight="7" > ### ### </bigram>
    <bigram weight="6" > of the </bigram>
    <bigram weight="6" > ### the </bigram>
    <bigram weight="5" > at the </bigram>
    <bigram weight="5" > ### ## </bigram>
    <bigram weight="5" > # the </bigram>
    <bigram weight="5" > # ## </bigram>
    <bigram weight="4" > ### and </bigram>
    <bigram weight="4" > ### thoreau </bigram>
    <bigram weight="4" > ripley ### </bigram>
    <bigram weight="4" > in the </bigram>
    <bigram weight="4" > with the </bigram>
    <bigram weight="4" > the boys </bigram>
    <bigram weight="3" > # i </bigram>
    <bigram weight="3" > in his </bigram>
    <bigram weight="3" > conway ### </bigram>
    <bigram weight="3" > it ### </bigram>
    <bigram weight="3" > told me </bigram>
    <bigram weight="3" > and the </bigram>
    <bigram weight="3" > the thoreau </bigram>
    <bigram weight="3" > it was </bigram>
    <bigram weight="3" > byzantine box </bigram>
    <bigram weight="3" > that he </bigram>
    <bigram weight="3" > used to </bigram>
    <bigram weight="3" > # samuel </bigram>
    <bigram weight="3" > # he </bigram>
    <bigram weight="3" > ### s </bigram>
    <bigram weight="3" > thoreau ### </bigram>
    <bigram weight="3" > indian relics </bigram>
    <bigram weight="2" > does not </bigram>
    <bigram weight="2" > things ### </bigram>
    <bigram weight="2" > rev ### </bigram>
    <bigram weight="2" > and henry </bigram>
    <bigram weight="2" > boston ### </bigram>
    <bigram weight="2" > ### mr </bigram>
    <bigram weight="2" > was a </bigram>
    <bigram weight="2" > with john </bigram>
    <bigram weight="2" > concord and </bigram>
    <bigram weight="2" > in this </bigram>
    <bigram weight="2" > gen ### </bigram>
    <bigram weight="2" > # john </bigram>
    <bigram weight="2" > boat ### </bigram>
    <bigram weight="2" > was very </bigram>
    <bigram weight="2" > several times </bigram>
    <bigram weight="2" > the byzantine </bigram>
    <bigram weight="2" > had a </bigram>
    <bigram weight="2" > which they </bigram>
    <bigram weight="2" > ### boston </bigram>
    <bigram weight="2" > he was </bigram>
    <bigram weight="2" > to boston </bigram>
    <bigram weight="2" > spear fishing </bigram>
    <bigram weight="2" > the first </bigram>
    <bigram weight="2" > ### it </bigram>
    <bigram weight="2" > ### sophocles </bigram>
    <bigram weight="2" > was the </bigram>
    <bigram weight="2" > vol ### </bigram>
    <bigram weight="2" > ### a </bigram>
    <bigram weight="2" > # thoreau </bigram>
    <bigram weight="2" > p ### </bigram>
    <bigram weight="2" > not remember </bigram>
    <bigram weight="2" > interested in </bigram>
    <bigram weight="2" > by the </bigram>
    <bigram weight="2" > mrs ### </bigram>
    <bigram weight="2" > the fish </bigram>
    <bigram weight="2" > description of </bigram>
    <bigram weight="2" > of charles </bigram>
    <bigram weight="2" > to the </bigram>
    <bigram weight="2" > of concord </bigram>
    <bigram weight="2" > ### ripley </bigram>
    <bigram weight="2" > the school </bigram>
    <bigram weight="2" > thoreau was </bigram>
    <bigram weight="2" > that it </bigram>
    <bigram weight="2" > from apulia </bigram>
    <bigram weight="2" > the boat </bigram>
    <bigram weight="2" > thoreau brothers </bigram>
    <bigram weight="2" > ### p </bigram>
    <bigram weight="2" > to go </bigram>
    <bigram weight="2" > apulia ### </bigram>
    <bigram weight="2" > in concord </bigram>
    <bigram weight="2" > the thoreaus </bigram>
    <bigram weight="2" > ### father </bigram>
    <bigram weight="2" > of iron </bigram>
    <bigram weight="2" > the description </bigram>
    <bigram weight="2" > the indian </bigram>
    <bigram weight="2" > front of </bigram>
    <bigram weight="2" > when he </bigram>
    <bigram weight="2" > voice ### </bigram>
    <bigram weight="2" > john and </bigram>
    <bigram weight="2" > ### vol </bigram>
    <bigram weight="2" > samuel ripley </bigram>
    <bigram weight="2" > i was </bigram>
    <bigram weight="2" > given by </bigram>
    <bigram weight="1" > after dark </bigram>
    <bigram weight="1" > washing by </bigram>
    <bigram weight="1" > ### pp </bigram>
    <bigram weight="1" > # miss </bigram>
    <bigram weight="1" > father has </bigram>
    <bigram weight="1" > ### long </bigram>
    <bigram weight="1" > also remembers </bigram>
    <bigram weight="1" > held a </bigram>
    <bigram weight="1" > some indian </bigram>
    <bigram weight="1" > ### editorial </bigram>
    <bigram weight="1" > on saturdays </bigram>
    <bigram weight="1" > ### held </bigram>
    <bigram weight="1" > with a </bigram>
    <bigram weight="1" > as a </bigram>
    <bigram weight="1" > pitch pi </bigram>
    <bigram weight="1" > died during </bigram>
    <bigram weight="1" > vacation and </bigram>
    <bigram weight="1" > so gen </bigram>
    <bigram weight="1" > esting because </bigram>
    <bigram weight="1" > he does </bigram>
    <bigram weight="1" > describe the </bigram>
    <bigram weight="1" > and father </bigram>
    <bigram weight="1" > it to </bigram>
    <bigram weight="1" > their white </bigram>
    <bigram weight="1" > sophocles the </bigram>
    <bigram weight="1" > the following </bigram>
    <bigram weight="1" > henry cummings </bigram>
    <bigram weight="1" > david thoreau </bigram>
    <bigram weight="1" > brothers annotated </bigram>
    <bigram weight="1" > atmosphere of </bigram>
    <bigram weight="1" > crane in </bigram>
    <bigram weight="1" > understand what </bigram>
    <bigram weight="1" > hands have </bigram>
    <bigram weight="1" > boston broke </bigram>
    <bigram weight="1" > cruised in </bigram>
    <bigram weight="1" > tones of </bigram>
    <bigram weight="1" > was so </bigram>
    <bigram weight="1" > carpenter ruch </bigram>
    <bigram weight="1" > in up </bigram>
    <bigram weight="1" > the merrimac </bigram>
    <bigram weight="1" > the pen </bigram>
    <bigram weight="1" > garden of </bigram>
    <bigram weight="1" > indian things </bigram>
    <bigram weight="1" > museum mended </bigram>
    <bigram weight="1" > ### lived </bigram>
    <bigram weight="1" > seldom preached </bigram>
    <bigram weight="1" > description as </bigram>
    <bigram weight="1" > basket full </bigram>
    <bigram weight="1" > to bunch </bigram>
    <bigram weight="1" > of henry </bigram>
    <bigram weight="1" > crane ### </bigram>
    <bigram weight="1" > that is </bigram>
    <bigram weight="1" > pew at </bigram>
    <bigram weight="1" > a mystical </bigram>
    <bigram weight="1" > of no </bigram>
    <bigram weight="1" > very atmosphere </bigram>
    <bigram weight="1" > melon was </bigram>
    <bigram weight="1" > who was </bigram>
    <bigram weight="1" > was something </bigram>
    <bigram weight="1" > boys used </bigram>
    <bigram weight="1" > he found </bigram>
    <bigram weight="1" > in boston </bigram>
    <bigram weight="1" > ## crane </bigram>
    <bigram weight="1" > relics are </bigram>
    <bigram weight="1" > the shore </bigram>
    <bigram weight="1" > all hands </bigram>
    <bigram weight="1" > now on </bigram>
    <bigram weight="1" > they were </bigram>
    <bigram weight="1" > they collected </bigram>
    <bigram weight="1" > at a </bigram>
    <bigram weight="1" > full would </bigram>
    <bigram weight="1" > which a </bigram>
    <bigram weight="1" > jack ### </bigram>
    <bigram weight="1" > funny ways </bigram>
    <bigram weight="1" > came into </bigram>
    <bigram weight="1" > such funny </bigram>
    <bigram weight="1" > reading today </bigram>
    <bigram weight="1" > as if </bigram>
    <bigram weight="1" > r ### </bigram>
    <bigram weight="1" > the vase </bigram>
    <bigram weight="1" > # v </bigram>
    <bigram weight="1" > was together </bigram>
    <bigram weight="1" > melons c </bigram>
    <bigram weight="1" > wondered how </bigram>
    <bigram weight="1" > and in </bigram>
    <bigram weight="1" > board or </bigram>
    <bigram weight="1" > who came </bigram>
    <bigram weight="1" > but does </bigram>
    <bigram weight="1" > they burned </bigram>
    <bigram weight="1" > go spearing </bigram>
    <bigram weight="1" > unconscious ### </bigram>
    <bigram weight="1" > # a </bigram>
    <bigram weight="1" > be remembered </bigram>
    <bigram weight="1" > about his </bigram>
    <bigram weight="1" > yes that </bigram>
    <bigram weight="1" > for some </bigram>
    <bigram weight="1" > anne r </bigram>
    <bigram weight="1" > once with </bigram>
    <bigram weight="1" > for light </bigram>
    <bigram weight="1" > his father </bigram>
    <bigram weight="1" > pi rie </bigram>
    <bigram weight="1" > of an </bigram>
    <bigram weight="1" > a long </bigram>
    <bigram weight="1" > they heard </bigram>
    <bigram weight="1" > hendrick ### </bigram>
    <bigram weight="1" > in ## </bigram>
    <bigram weight="1" > together to </bigram>
    <bigram weight="1" > ## told </bigram>
    <bigram weight="1" > was an </bigram>
    <bigram weight="1" > curious lettering </bigram>
    <bigram weight="1" > ship to </bigram>
    <bigram weight="1" > has told </bigram>
    <bigram weight="1" > means by </bigram>
    <bigram weight="1" > his voice </bigram>
    <bigram weight="1" > s autobiography </bigram>
    <bigram weight="1" > house and </bigram>
    <bigram weight="1" > asleep turned </bigram>
    <bigram weight="1" > a treat </bigram>
    <bigram weight="1" > emerson father </bigram>
    <bigram weight="1" > as given </bigram>
    <bigram weight="1" > that reminded </bigram>
    <bigram weight="1" > house at </bigram>
    <bigram weight="1" > time they </bigram>
    <bigram weight="1" > long iron </bigram>
    <bigram weight="1" > boys on </bigram>
    <bigram weight="1" > why they </bigram>
    <bigram weight="1" > dark they </bigram>
    <bigram weight="1" > as well </bigram>
    <bigram weight="1" > miss gray </bigram>
    <bigram weight="1" > went to </bigram>
    <bigram weight="1" > reminded him </bigram>
    <bigram weight="1" > brought to </bigram>
    <bigram weight="1" > of spear </bigram>
    <bigram weight="1" > a year </bigram>
    <bigram weight="1" > all the </bigram>
    <bigram weight="1" > name of </bigram>
    <bigram weight="1" > ### figs </bigram>
    <bigram weight="1" > george hendrick </bigram>
    <bigram weight="1" > because so </bigram>
    <bigram weight="1" > concord that </bigram>
    <bigram weight="1" > he had </bigram>
    <bigram weight="1" > me who </bigram>
    <bigram weight="1" > is so </bigram>
    <bigram weight="1" > reproduced with </bigram>
    <bigram weight="1" > it resembled </bigram>
    <bigram weight="1" > school went </bigram>
    <bigram weight="1" > them wondered </bigram>
    <bigram weight="1" > ### yellow </bigram>
    <bigram weight="1" > somewhere on </bigram>
    <bigram weight="1" > ripe a </bigram>
    <bigram weight="1" > box is </bigram>
    <bigram weight="1" > inter esting </bigram>
    <bigram weight="1" > father thinks </bigram>
    <bigram weight="1" > and forth </bigram>
    <bigram weight="1" > and unconscious </bigram>
    <bigram weight="1" > ## fortnightly </bigram>
    <bigram weight="1" > this box </bigram>
    <bigram weight="1" > boys ### </bigram>
    <bigram weight="1" > father ### </bigram>
    <bigram weight="1" > ed ### </bigram>
    <bigram weight="1" > were given </bigram>
    <bigram weight="1" > died ### </bigram>
    <bigram weight="1" > autobiography page </bigram>
    <bigram weight="1" > saturdays with </bigram>
    <bigram weight="1" > ### emerson </bigram>
    <bigram weight="1" > going there </bigram>
    <bigram weight="1" > d ### </bigram>
    <bigram weight="1" > whole school </bigram>
    <bigram weight="1" > v ### </bigram>
    <bigram weight="1" > the house </bigram>
    <bigram weight="1" > paper label </bigram>
    <bigram weight="1" > # up </bigram>
    <bigram weight="1" > instance used </bigram>
    <bigram weight="1" > m ### </bigram>
    <bigram weight="1" > over on </bigram>
    <bigram weight="1" > of massachusetts </bigram>
    <bigram weight="1" > in remembrances </bigram>
    <bigram weight="1" > the father </bigram>
    <bigram weight="1" > this element </bigram>
    <bigram weight="1" > leave some </bigram>
    <bigram weight="1" > two exchanges </bigram>
    <bigram weight="1" > ezra ripley </bigram>
    <bigram weight="1" > was allowed </bigram>
    <bigram weight="1" > said there </bigram>
    <bigram weight="1" > flesh ### </bigram>
    <bigram weight="1" > a large </bigram>
    <bigram weight="1" > the lyceum </bigram>
    <bigram weight="1" > with two </bigram>
    <bigram weight="1" > he used </bigram>
    <bigram weight="1" > like him </bigram>
    <bigram weight="1" > not understand </bigram>
    <bigram weight="1" > ripley referred </bigram>
    <bigram weight="1" > for these </bigram>
    <bigram weight="1" > by stagecoach </bigram>
    <bigram weight="1" > along the </bigram>
    <bigram weight="1" > the more </bigram>
    <bigram weight="1" > henry but </bigram>
    <bigram weight="1" > henry thoreau </bigram>
    <bigram weight="1" > was reading </bigram>
    <bigram weight="1" > support a </bigram>
    <bigram weight="1" > ### getting </bigram>
    <bigram weight="1" > out notes </bigram>
    <bigram weight="1" > above ### </bigram>
    <bigram weight="1" > heard emerson </bigram>
    <bigram weight="1" > part of </bigram>
    <bigram weight="1" > thought he </bigram>
    <bigram weight="1" > on board </bigram>
    <bigram weight="1" > place at </bigram>
    <bigram weight="1" > very fond </bigram>
    <bigram weight="1" > but emerson </bigram>
    <bigram weight="1" > was suspended </bigram>
    <bigram weight="1" > that thoreau </bigram>
    <bigram weight="1" > went off </bigram>
    <bigram weight="1" > this instance </bigram>
    <bigram weight="1" > thoreau when </bigram>
    <bigram weight="1" > emerson ### </bigram>
    <bigram weight="1" > exchanges that </bigram>
    <bigram weight="1" > thoreau going </bigram>
    <bigram weight="1" > nt like </bigram>
    <bigram weight="1" > ### suggested </bigram>
    <bigram weight="1" > so superficial </bigram>
    <bigram weight="1" > small compartment </bigram>
    <bigram weight="1" > might have </bigram>
    <bigram weight="1" > me that </bigram>
    <bigram weight="1" > spear ### </bigram>
    <bigram weight="1" > label was </bigram>
    <bigram weight="1" > henry david </bigram>
    <bigram weight="1" > pie ### </bigram>
    <bigram weight="1" > no mortal </bigram>
    <bigram weight="1" > father said </bigram>
    <bigram weight="1" > was written </bigram>
    <bigram weight="1" > he speared </bigram>
    <bigram weight="1" > box together </bigram>
    <bigram weight="1" > ### barbed </bigram>
    <bigram weight="1" > ## at </bigram>
    <bigram weight="1" > joke in </bigram>
    <bigram weight="1" > went out </bigram>
    <bigram weight="1" > glimmer of </bigram>
    <bigram weight="1" > first time </bigram>
    <bigram weight="1" > boarding house </bigram>
    <bigram weight="1" > a pan </bigram>
    <bigram weight="1" > john always </bigram>
    <bigram weight="1" > it is </bigram>
    <bigram weight="1" > thoreau resembling </bigram>
    <bigram weight="1" > of voice </bigram>
    <bigram weight="1" > daughter of </bigram>
    <bigram weight="1" > thoreau resembled </bigram>
    <bigram weight="1" > john thoreau </bigram>
    <bigram weight="1" > the glimmer </bigram>
    <bigram weight="1" > at recess </bigram>
    <bigram weight="1" > projecting pieces </bigram>
    <bigram weight="1" > made of </bigram>
    <bigram weight="1" > church and </bigram>
    <bigram weight="1" > emerson had </bigram>
    <bigram weight="1" > to which </bigram>
    <bigram weight="1" > permission of </bigram>
    <bigram weight="1" > relics were </bigram>
    <bigram weight="1" > school house </bigram>
    <bigram weight="1" > wooden box </bigram>
    <bigram weight="1" > green ### </bigram>
    <bigram weight="1" > possession ### </bigram>
    <bigram weight="1" > the daughter </bigram>
    <bigram weight="1" > sold in </bigram>
    <bigram weight="1" > fishing to </bigram>
    <bigram weight="1" > hoops ### </bigram>
    <bigram weight="1" > their garden </bigram>
    <bigram weight="1" > of a </bigram>
    <bigram weight="1" > but could </bigram>
    <bigram weight="1" > fathers washing </bigram>
    <bigram weight="1" > the pencils </bigram>
    <bigram weight="1" > what he </bigram>
    <bigram weight="1" > vegetables ### </bigram>
    <bigram weight="1" > i dropped </bigram>
    <bigram weight="1" > box that </bigram>
    <bigram weight="1" > burning pitch </bigram>
    <bigram weight="1" > some fish </bigram>
    <bigram weight="1" > a great </bigram>
    <bigram weight="1" > father did </bigram>
    <bigram weight="1" > year ### </bigram>
    <bigram weight="1" > forth from </bigram>
    <bigram weight="1" > river ### </bigram>
    <bigram weight="1" > tator of </bigram>
    <bigram weight="1" > where playing </bigram>
    <bigram weight="1" > when water </bigram>
    <bigram weight="1" > one a </bigram>
    <bigram weight="1" > done ### </bigram>
    <bigram weight="1" > belly ### </bigram>
    <bigram weight="1" > written by </bigram>
    <bigram weight="1" > ## these </bigram>
    <bigram weight="1" > quiet joke </bigram>
    <bigram weight="1" > that was </bigram>
    <bigram weight="1" > father of </bigram>
    <bigram weight="1" > compartment his </bigram>
    <bigram weight="1" > for emerson </bigram>
    <bigram weight="1" > son in </bigram>
    <bigram weight="1" > run by </bigram>
    <bigram weight="1" > mortal ### </bigram>
    <bigram weight="1" > been through </bigram>
    <bigram weight="1" > just ## </bigram>
    <bigram weight="1" > your fire </bigram>
    <bigram weight="1" > him ### </bigram>
    <bigram weight="1" > him of </bigram>
    <bigram weight="1" > sandy plains </bigram>
    <bigram weight="1" > in them </bigram>
    <bigram weight="1" > pitch pine </bigram>
    <bigram weight="1" > ## ## </bigram>
    <bigram weight="1" > fish asleep </bigram>
    <bigram weight="1" > pp ### </bigram>
    <bigram weight="1" > for projecting </bigram>
    <bigram weight="1" > which he </bigram>
    <bigram weight="1" > one else </bigram>
    <bigram weight="1" > resembled vases </bigram>
    <bigram weight="1" > white belly </bigram>
    <bigram weight="1" > placed some </bigram>
    <bigram weight="1" > pencils were </bigram>
    <bigram weight="1" > sophocles ### </bigram>
    <bigram weight="1" > a part </bigram>
    <bigram weight="1" > # ezra </bigram>
    <bigram weight="1" > at all </bigram>
    <bigram weight="1" > contain your </bigram>
    <bigram weight="1" > from m </bigram>
    <bigram weight="1" > suspended over </bigram>
    <bigram weight="1" > been a </bigram>
    <bigram weight="1" > father sometimes </bigram>
    <bigram weight="1" > ### ed </bigram>
    <bigram weight="1" > vases from </bigram>
    <bigram weight="1" > box and </bigram>
    <bigram weight="1" > figs even </bigram>
    <bigram weight="1" > pan of </bigram>
    <bigram weight="1" > remembered ### </bigram>
    <bigram weight="1" > with green </bigram>
    <bigram weight="1" > picked or </bigram>
    <bigram weight="1" > the water </bigram>
    <bigram weight="1" > s boarding </bigram>
    <bigram weight="1" > at mrs </bigram>
    <bigram weight="1" > in expression </bigram>
    <bigram weight="1" > they thought </bigram>
    <bigram weight="1" > # mr </bigram>
    <bigram weight="1" > the row </bigram>
    <bigram weight="1" > preached in </bigram>
    <bigram weight="1" > john died </bigram>
    <bigram weight="1" > a red </bigram>
    <bigram weight="1" > by anne </bigram>
    <bigram weight="1" > citron melon </bigram>
    <bigram weight="1" > or that </bigram>
    <bigram weight="1" > be brought </bigram>
    <bigram weight="1" > july ## </bigram>
    <bigram weight="1" > of susan </bigram>
    <bigram weight="1" > string ### </bigram>
    <bigram weight="1" > else took </bigram>
    <bigram weight="1" > alcott father </bigram>
    <bigram weight="1" > cantaloups ### </bigram>
    <bigram weight="1" > could see </bigram>
    <bigram weight="1" > were ripe </bigram>
    <bigram weight="1" > so old </bigram>
    <bigram weight="1" > his writing </bigram>
    <bigram weight="1" > we have </bigram>
    <bigram weight="1" > resembling emerson </bigram>
    <bigram weight="1" > speared the </bigram>
    <bigram weight="1" > more inter </bigram>
    <bigram weight="1" > at mr </bigram>
    <bigram weight="1" > # there </bigram>
    <bigram weight="1" > following along </bigram>
    <bigram weight="1" > to his </bigram>
    <bigram weight="1" > how they </bigram>
    <bigram weight="1" > well ### </bigram>
    <bigram weight="1" > descendant ### </bigram>
    <bigram weight="1" > concord in </bigram>
    <bigram weight="1" > descendants of </bigram>
    <bigram weight="1" > ### mcgrath </bigram>
    <bigram weight="1" > tied with </bigram>
    <bigram weight="1" > in ### </bigram>
    <bigram weight="1" > fish ### </bigram>
    <bigram weight="1" > broke it </bigram>
    <bigram weight="1" > was sent </bigram>
    <bigram weight="1" > ### so </bigram>
    <bigram weight="1" > would be </bigram>
    <bigram weight="1" > water melons </bigram>
    <bigram weight="1" > collected pitch </bigram>
    <bigram weight="1" > vase from </bigram>
    <bigram weight="1" > a ### </bigram>
    <bigram weight="1" > his garden </bigram>
    <bigram weight="1" > c was </bigram>
    <bigram weight="1" > experi ences </bigram>
    <bigram weight="1" > editorial note </bigram>
    <bigram weight="1" > of mr </bigram>
    <bigram weight="1" > history of </bigram>
    <bigram weight="1" > he said </bigram>
    <bigram weight="1" > remin isces </bigram>
    <bigram weight="1" > me several </bigram>
    <bigram weight="1" > resembled emer </bigram>
    <bigram weight="1" > with fathers </bigram>
    <bigram weight="1" > boston ## </bigram>
    <bigram weight="1" > melons ### </bigram>
    <bigram weight="1" > boat was </bigram>
    <bigram weight="1" > iron hoops </bigram>
    <bigram weight="1" > father remembers </bigram>
    <bigram weight="1" > row boat </bigram>
    <bigram weight="1" > ### moncure </bigram>
    <bigram weight="1" > ### conway </bigram>
    <bigram weight="1" > and experi </bigram>
    <bigram weight="1" > then following </bigram>
    <bigram weight="1" > dropped the </bigram>
    <bigram weight="1" > board a </bigram>
    <bigram weight="1" > fire ### </bigram>
    <bigram weight="1" > fond of </bigram>
    <bigram weight="1" > ### their </bigram>
    <bigram weight="1" > ### b </bigram>
    <bigram weight="1" > i think </bigram>
    <bigram weight="1" > turned over </bigram>
    <bigram weight="1" > even a </bigram>
    <bigram weight="1" > a bushel </bigram>
    <bigram weight="1" > lettering in </bigram>
    <bigram weight="1" > of melons </bigram>
    <bigram weight="1" > was taking </bigram>
    <bigram weight="1" > fishing with </bigram>
    <bigram weight="1" > a novelty </bigram>
    <bigram weight="1" > there were </bigram>
    <bigram weight="1" > with mrs </bigram>
    <bigram weight="1" > ## i </bigram>
    <bigram weight="1" > up by </bigram>
    <bigram weight="1" > is in </bigram>
    <bigram weight="1" > they could </bigram>
    <bigram weight="1" > on sandy </bigram>
    <bigram weight="1" > together with </bigram>
    <bigram weight="1" > henry ### </bigram>
    <bigram weight="1" > him as </bigram>
    <bigram weight="1" > i ### </bigram>
    <bigram weight="1" > were picked </bigram>
    <bigram weight="1" > of alcott </bigram>
    <bigram weight="1" > so ### </bigram>
    <bigram weight="1" > boston with </bigram>
    <bigram weight="1" > even to </bigram>
    <bigram weight="1" > could not </bigram>
    <bigram weight="1" > came to </bigram>
    <bigram weight="1" > novelty ### </bigram>
    <bigram weight="1" > fathers possession </bigram>
    <bigram weight="1" > or ## </bigram>
    <bigram weight="1" > nautical term </bigram>
    <bigram weight="1" > school in </bigram>
    <bigram weight="1" > ### with </bigram>
    <bigram weight="1" > samuel hoar </bigram>
    <bigram weight="1" > gooddie ### </bigram>
    <bigram weight="1" > red string </bigram>
    <bigram weight="1" > pieces of </bigram>
    <bigram weight="1" > annotated by </bigram>
    <bigram weight="1" > element had </bigram>
    <bigram weight="1" > # george </bigram>
    <bigram weight="1" > end with </bigram>
    <bigram weight="1" > merrimac river </bigram>
    <bigram weight="1" > the wooden </bigram>
    <bigram weight="1" > fortnightly back </bigram>
    <bigram weight="1" > taking it </bigram>
    <bigram weight="1" > it might </bigram>
    <bigram weight="1" > thoreau daughters </bigram>
    <bigram weight="1" > those with </bigram>
    <bigram weight="1" > writings of </bigram>
    <bigram weight="1" > ### d </bigram>
    <bigram weight="1" > ## one </bigram>
    <bigram weight="1" > term for </bigram>
    <bigram weight="1" > if this </bigram>
    <bigram weight="1" > or spar </bigram>
    <bigram weight="1" > on thoreau </bigram>
    <bigram weight="1" > ### said </bigram>
    <bigram weight="1" > light soil </bigram>
    <bigram weight="1" > # in </bigram>
    <bigram weight="1" > ways ### </bigram>
    <bigram weight="1" > heard mr </bigram>
    <bigram weight="1" > box ### </bigram>
    <bigram weight="1" > later the </bigram>
    <bigram weight="1" > great variety </bigram>
    <bigram weight="1" > by which </bigram>
    <bigram weight="1" > ### july </bigram>
    <bigram weight="1" > were sold </bigram>
    <bigram weight="1" > in tones </bigram>
    <bigram weight="1" > have the </bigram>
    <bigram weight="1" > they cruised </bigram>
    <bigram weight="1" > ### to </bigram>
    <bigram weight="1" > green citron </bigram>
    <bigram weight="1" > in it </bigram>
    <bigram weight="1" > memories and </bigram>
    <bigram weight="1" > were kept </bigram>
    <bigram weight="1" > he thinks </bigram>
    <bigram weight="1" > go with </bigram>
    <bigram weight="1" > susan carpenter </bigram>
    <bigram weight="1" > water in </bigram>
    <bigram weight="1" > during vacation </bigram>
    <bigram weight="1" > recess ### </bigram>
    <bigram weight="1" > # we </bigram>
    <bigram weight="1" > he died </bigram>
    <bigram weight="1" > and had </bigram>
    <bigram weight="1" > school run </bigram>
    <bigram weight="1" > art museum </bigram>
    <bigram weight="1" > here reproduced </bigram>
    <bigram weight="1" > ### but </bigram>
    <bigram weight="1" > fish for </bigram>
    <bigram weight="1" > put around </bigram>
    <bigram weight="1" > tim ber </bigram>
    <bigram weight="1" > plains done </bigram>
    <bigram weight="1" > # henry </bigram>
    <bigram weight="1" > remembers when </bigram>
    <bigram weight="1" > there several </bigram>
    <bigram weight="1" > as i </bigram>
    <bigram weight="1" > relics he </bigram>
    <bigram weight="1" > have a </bigram>
    <bigram weight="1" > roots for </bigram>
    <bigram weight="1" > the small </bigram>
    <bigram weight="1" > cils for </bigram>
    <bigram weight="1" > allowed to </bigram>
    <bigram weight="1" > there was </bigram>
    <bigram weight="1" > a paper </bigram>
    <bigram weight="1" > to describe </bigram>
    <bigram weight="1" > the whole </bigram>
    <bigram weight="1" > melons were </bigram>
    <bigram weight="1" > thoreaus ### </bigram>
    <bigram weight="1" > writing or </bigram>
    <bigram weight="1" > he heard </bigram>
    <bigram weight="1" > his description </bigram>
    <bigram weight="1" > a pupil </bigram>
    <bigram weight="1" > ### even </bigram>
    <bigram weight="1" > did ### </bigram>
    <bigram weight="1" > their sides </bigram>
    <bigram weight="1" > # later </bigram>
    <bigram weight="1" > ### they </bigram>
    <bigram weight="1" > boys all </bigram>
    <bigram weight="1" > a nautical </bigram>
    <bigram weight="1" > vase as </bigram>
    <bigram weight="1" > iron spear </bigram>
    <bigram weight="1" > lecture at </bigram>
    <bigram weight="1" > ### memories </bigram>
    <bigram weight="1" > greatly interested </bigram>
    <bigram weight="1" > s church </bigram>
    <bigram weight="1" > one they </bigram>
    <bigram weight="1" > ### c </bigram>
    <bigram weight="1" > a crane </bigram>
    <bigram weight="1" > mystical moss </bigram>
    <bigram weight="1" > and it </bigram>
    <bigram weight="1" > ### melons </bigram>
    <bigram weight="1" > up the </bigram>
    <bigram weight="1" > on their </bigram>
    <bigram weight="1" > all laughed </bigram>
    <bigram weight="1" > ### natural </bigram>
    <bigram weight="1" > to leave </bigram>
    <bigram weight="1" > ### l </bigram>
    <bigram weight="1" > they came </bigram>
    <bigram weight="1" > was as </bigram>
    <bigram weight="1" > ## about </bigram>
    <bigram weight="1" > remembers hon </bigram>
    <bigram weight="1" > to concord </bigram>
    <bigram weight="1" > ### of </bigram>
    <bigram weight="1" > pupil in </bigram>
    <bigram weight="1" > with which </bigram>
    <bigram weight="1" > massachusetts ### </bigram>
    <bigram weight="1" > crate or </bigram>
    <bigram weight="1" > he made </bigram>
    <bigram weight="1" > lyceum but </bigram>
    <bigram weight="1" > # that </bigram>
    <bigram weight="1" > spar ### </bigram>
    <bigram weight="1" > had been </bigram>
    <bigram weight="1" > a pie </bigram>
    <bigram weight="1" > fishing in </bigram>
    <bigram weight="1" > emer son </bigram>
    <bigram weight="1" > b ### </bigram>
    <bigram weight="1" > lived at </bigram>
    <bigram weight="1" > captain ### </bigram>
    <bigram weight="1" > thoreau lyceum </bigram>
    <bigram weight="1" > natural history </bigram>
    <bigram weight="1" > have been </bigram>
    <bigram weight="1" > take up </bigram>
    <bigram weight="1" > found were </bigram>
    <bigram weight="1" > time ### </bigram>
    <bigram weight="1" > sometimes placed </bigram>
    <bigram weight="1" > emerson lecture </bigram>
    <bigram weight="1" > at school </bigram>
    <bigram weight="1" > square pew </bigram>
    <bigram weight="1" > he also </bigram>
    <bigram weight="1" > was greatly </bigram>
    <bigram weight="1" > ### nt </bigram>
    <bigram weight="1" > could take </bigram>
    <bigram weight="1" > times that </bigram>
    <bigram weight="1" > said yes </bigram>
    <bigram weight="1" > kind permission </bigram>
    <bigram weight="1" > the same </bigram>
    <bigram weight="1" > iron or </bigram>
    <bigram weight="1" > page ## </bigram>
    <bigram weight="1" > ### made </bigram>
    <bigram weight="1" > had such </bigram>
    <bigram weight="1" > large square </bigram>
    <bigram weight="1" > deposited on </bigram>
    <bigram weight="1" > of vegetables </bigram>
    <bigram weight="1" > other a </bigram>
    <bigram weight="1" > kept in </bigram>
    <bigram weight="1" > to above </bigram>
    <bigram weight="1" > ## and </bigram>
    <bigram weight="1" > much interested </bigram>
    <bigram weight="1" > knots which </bigram>
    <bigram weight="1" > from concord </bigram>
    <bigram weight="1" > speaks of </bigram>
    <bigram weight="1" > a board </bigram>
    <bigram weight="1" > expression ### </bigram>
    <bigram weight="1" > thinks ### </bigram>
    <bigram weight="1" > are now </bigram>
    <bigram weight="1" > so that </bigram>
    <bigram weight="1" > is here </bigram>
    <bigram weight="1" > these indian </bigram>
    <bigram weight="1" > was much </bigram>
    <bigram weight="1" > an evening </bigram>
    <bigram weight="1" > following letter </bigram>
    <bigram weight="1" > autobiography ### </bigram>
    <bigram weight="1" > the rev </bigram>
    <bigram weight="1" > he seldom </bigram>
    <bigram weight="1" > the art </bigram>
    <bigram weight="1" > some gooddie </bigram>
    <bigram weight="1" > a ship </bigram>
    <bigram weight="1" > ### horace </bigram>
    <bigram weight="1" > them he </bigram>
    <bigram weight="1" > they had </bigram>
    <bigram weight="1" > calling at </bigram>
    <bigram weight="1" > in those </bigram>
    <bigram weight="1" > the kind </bigram>
    <bigram weight="1" > moncure conway </bigram>
    <bigram weight="1" > hosmer remin </bigram>
    <bigram weight="1" > ### told </bigram>
    <bigram weight="1" > the end </bigram>
    <bigram weight="1" > on display </bigram>
    <bigram weight="1" > ruch ### </bigram>
    <bigram weight="1" > by descendants </bigram>
    <bigram weight="1" > rie knots </bigram>
    <bigram weight="1" > some one </bigram>
    <bigram weight="1" > notes ### </bigram>
    <bigram weight="1" > thoreau a </bigram>
    <bigram weight="1" > superficial and </bigram>
    <bigram weight="1" > ### school </bigram>
    <bigram weight="1" > a byzantine </bigram>
    <bigram weight="1" > long been </bigram>
    <bigram weight="1" > always went </bigram>
    <bigram weight="1" > ### loring </bigram>
    <bigram weight="1" > daughters the </bigram>
    <bigram weight="1" > evening when </bigram>
    <bigram weight="1" > off somewhere </bigram>
    <bigram weight="1" > urbana ## </bigram>
    <bigram weight="1" > note ### </bigram>
    <bigram weight="1" > through a </bigram>
    <bigram weight="1" > but father </bigram>
    <bigram weight="1" > white ### </bigram>
    <bigram weight="1" > ## or </bigram>
    <bigram weight="1" > was put </bigram>
    <bigram weight="1" > been fishing </bigram>
    <bigram weight="1" > remembers calling </bigram>
    <bigram weight="1" > in front </bigram>
    <bigram weight="1" > a time </bigram>
    <bigram weight="1" > a sea </bigram>
    <bigram weight="1" > took his </bigram>
    <bigram weight="1" > to hunt </bigram>
    <bigram weight="1" > sent ## </bigram>
    <bigram weight="1" > suggested that </bigram>
    <bigram weight="1" > lyceum to </bigram>
    <bigram weight="1" > the minister </bigram>
    <bigram weight="1" > the name </bigram>
    <bigram weight="1" > took him </bigram>
    <bigram weight="1" > an imi </bigram>
    <bigram weight="1" > imi tator </bigram>
    <bigram weight="1" > when they </bigram>
    <bigram weight="1" > he could </bigram>
    <bigram weight="1" > that of </bigram>
    <bigram weight="1" > or where </bigram>
    <bigram weight="1" > ### in </bigram>
    <bigram weight="1" > soil was </bigram>
    <bigram weight="1" > these things </bigram>
    <bigram weight="1" > he remembers </bigram>
    <bigram weight="1" > for mr </bigram>
    <bigram weight="1" > concord to </bigram>
    <bigram weight="1" > spearing with </bigram>
    <bigram weight="1" > and ## </bigram>
    <bigram weight="1" > variety in </bigram>
    <bigram weight="1" > school but </bigram>
    <bigram weight="1" > ences ### </bigram>
    <bigram weight="1" > the very </bigram>
    <bigram weight="1" > pine roots </bigram>
    <bigram weight="1" > times a </bigram>
    <bigram weight="1" > light was </bigram>
    <bigram weight="1" > playing in </bigram>
    <bigram weight="1" > same one </bigram>
    <bigram weight="1" > around them </bigram>
    <bigram weight="1" > year as </bigram>
    <bigram weight="1" > very curious </bigram>
    <bigram weight="1" > ### autobiography </bigram>
    <bigram weight="1" > to support </bigram>
    <bigram weight="1" > his year </bigram>
    <bigram weight="1" > about thoreau </bigram>
    <bigram weight="1" > cummings who </bigram>
    <bigram weight="1" > the writings </bigram>
    <bigram weight="1" > parish in </bigram>
    <bigram weight="1" > l ### </bigram>
    <bigram weight="1" > bushel basket </bigram>
    <bigram weight="1" > charles cummings </bigram>
    <bigram weight="1" > something to </bigram>
    <bigram weight="1" > think gen </bigram>
    <bigram weight="1" > ## # </bigram>
    <bigram weight="1" > harvard was </bigram>
    <bigram weight="1" > minister of </bigram>
    <bigram weight="1" > ### cantaloups </bigram>
    <bigram weight="1" > barbed at </bigram>
    <bigram weight="1" > thoreau speaks </bigram>
    <bigram weight="1" > bunch the </bigram>
    <bigram weight="1" > see the </bigram>
    <bigram weight="1" > up just </bigram>
    <bigram weight="1" > made for </bigram>
    <bigram weight="1" > of burning </bigram>
    <bigram weight="1" > hunt for </bigram>
    <bigram weight="1" > by john </bigram>
    <bigram weight="1" > garden ### </bigram>
    <bigram weight="1" > thoreaus had </bigram>
    <bigram weight="1" > gray at </bigram>
    <bigram weight="1" > and some </bigram>
    <bigram weight="1" > treat ### </bigram>
    <bigram weight="1" > thinks tied </bigram>
    <bigram weight="1" > # it </bigram>
    <bigram weight="1" > pen cils </bigram>
    <bigram weight="1" > days ### </bigram>
    <bigram weight="1" > today from </bigram>
    <bigram weight="1" > moss ### </bigram>
    <bigram weight="1" > getting so </bigram>
    <bigram weight="1" > emerson and </bigram>
    <bigram weight="1" > the green </bigram>
    <bigram weight="1" > into fathers </bigram>
    <bigram weight="1" > sides ### </bigram>
    <bigram weight="1" > yellow flesh </bigram>
    <bigram weight="1" > or jack </bigram>
    <bigram weight="1" > horace hosmer </bigram>
    <bigram weight="1" > charles henry </bigram>
    <bigram weight="1" > long the </bigram>
    <bigram weight="1" > loring ## </bigram>
    <bigram weight="1" > in light </bigram>
    <bigram weight="1" > remembrances of </bigram>
    <bigram weight="1" > and all </bigram>
    <bigram weight="1" > back and </bigram>
    <bigram weight="1" > by conway </bigram>
    <bigram weight="1" > and went </bigram>
    <bigram weight="1" > they took </bigram>
    <bigram weight="1" > first parish </bigram>
    <bigram weight="1" > stagecoach in </bigram>
    <bigram weight="1" > to be </bigram>
    <bigram weight="1" > his place </bigram>
    <bigram weight="1" > cummings ### </bigram>
    <bigram weight="1" > said he </bigram>
    <bigram weight="1" > a descendant </bigram>
    <bigram weight="1" > mended it </bigram>
    <bigram weight="1" > letter was </bigram>
    <bigram weight="1" > of harvard </bigram>
    <bigram weight="1" > shore after </bigram>
    <bigram weight="1" > the front </bigram>
    <bigram weight="1" > laughed ### </bigram>
    <bigram weight="1" > had deposited </bigram>
    <bigram weight="1" > burned in </bigram>
    <bigram weight="1" > c ### </bigram>
    <bigram weight="1" > a quiet </bigram>
    <bigram weight="1" > and rev </bigram>
    <bigram weight="1" > ### urbana </bigram>
    <bigram weight="1" > hoar ### </bigram>
    <bigram weight="1" > remember at </bigram>
    <bigram weight="1" > house once </bigram>
    <bigram weight="1" > brothers ### </bigram>
    <bigram weight="1" > ### when </bigram>
    <bigram weight="1" > were those </bigram>
    <bigram weight="1" > ### white </bigram>
    <bigram weight="1" > had long </bigram>
    <bigram weight="1" > a vase </bigram>
    <bigram weight="1" > ### crate </bigram>
    <bigram weight="1" > display at </bigram>
    <bigram weight="1" > referred to </bigram>
    <bigram weight="1" > hon ### </bigram>
    <bigram weight="1" > in a </bigram>
    <bigram weight="1" > mcgrath ### </bigram>
    <bigram weight="1" > the means </bigram>
    <bigram weight="1" > old he </bigram>
    <bigram weight="1" > remember why </bigram>
    <bigram weight="1" > isces about </bigram>
    <bigram weight="1" > # spear </bigram>
    <bigram weight="1" > ## then </bigram>
    <bigram weight="1" > to contain </bigram>
    <bigram weight="1" > concord ### </bigram>
    <bigram weight="1" > or tim </bigram>
    <bigram weight="1" > sea captain </bigram>
    <bigram weight="1" > # they </bigram>
    <bigram weight="1" > ### he </bigram>
    <bigram weight="1" > of their </bigram>
    <bigram weight="1" > over the </bigram>
    <bigram weight="1" > ber on </bigram>
    <bigram weight="1" > the other </bigram>
    <bigram weight="1" > those days </bigram>
</article>
